player_id,wc_overall,position,is_captain,award
ARG_1966_roma,78,GK,false,
ARG_1966_gatti,75,GK,false,
ARG_1966_irusta,61,GK,false,
ARG_1966_simeone,78,DEF,false,
ARG_1966_ferreiro,77,DEF,false,
ARG_1966_marzolini,76,DEF,false,
ARG_1966_perfumo,60,DEF,false,
ARG_1966_lopez,60,DEF,false,
ARG_1966_pastoriza,80,MID,false,
ARG_1966_sarnari,79,MID,false,
ARG_1966_rattin,78,MID,true,
ARG_1966_solari,78,MID,false,
ARG_1966_albrecht,61,MID,false,
ARG_1966_varacka,59,MID,false,
ARG_1966_calics,59,MID,false,
ARG_1966_artime,85,FWD,false,
ARG_1966_gonzalez,79,FWD,false,
ARG_1966_onega,77,FWD,false,
ARG_1966_rojas,77,FWD,false,
ARG_1966_tarabini,76,FWD,false,
ARG_1966_mas,74,FWD,false,
ARG_1966_chaldu,59,FWD,false,
BRA_1966_gilmar,72,GK,false,
BRA_1966_manga,67,GK,false,
BRA_1966_orlando,75,DEF,false,
BRA_1966_bellini,71,DEF,true,
BRA_1966_santos,70,DEF,false,
BRA_1966_henrique,70,DEF,false,
BRA_1966_rildo,70,DEF,false,
BRA_1966_brito,68,DEF,false,
BRA_1966_altair,56,DEF,false,
BRA_1966_fidelis,54,DEF,false,
BRA_1966_jairzinho,79,MID,false,
BRA_1966_zito,74,MID,false,
BRA_1966_gerson,73,MID,false,
BRA_1966_lima,72,MID,false,
BRA_1966_tostao,68,MID,false,
BRA_1966_denilson,63,MID,false,
BRA_1966_garrincha,95,FWD,false,
BRA_1966_pele,88,FWD,false,
BRA_1966_parana,72,FWD,false,
BRA_1966_silva,72,FWD,false,
BRA_1966_edu,66,FWD,false,
BRA_1966_alcindo,53,FWD,false,
BUL_1966_naydenov,59,GK,false,
BUL_1966_deyanov,54,GK,false,
BUL_1966_simeonov,53,GK,false,
BUL_1966_gaganelov,60,DEF,true,
BUL_1966_vutsov,59,DEF,false,
BUL_1966_largov,57,DEF,false,
BUL_1966_shalamanov,56,DEF,false,
BUL_1966_zhechev,55,DEF,false,
BUL_1966_apostolov,55,DEF,false,
BUL_1966_penev,52,DEF,false,
BUL_1966_kitov,59,MID,false,
BUL_1966_davidov,56,MID,false,
BUL_1966_yanchovski,55,MID,false,
BUL_1966_dermendzhiev,55,MID,false,
BUL_1966_metodiev,52,MID,false,
BUL_1966_asparuhov,79,FWD,false,
BUL_1966_abadzhiev,58,FWD,false,
BUL_1966_kostov,57,FWD,false,
BUL_1966_yakimov,56,FWD,false,
BUL_1966_kotkov,56,FWD,false,
BUL_1966_kolev,54,FWD,false,
BUL_1966_zhekov,53,FWD,false,
CHI_1966_godoy,66,GK,false,
CHI_1966_olivares,54,GK,false,
CHI_1966_figueroa,78,DEF,false,
CHI_1966_eyzaguirre,72,DEF,false,
CHI_1966_villanueva,67,DEF,false,
CHI_1966_donoso,67,DEF,false,
CHI_1966_valentini,66,DEF,false,
CHI_1966_berly,54,DEF,false,
CHI_1966_marcos,71,MID,false,
CHI_1966_sanchez,71,MID,true,
CHI_1966_tobar,70,MID,false,
CHI_1966_ramirez,67,MID,false,
CHI_1966_cruz,66,MID,false,
CHI_1966_hodge,65,MID,false,
CHI_1966_prieto,64,MID,false,
CHI_1966_campos,63,MID,false,
CHI_1966_fouilloux,71,FWD,false,
CHI_1966_araya,67,FWD,false,
CHI_1966_yavar,65,FWD,false,
CHI_1966_valdes,64,FWD,false,
CHI_1966_ramirez_2,64,FWD,false,
CHI_1966_landa,58,FWD,false,
ENG_1966_banks,91,GK,false,
ENG_1966_bonetti,80,GK,false,
ENG_1966_springett,72,GK,false,
ENG_1966_moore,94,DEF,true,
ENG_1966_byrne,86,DEF,false,
ENG_1966_wilson,84,DEF,false,
ENG_1966_armfield,83,DEF,false,
ENG_1966_charlton,81,DEF,false,
ENG_1966_hunter,79,DEF,false,
ENG_1966_cohen,79,DEF,false,
ENG_1966_charlton_2,96,MID,false,
ENG_1966_eastham,87,MID,false,
ENG_1966_stiles,86,MID,false,
ENG_1966_callaghan,86,MID,false,
ENG_1966_peters,83,MID,false,
ENG_1966_flowers,77,MID,false,
ENG_1966_ball,75,MID,false,
ENG_1966_hunt,90,FWD,false,
ENG_1966_hurst,89,FWD,false,
ENG_1966_connelly,86,FWD,false,
ENG_1966_greaves,84,FWD,false,
ENG_1966_paine,77,FWD,false,
FRA_1966_aubour,74,GK,false,
FRA_1966_schuth,66,GK,false,
FRA_1966_carnus,55,GK,false,
FRA_1966_artelesa,76,DEF,true,
FRA_1966_djorkaeff,72,DEF,false,
FRA_1966_michele,67,DEF,false,
FRA_1966_budzynski,63,DEF,false,
FRA_1966_bourgoing,58,DEF,false,
FRA_1966_chorda,58,DEF,false,
FRA_1966_bosquier,58,DEF,false,
FRA_1966_piumi,52,DEF,false,
FRA_1966_muller,76,MID,false,
FRA_1966_herbin,68,MID,false,
FRA_1966_simon,64,MID,false,
FRA_1966_bonnel,57,MID,false,
FRA_1966_herbet,53,MID,false,
FRA_1966_hausser,71,FWD,false,
FRA_1966_gondet,67,FWD,false,
FRA_1966_robuschi,56,FWD,false,
FRA_1966_combin,55,FWD,false,
FRA_1966_baraffe,55,FWD,false,
FRA_1966_couecou,53,FWD,false,
HUN_1966_szentmihalyi,76,GK,false,
HUN_1966_gelei,60,GK,false,
HUN_1966_geczi,60,GK,false,
HUN_1966_meszoly,80,DEF,false,
HUN_1966_matrai,68,DEF,false,
HUN_1966_sovari,63,DEF,false,
HUN_1966_ihasz,63,DEF,false,
HUN_1966_szepesi,62,DEF,false,
HUN_1966_kaposzta,60,DEF,false,
HUN_1966_sipos,73,MID,true,
HUN_1966_rakosi,65,MID,false,
HUN_1966_nagy,64,MID,false,
HUN_1966_mathesz,59,MID,false,
HUN_1966_varga,57,MID,false,
HUN_1966_albert,86,FWD,false,
HUN_1966_bene,74,FWD,false,
HUN_1966_tichy,67,FWD,false,
HUN_1966_farkas,64,FWD,false,
HUN_1966_fenyvesi,64,FWD,false,
HUN_1966_molnar,59,FWD,false,
HUN_1966_nagy_2,59,FWD,false,
HUN_1966_puskas,54,FWD,false,
ITA_1966_albertosi,77,GK,false,
ITA_1966_anzolin,76,GK,false,
ITA_1966_pizzaballa,72,GK,false,
ITA_1966_landini,80,DEF,false,
ITA_1966_salvadore,79,DEF,true,
ITA_1966_facchetti,78,DEF,false,
ITA_1966_burgnich,78,DEF,false,
ITA_1966_guarneri,76,DEF,false,
ITA_1966_janich,65,DEF,false,
ITA_1966_rosato,64,DEF,false,
ITA_1966_lodetti,75,MID,false,
ITA_1966_leoncini,75,MID,false,
ITA_1966_barison,75,MID,false,
ITA_1966_bulgarelli,68,MID,false,
ITA_1966_perani,67,MID,false,
ITA_1966_fogli,66,MID,false,
ITA_1966_rivera,84,FWD,false,
ITA_1966_mazzola,80,FWD,false,
ITA_1966_juliano,70,FWD,false,
ITA_1966_meroni,67,FWD,false,
ITA_1966_pascutti,65,FWD,false,
ITA_1966_rizzo,53,FWD,false,
MEX_1966_calderon,72,GK,false,
MEX_1966_carbajal,57,GK,false,
MEX_1966_vargas,57,GK,false,
MEX_1966_chaires,72,DEF,false,
MEX_1966_pena,69,DEF,true,
MEX_1966_jauregui,63,DEF,false,
MEX_1966_muro,63,DEF,false,
MEX_1966_hernandez,57,DEF,false,
MEX_1966_nunez,56,DEF,false,
MEX_1966_diaz,77,MID,false,
MEX_1966_regueiro,68,MID,false,
MEX_1966_munoz,65,MID,false,
MEX_1966_ruvalcaba,63,MID,false,
MEX_1966_gonzalez,58,MID,false,
MEX_1966_mercado,58,MID,false,
MEX_1966_reyes,73,FWD,false,
MEX_1966_padilla,69,FWD,false,
MEX_1966_borja,68,FWD,false,
MEX_1966_jara,65,FWD,false,
MEX_1966_fragoso,63,FWD,false,
MEX_1966_cisneros,63,FWD,false,
MEX_1966_navarro,57,FWD,false,
PRK_1966_chan_myung,85,GK,false,
PRK_1966_keun_hak,72,GK,false,
PRK_1966_se_bok,66,GK,false,
PRK_1966_yung_kyoo,79,DEF,true,
PRK_1966_jung_won,76,DEF,false,
PRK_1966_chang_kil,76,DEF,false,
PRK_1966_yung_kil,76,DEF,false,
PRK_1966_li_sup,73,DEF,false,
PRK_1966_zoong_sun,73,DEF,false,
PRK_1966_yoon_kyung,73,DEF,false,
PRK_1966_dong_woon,79,MID,false,
PRK_1966_bong_hwan,72,MID,false,
PRK_1966_seung_woon,72,MID,false,
PRK_1966_bong_chil,66,MID,false,
PRK_1966_bong_zin,66,MID,false,
PRK_1966_seung_hwi,65,MID,false,
PRK_1966_seung_zin,79,FWD,false,
PRK_1966_doo_ik,76,FWD,false,
PRK_1966_seung_kook,72,FWD,false,
PRK_1966_ryong_woon,66,FWD,false,
PRK_1966_seung_il,66,FWD,false,
PRK_1966_chi_an,66,FWD,false,
POR_1966_pereira,81,GK,false,
POR_1966_americo,77,GK,false,
POR_1966_carvalho,77,GK,false,
POR_1966_festa,83,DEF,false,
POR_1966_carlos,82,DEF,false,
POR_1966_germano,81,DEF,false,
POR_1966_baptista,80,DEF,false,
POR_1966_morais,79,DEF,false,
POR_1966_vicente,73,DEF,false,
POR_1966_augusto,85,MID,false,
POR_1966_simoes,85,MID,false,
POR_1966_coluna,84,MID,true,
POR_1966_hilario,81,MID,false,
POR_1966_cruz,77,MID,false,
POR_1966_pinto,77,MID,false,
POR_1966_peres,77,MID,false,
POR_1966_graca,66,MID,false,
POR_1966_eusebio,98,FWD,false,golden_boot
POR_1966_torres,84,FWD,false,
POR_1966_figueiredo,80,FWD,false,
POR_1966_lourenco,78,FWD,false,
POR_1966_duarte,62,FWD,false,
URS_1966_yashin,93,GK,false,
URS_1966_bannikov,77,GK,false,
URS_1966_kavazashvili,66,GK,false,
URS_1966_shesternyov,82,DEF,true,
URS_1966_ponomaryov,79,DEF,false,
URS_1966_ostrovskiy,79,DEF,false,
URS_1966_korneyev,78,DEF,false,
URS_1966_danilov,68,DEF,false,
URS_1966_getmanov,66,DEF,false,
URS_1966_chislenko,85,MID,false,
URS_1966_sabo,79,MID,false,
URS_1966_voronin,73,MID,false,
URS_1966_afonin,67,MID,false,
URS_1966_khurtsilava,62,MID,false,
URS_1966_sichinava,61,MID,false,
URS_1966_porkujan,84,FWD,false,
URS_1966_khusainov,79,FWD,false,
URS_1966_serebryanikov,78,FWD,false,
URS_1966_malofeyev,71,FWD,false,
URS_1966_banishevskiy,69,FWD,false,
URS_1966_metreveli,64,FWD,false,
URS_1966_markarov,60,FWD,false,
ESP_1966_iribar,78,GK,false,
ESP_1966_betancort,77,GK,false,
ESP_1966_reina,52,GK,false,
ESP_1966_sanchis,81,DEF,false,
ESP_1966_gallego,79,DEF,false,
ESP_1966_olivella,78,DEF,false,
ESP_1966_rivilla,77,DEF,false,
ESP_1966_silvestre,74,DEF,false,
ESP_1966_reija,57,DEF,false,
ESP_1966_fuste,80,MID,false,
ESP_1966_pirri,78,MID,false,
ESP_1966_adelardo,78,MID,false,
ESP_1966_zoco,76,MID,false,
ESP_1966_sol,76,MID,false,
ESP_1966_peiro,76,MID,false,
ESP_1966_ufarte,76,MID,false,
ESP_1966_glaria,74,MID,false,
ESP_1966_gento,79,FWD,true,
ESP_1966_amancio,79,FWD,false,
ESP_1966_suarez,76,FWD,false,
ESP_1966_marcelino,58,FWD,false,
ESP_1966_lapetra,54,FWD,false,
SUI_1966_elsener,60,GK,false,
SUI_1966_eichmann,54,GK,false,
SUI_1966_prosperi,53,GK,false,
SUI_1966_schneiter,71,DEF,false,
SUI_1966_tacchella,58,DEF,false,
SUI_1966_brodmann,55,DEF,true,
SUI_1966_leimgruber,54,DEF,false,
SUI_1966_armbruster,54,DEF,false,
SUI_1966_allemann,54,DEF,false,
SUI_1966_fuhrer,65,MID,false,
SUI_1966_odermatt,63,MID,false,
SUI_1966_durr,59,MID,false,
SUI_1966_stierli,55,MID,false,
SUI_1966_grobety,54,MID,false,
SUI_1966_bani,54,MID,false,
SUI_1966_vuilleumier,53,MID,false,
SUI_1966_gottardi,52,MID,false,
SUI_1966_quentin,59,FWD,false,
SUI_1966_hosp,58,FWD,false,
SUI_1966_schindelholz,57,FWD,false,
SUI_1966_kuhn,56,FWD,false,
SUI_1966_kunzli,53,FWD,false,
URU_1966_mazurkiewicz,77,GK,false,
URU_1966_taibo,68,GK,false,
URU_1966_sosa,68,GK,false,
URU_1966_manicera,74,DEF,false,
URU_1966_alvarez,72,DEF,false,
URU_1966_ramos,72,DEF,false,
URU_1966_goncalves,71,DEF,false,
URU_1966_diaz,71,DEF,false,
URU_1966_troche,66,DEF,true,
URU_1966_ubina,61,DEF,false,
URU_1966_alvarez_2,61,DEF,false,
URU_1966_silva,72,MID,false,
URU_1966_cortes,71,MID,false,
URU_1966_caetano,71,MID,false,
URU_1966_esparrago,69,MID,false,
URU_1966_forlan,68,MID,false,
URU_1966_salva,60,MID,false,
URU_1966_rocha,73,FWD,false,
URU_1966_urruzmendi,72,FWD,false,
URU_1966_perez,69,FWD,false,
URU_1966_viera,64,FWD,false,
URU_1966_sasia,62,FWD,false,
GER_1966_tilkowski,87,GK,false,
GER_1966_maier,83,GK,false,
GER_1966_bernard,78,GK,false,
GER_1966_schnellinger,86,DEF,false,
GER_1966_paul,85,DEF,false,
GER_1966_schulz,84,DEF,false,
GER_1966_lutz,84,DEF,false,
GER_1966_weber,82,DEF,false,
GER_1966_sieloff,81,DEF,false,
GER_1966_hottges,79,DEF,false,
GER_1966_patzke,72,DEF,false,
GER_1966_beckenbauer,94,MID,false,
GER_1966_overath,84,MID,false,
GER_1966_lorenz,79,MID,false,
GER_1966_brulls,70,MID,false,
GER_1966_haller,93,FWD,false,
GER_1966_emmerich,86,FWD,false,
GER_1966_seeler,86,FWD,true,
GER_1966_held,85,FWD,false,
GER_1966_grabowski,76,FWD,false,
GER_1966_hornig,73,FWD,false,
GER_1966_kramer,68,FWD,false,
BEL_1970_trappeniers,74,GK,false,
BEL_1970_piot,63,GK,false,
BEL_1970_duquesne,55,GK,false,
BEL_1970_heylens,75,DEF,false,
BEL_1970_jeck,67,DEF,false,
BEL_1970_beurlet,67,DEF,false,
BEL_1970_dewalque,66,DEF,false,
BEL_1970_thissen,63,DEF,false,
BEL_1970_peeters,72,MID,false,
BEL_1970_vandendaele,72,MID,false,
BEL_1970_moer,71,MID,false,
BEL_1970_martens,70,MID,false,
BEL_1970_semmeling,66,MID,false,
BEL_1970_dockx,56,MID,false,
BEL_1970_verheyen,56,MID,false,
BEL_1970_polleunis,53,MID,false,
BEL_1970_lambert,80,FWD,false,
BEL_1970_puis,75,FWD,false,
BEL_1970_himst,74,FWD,true,
BEL_1970_devrindt,74,FWD,false,
BEL_1970_carteus,70,FWD,false,
BEL_1970_janssens,52,FWD,false,
BRA_1970_felix,88,GK,false,
BRA_1970_ado,70,GK,false,
BRA_1970_leao,70,GK,false,
BRA_1970_alberto,93,DEF,true,
BRA_1970_fontana,85,DEF,false,
BRA_1970_brito,84,DEF,false,
BRA_1970_camargo,84,DEF,false,
BRA_1970_baldocchi,83,DEF,false,
BRA_1970_everaldo,83,DEF,false,
BRA_1970_maria,78,DEF,false,
BRA_1970_antonio,75,DEF,false,
BRA_1970_rivellino,91,MID,false,
BRA_1970_gerson,86,MID,false,
BRA_1970_clodoaldo,84,MID,false,
BRA_1970_piazza,74,MID,false,
BRA_1970_caju,73,MID,false,
BRA_1970_pele,99,FWD,false,
BRA_1970_jairzinho,96,FWD,false,
BRA_1970_tostao,84,FWD,false,
BRA_1970_edu,80,FWD,false,
BRA_1970_miranda,73,FWD,false,
BRA_1970_dario,72,FWD,false,
BUL_1970_simeonov,58,GK,false,
BUL_1970_yordanov,56,GK,false,
BUL_1970_kamenski,54,GK,false,
BUL_1970_zhechev,67,DEF,false,
BUL_1970_kolev,61,DEF,false,
BUL_1970_dimitrov,60,DEF,true,
BUL_1970_gaganelov,60,DEF,false,
BUL_1970_penev,59,DEF,false,
BUL_1970_shalamanov,59,DEF,false,
BUL_1970_gaydarski,56,DEF,false,
BUL_1970_aladzhov,53,DEF,false,
BUL_1970_asparuhov,79,MID,false,
BUL_1970_dermendzhiev,62,MID,false,
BUL_1970_nikodimov,59,MID,false,
BUL_1970_mitkov,54,MID,false,
BUL_1970_davidov,53,MID,false,
BUL_1970_bonev,59,FWD,false,
BUL_1970_yakimov,59,FWD,false,
BUL_1970_zhekov,59,FWD,false,
BUL_1970_popov,57,FWD,false,
BUL_1970_grigorov,55,FWD,false,
BUL_1970_marashliev,53,FWD,false,
TCH_1970_viktor,59,GK,false,
TCH_1970_vencel,56,GK,false,
TCH_1970_flesar,54,GK,false,
TCH_1970_horvath,61,DEF,true,
TCH_1970_hagara,55,DEF,false,
TCH_1970_hrivnak,55,DEF,false,
TCH_1970_zlocha,55,DEF,false,
TCH_1970_dobias,55,DEF,false,
TCH_1970_pivarnik,53,DEF,false,
TCH_1970_migas,52,DEF,false,
TCH_1970_vesely,57,MID,false,
TCH_1970_hrdlicka,56,MID,false,
TCH_1970_kuna,55,MID,false,
TCH_1970_vesely_2,55,MID,false,
TCH_1970_pollak,54,MID,false,
TCH_1970_jurkanin,52,MID,false,
TCH_1970_petras,60,FWD,false,
TCH_1970_adamec,57,FWD,false,
TCH_1970_capkovic,56,FWD,false,
TCH_1970_jokl,55,FWD,false,
TCH_1970_kvasnak,53,FWD,false,
TCH_1970_albrecht,53,FWD,false,
SLV_1970_magana,73,GK,false,
SLV_1970_pineda,69,GK,false,
SLV_1970_fernandez,65,GK,false,
SLV_1970_mariona,68,DEF,true,
SLV_1970_rivas,68,DEF,false,
SLV_1970_castro,62,DEF,false,
SLV_1970_cortes,62,DEF,false,
SLV_1970_manzano,56,DEF,false,
SLV_1970_osorio,56,DEF,false,
SLV_1970_villalta,66,MID,false,
SLV_1970_vasquez,65,MID,false,
SLV_1970_quintanilla,62,MID,false,
SLV_1970_rodriguez,62,MID,false,
SLV_1970_martinez,62,MID,false,
SLV_1970_mendez,56,MID,false,
SLV_1970_sarmeno,56,MID,false,
SLV_1970_acevedo,65,FWD,false,
SLV_1970_cabrera,62,FWD,false,
SLV_1970_cabezas,62,FWD,false,
SLV_1970_monge,57,FWD,false,
SLV_1970_aparicio,57,FWD,false,
SLV_1970_portillo,57,FWD,false,
ENG_1970_banks,85,GK,false,
ENG_1970_bonetti,80,GK,false,
ENG_1970_stepney,74,GK,false,
ENG_1970_moore,88,DEF,true,
ENG_1970_stiles,82,DEF,false,
ENG_1970_labone,80,DEF,false,
ENG_1970_wright,79,DEF,false,
ENG_1970_newton,77,DEF,false,
ENG_1970_cooper,77,DEF,false,
ENG_1970_charlton,74,DEF,false,
ENG_1970_hunter,74,DEF,false,
ENG_1970_charlton_2,87,MID,false,
ENG_1970_bell,81,MID,false,
ENG_1970_hughes,81,MID,false,
ENG_1970_peters,80,MID,false,
ENG_1970_mullery,79,MID,false,
ENG_1970_ball,76,MID,false,
ENG_1970_hurst,84,FWD,false,
ENG_1970_lee,82,FWD,false,
ENG_1970_osgood,80,FWD,false,
ENG_1970_clarke,79,FWD,false,
ENG_1970_astle,59,FWD,false,
ISR_1970_vissoker,56,GK,false,
ISR_1970_hameiri,55,GK,false,
ISR_1970_nossovsky,52,GK,false,
ISR_1970_bello,55,DEF,false,
ISR_1970_bar,55,DEF,false,
ISR_1970_rosen,54,DEF,false,
ISR_1970_rosenthal,53,DEF,false,
ISR_1970_karako,53,DEF,false,
ISR_1970_vollach,52,DEF,false,
ISR_1970_shmulevich_rom,58,MID,false,
ISR_1970_primo,58,MID,false,
ISR_1970_borba,57,MID,false,
ISR_1970_shuruk,53,MID,false,
ISR_1970_romano,53,MID,false,
ISR_1970_schwager,52,MID,false,
ISR_1970_shum,52,MID,false,
ISR_1970_spiegler,63,FWD,true,
ISR_1970_talbi,57,FWD,false,
ISR_1970_feigenbaum,57,FWD,false,
ISR_1970_spiegel,56,FWD,false,
ISR_1970_rimoz,54,FWD,false,
ISR_1970_chazom,52,FWD,false,
ITA_1970_albertosi,90,GK,false,
ITA_1970_zoff,89,GK,false,
ITA_1970_vieri,74,GK,false,
ITA_1970_facchetti,88,DEF,true,
ITA_1970_burgnich,88,DEF,false,
ITA_1970_rosato,86,DEF,false,
ITA_1970_furino,84,DEF,false,
ITA_1970_juliano,81,DEF,false,
ITA_1970_poletti,76,DEF,false,
ITA_1970_cera,73,DEF,false,
ITA_1970_puia,70,DEF,false,
ITA_1970_rivera,93,MID,false,
ITA_1970_mazzola,86,MID,false,
ITA_1970_bertini,84,MID,false,
ITA_1970_sisti,79,MID,false,
ITA_1970_ferrante,78,MID,false,
ITA_1970_niccolai,72,MID,false,
ITA_1970_boninsegna,86,FWD,false,
ITA_1970_prati,84,FWD,false,
ITA_1970_riva,84,FWD,false,
ITA_1970_domenghini,73,FWD,false,
ITA_1970_gori,65,FWD,false,
MEX_1970_calderon,83,GK,false,
MEX_1970_castrejon,75,GK,false,
MEX_1970_mota,67,GK,false,
MEX_1970_pena,87,DEF,true,
MEX_1970_vantolra,79,DEF,false,
MEX_1970_guzman,79,DEF,false,
MEX_1970_alejandrez,75,DEF,false,
MEX_1970_perez,74,DEF,false,
MEX_1970_hernandez,68,DEF,false,
MEX_1970_montes,67,DEF,false,
MEX_1970_gonzalez,83,MID,false,
MEX_1970_pulido,79,MID,false,
MEX_1970_munguia,75,MID,false,
MEX_1970_velarde,75,MID,false,
MEX_1970_basaguren,68,MID,false,
MEX_1970_rivas,66,MID,false,
MEX_1970_valdivia,82,FWD,false,
MEX_1970_padilla,79,FWD,false,
MEX_1970_fragoso,75,FWD,false,
MEX_1970_diaz,74,FWD,false,
MEX_1970_borja,67,FWD,false,
MEX_1970_salgado,65,FWD,false,
MAR_1970_benkassou,68,GK,false,
MAR_1970_hazzaz,65,GK,false,
MAR_1970_ouaraghli,62,GK,false,
MAR_1970_khanousi,68,DEF,true,
MAR_1970_fadili,66,DEF,false,
MAR_1970_lamrani,62,DEF,false,
MAR_1970_khiati,62,DEF,false,
MAR_1970_benkhrif,62,DEF,false,
MAR_1970_slimani,62,DEF,false,
MAR_1970_ghazouani,68,MID,false,
MAR_1970_bamous,66,MID,false,
MAR_1970_dahane,66,MID,false,
MAR_1970_mahroufi,57,MID,false,
MAR_1970_ghandi,57,MID,false,
MAR_1970_choukri,56,MID,false,
MAR_1970_jarir,72,FWD,false,
MAR_1970_faras,62,FWD,false,
MAR_1970_filali,62,FWD,false,
MAR_1970_alaoui,57,FWD,false,
PER_1970_rubinos,75,GK,false,
PER_1970_correa,61,GK,false,
PER_1970_goyzueta,61,GK,false,
PER_1970_chumpitaz,73,DEF,true,
PER_1970_campos,72,DEF,false,
PER_1970_torre,72,DEF,false,
PER_1970_fernandez,70,DEF,false,
PER_1970_fuentes,62,DEF,false,
PER_1970_salinas,59,DEF,false,
PER_1970_gallardo,79,MID,false,
PER_1970_mifflin,69,MID,false,
PER_1970_baylon,68,MID,false,
PER_1970_gonzalez,68,MID,false,
PER_1970_challe,63,MID,false,
PER_1970_gonzalez_2,60,MID,false,
PER_1970_cruzado,58,MID,false,
PER_1970_cubillas,85,FWD,false,
PER_1970_leon,70,FWD,false,
PER_1970_castillo,69,FWD,false,
PER_1970_reyes,58,FWD,false,
PER_1970_ramirez,57,FWD,false,
PER_1970_sotil,57,FWD,false,
ROU_1970_adamache,56,GK,false,
ROU_1970_raducanu,55,GK,false,
ROU_1970_gornea,52,GK,false,
ROU_1970_dinu,66,DEF,false,
ROU_1970_deleanu,66,DEF,false,
ROU_1970_coe,59,DEF,false,
ROU_1970_mocanu,59,DEF,false,
ROU_1970_satmareanu,59,DEF,false,
ROU_1970_lupescu,54,DEF,false,
ROU_1970_ivancescu,53,DEF,false,
ROU_1970_gergely,70,MID,false,
ROU_1970_nunweiller,67,MID,false,
ROU_1970_pescaru,55,MID,false,
ROU_1970_dobrin,53,MID,false,
ROU_1970_dumitru,53,MID,false,
ROU_1970_tataru,52,MID,false,
ROU_1970_lucescu,73,FWD,true,
ROU_1970_dumitrache,69,FWD,false,
ROU_1970_domide,56,FWD,false,
ROU_1970_dembrovschi,55,FWD,false,
ROU_1970_neagu,52,FWD,false,
ROU_1970_tufan,52,FWD,false,
URS_1970_kavazashvili,86,GK,false,
URS_1970_yashin,85,GK,false,
URS_1970_shmuts,76,GK,false,
URS_1970_shesternyov,83,DEF,true,
URS_1970_lovchev,79,DEF,false,
URS_1970_logofet,77,DEF,false,
URS_1970_kaplichny,75,DEF,false,
URS_1970_afonin,67,DEF,false,
URS_1970_khurtsilava,66,DEF,false,
URS_1970_dzodzuashvili,61,DEF,false,
URS_1970_zykov,78,MID,false,
URS_1970_serebryanikov,76,MID,false,
URS_1970_kiselyov,76,MID,false,
URS_1970_muntyan,74,MID,false,
URS_1970_asatiani,64,MID,false,
URS_1970_byshovets,84,FWD,false,
URS_1970_yevriuzhikin,80,FWD,false,
URS_1970_khmelnitsky,80,FWD,false,
URS_1970_puzach,77,FWD,false,
URS_1970_porkujan,69,FWD,false,
URS_1970_metreveli,60,FWD,false,
URS_1970_nodia,56,FWD,false,
SWE_1970_pettersson,56,GK,false,
SWE_1970_hellstrom,55,GK,false,
SWE_1970_larsson,54,GK,false,
SWE_1970_olsson,72,DEF,false,
SWE_1970_axelsson,70,DEF,false,
SWE_1970_kristensson,67,DEF,false,
SWE_1970_nordqvist,63,DEF,true,
SWE_1970_selander,57,DEF,false,
SWE_1970_cronqvist,56,DEF,false,
SWE_1970_grip,54,DEF,false,
SWE_1970_malberg,53,DEF,false,
SWE_1970_persson,70,MID,false,
SWE_1970_larsson_2,66,MID,false,
SWE_1970_eriksson,59,MID,false,
SWE_1970_nicklasson,56,MID,false,
SWE_1970_svensson,55,MID,false,
SWE_1970_palsson,55,MID,false,
SWE_1970_turesson,75,FWD,false,
SWE_1970_kindvall,74,FWD,false,
SWE_1970_nordahl,71,FWD,false,
SWE_1970_grahn,59,FWD,false,
SWE_1970_ejderstedt,58,FWD,false,
URU_1970_mazurkiewicz,83,GK,false,
URU_1970_corbo,69,GK,false,
URU_1970_santos,66,GK,false,
URU_1970_caetano,80,DEF,false,
URU_1970_mujica,77,DEF,false,
URU_1970_ubina,77,DEF,false,
URU_1970_matosas,76,DEF,false,
URU_1970_ancheta,73,DEF,false,
URU_1970_sandoval,70,DEF,false,
URU_1970_camera,63,DEF,false,
URU_1970_esparrago,80,MID,false,
URU_1970_rocha,77,MID,true,
URU_1970_maneiro,76,MID,false,
URU_1970_cortes,75,MID,false,
URU_1970_castillo,73,MID,false,
URU_1970_fontes,66,MID,false,
URU_1970_gomez,82,FWD,false,
URU_1970_cubilla,78,FWD,false,
URU_1970_zubia,77,FWD,false,
URU_1970_morales,72,FWD,false,
URU_1970_losada,69,FWD,false,
URU_1970_bareno,62,FWD,false,
GER_1970_maier,85,GK,false,
GER_1970_manglitz,71,GK,false,
GER_1970_wolter,70,GK,false,
GER_1970_schnellinger,87,DEF,false,
GER_1970_schulz,83,DEF,false,
GER_1970_vogts,83,DEF,false,
GER_1970_hottges,82,DEF,false,
GER_1970_fichtel,81,DEF,false,
GER_1970_sieloff,80,DEF,false,
GER_1970_patzke,74,DEF,false,
GER_1970_beckenbauer,91,MID,false,
GER_1970_overath,85,MID,false,
GER_1970_weber,78,MID,false,
GER_1970_dietrich,76,MID,false,
GER_1970_lorenz,70,MID,false,
GER_1970_muller,99,FWD,false,golden_boot
GER_1970_seeler,86,FWD,true,
GER_1970_haller,84,FWD,false,
GER_1970_held,84,FWD,false,
GER_1970_libuda,83,FWD,false,
GER_1970_grabowski,76,FWD,false,
GER_1970_lohr,71,FWD,false,
ARG_1974_carnevali,81,GK,false,
ARG_1974_fillol,80,GK,false,
ARG_1974_santoro,76,GK,false,
ARG_1974_heredia,84,DEF,false,
ARG_1974_wolff,76,DEF,false,
ARG_1974_sa,76,DEF,false,
ARG_1974_bargas,75,DEF,false,
ARG_1974_perfumo,73,DEF,true,
ARG_1974_carrascosa,62,DEF,false,
ARG_1974_glaria,60,DEF,false,
ARG_1974_houseman,76,MID,false,
ARG_1974_brindisi,69,MID,false,
ARG_1974_babington,65,MID,false,
ARG_1974_telch,63,MID,false,
ARG_1974_chazarreta,60,MID,false,
ARG_1974_squeo,59,MID,false,
ARG_1974_togneri,58,MID,false,
ARG_1974_kempes,84,FWD,false,
ARG_1974_ayala,82,FWD,false,
ARG_1974_yazalde,79,FWD,false,
ARG_1974_balbuena,78,FWD,false,
ARG_1974_poy,59,FWD,false,
AUS_1974_reilly,66,GK,false,
AUS_1974_milisavljevic,57,GK,false,
AUS_1974_maher,56,GK,false,
AUS_1974_wilson,73,DEF,true,
AUS_1974_schaefer,69,DEF,false,
AUS_1974_curran,66,DEF,false,
AUS_1974_harding,63,DEF,false,
AUS_1974_utjesenovic,62,DEF,false,
AUS_1974_williams,62,DEF,false,
AUS_1974_rudic,57,DEF,false,
AUS_1974_mackay,69,MID,false,
AUS_1974_warren,66,MID,false,
AUS_1974_campbell,63,MID,false,
AUS_1974_richards,62,MID,false,
AUS_1974_watkiss,62,MID,false,
AUS_1974_rooney,57,MID,false,
AUS_1974_ollerton,57,MID,false,
AUS_1974_tolson,56,MID,false,
AUS_1974_abonyi,69,FWD,false,
AUS_1974_alston,66,FWD,false,
AUS_1974_manuel,62,FWD,false,
AUS_1974_buljevic,56,FWD,false,
BRA_1974_leao,85,GK,false,
BRA_1974_peres,77,GK,false,
BRA_1974_renato,77,GK,false,
BRA_1974_maria,81,DEF,false,
BRA_1974_pereira,81,DEF,false,
BRA_1974_peres_2,80,DEF,false,
BRA_1974_nelinho,79,DEF,false,
BRA_1974_alfredo,79,DEF,false,
BRA_1974_antonio,77,DEF,false,
BRA_1974_chagas,71,DEF,false,
BRA_1974_rivellino,90,MID,false,
BRA_1974_cezar,80,MID,false,
BRA_1974_leivinha,77,MID,false,
BRA_1974_guia,76,MID,false,
BRA_1974_piazza,75,MID,true,
BRA_1974_carpegiani,62,MID,false,
BRA_1974_jairzinho,90,FWD,false,
BRA_1974_cesar,80,FWD,false,
BRA_1974_edu,79,FWD,false,
BRA_1974_mirandinha,77,FWD,false,
BRA_1974_dirceu,71,FWD,false,
BRA_1974_valdomiro,66,FWD,false,
BUL_1974_simeonov,59,GK,false,
BUL_1974_goranov,57,GK,false,
BUL_1974_staykov,53,GK,false,
BUL_1974_penev,61,DEF,false,
BUL_1974_zhechev,60,DEF,false,
BUL_1974_kolev,59,DEF,false,
BUL_1974_zafirov,59,DEF,false,
BUL_1974_aladzhov,59,DEF,false,
BUL_1974_vasilev,57,DEF,false,
BUL_1974_ivkov,59,MID,false,
BUL_1974_nikodimov,58,MID,false,
BUL_1974_denev,58,MID,false,
BUL_1974_velichkov,57,MID,false,
BUL_1974_stoyanov,53,MID,false,
BUL_1974_vasilev_2,52,MID,false,
BUL_1974_bonev,67,FWD,true,
BUL_1974_mihailov,59,FWD,false,
BUL_1974_grigorov,56,FWD,false,
BUL_1974_panov,56,FWD,false,
BUL_1974_borisov,54,FWD,false,
BUL_1974_voynov,53,FWD,false,
BUL_1974_milanov,52,FWD,false,
CHI_1974_nef,70,GK,false,
CHI_1974_vallejos,57,GK,false,
CHI_1974_olivares,55,GK,false,
CHI_1974_figueroa,83,DEF,false,
CHI_1974_quintano,69,DEF,false,
CHI_1974_galindo,67,DEF,false,
CHI_1974_gonzalez,65,DEF,false,
CHI_1974_garcia,64,DEF,false,
CHI_1974_arias,58,DEF,false,
CHI_1974_rodriguez,56,DEF,false,
CHI_1974_machuca,54,DEF,false,
CHI_1974_lara,69,MID,false,
CHI_1974_reinoso,69,MID,false,
CHI_1974_valdes,68,MID,true,
CHI_1974_paez,64,MID,false,
CHI_1974_socias,63,MID,false,
CHI_1974_farias,56,MID,false,
CHI_1974_ahumada,69,FWD,false,
CHI_1974_castro,69,FWD,false,
CHI_1974_yavar,68,FWD,false,
CHI_1974_veliz,67,FWD,false,
CHI_1974_caszely,56,FWD,false,
DDR_1974_croy,77,GK,false,
DDR_1974_blochwitz,60,GK,false,
DDR_1974_friese,60,GK,false,
DDR_1974_bransch,68,DEF,true,
DDR_1974_kurbjuweit,65,DEF,false,
DDR_1974_watzlich,65,DEF,false,
DDR_1974_weise,64,DEF,false,
DDR_1974_fritsche,63,DEF,false,
DDR_1974_kische,60,DEF,false,
DDR_1974_sparwasser,71,MID,false,
DDR_1974_irmscher,65,MID,false,
DDR_1974_lauck,62,MID,false,
DDR_1974_seguin,62,MID,false,
DDR_1974_hamann,60,MID,false,
DDR_1974_pommerenke,59,MID,false,
DDR_1974_schnuphase,59,MID,false,
DDR_1974_streich,73,FWD,false,
DDR_1974_lowe,67,FWD,false,
DDR_1974_vogel,64,FWD,false,
DDR_1974_kreische,64,FWD,false,
DDR_1974_ducke,63,FWD,false,
DDR_1974_hoffmann,58,FWD,false,
HAI_1974_francillon,68,GK,false,
HAI_1974_joseph,65,GK,false,
HAI_1974_piquant,62,GK,false,
HAI_1974_nazaire,68,DEF,true,
HAI_1974_andre,65,DEF,false,
HAI_1974_ducoste,65,DEF,false,
HAI_1974_austin,62,DEF,false,
HAI_1974_auguste,57,DEF,false,
HAI_1974_bayonne,57,DEF,false,
HAI_1974_louis,57,DEF,false,
HAI_1974_racine,56,DEF,false,
HAI_1974_desir,68,MID,false,
HAI_1974_jean_joseph,65,MID,false,
HAI_1974_leandre,62,MID,false,
HAI_1974_francois,62,MID,false,
HAI_1974_vorbe,57,MID,false,
HAI_1974_antoine,56,MID,false,
HAI_1974_sanon,73,FWD,false,
HAI_1974_leandre_2,62,FWD,false,
HAI_1974_saint_vil,62,FWD,false,
HAI_1974_barthelemy,62,FWD,false,
HAI_1974_saint_vil_2,57,FWD,false,
ITA_1974_zoff,85,GK,false,
ITA_1974_albertosi,77,GK,false,
ITA_1974_castellini,64,GK,false,
ITA_1974_facchetti,83,DEF,true,
ITA_1974_burgnich,77,DEF,false,
ITA_1974_spinosi,77,DEF,false,
ITA_1974_sabadini,75,DEF,false,
ITA_1974_bellugi,74,DEF,false,
ITA_1974_morini,74,DEF,false,
ITA_1974_wilson,71,DEF,false,
ITA_1974_rivera,86,MID,false,
ITA_1974_benetti,80,MID,false,
ITA_1974_mazzola,80,MID,false,
ITA_1974_capello,79,MID,false,
ITA_1974_causio,76,MID,false,
ITA_1974_juliano,71,MID,false,
ITA_1974_cecconi,70,MID,false,
ITA_1974_anastasi,80,FWD,false,
ITA_1974_boninsegna,78,FWD,false,
ITA_1974_riva,78,FWD,false,
ITA_1974_chinaglia,73,FWD,false,
ITA_1974_pulici,64,FWD,false,
NED_1974_jongbloed,85,GK,false,
NED_1974_treijtel,77,GK,false,
NED_1974_schrijvers,77,GK,false,
NED_1974_krol,88,DEF,false,
NED_1974_suurbier,86,DEF,false,
NED_1974_jansen,84,DEF,false,
NED_1974_strik,83,DEF,false,
NED_1974_israel,82,DEF,false,
NED_1974_vos,79,DEF,false,
NED_1974_rijsbergen,78,DEF,false,
NED_1974_ierssel,75,DEF,false,
NED_1974_cruyff,99,MID,true,
NED_1974_neeskens,94,MID,false,
NED_1974_haan,84,MID,false,
NED_1974_jong,84,MID,false,
NED_1974_hanegem,81,MID,false,
NED_1974_kerkhof,77,MID,false,
NED_1974_kerkhof_2,76,MID,false,
NED_1974_rep,90,FWD,false,
NED_1974_keizer,85,FWD,false,
NED_1974_rensenbrink,83,FWD,false,
NED_1974_geels,76,FWD,false,
POL_1974_tomaszewski,85,GK,false,
POL_1974_kalinowski,69,GK,false,
POL_1974_fischer,69,GK,false,
POL_1974_gorgon,80,DEF,false,
POL_1974_szymanowski,77,DEF,false,
POL_1974_musia,76,DEF,false,
POL_1974_gut,70,DEF,false,
POL_1974_zmuda,69,DEF,false,
POL_1974_bulzacki,68,DEF,false,
POL_1974_deyna,88,MID,true,
POL_1974_cmikiewicz,80,MID,false,
POL_1974_wieczorek,66,MID,false,
POL_1974_kasperczak,65,MID,false,
POL_1974_maszczyk,64,MID,false,
POL_1974_lato,98,FWD,false,golden_boot
POL_1974_szarmach,86,FWD,false,
POL_1974_gadocha,76,FWD,false,
POL_1974_kmiecik,72,FWD,false,
POL_1974_kapka,72,FWD,false,
POL_1974_kusto,71,FWD,false,
POL_1974_domarski,66,FWD,false,
POL_1974_jakobczak,64,FWD,false,
SCO_1974_harvey,73,GK,false,
SCO_1974_allan,57,GK,false,
SCO_1974_stewart,53,GK,false,
SCO_1974_buchan,77,DEF,false,
SCO_1974_donachie,76,DEF,false,
SCO_1974_holton,74,DEF,false,
SCO_1974_jardine,71,DEF,false,
SCO_1974_mcgrain,71,DEF,false,
SCO_1974_mcqueen,70,DEF,false,
SCO_1974_blackley,52,DEF,false,
SCO_1974_schaedler,52,DEF,false,
SCO_1974_cormack,77,MID,false,
SCO_1974_bremner,74,MID,true,
SCO_1974_hay,74,MID,false,
SCO_1974_johnstone,74,MID,false,
SCO_1974_hutchison,59,MID,false,
SCO_1974_ford,52,MID,false,
SCO_1974_jordan,80,FWD,false,
SCO_1974_law,78,FWD,false,
SCO_1974_morgan,77,FWD,false,
SCO_1974_lorimer,74,FWD,false,
SCO_1974_dalglish,71,FWD,false,
SWE_1974_hellstrom,78,GK,false,
SWE_1974_larsson,60,GK,false,
SWE_1974_hagberg,60,GK,false,
SWE_1974_nordqvist,71,DEF,false,
SWE_1974_grip,65,DEF,false,
SWE_1974_karlsson,65,DEF,false,
SWE_1974_andersson,60,DEF,false,
SWE_1974_olsson,59,DEF,false,
SWE_1974_augustsson,59,DEF,false,
SWE_1974_torstensson,84,MID,false,
SWE_1974_larsson_2,78,MID,true,
SWE_1974_tapper,70,MID,false,
SWE_1974_magnusson,68,MID,false,
SWE_1974_ejderstedt,67,MID,false,
SWE_1974_persson,66,MID,false,
SWE_1974_grahn,63,MID,false,
SWE_1974_cronqvist,63,MID,false,
SWE_1974_lindman,60,MID,false,
SWE_1974_ahlstrom,59,MID,false,
SWE_1974_edstrom,80,FWD,false,
SWE_1974_sandberg,75,FWD,false,
SWE_1974_kindvall,63,FWD,false,
URU_1974_mazurkiewicz,71,GK,false,
URU_1974_santos,67,GK,false,
URU_1974_fernandez,55,GK,false,
URU_1974_pavoni,77,DEF,false,
URU_1974_masnik,73,DEF,true,
URU_1974_castillo,72,DEF,false,
URU_1974_forlan,71,DEF,false,
URU_1974_jauregui,71,DEF,false,
URU_1974_garisto,64,DEF,false,
URU_1974_gonzalez,63,DEF,false,
URU_1974_simone,53,DEF,false,
URU_1974_rocha,74,MID,false,
URU_1974_esparrago,73,MID,false,
URU_1974_mantegazza,65,MID,false,
URU_1974_cubilla,64,MID,false,
URU_1974_jimenez,60,MID,false,
URU_1974_cardaccio,54,MID,false,
URU_1974_milar,74,FWD,false,
URU_1974_corbo,66,FWD,false,
URU_1974_morena,65,FWD,false,
URU_1974_silva,63,FWD,false,
URU_1974_gomez,53,FWD,false,
GER_1974_maier,90,GK,false,
GER_1974_kleff,70,GK,false,
GER_1974_nigbur,70,GK,false,
GER_1974_beckenbauer,99,DEF,true,
GER_1974_breitner,95,DEF,false,
GER_1974_schwarzenbeck,87,DEF,false,
GER_1974_kapellmann,86,DEF,false,
GER_1974_hottges,85,DEF,false,
GER_1974_vogts,84,DEF,false,
GER_1974_kremers,80,DEF,false,
GER_1974_overath,89,MID,false,
GER_1974_netzer,87,MID,false,
GER_1974_wimmer,84,MID,false,
GER_1974_bonhof,83,MID,false,
GER_1974_cullmann,82,MID,false,
GER_1974_holzenbein,80,MID,false,
GER_1974_flohe,74,MID,false,
GER_1974_muller,98,FWD,false,
GER_1974_hoene,87,FWD,false,
GER_1974_grabowski,83,FWD,false,
GER_1974_heynckes,80,FWD,false,
GER_1974_herzog,75,FWD,false,
YUG_1974_maric,76,GK,false,
YUG_1974_petrovic,68,GK,false,
YUG_1974_meskovic,68,GK,false,
YUG_1974_katalinski,73,DEF,false,
YUG_1974_dojcinovski,71,DEF,false,
YUG_1974_peruzovic,70,DEF,false,
YUG_1974_buljan,69,DEF,false,
YUG_1974_hadziabdic,59,DEF,false,
YUG_1974_oblak,77,MID,false,
YUG_1974_bogicevic,75,MID,false,
YUG_1974_acimovic,72,MID,false,
YUG_1974_jerkovic,72,MID,false,
YUG_1974_muzinic,71,MID,false,
YUG_1974_pavlovic,70,MID,false,
YUG_1974_petrovic_2,64,MID,false,
YUG_1974_vladic,60,MID,false,
YUG_1974_dzajic,88,FWD,true,
YUG_1974_surjak,74,FWD,false,
YUG_1974_karasi,73,FWD,false,
YUG_1974_bajevic,72,FWD,false,
YUG_1974_petkovic,65,FWD,false,
YUG_1974_popivoda,59,FWD,false,
ZAI_1974_mwamba,68,GK,false,
ZAI_1974_ndimbi,65,GK,false,
ZAI_1974_otepa,65,GK,false,
ZAI_1974_boba,68,DEF,false,
ZAI_1974_babo,66,DEF,false,
ZAI_1974_ilunga,62,DEF,false,
ZAI_1974_tshimen,62,DEF,false,
ZAI_1974_mukombo,57,DEF,false,
ZAI_1974_mialo,57,DEF,false,
ZAI_1974_mantantu,72,MID,true,
ZAI_1974_kembo,68,MID,false,
ZAI_1974_munda,62,MID,false,
ZAI_1974_mamuwene,62,MID,false,
ZAI_1974_ngoie,62,MID,false,
ZAI_1974_mulamba,57,MID,false,
ZAI_1974_massamba,56,MID,false,
ZAI_1974_mafu,56,MID,false,
ZAI_1974_n_tumba,66,FWD,false,
ZAI_1974_ekofa,62,FWD,false,
ZAI_1974_mafuila,62,FWD,false,
ZAI_1974_maku,57,FWD,false,
ZAI_1974_etepe,57,FWD,false,
ARG_1978_fillol,88,GK,false,
ARG_1978_baley,71,GK,false,
ARG_1978_volpe,71,GK,false,
ARG_1978_passarella,92,DEF,true,
ARG_1978_tarantini,88,DEF,false,
ARG_1978_killer,85,DEF,false,
ARG_1978_olguin,85,DEF,false,
ARG_1978_pagnanini,84,DEF,false,
ARG_1978_galvan,80,DEF,false,
ARG_1978_alonso,85,MID,false,
ARG_1978_galvan_2,84,MID,false,
ARG_1978_larrosa,82,MID,false,
ARG_1978_valencia,80,MID,false,
ARG_1978_villa,79,MID,false,
ARG_1978_oviedo,79,MID,false,
ARG_1978_ardiles,76,MID,false,
ARG_1978_gallego,76,MID,false,
ARG_1978_kempes,98,FWD,false,golden_boot
ARG_1978_luque,90,FWD,false,
ARG_1978_bertoni,85,FWD,false,
ARG_1978_ortiz,83,FWD,false,
ARG_1978_houseman,79,FWD,false,
AUT_1978_koncilia,77,GK,false,
AUT_1978_baumgartner,68,GK,false,
AUT_1978_fuchsbichler,61,GK,false,
AUT_1978_sara,77,DEF,true,
AUT_1978_obermayer,75,DEF,false,
AUT_1978_pezzey,69,DEF,false,
AUT_1978_strasser,67,DEF,false,
AUT_1978_breitenberger,62,DEF,false,
AUT_1978_weber,59,DEF,false,
AUT_1978_persidis,59,DEF,false,
AUT_1978_hattenberger,78,MID,false,
AUT_1978_krieger,74,MID,false,
AUT_1978_prohaska,72,MID,false,
AUT_1978_baumeister,69,MID,false,
AUT_1978_jara,64,MID,false,
AUT_1978_hickersberger,63,MID,false,
AUT_1978_happich,60,MID,false,
AUT_1978_kreuz,78,FWD,false,
AUT_1978_krankl,77,FWD,false,
AUT_1978_pirkner,68,FWD,false,
AUT_1978_schachner,59,FWD,false,
AUT_1978_oberacher,58,FWD,false,
BRA_1978_leao,86,GK,false,
BRA_1978_peres,78,GK,false,
BRA_1978_carlos,70,GK,false,
BRA_1978_nelinho,85,DEF,false,
BRA_1978_toninho,82,DEF,false,
BRA_1978_neto,80,DEF,false,
BRA_1978_oscar,73,DEF,false,
BRA_1978_amaral,73,DEF,false,
BRA_1978_abel,70,DEF,false,
BRA_1978_polozzi,69,DEF,false,
BRA_1978_edinho,68,DEF,false,
BRA_1978_zico,89,MID,false,
BRA_1978_dirceu,84,MID,false,
BRA_1978_chicao,78,MID,false,
BRA_1978_cerezo,71,MID,false,
BRA_1978_batista,66,MID,false,
BRA_1978_rivellino,86,FWD,true,
BRA_1978_dinamite,80,FWD,false,
BRA_1978_mendonca,78,FWD,false,
BRA_1978_gil,77,FWD,false,
BRA_1978_sergio,76,FWD,false,
BRA_1978_reinaldo,76,FWD,false,
FRA_1978_bertrand_demanes,68,GK,false,
FRA_1978_baratelli,67,GK,false,
FRA_1978_dropsy,64,GK,false,
FRA_1978_tresor,78,DEF,true,
FRA_1978_bracci,72,DEF,false,
FRA_1978_lopez,70,DEF,false,
FRA_1978_rio,66,DEF,false,
FRA_1978_janvion,65,DEF,false,
FRA_1978_bossis,64,DEF,false,
FRA_1978_battiston,53,DEF,false,
FRA_1978_platini,84,MID,false,
FRA_1978_michel,73,MID,false,
FRA_1978_petit,72,MID,false,
FRA_1978_rocheteau,70,MID,false,
FRA_1978_six,66,MID,false,
FRA_1978_bathenay,65,MID,false,
FRA_1978_guillou,63,MID,false,
FRA_1978_papi,52,MID,false,
FRA_1978_lacombe,73,FWD,false,
FRA_1978_berdoll,71,FWD,false,
FRA_1978_dalger,71,FWD,false,
FRA_1978_rouyer,54,FWD,false,
HUN_1978_gujdar,58,GK,false,
HUN_1978_meszaros,57,GK,false,
HUN_1978_kovacs,57,GK,false,
HUN_1978_kereki,60,DEF,true,
HUN_1978_balint,59,DEF,false,
HUN_1978_torok,57,DEF,false,
HUN_1978_rab,56,DEF,false,
HUN_1978_martos,55,DEF,false,
HUN_1978_kocsis,52,DEF,false,
HUN_1978_zombori,60,MID,false,
HUN_1978_csapo,58,MID,false,
HUN_1978_pinter,58,MID,false,
HUN_1978_nagy,57,MID,false,
HUN_1978_toth,55,MID,false,
HUN_1978_halasz,55,MID,false,
HUN_1978_fulop,54,MID,false,
HUN_1978_toth_2,59,FWD,false,
HUN_1978_fazekas,59,FWD,false,
HUN_1978_nyilasi,59,FWD,false,
HUN_1978_torocsik,57,FWD,false,
HUN_1978_varady,55,FWD,false,
HUN_1978_pusztai,55,FWD,false,
IRN_1978_hejazi,69,GK,false,
IRN_1978_mavaddat,66,GK,false,
IRN_1978_korbekandi,62,GK,false,
IRN_1978_allahverdi,71,DEF,false,
IRN_1978_eskandarian,66,DEF,false,
IRN_1978_nayebagha,62,DEF,false,
IRN_1978_abdollahi,62,DEF,false,
IRN_1978_kazerani,62,DEF,false,
IRN_1978_nazari,62,DEF,false,
IRN_1978_ghashghaean,56,DEF,false,
IRN_1978_parvin,77,MID,true,
IRN_1978_sadeghi,71,MID,false,
IRN_1978_danaeifard,67,MID,false,
IRN_1978_shojaei,57,MID,false,
IRN_1978_ghasempour,57,MID,false,
IRN_1978_bishkar,57,MID,false,
IRN_1978_fariba,66,FWD,false,
IRN_1978_rowshan,62,FWD,false,
IRN_1978_jahani,62,FWD,false,
IRN_1978_faraki,57,FWD,false,
IRN_1978_nouraei,57,FWD,false,
IRN_1978_teymouri,56,FWD,false,
ITA_1978_zoff,88,GK,true,
ITA_1978_conti,77,GK,false,
ITA_1978_bordon,74,GK,false,
ITA_1978_cuccureddu,84,DEF,false,
ITA_1978_maldera,84,DEF,false,
ITA_1978_scirea,83,DEF,false,
ITA_1978_gentile,83,DEF,false,
ITA_1978_cabrini,82,DEF,false,
ITA_1978_manfredonia,77,DEF,false,
ITA_1978_bellugi,72,DEF,false,
ITA_1978_causio,85,MID,false,
ITA_1978_benetti,85,MID,false,
ITA_1978_tardelli,84,MID,false,
ITA_1978_antognoni,79,MID,false,
ITA_1978_zaccarelli,77,MID,false,
ITA_1978_sala,72,MID,false,
ITA_1978_pecci,70,MID,false,
ITA_1978_sala_2,70,MID,false,
ITA_1978_rossi,91,FWD,false,
ITA_1978_bettega,85,FWD,false,
ITA_1978_graziani,73,FWD,false,
ITA_1978_pulici,71,FWD,false,
MEX_1978_reyes,69,GK,false,
MEX_1978_soto,66,GK,false,
MEX_1978_ayala,78,DEF,true,
MEX_1978_ramos,73,DEF,false,
MEX_1978_cisneros,70,DEF,false,
MEX_1978_tena,65,DEF,false,
MEX_1978_ocaranza,65,DEF,false,
MEX_1978_martinez,65,DEF,false,
MEX_1978_najera,58,DEF,false,
MEX_1978_gomez,56,DEF,false,
MEX_1978_torre,74,MID,false,
MEX_1978_cuellar,73,MID,false,
MEX_1978_mendizabal,69,MID,false,
MEX_1978_cardenas,66,MID,false,
MEX_1978_zarza,62,MID,false,
MEX_1978_lugo,57,MID,false,
MEX_1978_rangel,70,FWD,false,
MEX_1978_ortega,65,FWD,false,
MEX_1978_medina,65,FWD,false,
MEX_1978_sanchez,61,FWD,false,
MEX_1978_isiordia,57,FWD,false,
MEX_1978_rodriguez,56,FWD,false,
NED_1978_jongbloed,88,GK,false,
NED_1978_schrijvers,87,GK,false,
NED_1978_doesburg,75,GK,false,
NED_1978_krol,88,DEF,true,
NED_1978_brandts,88,DEF,false,
NED_1978_suurbier,83,DEF,false,
NED_1978_rijsbergen,83,DEF,false,
NED_1978_,74,DEF,false,
NED_1978_poortvliet,72,DEF,false,
NED_1978_kraay,70,DEF,false,
NED_1978_wildschut,69,DEF,false,
NED_1978_neeskens,88,MID,false,
NED_1978_haan,85,MID,false,
NED_1978_schoenaker,84,MID,false,
NED_1978_jansen,84,MID,false,
NED_1978_kerkhof,78,MID,false,
NED_1978_kerkhof_2,77,MID,false,
NED_1978_boskamp,73,MID,false,
NED_1978_rensenbrink,90,FWD,false,
NED_1978_rep,84,FWD,false,
NED_1978_nanninga,70,FWD,false,
NED_1978_lubse,66,FWD,false,
PER_1978_quiroga,74,GK,false,
PER_1978_caceres,68,GK,false,
PER_1978_sartor,61,GK,false,
PER_1978_chumpitaz,78,DEF,true,
PER_1978_diaz,71,DEF,false,
PER_1978_navarro,71,DEF,false,
PER_1978_rojas,70,DEF,false,
PER_1978_duarte,69,DEF,false,
PER_1978_manzo,62,DEF,false,
PER_1978_cubillas,89,MID,false,
PER_1978_velasquez,76,MID,false,
PER_1978_cueto,75,MID,false,
PER_1978_quesada,72,MID,false,
PER_1978_rojas_2,72,MID,false,
PER_1978_gorriti,71,MID,false,
PER_1978_labarthe,58,MID,false,
PER_1978_leguia,57,MID,false,
PER_1978_rosa,73,FWD,false,
PER_1978_oblitas,72,FWD,false,
PER_1978_sotil,69,FWD,false,
PER_1978_mosquera,68,FWD,false,
PER_1978_munante,63,FWD,false,
POL_1978_tomaszewski,78,GK,false,
POL_1978_kukla,61,GK,false,
POL_1978_kostrzewa,61,GK,false,
POL_1978_gorgon,76,DEF,false,
POL_1978_szymanowski,76,DEF,false,
POL_1978_maculewicz,73,DEF,false,
POL_1978_zmuda,72,DEF,false,
POL_1978_kupcewicz,69,DEF,false,
POL_1978_rudy,63,DEF,false,
POL_1978_wojcicki,60,DEF,false,
POL_1978_justek,59,DEF,false,
POL_1978_deyna,84,MID,true,
POL_1978_boniek,76,MID,false,
POL_1978_kusto,70,MID,false,
POL_1978_nawa_ka,69,MID,false,
POL_1978_kasperczak,66,MID,false,
POL_1978_masztaler,61,MID,false,
POL_1978_lato,89,FWD,false,
POL_1978_szarmach,78,FWD,false,
POL_1978_iwan,67,FWD,false,
POL_1978_lubanski,67,FWD,false,
POL_1978_mazur,59,FWD,false,
SCO_1978_rough,67,GK,false,
SCO_1978_clark,66,GK,false,
SCO_1978_blyth,52,GK,false,
SCO_1978_donachie,78,DEF,false,
SCO_1978_buchan,76,DEF,false,
SCO_1978_mcqueen,76,DEF,false,
SCO_1978_forsyth,74,DEF,false,
SCO_1978_burns,72,DEF,false,
SCO_1978_jardine,71,DEF,false,
SCO_1978_kennedy,63,DEF,false,
SCO_1978_hartford,77,MID,false,
SCO_1978_gemmill,76,MID,false,
SCO_1978_souness,75,MID,false,
SCO_1978_rioch,60,MID,true,
SCO_1978_masson,57,MID,false,
SCO_1978_,56,MID,false,
SCO_1978_dalglish,83,FWD,false,
SCO_1978_jordan,81,FWD,false,
SCO_1978_macari,76,FWD,false,
SCO_1978_robertson,71,FWD,false,
SCO_1978_johnstone,71,FWD,false,
SCO_1978_harper,63,FWD,false,
ESP_1978_angel,78,GK,false,
ESP_1978_arconada,71,GK,false,
ESP_1978_urruti,56,GK,false,
ESP_1978_cruz,80,DEF,false,
ESP_1978_marcelino,80,DEF,false,
ESP_1978_pirri,79,DEF,true,
ESP_1978_migueli,78,DEF,false,
ESP_1978_olmo,74,DEF,false,
ESP_1978_jose,74,DEF,false,
ESP_1978_biosca,70,DEF,false,
ESP_1978_uria,56,DEF,false,
ESP_1978_asensi,81,MID,false,
ESP_1978_rexach,76,MID,false,
ESP_1978_leal,75,MID,false,
ESP_1978_cardenosa,72,MID,false,
ESP_1978_guzman,53,MID,false,
ESP_1978_juanito,80,FWD,false,
ESP_1978_santillana,77,FWD,false,
ESP_1978_cano,75,FWD,false,
ESP_1978_dani,74,FWD,false,
ESP_1978_quini,60,FWD,false,
ESP_1978_maranon,55,FWD,false,
SWE_1978_hellstrom,69,GK,false,
SWE_1978_moller,65,GK,false,
SWE_1978_hagberg,56,GK,false,
SWE_1978_andersson,68,DEF,false,
SWE_1978_andersson_2,67,DEF,false,
SWE_1978_andersson_3,62,DEF,false,
SWE_1978_erlandsson,62,DEF,false,
SWE_1978_nordqvist,59,DEF,true,
SWE_1978_karlsson,57,DEF,false,
SWE_1978_borg,54,DEF,false,
SWE_1978_linderoth,75,MID,false,
SWE_1978_larsson,72,MID,false,
SWE_1978_tapper,70,MID,false,
SWE_1978_larsson_2,68,MID,false,
SWE_1978_nordin,55,MID,false,
SWE_1978_ahman,52,MID,false,
SWE_1978_sjoberg,69,FWD,false,
SWE_1978_wendt,66,FWD,false,
SWE_1978_edstrom,62,FWD,false,
SWE_1978_torstensson,58,FWD,false,
SWE_1978_aslund,56,FWD,false,
SWE_1978_nilsson,55,FWD,false,
TUN_1978_sassi,69,GK,false,
TUN_1978_naili,66,GK,false,
TUN_1978_aziza,62,GK,false,
TUN_1978_kaabi,69,DEF,false,
TUN_1978_dhouieb,69,DEF,false,
TUN_1978_labidi,62,DEF,false,
TUN_1978_chebli,62,DEF,false,
TUN_1978_louze,56,DEF,false,
TUN_1978_jebali,56,DEF,false,
TUN_1978_labidi_2,66,MID,false,
TUN_1978_ghommidh,66,MID,false,
TUN_1978_gasmi,66,MID,false,
TUN_1978_dhiab,62,MID,false,
TUN_1978_agrebi,56,MID,false,
TUN_1978_lahzami,76,FWD,true,
TUN_1978_aziza_2,62,FWD,false,
TUN_1978_chehaibi,62,FWD,false,
TUN_1978_karoui,62,FWD,false,
TUN_1978_akid,57,FWD,false,
TUN_1978_limam,57,FWD,false,
TUN_1978_hasni,56,FWD,false,
TUN_1978_moussa,56,FWD,false,
GER_1978_maier,83,GK,false,
GER_1978_kargus,76,GK,false,
GER_1978_burdenski,76,GK,false,
GER_1978_schwarzenbeck,83,DEF,false,
GER_1978_vogts,82,DEF,true,
GER_1978_kaltz,76,DEF,false,
GER_1978_konopka,68,DEF,false,
GER_1978_dietz,62,DEF,false,
GER_1978_cullmann,80,MID,false,
GER_1978_flohe,77,MID,false,
GER_1978_russmann,76,MID,false,
GER_1978_bonhof,75,MID,false,
GER_1978_muller,74,MID,false,
GER_1978_beer,70,MID,false,
GER_1978_zewe,60,MID,false,
GER_1978_rummenigge,90,FWD,false,
GER_1978_fischer,78,FWD,false,
GER_1978_holzenbein,77,FWD,false,
GER_1978_abramczik,77,FWD,false,
GER_1978_muller_2,71,FWD,false,
GER_1978_zimmermann,71,FWD,false,
GER_1978_worm,57,FWD,false,
ALG_1982_cerbah,67,GK,false,
ALG_1982_bentalaa,63,GK,false,
ALG_1982_amara,57,GK,false,
ALG_1982_kourichi,71,DEF,false,
ALG_1982_guendouz,63,DEF,false,
ALG_1982_horr,62,DEF,false,
ALG_1982_mansouri,57,DEF,false,
ALG_1982_merzekane,57,DEF,false,
ALG_1982_kouici,56,DEF,false,
ALG_1982_dahleb,78,MID,false,
ALG_1982_belloumi,70,MID,false,
ALG_1982_fergani,68,MID,true,
ALG_1982_tlemcani,63,MID,false,
ALG_1982_larbes,57,MID,false,
ALG_1982_yahi,57,MID,false,
ALG_1982_maroc,57,MID,false,
ALG_1982_assad,72,FWD,false,
ALG_1982_madjer,67,FWD,false,
ALG_1982_bensaoula,66,FWD,false,
ALG_1982_bencheikh,63,FWD,false,
ALG_1982_zidane,63,FWD,false,
ALG_1982_bourebbou,63,FWD,false,
ARG_1982_fillol,84,GK,false,
ARG_1982_pumpido,79,GK,false,
ARG_1982_baley,71,GK,false,
ARG_1982_passarella,91,DEF,true,
ARG_1982_tarantini,82,DEF,false,
ARG_1982_trossero,80,DEF,false,
ARG_1982_olarticoechea,78,DEF,false,
ARG_1982_olguin,78,DEF,false,
ARG_1982_galvan,70,DEF,false,
ARG_1982_tuyne,62,DEF,false,
ARG_1982_maradona,91,MID,false,
ARG_1982_ardiles,80,MID,false,
ARG_1982_gallego,79,MID,false,
ARG_1982_valencia,72,MID,false,
ARG_1982_barbas,60,MID,false,
ARG_1982_hernandez,60,MID,false,
ARG_1982_kempes,87,FWD,false,
ARG_1982_bertoni,83,FWD,false,
ARG_1982_valdano,78,FWD,false,
ARG_1982_diaz,76,FWD,false,
ARG_1982_calderon,74,FWD,false,
ARG_1982_santamaria,58,FWD,false,
AUT_1982_koncilia,78,GK,false,
AUT_1982_feurer,61,GK,false,
AUT_1982_lindenberger,61,GK,false,
AUT_1982_pezzey,81,DEF,false,
AUT_1982_obermayer,79,DEF,true,
AUT_1982_weber,66,DEF,false,
AUT_1982_pregesbauer,63,DEF,false,
AUT_1982_pichler,61,DEF,false,
AUT_1982_messlender,60,DEF,false,
AUT_1982_krauss,59,DEF,false,
AUT_1982_degeorgi,58,DEF,false,
AUT_1982_prohaska,84,MID,false,
AUT_1982_baumeister,71,MID,false,
AUT_1982_dihanich,69,MID,false,
AUT_1982_jara,69,MID,false,
AUT_1982_hintermaier,67,MID,false,
AUT_1982_hattenberger,62,MID,false,
AUT_1982_welzl,75,FWD,false,
AUT_1982_schachner,73,FWD,false,
AUT_1982_krankl,73,FWD,false,
AUT_1982_hagmayr,59,FWD,false,
AUT_1982_jurtin,57,FWD,false,
BEL_1982_pfaff,76,GK,false,
BEL_1982_munaron,75,GK,false,
BEL_1982_custers,69,GK,false,
BEL_1982_renquin,78,DEF,false,
BEL_1982_gerets,78,DEF,true,
BEL_1982_meeuws,75,DEF,false,
BEL_1982_plessers,70,DEF,false,
BEL_1982_millecamps,67,DEF,false,
BEL_1982_baecke,63,DEF,false,
BEL_1982_schrijver,60,DEF,false,
BEL_1982_coeck,80,MID,false,
BEL_1982_ceulemans,78,MID,false,
BEL_1982_vandersmissen,69,MID,false,
BEL_1982_daerden,68,MID,false,
BEL_1982_verheyen,61,MID,false,
BEL_1982_millecamps_2,59,MID,false,
BEL_1982_moer,58,MID,false,
BEL_1982_elst,76,FWD,false,
BEL_1982_vercauteren,74,FWD,false,
BEL_1982_vandenbergh,64,FWD,false,
BEL_1982_czerniatynski,59,FWD,false,
BEL_1982_mommens,58,FWD,false,
BRA_1982_peres,77,GK,false,
BRA_1982_sergio,69,GK,false,
BRA_1982_carlos,68,GK,false,
BRA_1982_junior,84,DEF,false,
BRA_1982_oscar,83,DEF,false,
BRA_1982_leandro,80,DEF,false,
BRA_1982_luizinho,73,DEF,false,
BRA_1982_edinho,68,DEF,false,
BRA_1982_edevaldo,63,DEF,false,
BRA_1982_pedrinho,61,DEF,false,
BRA_1982_juninho,60,DEF,false,
BRA_1982_zico,93,MID,false,
BRA_1982_socrates,90,MID,true,
BRA_1982_falcao,88,MID,false,
BRA_1982_dirceu,84,MID,false,
BRA_1982_cerezo,81,MID,false,
BRA_1982_renato,75,MID,false,
BRA_1982_batista,62,MID,false,
BRA_1982_isidoro,62,MID,false,
BRA_1982_serginho,80,FWD,false,
BRA_1982_eder,77,FWD,false,
BRA_1982_dinamite,69,FWD,false,
CMR_1982_n_kono,70,GK,true,
CMR_1982_bell,62,GK,false,
CMR_1982_tchobang,62,GK,false,
CMR_1982_n_doumbe,69,DEF,false,
CMR_1982_kunde,68,DEF,false,
CMR_1982_kaham,66,DEF,false,
CMR_1982_aoudou,62,DEF,false,
CMR_1982_enoka,62,DEF,false,
CMR_1982_onana,62,DEF,false,
CMR_1982_n_djeya,56,DEF,false,
CMR_1982_m_bida,66,MID,false,
CMR_1982_m_bom,66,MID,false,
CMR_1982_abega,62,MID,false,
CMR_1982_toube,62,MID,false,
CMR_1982_kamga,57,MID,false,
CMR_1982_tokoto,57,MID,false,
CMR_1982_enanga,56,MID,false,
CMR_1982_milla,74,FWD,false,
CMR_1982_n_guea,66,FWD,false,
CMR_1982_bahoken,57,FWD,false,
CMR_1982_ebongue,57,FWD,false,
CMR_1982_eyobo,57,FWD,false,
CHI_1982_osben,70,GK,false,
CHI_1982_wirth,57,GK,false,
CHI_1982_cornez,53,GK,false,
CHI_1982_figueroa,88,DEF,true,
CHI_1982_valenzuela,69,DEF,false,
CHI_1982_galindo,68,DEF,false,
CHI_1982_bigorra,68,DEF,false,
CHI_1982_rojas,67,DEF,false,
CHI_1982_garrido,65,DEF,false,
CHI_1982_escobar,60,DEF,false,
CHI_1982_soto,58,DEF,false,
CHI_1982_rojas_2,69,MID,false,
CHI_1982_neira,68,MID,false,
CHI_1982_bonvallet,68,MID,false,
CHI_1982_rivas,67,MID,false,
CHI_1982_ormeno,63,MID,false,
CHI_1982_dubo,57,MID,false,
CHI_1982_moscoso,73,FWD,false,
CHI_1982_caszely,71,FWD,false,
CHI_1982_gamboa,65,FWD,false,
CHI_1982_letelier,55,FWD,false,
CHI_1982_yanez,54,FWD,false,
TCH_1982_hruska,60,GK,false,
TCH_1982_seman,59,GK,false,
TCH_1982_stromsik,56,GK,false,
TCH_1982_barmos,59,DEF,false,
TCH_1982_jurkemik,58,DEF,false,
TCH_1982_vojacek,58,DEF,false,
TCH_1982_fiala,56,DEF,false,
TCH_1982_kukucka,56,DEF,false,
TCH_1982_jakubec,55,DEF,false,
TCH_1982_radimec,53,DEF,false,
TCH_1982_panenka,63,MID,false,
TCH_1982_kozak,58,MID,false,
TCH_1982_stambachr,58,MID,false,
TCH_1982_bicovsky,57,MID,false,
TCH_1982_berger,53,MID,false,
TCH_1982_chaloupka,53,MID,false,
TCH_1982_nehoda,67,FWD,true,
TCH_1982_masny,59,FWD,false,
TCH_1982_vizek,57,FWD,false,
TCH_1982_janecka,56,FWD,false,
TCH_1982_petrzela,56,FWD,false,
TCH_1982_kriz,53,FWD,false,
SLV_1982_mora,66,GK,false,
SLV_1982_munguia,65,GK,false,
SLV_1982_hernandez,62,GK,false,
SLV_1982_jovel,65,DEF,false,
SLV_1982_fagoaga,62,DEF,false,
SLV_1982_castillo,62,DEF,false,
SLV_1982_recinos,62,DEF,false,
SLV_1982_osorto,56,DEF,false,
SLV_1982_rodriguez,56,DEF,false,
SLV_1982_diaz,56,DEF,false,
SLV_1982_huezo,72,MID,true,
SLV_1982_ventura,62,MID,false,
SLV_1982_rugamas,62,MID,false,
SLV_1982_aquino,57,MID,false,
SLV_1982_alfaro,56,MID,false,
SLV_1982_ragazzone,68,FWD,false,
SLV_1982_hernandez_2,68,FWD,false,
SLV_1982_gonzalez,68,FWD,false,
SLV_1982_rivas,66,FWD,false,
SLV_1982_zapata,62,FWD,false,
ENG_1982_shilton,86,GK,false,
ENG_1982_clemence,85,GK,false,
ENG_1982_corrigan,75,GK,false,
ENG_1982_sansom,85,DEF,false,
ENG_1982_neal,83,DEF,false,
ENG_1982_thompson,82,DEF,false,
ENG_1982_anderson,75,DEF,false,
ENG_1982_foster,69,DEF,false,
ENG_1982_mills,65,DEF,true,
ENG_1982_butcher,59,DEF,false,
ENG_1982_robson,85,MID,false,
ENG_1982_mcdermott,85,MID,false,
ENG_1982_wilkins,83,MID,false,
ENG_1982_coppell,81,MID,false,
ENG_1982_rix,81,MID,false,
ENG_1982_brooking,80,MID,false,
ENG_1982_hoddle,76,MID,false,
ENG_1982_keegan,91,FWD,false,
ENG_1982_francis,85,FWD,false,
ENG_1982_withe,75,FWD,false,
ENG_1982_woodcock,70,FWD,false,
ENG_1982_mariner,65,FWD,false,
FRA_1982_ettori,85,GK,false,
FRA_1982_baratelli,84,GK,false,
FRA_1982_castaneda,70,GK,false,
FRA_1982_janvion,80,DEF,false,
FRA_1982_tresor,79,DEF,false,
FRA_1982_bossis,77,DEF,false,
FRA_1982_amoros,75,DEF,false,
FRA_1982_lopez,75,DEF,false,
FRA_1982_battiston,73,DEF,false,
FRA_1982_mahut,64,DEF,false,
FRA_1982_platini,95,MID,true,
FRA_1982_giresse,81,MID,false,
FRA_1982_genghini,77,MID,false,
FRA_1982_girard,75,MID,false,
FRA_1982_larios,72,MID,false,
FRA_1982_tigana,71,MID,false,
FRA_1982_rocheteau,86,FWD,false,
FRA_1982_six,83,FWD,false,
FRA_1982_couriol,80,FWD,false,
FRA_1982_bellone,78,FWD,false,
FRA_1982_soler,74,FWD,false,
FRA_1982_lacombe,71,FWD,false,
HON_1982_arzu,69,GK,false,
HON_1982_nazar,66,GK,false,
HON_1982_steward,57,GK,false,
HON_1982_bulnes,69,DEF,false,
HON_1982_zelaya,69,DEF,false,
HON_1982_costly,66,DEF,false,
HON_1982_gutierrez,66,DEF,false,
HON_1982_drummond,62,DEF,false,
HON_1982_villegas,57,DEF,false,
HON_1982_cruz,57,DEF,false,
HON_1982_norales,75,MID,false,
HON_1982_maradiaga,66,MID,true,
HON_1982_buezo,63,MID,false,
HON_1982_yearwood,63,MID,false,
HON_1982_cruz_2,62,MID,false,
HON_1982_toledo,57,MID,false,
HON_1982_caballero,56,MID,false,
HON_1982_guity,62,FWD,false,
HON_1982_laing,62,FWD,false,
HON_1982_bailey,62,FWD,false,
HON_1982_figueroa,57,FWD,false,
HON_1982_betancourt,57,FWD,false,
HUN_1982_meszaros,70,GK,false,
HUN_1982_katzirz,56,GK,false,
HUN_1982_kiss,54,GK,false,
HUN_1982_toth,67,DEF,false,
HUN_1982_varga,60,DEF,false,
HUN_1982_martos,57,DEF,false,
HUN_1982_garaba,57,DEF,false,
HUN_1982_kerekes,57,DEF,false,
HUN_1982_balint,56,DEF,false,
HUN_1982_sallai,56,DEF,false,
HUN_1982_rab,54,DEF,false,
HUN_1982_csuhay,54,DEF,false,
HUN_1982_csapo,56,MID,false,
HUN_1982_csongradi,54,MID,false,
HUN_1982_muller,53,MID,false,
HUN_1982_kiss_2,74,FWD,false,
HUN_1982_nyilasi,73,FWD,true,
HUN_1982_fazekas,65,FWD,false,
HUN_1982_torocsik,59,FWD,false,
HUN_1982_poloskei,58,FWD,false,
HUN_1982_bodonyi,57,FWD,false,
HUN_1982_szentes,56,FWD,false,
ITA_1982_zoff,93,GK,true,
ITA_1982_bordon,75,GK,false,
ITA_1982_galli,70,GK,false,
ITA_1982_cabrini,90,DEF,false,
ITA_1982_gentile,89,DEF,false,
ITA_1982_scirea,88,DEF,false,
ITA_1982_collovati,88,DEF,false,
ITA_1982_bergomi,85,DEF,false,
ITA_1982_vierchowod,80,DEF,false,
ITA_1982_baresi,76,DEF,false,
ITA_1982_tardelli,91,MID,false,
ITA_1982_conti,88,MID,false,
ITA_1982_oriali,87,MID,false,
ITA_1982_marini,85,MID,false,
ITA_1982_antognoni,84,MID,false,
ITA_1982_dossena,78,MID,false,
ITA_1982_causio,77,MID,false,
ITA_1982_rossi,98,FWD,false,golden_ball|golden_boot
ITA_1982_altobelli,87,FWD,false,
ITA_1982_graziani,83,FWD,false,
ITA_1982_massaro,78,FWD,false,
ITA_1982_selvaggi,72,FWD,false,
KUW_1982_al_tarabulsi,73,GK,false,
KUW_1982_bahman,69,GK,false,
KUW_1982_marjan,62,GK,false,
KUW_1982_mayouf,65,DEF,false,
KUW_1982_juma_a,62,DEF,false,
KUW_1982_saad,62,DEF,false,
KUW_1982_al_jasem,62,DEF,false,
KUW_1982_al_shemmari,62,DEF,false,
KUW_1982_al_hashash,57,DEF,false,
KUW_1982_al_qabendi,56,DEF,false,
KUW_1982_marzouq,56,DEF,false,
KUW_1982_al_houti,69,MID,true,
KUW_1982_al_suwayed,62,MID,false,
KUW_1982_karam,57,MID,false,
KUW_1982_al_ghanem,57,MID,false,
KUW_1982_al_dakhil,69,FWD,false,
KUW_1982_al_buloushi,66,FWD,false,
KUW_1982_yaqoub,66,FWD,false,
KUW_1982_al_anberi,66,FWD,false,
KUW_1982_kameel,62,FWD,false,
KUW_1982_al_haddad,56,FWD,false,
KUW_1982_al_buloushi_2,56,FWD,false,
NZL_1982_wilson,70,GK,false,
NZL_1982_pickering,69,GK,false,
NZL_1982_hattum,65,GK,false,
NZL_1982_almond,65,DEF,false,
NZL_1982_adam,65,DEF,false,
NZL_1982_dods,62,DEF,false,
NZL_1982_malcolmson,62,DEF,false,
NZL_1982_elrick,62,DEF,false,
NZL_1982_herbert,56,DEF,false,
NZL_1982_bright,56,DEF,false,
NZL_1982_hill,56,DEF,false,
NZL_1982_sumner,75,MID,true,
NZL_1982_mackay,65,MID,false,
NZL_1982_cresswell,62,MID,false,
NZL_1982_mcclure,62,MID,false,
NZL_1982_cole,62,MID,false,
NZL_1982_boath,62,MID,false,
NZL_1982_simonsen,57,MID,false,
NZL_1982_turner,57,MID,false,
NZL_1982_turner_2,56,MID,false,
NZL_1982_wooddin,69,FWD,false,
NZL_1982_rufer,57,FWD,false,
NIR_1982_jennings,85,GK,false,
NIR_1982_platt,61,GK,false,
NIR_1982_dunlop,61,GK,false,
NIR_1982_mcclelland,75,DEF,false,
NIR_1982_nicholl,71,DEF,false,
NIR_1982_o_neill,71,DEF,false,
NIR_1982_nelson,70,DEF,false,
NIR_1982_nicholl_2,68,DEF,false,
NIR_1982_donaghy,61,DEF,false,
NIR_1982_o_neill_2,73,MID,true,
NIR_1982_mccreery,66,MID,false,
NIR_1982_cassidy,63,MID,false,
NIR_1982_finney,59,MID,false,
NIR_1982_cleary,59,MID,false,
NIR_1982_jameson,59,MID,false,
NIR_1982_whiteside,75,FWD,false,
NIR_1982_armstrong,71,FWD,false,
NIR_1982_hamilton,71,FWD,false,
NIR_1982_brotherston,69,FWD,false,
NIR_1982_mcilroy,64,FWD,false,
NIR_1982_campbell,59,FWD,false,
NIR_1982_healy,57,FWD,false,
PER_1982_quiroga,66,GK,false,
PER_1982_gonzalez,65,GK,false,
PER_1982_acasuzo,56,GK,false,
PER_1982_diaz,76,DEF,true,
PER_1982_olaechea,67,DEF,false,
PER_1982_salguero,67,DEF,false,
PER_1982_duarte,64,DEF,false,
PER_1982_gastulo,56,DEF,false,
PER_1982_cubillas,74,MID,false,
PER_1982_gutierrez,67,MID,false,
PER_1982_cueto,66,MID,false,
PER_1982_reyna,65,MID,false,
PER_1982_uribe,63,MID,false,
PER_1982_velasquez,59,MID,false,
PER_1982_malasquez,54,MID,false,
PER_1982_arizaga,53,MID,false,
PER_1982_leguia,52,MID,false,
PER_1982_rosa,70,FWD,false,
PER_1982_oblitas,58,FWD,false,
PER_1982_rojas,57,FWD,false,
PER_1982_navarro,53,FWD,false,
PER_1982_barbadillo,52,FWD,false,
POL_1982_m_ynarczyk,83,GK,false,
POL_1982_kazimierski,70,GK,false,
POL_1982_mowlik,70,GK,false,
POL_1982_majewski,81,DEF,false,
POL_1982_zmuda,78,DEF,true,
POL_1982_ja_ocha,78,DEF,false,
POL_1982_janas,77,DEF,false,
POL_1982_skrobowski,74,DEF,false,
POL_1982_dziuba,73,DEF,false,
POL_1982_dolny,70,DEF,false,
POL_1982_wojcicki,68,DEF,false,
POL_1982_buncol,75,MID,false,
POL_1982_kupcewicz,70,MID,false,
POL_1982_pa_asz,63,MID,false,
POL_1982_matysik,61,MID,false,
POL_1982_lato,90,FWD,false,
POL_1982_boniek,85,FWD,false,
POL_1982_szarmach,83,FWD,false,
POL_1982_kusto,76,FWD,false,
POL_1982_iwan,72,FWD,false,
POL_1982_smolarek,70,FWD,false,
POL_1982_cio_ek,70,FWD,false,
SCO_1982_rough,78,GK,false,
SCO_1982_wood,77,GK,false,
SCO_1982_leighton,64,GK,false,
SCO_1982_hansen,78,DEF,false,
SCO_1982_gray,75,DEF,false,
SCO_1982_,73,DEF,false,
SCO_1982_evans,71,DEF,false,
SCO_1982_miller,68,DEF,false,
SCO_1982_mcleish,63,DEF,false,
SCO_1982_narey,61,DEF,false,
SCO_1982_burley,54,DEF,false,
SCO_1982_souness,83,MID,false,
SCO_1982_hartford,78,MID,false,
SCO_1982_robertson,78,MID,false,
SCO_1982_provan,72,MID,false,
SCO_1982_strachan,66,MID,false,
SCO_1982_wark,65,MID,false,
SCO_1982_dalglish,83,FWD,false,
SCO_1982_jordan,83,FWD,false,
SCO_1982_archibald,73,FWD,false,
SCO_1982_sturrock,53,FWD,false,
SCO_1982_brazil,52,FWD,false,
URS_1982_dasayev,78,GK,false,
URS_1982_chanov,75,GK,false,
URS_1982_chanov_2,60,GK,false,
URS_1982_baltacha,80,DEF,false,
URS_1982_khidiyatullin,78,DEF,false,
URS_1982_romantsev,75,DEF,false,
URS_1982_demyanenko,74,DEF,false,
URS_1982_chivadze,70,DEF,true,
URS_1982_sulakvelidze,64,DEF,false,
URS_1982_susloparov,60,DEF,false,
URS_1982_borovsky,59,DEF,false,
URS_1982_gavrilov,81,MID,false,
URS_1982_yevtushenko,79,MID,false,
URS_1982_buryak,78,MID,false,
URS_1982_bal,77,MID,false,
URS_1982_bessonov,76,MID,false,
URS_1982_hovhannisyan,63,MID,false,
URS_1982_daraselia,61,MID,false,
URS_1982_blokhin,87,FWD,false,
URS_1982_rodionov,70,FWD,false,
URS_1982_shengelia,63,FWD,false,
URS_1982_andreyev,59,FWD,false,
ESP_1982_arconada,86,GK,true,
ESP_1982_urruti,85,GK,false,
ESP_1982_angel,75,GK,false,
ESP_1982_camacho,82,DEF,false,
ESP_1982_alexanko,82,DEF,false,
ESP_1982_urquiaga,79,DEF,false,
ESP_1982_gordillo,78,DEF,false,
ESP_1982_tendillo,78,DEF,false,
ESP_1982_jimenez,60,DEF,false,
ESP_1982_maceda,59,DEF,false,
ESP_1982_sanchez,81,MID,false,
ESP_1982_gallego,80,MID,false,
ESP_1982_zamora,79,MID,false,
ESP_1982_saura,79,MID,false,
ESP_1982_alonso,76,MID,false,
ESP_1982_joaquin,60,MID,false,
ESP_1982_juanito,85,FWD,false,
ESP_1982_santillana,84,FWD,false,
ESP_1982_quini,81,FWD,false,
ESP_1982_ufarte,76,FWD,false,
ESP_1982_satrustegui,75,FWD,false,
ESP_1982_uralde,72,FWD,false,
GER_1982_schumacher,86,GK,false,
GER_1982_immel,85,GK,false,
GER_1982_franke,74,GK,false,
GER_1982_breitner,93,DEF,false,
GER_1982_stielike,86,DEF,false,
GER_1982_kaltz,84,DEF,false,
GER_1982_forster,84,DEF,false,
GER_1982_forster_2,83,DEF,false,
GER_1982_hannes,79,DEF,false,
GER_1982_,79,DEF,false,
GER_1982_briegel,77,DEF,false,
GER_1982_matthaus,88,MID,false,
GER_1982_dremmler,84,MID,false,
GER_1982_littbarski,83,MID,false,
GER_1982_muller,83,MID,false,
GER_1982_magath,81,MID,false,
GER_1982__2,72,MID,false,
GER_1982_rummenigge,96,FWD,true,
GER_1982_hrubesch,85,FWD,false,
GER_1982_reinders,82,FWD,false,
GER_1982_fischer,77,FWD,false,
GER_1982__3,64,FWD,false,
YUG_1982_pantelic,67,GK,false,
YUG_1982_pudar,62,GK,false,
YUG_1982_svilar,54,GK,false,
YUG_1982_zajec,67,DEF,false,
YUG_1982_krmpotic,67,DEF,false,
YUG_1982_vujovic,62,DEF,false,
YUG_1982_stojkovic,56,DEF,false,
YUG_1982_hrstic,56,DEF,false,
YUG_1982_jovanovic,56,DEF,false,
YUG_1982_jerolimov,54,DEF,false,
YUG_1982_surjak,82,MID,true,
YUG_1982_petrovic,69,MID,false,
YUG_1982_gudelj,67,MID,false,
YUG_1982_sljivo,67,MID,false,
YUG_1982_jerkovic,57,MID,false,
YUG_1982_pasic,55,MID,false,
YUG_1982_sestic,65,FWD,false,
YUG_1982_vujovic_2,64,FWD,false,
YUG_1982_halilhodzic,64,FWD,false,
YUG_1982_deveric,61,FWD,false,
YUG_1982_susic,55,FWD,false,
YUG_1982_zivkovic,55,FWD,false,
ALG_1986_drid,66,GK,false,
ALG_1986_amara,63,GK,false,
ALG_1986_hadi,57,GK,false,
ALG_1986_liegeon,73,DEF,false,
ALG_1986_kourichi,72,DEF,false,
ALG_1986_guendouz,70,DEF,true,
ALG_1986_mansouri,63,DEF,false,
ALG_1986_megharia,63,DEF,false,
ALG_1986_sadmi,57,DEF,false,
ALG_1986_chaib,56,DEF,false,
ALG_1986_belloumi,67,MID,false,
ALG_1986_chebel,63,MID,false,
ALG_1986_kaci_said,62,MID,false,
ALG_1986_maroc,57,MID,false,
ALG_1986_benmabrouk,57,MID,false,
ALG_1986_benkhalidi,56,MID,false,
ALG_1986_madjer,88,FWD,false,
ALG_1986_assad,67,FWD,false,
ALG_1986_bensaoula,67,FWD,false,
ALG_1986_menad,63,FWD,false,
ALG_1986_zidane,63,FWD,false,
ALG_1986_harkouk,56,FWD,false,
ARG_1986_pumpido,88,GK,false,
ARG_1986_islas,71,GK,false,
ARG_1986_zelada,70,GK,false,
ARG_1986_passarella,90,DEF,false,
ARG_1986_ruggeri,88,DEF,false,
ARG_1986_brown,88,DEF,false,
ARG_1986_clausen,85,DEF,false,
ARG_1986_olarticoechea,83,DEF,false,
ARG_1986_garre,83,DEF,false,
ARG_1986_cuciuffo,80,DEF,false,
ARG_1986_maradona,99,MID,true,golden_ball
ARG_1986_burruchaga,88,MID,false,
ARG_1986_giusti,84,MID,false,
ARG_1986_bochini,83,MID,false,
ARG_1986_tapia,83,MID,false,
ARG_1986_enrique,81,MID,false,
ARG_1986_trobbiani,80,MID,false,
ARG_1986_batista,78,MID,false,
ARG_1986_borghi,75,MID,false,
ARG_1986_valdano,91,FWD,false,
ARG_1986_pasculli,77,FWD,false,
ARG_1986_almiron,74,FWD,false,
BEL_1986_pfaff,85,GK,false,
BEL_1986_munaron,77,GK,false,
BEL_1986_bodart,70,GK,false,
BEL_1986_demol,81,DEF,false,
BEL_1986_grun,79,DEF,false,
BEL_1986_renquin,79,DEF,false,
BEL_1986_broos,78,DEF,false,
BEL_1986_gerets,72,DEF,false,
BEL_1986_wolf,67,DEF,false,
BEL_1986_clijsters,65,DEF,false,
BEL_1986_ceulemans,87,MID,true,
BEL_1986_vercauteren,83,MID,false,
BEL_1986_scifo,82,MID,false,
BEL_1986_vandereycken,81,MID,false,
BEL_1986_elst,79,MID,false,
BEL_1986_elst_2,76,MID,false,
BEL_1986_desmet,64,MID,false,
BEL_1986_vervoort,60,MID,false,
BEL_1986_vandenbergh,83,FWD,false,
BEL_1986_claesen,78,FWD,false,
BEL_1986_veyt,67,FWD,false,
BEL_1986_mommens,62,FWD,false,
BRA_1986_carlos,82,GK,false,
BRA_1986_leao,81,GK,false,
BRA_1986_vitor,61,GK,false,
BRA_1986_branco,80,DEF,false,
BRA_1986_oscar,79,DEF,false,
BRA_1986_josimar,78,DEF,false,
BRA_1986_edinho,77,DEF,true,
BRA_1986_edson,76,DEF,false,
BRA_1986_cesar,65,DEF,false,
BRA_1986_galvao,60,DEF,false,
BRA_1986_socrates,88,MID,false,
BRA_1986_zico,85,MID,false,
BRA_1986_junior,85,MID,false,
BRA_1986_falcao,83,MID,false,
BRA_1986_silas,73,MID,false,
BRA_1986_elzo,70,MID,false,
BRA_1986_alemao,68,MID,false,
BRA_1986_valdo,59,MID,false,
BRA_1986_careca,86,FWD,false,
BRA_1986_casagrande,79,FWD,false,
BRA_1986_muller,71,FWD,false,
BRA_1986_edivaldo,69,FWD,false,
BUL_1986_mihaylov,69,GK,false,
BUL_1986_valov,56,GK,false,
BUL_1986_dimitrov,72,DEF,true,
BUL_1986_petrov,62,DEF,false,
BUL_1986_arabov,60,DEF,false,
BUL_1986_markov,58,DEF,false,
BUL_1986_dyakov,55,DEF,false,
BUL_1986_getov,67,MID,false,
BUL_1986_zdravkov,63,MID,false,
BUL_1986_sadakov,62,MID,false,
BUL_1986_markov_2,62,MID,false,
BUL_1986_gospodinov,61,MID,false,
BUL_1986_iskrenov,59,MID,false,
BUL_1986_yordanov,54,MID,false,
BUL_1986_kolev,53,MID,false,
BUL_1986_zhelyazkov,68,FWD,false,
BUL_1986_mladenov,64,FWD,false,
BUL_1986_sirakov,63,FWD,false,
BUL_1986_kostadinov,63,FWD,false,
BUL_1986_velichkov,60,FWD,false,
BUL_1986_pashev,59,FWD,false,
BUL_1986_dragolov,55,FWD,false,
CAN_1986_lettieri,66,GK,false,
CAN_1986_habermann,63,GK,false,
CAN_1986_dolan,57,GK,false,
CAN_1986_miller,76,DEF,false,
CAN_1986_wilson,69,DEF,true,
CAN_1986_moore,66,DEF,false,
CAN_1986_lenarduzzi,66,DEF,false,
CAN_1986_luca,66,DEF,false,
CAN_1986_samuel,57,DEF,false,
CAN_1986_bridge,57,DEF,false,
CAN_1986_norman,69,MID,false,
CAN_1986_ragan,63,MID,false,
CAN_1986_sweeney,63,MID,false,
CAN_1986_gray,63,MID,false,
CAN_1986_james,57,MID,false,
CAN_1986_lowery,57,MID,false,
CAN_1986_ion,57,MID,false,
CAN_1986_mitchell,69,FWD,false,
CAN_1986_segota,63,FWD,false,
CAN_1986_valentine,63,FWD,false,
CAN_1986_vrablic,63,FWD,false,
CAN_1986_pakos,57,FWD,false,
DEN_1986_qvist,62,GK,false,
DEN_1986_rasmussen,61,GK,false,
DEN_1986_h_gh,56,GK,false,
DEN_1986_siveb_k,82,DEF,false,
DEN_1986_nielsen,80,DEF,false,
DEN_1986_olsen,75,DEF,true,
DEN_1986_andersen,72,DEF,false,
DEN_1986_busk,59,DEF,false,
DEN_1986_nielsen_2,57,DEF,false,
DEN_1986_olsen_2,86,MID,false,
DEN_1986_lerby,84,MID,false,
DEN_1986_m_lby,78,MID,false,
DEN_1986_frimann,73,MID,false,
DEN_1986_arnesen,63,MID,false,
DEN_1986_berggreen,60,MID,false,
DEN_1986_bertelsen,58,MID,false,
DEN_1986_bartram,56,MID,false,
DEN_1986_simonsen,85,FWD,false,
DEN_1986_laudrup,82,FWD,false,
DEN_1986_eriksen,78,FWD,false,
DEN_1986_elkj_r,77,FWD,false,
DEN_1986_christensen,58,FWD,false,
ENG_1986_shilton,86,GK,false,
ENG_1986_bailey,85,GK,false,
ENG_1986_woods,65,GK,false,
ENG_1986_sansom,85,DEF,false,
ENG_1986_anderson,84,DEF,false,
ENG_1986_stevens,80,DEF,false,
ENG_1986_martin,78,DEF,false,
ENG_1986_butcher,77,DEF,false,
ENG_1986_stevens_2,74,DEF,false,
ENG_1986_fenwick,61,DEF,false,
ENG_1986_robson,84,MID,true,
ENG_1986_wilkins,84,MID,false,
ENG_1986_waddle,79,MID,false,
ENG_1986_reid,77,MID,false,
ENG_1986_hoddle,76,MID,false,
ENG_1986_steven,75,MID,false,
ENG_1986_hodge,73,MID,false,
ENG_1986_barnes,62,MID,false,
ENG_1986_lineker,94,FWD,false,golden_boot
ENG_1986_hateley,82,FWD,false,
ENG_1986_dixon,79,FWD,false,
ENG_1986_beardsley,78,FWD,false,
FRA_1986_bats,85,GK,false,
FRA_1986_bergeroo,70,GK,false,
FRA_1986_rust,70,GK,false,
FRA_1986_bibard,84,DEF,false,
FRA_1986_amoros,83,DEF,false,
FRA_1986_battiston,83,DEF,false,
FRA_1986_roux,78,DEF,false,
FRA_1986_bossis,78,DEF,false,
FRA_1986_tusseau,76,DEF,false,
FRA_1986_ayache,72,DEF,false,
FRA_1986_platini,93,MID,true,
FRA_1986_fernandez,86,MID,false,
FRA_1986_tigana,85,MID,false,
FRA_1986_genghini,83,MID,false,
FRA_1986_ferreri,76,MID,false,
FRA_1986_giresse,74,MID,false,
FRA_1986_vercruysse,70,MID,false,
FRA_1986_papin,90,FWD,false,
FRA_1986_rocheteau,86,FWD,false,
FRA_1986_bellone,80,FWD,false,
FRA_1986_stopyra,74,FWD,false,
FRA_1986_xuereb,71,FWD,false,
HUN_1986_disztl,57,GK,false,
HUN_1986_andrusch,56,GK,false,
HUN_1986_szendrei,55,GK,false,
HUN_1986_nagy,60,DEF,true,
HUN_1986_sallai,60,DEF,false,
HUN_1986_kardos,60,DEF,false,
HUN_1986_garaba,59,DEF,false,
HUN_1986_peter,58,DEF,false,
HUN_1986_csuhay,57,DEF,false,
HUN_1986_varga,55,DEF,false,
HUN_1986_disztl_2,55,DEF,false,
HUN_1986_roth,52,DEF,false,
HUN_1986_burcsa,65,MID,false,
HUN_1986_hannich,60,MID,false,
HUN_1986_detari,58,MID,false,
HUN_1986_hajszan,58,MID,false,
HUN_1986_nagy_2,56,MID,false,
HUN_1986_bognar,55,MID,false,
HUN_1986_esterhazy,59,FWD,false,
HUN_1986_dajka,54,FWD,false,
HUN_1986_kovacs,53,FWD,false,
HUN_1986_kiprich,52,FWD,false,
IRQ_1986_hammoudi,72,GK,true,
IRQ_1986_jassim,65,GK,false,
IRQ_1986_nsaief,57,GK,false,
IRQ_1986_allawi,68,DEF,false,
IRQ_1986_allawi_2,68,DEF,false,
IRQ_1986_qasim,65,DEF,false,
IRQ_1986_shaker,65,DEF,false,
IRQ_1986_ibrahim,62,DEF,false,
IRQ_1986_oraibi,62,DEF,false,
IRQ_1986_shaker_2,56,DEF,false,
IRQ_1986_hashim,62,MID,false,
IRQ_1986_ali,62,MID,false,
IRQ_1986_mahmoud,62,MID,false,
IRQ_1986_sharif,62,MID,false,
IRQ_1986_shihab,57,MID,false,
IRQ_1986_mohammed,57,MID,false,
IRQ_1986_gorgis,56,MID,false,
IRQ_1986_radhi,68,FWD,false,
IRQ_1986_abid,65,FWD,false,
IRQ_1986_saeed,62,FWD,false,
IRQ_1986_saddam,56,FWD,false,
IRQ_1986_hameed,56,FWD,false,
ITA_1986_galli,80,GK,false,
ITA_1986_zenga,79,GK,false,
ITA_1986_tancredi,75,GK,false,
ITA_1986_cabrini,85,DEF,false,
ITA_1986_collovati,83,DEF,false,
ITA_1986_scirea,81,DEF,true,
ITA_1986_bergomi,81,DEF,false,
ITA_1986_vierchowod,72,DEF,false,
ITA_1986_nela,71,DEF,false,
ITA_1986_tricella,57,DEF,false,
ITA_1986_tardelli,82,MID,false,
ITA_1986_baresi,79,MID,false,
ITA_1986_bagni,76,MID,false,
ITA_1986_ancelotti,72,MID,false,
ITA_1986_gennaro,57,MID,false,
ITA_1986_napoli,57,MID,false,
ITA_1986_altobelli,88,FWD,false,
ITA_1986_rossi,86,FWD,false,
ITA_1986_conti,79,FWD,false,
ITA_1986_serena,77,FWD,false,
ITA_1986_vialli,64,FWD,false,
ITA_1986_galderisi,56,FWD,false,
MEX_1986_larios,83,GK,false,
MEX_1986_heredia,67,GK,false,
MEX_1986_rodriguez,67,GK,false,
MEX_1986_quirarte,83,DEF,false,
MEX_1986_servin,80,DEF,false,
MEX_1986_trejo,79,DEF,false,
MEX_1986_manzo,79,DEF,false,
MEX_1986_cruz,76,DEF,false,
MEX_1986_amador,75,DEF,false,
MEX_1986_negrete,83,MID,false,
MEX_1986_espana,76,MID,false,
MEX_1986_cobos,76,MID,false,
MEX_1986_dominguez,75,MID,false,
MEX_1986_boy,69,MID,true,
MEX_1986_aguirre,68,MID,false,
MEX_1986_munoz,67,MID,false,
MEX_1986_hernandez,67,MID,false,
MEX_1986_sanchez,88,FWD,false,
MEX_1986_hermosillo,79,FWD,false,
MEX_1986_flores,76,FWD,false,
MEX_1986_ortega,75,FWD,false,
MEX_1986_cruz_2,65,FWD,false,
MAR_1986_badou,80,GK,true,
MAR_1986_mouddani,66,GK,false,
MAR_1986_hmied,59,GK,false,
MAR_1986_biyaz,74,DEF,false,
MAR_1986_bouyahyaoui,74,DEF,false,
MAR_1986_ouadani,71,DEF,false,
MAR_1986_lamriss,71,DEF,false,
MAR_1986_khalifa,59,DEF,false,
MAR_1986_bidane,59,DEF,false,
MAR_1986_timoumi,71,MID,false,
MAR_1986_bouderbala,71,MID,false,
MAR_1986_dolmy,68,MID,false,
MAR_1986_haddaoui,67,MID,false,
MAR_1986_souleimani,67,MID,false,
MAR_1986_sahil,66,MID,false,
MAR_1986_haddaoui_2,60,MID,false,
MAR_1986_jilal,59,MID,false,
MAR_1986_amanallah,58,MID,false,
MAR_1986_khairi,75,FWD,false,
MAR_1986_krimau,67,FWD,false,
MAR_1986_merry,67,FWD,false,
MAR_1986_rhiati,58,FWD,false,
NIR_1986_jennings,68,GK,false,
NIR_1986_hughes,54,GK,false,
NIR_1986_platt,53,GK,false,
NIR_1986_o_neill,70,DEF,false,
NIR_1986_donaghy,60,DEF,false,
NIR_1986_nicholl,59,DEF,false,
NIR_1986_mcclelland,57,DEF,false,
NIR_1986_mcdonald,56,DEF,false,
NIR_1986_worthington,55,DEF,false,
NIR_1986_mcilroy,84,MID,true,
NIR_1986_whiteside,80,MID,false,
NIR_1986_mccreery,74,MID,false,
NIR_1986_campbell,68,MID,false,
NIR_1986_ramsey,67,MID,false,
NIR_1986_penney,64,MID,false,
NIR_1986_mcnally,53,MID,false,
NIR_1986_stewart,74,FWD,false,
NIR_1986_quinn,66,FWD,false,
NIR_1986_armstrong,59,FWD,false,
NIR_1986_hamilton,59,FWD,false,
NIR_1986_clarke,56,FWD,false,
NIR_1986_caughey,56,FWD,false,
PAR_1986_fernandez,67,GK,false,
PAR_1986_battaglia,56,GK,false,
PAR_1986_coronel,56,GK,false,
PAR_1986_delgado,69,DEF,true,
PAR_1986_torales,67,DEF,false,
PAR_1986_caceres,59,DEF,false,
PAR_1986_zabala,58,DEF,false,
PAR_1986_caballero,57,DEF,false,
PAR_1986_schettina,56,DEF,false,
PAR_1986_canete,71,MID,false,
PAR_1986_guasch,69,MID,false,
PAR_1986_romero,67,MID,false,
PAR_1986_nunes,59,MID,false,
PAR_1986_chilavert,57,MID,false,
PAR_1986_ferreira,56,MID,false,
PAR_1986_isasi,69,FWD,false,
PAR_1986_alcaraz,69,FWD,false,
PAR_1986_cabanas,63,FWD,false,
PAR_1986_hicks,57,FWD,false,
PAR_1986_alonso,55,FWD,false,
PAR_1986_cabral,53,FWD,false,
PAR_1986_mendoza,52,FWD,false,
POL_1986_m_ynarczyk,80,GK,false,
POL_1986_kazimierski,68,GK,false,
POL_1986_wandzik,55,GK,false,
POL_1986_kubicki,72,DEF,false,
POL_1986_majewski,70,DEF,false,
POL_1986_zmuda,70,DEF,false,
POL_1986_wojcicki,67,DEF,false,
POL_1986_ostrowski,60,DEF,false,
POL_1986_pawlak,60,DEF,false,
POL_1986_przybys,56,DEF,false,
POL_1986_boniek,79,MID,true,
POL_1986_smolarek,71,MID,false,
POL_1986_buncol,71,MID,false,
POL_1986_karas,71,MID,false,
POL_1986_matysik,62,MID,false,
POL_1986_pa_asz,61,MID,false,
POL_1986_komornicki,59,MID,false,
POL_1986_tarasiewicz,59,MID,false,
POL_1986_dziekanowski,70,FWD,false,
POL_1986_zgutczynski,57,FWD,false,
POL_1986_urban,55,FWD,false,
POL_1986_furtok,54,FWD,false,
POR_1986_bento,74,GK,true,
POR_1986_damas,73,GK,false,
POR_1986_martins,53,GK,false,
POR_1986_inacio,74,DEF,false,
POR_1986_pinto,73,DEF,false,
POR_1986_alvaro,72,DEF,false,
POR_1986_oliveira,71,DEF,false,
POR_1986_morato,68,DEF,false,
POR_1986_frederico,56,DEF,false,
POR_1986_antonio,56,DEF,false,
POR_1986_bandeirinha,54,DEF,false,
POR_1986_sobrinho,52,DEF,false,
POR_1986_diamantino,77,MID,false,
POR_1986_manuel,76,MID,false,
POR_1986_pacheco,74,MID,false,
POR_1986_sousa,72,MID,false,
POR_1986_andre,72,MID,false,
POR_1986_magalhaes,70,MID,false,
POR_1986_ribeiro,53,MID,false,
POR_1986_gomes,74,FWD,false,
POR_1986_aguas,71,FWD,false,
POR_1986_futre,68,FWD,false,
SCO_1986_leighton,70,GK,false,
SCO_1986_rough,56,GK,false,
SCO_1986_goram,55,GK,false,
SCO_1986_albiston,77,DEF,false,
SCO_1986_nicol,77,DEF,false,
SCO_1986_aitken,75,DEF,false,
SCO_1986_mcleish,72,DEF,false,
SCO_1986_miller,71,DEF,false,
SCO_1986_gough,55,DEF,false,
SCO_1986_malpas,55,DEF,false,
SCO_1986_narey,54,DEF,false,
SCO_1986_strachan,81,MID,false,
SCO_1986_mcstay,71,MID,false,
SCO_1986_souness,69,MID,true,
SCO_1986_bett,66,MID,false,
SCO_1986_bannon,53,MID,false,
SCO_1986_nicholas,78,FWD,false,
SCO_1986_archibald,76,FWD,false,
SCO_1986_mcavennie,72,FWD,false,
SCO_1986_cooper,71,FWD,false,
SCO_1986_sharp,71,FWD,false,
SCO_1986_sturrock,54,FWD,false,
KOR_1986_yun_kyo,65,GK,false,
KOR_1986_byung_deuk,62,GK,false,
KOR_1986_yong_hwan,65,DEF,false,
KOR_1986_jong_soo,65,DEF,false,
KOR_1986_min_kook,62,DEF,false,
KOR_1986_kyung_hoon,62,DEF,false,
KOR_1986_byung_ok,62,DEF,false,
KOR_1986_pyung_seok,56,DEF,false,
KOR_1986_young_jeung,56,DEF,false,
KOR_1986_jung_moo,72,MID,false,
KOR_1986_chang_sun,69,MID,true,
KOR_1986_deuk_soo,62,MID,false,
KOR_1986_soo_jin,57,MID,false,
KOR_1986_joo_sung,57,MID,false,
KOR_1986_kwang_rae,56,MID,false,
KOR_1986_sam_soo,56,MID,false,
KOR_1986_bum_kun,88,FWD,false,
KOR_1986_soon_ho,70,FWD,false,
KOR_1986_byung_joo,65,FWD,false,
KOR_1986_jong_boo,62,FWD,false,
KOR_1986_yong_se,62,FWD,false,
KOR_1986_tae_ho,57,FWD,false,
URS_1986_dasayev,75,GK,false,
URS_1986_chanov,74,GK,false,
URS_1986_krakovskiy,56,GK,false,
URS_1986_bubnov,79,DEF,false,
URS_1986_demyanenko,78,DEF,true,
URS_1986_bezsonov,76,DEF,false,
URS_1986_morozov,74,DEF,false,
URS_1986_kuznetsov,72,DEF,false,
URS_1986_chivadze,61,DEF,false,
URS_1986_larionov,57,DEF,false,
URS_1986_belanov,92,MID,false,
URS_1986_rats,80,MID,false,
URS_1986_yakovenko,78,MID,false,
URS_1986_zavarov,75,MID,false,
URS_1986_yaremchuk,74,MID,false,
URS_1986_bal,73,MID,false,
URS_1986_yevtushenko,71,MID,false,
URS_1986_aleinikov,65,MID,false,
URS_1986_litovchenko,59,MID,false,
URS_1986_blokhin,86,FWD,false,
URS_1986_rodionov,80,FWD,false,
URS_1986_protasov,55,FWD,false,
ESP_1986_zubizarreta,80,GK,false,
ESP_1986_urruti,79,GK,false,
ESP_1986_ablanedo,60,GK,false,
ESP_1986_camacho,85,DEF,true,
ESP_1986_gordillo,84,DEF,false,
ESP_1986_maceda,82,DEF,false,
ESP_1986_alberto,82,DEF,false,
ESP_1986_tomas,82,DEF,false,
ESP_1986_chendo,82,DEF,false,
ESP_1986_goikoetxea,82,DEF,false,
ESP_1986_caldere,85,MID,false,
ESP_1986_gallego,85,MID,false,
ESP_1986_victor,82,MID,false,
ESP_1986_carrasco,81,MID,false,
ESP_1986_setien,81,MID,false,
ESP_1986_michel,80,MID,false,
ESP_1986_francisco,77,MID,false,
ESP_1986_senor,68,MID,false,
ESP_1986_butragueno,89,FWD,false,
ESP_1986_salinas,79,FWD,false,
ESP_1986_rincon,76,FWD,false,
ESP_1986_eloy,60,FWD,false,
URU_1986_alvez,78,GK,false,
URU_1986_rodriguez,77,GK,false,
URU_1986_otero,56,GK,false,
URU_1986_pereyra,80,DEF,false,
URU_1986_gutierrez,78,DEF,false,
URU_1986_diogo,78,DEF,false,
URU_1986_rivero,70,DEF,false,
URU_1986_acevedo,61,DEF,false,
URU_1986_vega,59,DEF,false,
URU_1986_batista,56,DEF,false,
URU_1986_barrios,71,MID,true,
URU_1986_santin,71,MID,false,
URU_1986_zalazar,70,MID,false,
URU_1986_bossio,69,MID,false,
URU_1986_saralegui,68,MID,false,
URU_1986_paz,58,MID,false,
URU_1986_francescoli,88,FWD,false,
URU_1986_silva,79,FWD,false,
URU_1986_alzamendi,78,FWD,false,
URU_1986_cabrera,75,FWD,false,
URU_1986_aguilera,73,FWD,false,
URU_1986_ramos,70,FWD,false,
GER_1986_schumacher,87,GK,false,
GER_1986_immel,86,GK,false,
GER_1986_stein,78,GK,false,
GER_1986_brehme,93,DEF,false,
GER_1986_augenthaler,85,DEF,false,
GER_1986_forster,85,DEF,false,
GER_1986_eder,84,DEF,false,
GER_1986_jakobs,79,DEF,false,
GER_1986_briegel,79,DEF,false,
GER_1986_berthold,78,DEF,false,
GER_1986_herget,70,DEF,false,
GER_1986_matthaus,92,MID,false,
GER_1986_magath,81,MID,false,
GER_1986_rolff,81,MID,false,
GER_1986_rahn,80,MID,false,
GER_1986_allgower,77,MID,false,
GER_1986_thon,74,MID,false,
GER_1986_rummenigge,93,FWD,true,
GER_1986_voller,88,FWD,false,
GER_1986_hoene,85,FWD,false,
GER_1986_littbarski,84,FWD,false,
GER_1986_allofs,77,FWD,false,
ARG_1990_goycochea,85,GK,false,
ARG_1990_,79,GK,false,
ARG_1990_cancelarich,75,GK,false,
ARG_1990_ruggeri,87,DEF,false,
ARG_1990_monzon,84,DEF,false,
ARG_1990_simon,83,DEF,false,
ARG_1990_serrizuela,81,DEF,false,
ARG_1990_olarticoechea,81,DEF,false,
ARG_1990_sensini,77,DEF,false,
ARG_1990_lorenzo,74,DEF,false,
ARG_1990_bauza,72,DEF,false,
ARG_1990_fabbri,71,DEF,false,
ARG_1990_maradona,94,MID,true,
ARG_1990_burruchaga,86,MID,false,
ARG_1990_troglio,84,MID,false,
ARG_1990_giusti,82,MID,false,
ARG_1990_batista,82,MID,false,
ARG_1990_basualdo,81,MID,false,
ARG_1990_calderon,84,FWD,false,
ARG_1990_caniggia,83,FWD,false,
ARG_1990_balbo,72,FWD,false,
ARG_1990_dezotti,65,FWD,false,
AUT_1990_lindenberger,57,GK,false,
AUT_1990_konsel,56,GK,false,
AUT_1990_konrad,56,GK,false,
AUT_1990_russ,58,DEF,false,
AUT_1990_pfeffer,54,DEF,false,
AUT_1990_schottel,54,DEF,false,
AUT_1990_aigner,54,DEF,false,
AUT_1990_artner,53,DEF,false,
AUT_1990_pecl,52,DEF,false,
AUT_1990_streiter,52,DEF,false,
AUT_1990_linzmaier,57,MID,false,
AUT_1990_hortnagl,55,MID,false,
AUT_1990_zsak,54,MID,false,
AUT_1990_reisinger,54,MID,false,
AUT_1990_herzog,53,MID,false,
AUT_1990_glatzmayer,52,MID,false,
AUT_1990_baur,52,MID,false,
AUT_1990_polster,79,FWD,true,
AUT_1990_ogris,59,FWD,false,
AUT_1990_keglevits,59,FWD,false,
AUT_1990_rodax,57,FWD,false,
AUT_1990_pfeifenberger,53,FWD,false,
BEL_1990_preud_homme,84,GK,false,
BEL_1990_wilde,74,GK,false,
BEL_1990_bodart,68,GK,false,
BEL_1990_demol,79,DEF,false,
BEL_1990_grun,75,DEF,false,
BEL_1990_plovie,73,DEF,false,
BEL_1990_albert,67,DEF,false,
BEL_1990_wolf,64,DEF,false,
BEL_1990_clijsters,63,DEF,false,
BEL_1990_gerets,62,DEF,true,
BEL_1990_sart,58,DEF,false,
BEL_1990_ceulemans,78,MID,false,
BEL_1990_vervoort,78,MID,false,
BEL_1990_elst,78,MID,false,
BEL_1990_staelens,72,MID,false,
BEL_1990_scifo,70,MID,false,
BEL_1990_versavel,60,MID,false,
BEL_1990_emmers,59,MID,false,
BEL_1990_wilmots,56,MID,false,
BEL_1990_linden,76,FWD,false,
BEL_1990_degryse,75,FWD,false,
BEL_1990_claesen,68,FWD,false,
BRA_1990_taffarel,80,GK,false,
BRA_1990_carlos,74,GK,false,
BRA_1990_acacio,56,GK,false,
BRA_1990_branco,79,DEF,false,
BRA_1990_gomes,78,DEF,true,
BRA_1990_mozer,78,DEF,false,
BRA_1990_jorginho,77,DEF,false,
BRA_1990_rocha,76,DEF,false,
BRA_1990_aldair,74,DEF,false,
BRA_1990_galvao,72,DEF,false,
BRA_1990_mazinho,68,DEF,false,
BRA_1990_valdo,79,MID,false,
BRA_1990_alemao,78,MID,false,
BRA_1990_silas,76,MID,false,
BRA_1990_dunga,73,MID,false,
BRA_1990_tita,60,MID,false,
BRA_1990_bismarck,55,MID,false,
BRA_1990_romario,85,FWD,false,
BRA_1990_careca,82,FWD,false,
BRA_1990_gaucho,77,FWD,false,
BRA_1990_bebeto,75,FWD,false,
BRA_1990_muller,71,FWD,false,
CMR_1990_n_kono,86,GK,false,
CMR_1990_bell,77,GK,false,
CMR_1990_songo_o,72,GK,false,
CMR_1990_tataw,81,DEF,true,
CMR_1990_kunde,81,DEF,false,
CMR_1990_kana_biyik,77,DEF,false,
CMR_1990_n_dip,73,DEF,false,
CMR_1990_ebwelle,73,DEF,false,
CMR_1990_pagal,73,DEF,false,
CMR_1990_massing,67,DEF,false,
CMR_1990_yombi,67,DEF,false,
CMR_1990_m_fede,77,MID,false,
CMR_1990_mbouh,74,MID,false,
CMR_1990_onana,67,MID,false,
CMR_1990_libiih,66,MID,false,
CMR_1990_maboang,66,MID,false,
CMR_1990_makanaky,66,MID,false,
CMR_1990_feutmba,65,MID,false,
CMR_1990_milla,83,FWD,false,
CMR_1990_omam_biyik,77,FWD,false,
CMR_1990_djonkep,74,FWD,false,
CMR_1990_ekeke,73,FWD,false,
COL_1990_higuita,88,GK,false,
COL_1990_nino,55,GK,false,
COL_1990_escobar,72,DEF,false,
COL_1990_herrera,72,DEF,false,
COL_1990_perez,72,DEF,false,
COL_1990_gomez,72,DEF,false,
COL_1990_perea,68,DEF,false,
COL_1990_cassiani,66,DEF,false,
COL_1990_hoyos,60,DEF,false,
COL_1990_mendoza,56,DEF,false,
COL_1990_cabrera,56,DEF,false,
COL_1990_valderrama,88,MID,true,
COL_1990_fajardo,70,MID,false,
COL_1990_alvarez,69,MID,false,
COL_1990_villa,69,MID,false,
COL_1990_redin,68,MID,false,
COL_1990_rincon,62,MID,false,
COL_1990_gomez_2,56,MID,false,
COL_1990_iguaran,60,FWD,false,
COL_1990_estrada,57,FWD,false,
COL_1990_hernandez,56,FWD,false,
COL_1990_guerrero,52,FWD,false,
CRC_1990_conejo,81,GK,false,
CRC_1990_segura,78,GK,false,
CRC_1990_barrantes,60,GK,false,
CRC_1990_flores,78,DEF,true,
CRC_1990_obando,77,DEF,false,
CRC_1990_marin,75,DEF,false,
CRC_1990_quesada,75,DEF,false,
CRC_1990_jara,74,DEF,false,
CRC_1990_montero,70,DEF,false,
CRC_1990_brenes,70,DEF,false,
CRC_1990_marchena,60,DEF,false,
CRC_1990_cayasso,74,MID,false,
CRC_1990_chaves,71,MID,false,
CRC_1990_ramirez,70,MID,false,
CRC_1990_guimaraes,70,MID,false,
CRC_1990_davis,70,MID,false,
CRC_1990_chavarria,65,MID,false,
CRC_1990_gomez,60,MID,false,
CRC_1990_myers,58,MID,false,
CRC_1990_medford,70,FWD,false,
CRC_1990_jara_2,67,FWD,false,
CRC_1990_jaikel,67,FWD,false,
TCH_1990_miklosko,78,GK,false,
TCH_1990_stejskal,61,GK,false,
TCH_1990_paluch,58,GK,false,
TCH_1990_kubik,81,DEF,false,
TCH_1990_straka,76,DEF,false,
TCH_1990_kadlec,64,DEF,false,
TCH_1990_bielik,63,DEF,false,
TCH_1990_fieber,63,DEF,false,
TCH_1990_kocian,59,DEF,false,
TCH_1990_kinier,59,DEF,false,
TCH_1990_hasek,74,MID,true,
TCH_1990_bilek,72,MID,false,
TCH_1990_chovanec,66,MID,false,
TCH_1990_moravcik,62,MID,false,
TCH_1990_weiss,62,MID,false,
TCH_1990_nemecek,60,MID,false,
TCH_1990_nemec,58,MID,false,
TCH_1990_skuhravy,85,FWD,false,
TCH_1990_griga,77,FWD,false,
TCH_1990_luhovy,69,FWD,false,
TCH_1990_knoflicek,67,FWD,false,
TCH_1990_hyravy,60,FWD,false,
EGY_1990_shobair,72,GK,false,
EGY_1990_el_batal,70,GK,false,
EGY_1990_taher,57,GK,false,
EGY_1990_hassan,77,DEF,false,
EGY_1990_yassin,72,DEF,false,
EGY_1990_ramzy,65,DEF,false,
EGY_1990_yakan,63,DEF,false,
EGY_1990_kasem,63,DEF,false,
EGY_1990_ramzy_2,57,DEF,false,
EGY_1990_abouzeid,70,MID,false,
EGY_1990_maihoub,69,MID,false,
EGY_1990_abdel_hamid,65,MID,true,
EGY_1990_orabi,65,MID,false,
EGY_1990_abdelghani,65,MID,false,
EGY_1990_youssef,58,MID,false,
EGY_1990_tolba,57,MID,false,
EGY_1990_soliman,57,MID,false,
EGY_1990_eid,56,MID,false,
EGY_1990_hassan_2,73,FWD,false,
EGY_1990_rahman,69,FWD,false,
EGY_1990_shawky,65,FWD,false,
EGY_1990_el_kass,58,FWD,false,
ENG_1990_shilton,88,GK,false,
ENG_1990_woods,81,GK,false,
ENG_1990_,66,GK,false,
ENG_1990_dorigo,85,DEF,false,
ENG_1990_butcher,85,DEF,false,
ENG_1990_stevens,84,DEF,false,
ENG_1990_pearce,81,DEF,false,
ENG_1990_walker,80,DEF,false,
ENG_1990_wright,77,DEF,false,
ENG_1990_parker,63,DEF,false,
ENG_1990_robson,88,MID,true,
ENG_1990_barnes,85,MID,false,
ENG_1990_webb,84,MID,false,
ENG_1990_platt,84,MID,false,
ENG_1990_mcmahon,83,MID,false,
ENG_1990_gascoigne,83,MID,false,
ENG_1990_waddle,80,MID,false,
ENG_1990_steven,79,MID,false,
ENG_1990_hodge,78,MID,false,
ENG_1990_lineker,91,FWD,false,
ENG_1990_beardsley,85,FWD,false,
ENG_1990_bull,69,FWD,false,
ITA_1990_zenga,86,GK,false,
ITA_1990_pagliuca,82,GK,false,
ITA_1990_tacconi,74,GK,false,
ITA_1990_maldini,88,DEF,false,
ITA_1990_baresi,88,DEF,false,
ITA_1990_bergomi,88,DEF,true,
ITA_1990_ferri,85,DEF,false,
ITA_1990_agostini,84,DEF,false,
ITA_1990_ferrara,78,DEF,false,
ITA_1990_vierchowod,77,DEF,false,
ITA_1990_donadoni,85,MID,false,
ITA_1990_ancelotti,84,MID,false,
ITA_1990_giannini,84,MID,false,
ITA_1990_marocchi,83,MID,false,
ITA_1990_berti,82,MID,false,
ITA_1990_napoli,77,MID,false,
ITA_1990_schillaci,98,FWD,false,golden_ball|golden_boot
ITA_1990_baggio,90,FWD,false,
ITA_1990_vialli,88,FWD,false,
ITA_1990_serena,85,FWD,false,
ITA_1990_carnevale,80,FWD,false,
ITA_1990_mancini,72,FWD,false,
NED_1990_breukelen,80,GK,false,
NED_1990_menzo,79,GK,false,
NED_1990_hiele,73,GK,false,
NED_1990_koeman,84,DEF,false,
NED_1990_blind,78,DEF,false,
NED_1990_tiggelen,78,DEF,false,
NED_1990_rutjes,60,DEF,false,
NED_1990_aerle,59,DEF,false,
NED_1990_fraser,57,DEF,false,
NED_1990_gullit,91,MID,true,
NED_1990_rijkaard,82,MID,false,
NED_1990_wouters,80,MID,false,
NED_1990_winter,78,MID,false,
NED_1990_witschge,76,MID,false,
NED_1990_vanenburg,59,MID,false,
NED_1990_koeman_2,58,MID,false,
NED_1990_basten,92,FWD,false,
NED_1990_schip,79,FWD,false,
NED_1990_roy,75,FWD,false,
NED_1990_gillhaus,70,FWD,false,
NED_1990_kieft,65,FWD,false,
NED_1990_loen,58,FWD,false,
IRL_1990_bonner,79,GK,false,
IRL_1990_peyton,59,GK,false,
IRL_1990_o_leary,82,DEF,false,
IRL_1990_staunton,82,DEF,false,
IRL_1990_hughton,78,DEF,false,
IRL_1990_mcgrath,77,DEF,false,
IRL_1990_morris,76,DEF,false,
IRL_1990_moran,72,DEF,false,
IRL_1990_mccarthy,71,DEF,true,
IRL_1990_houghton,85,MID,false,
IRL_1990_whelan,82,MID,false,
IRL_1990_sheedy,79,MID,false,
IRL_1990_townsend,61,MID,false,
IRL_1990_sheridan,59,MID,false,
IRL_1990_mcloughlin,59,MID,false,
IRL_1990_quinn,82,FWD,false,
IRL_1990_aldridge,76,FWD,false,
IRL_1990_cascarino,75,FWD,false,
IRL_1990_kelly,73,FWD,false,
IRL_1990_stapleton,72,FWD,false,
IRL_1990_byrne,61,FWD,false,
IRL_1990_slaven,58,FWD,false,
ROU_1990_lung,73,GK,true,
ROU_1990_stelea,72,GK,false,
ROU_1990_liliac,55,GK,false,
ROU_1990_rednic,74,DEF,false,
ROU_1990_klein,74,DEF,false,
ROU_1990_andone,72,DEF,false,
ROU_1990_sandoi,59,DEF,false,
ROU_1990_popescu,58,DEF,false,
ROU_1990_popescu_2,55,DEF,false,
ROU_1990_hagi,84,MID,false,
ROU_1990_sabau,72,MID,false,
ROU_1990_lupu,70,MID,false,
ROU_1990_timofte,69,MID,false,
ROU_1990_mateut,68,MID,false,
ROU_1990_lupescu,66,MID,false,
ROU_1990_muzsnay,58,MID,false,
ROU_1990_rotariu,56,MID,false,
ROU_1990_lacatus,70,FWD,false,
ROU_1990_balint,68,FWD,false,
ROU_1990_raducioiu,63,FWD,false,
ROU_1990_camataru,62,FWD,false,
ROU_1990_dumitrescu,58,FWD,false,
SCO_1990_leighton,79,GK,false,
SCO_1990_goram,54,GK,false,
SCO_1990_gunn,53,GK,false,
SCO_1990_gillespie,75,DEF,false,
SCO_1990_aitken,74,DEF,true,
SCO_1990_gough,73,DEF,false,
SCO_1990_mcleish,69,DEF,false,
SCO_1990_mckimmie,66,DEF,false,
SCO_1990_malpas,58,DEF,false,
SCO_1990_mcpherson,56,DEF,false,
SCO_1990_levein,54,DEF,false,
SCO_1990_mccall,76,MID,false,
SCO_1990_macleod,75,MID,false,
SCO_1990_mcstay,73,MID,false,
SCO_1990_bett,66,MID,false,
SCO_1990_mcallister,64,MID,false,
SCO_1990_collins,53,MID,false,
SCO_1990_mcinally,78,FWD,false,
SCO_1990_johnston,77,FWD,false,
SCO_1990_durie,74,FWD,false,
SCO_1990_mccoist,74,FWD,false,
SCO_1990_fleck,55,FWD,false,
KOR_1990_in_young,66,GK,false,
KOR_1990_gi_dong,62,GK,false,
KOR_1990_poong_joo,62,GK,false,
KOR_1990_yong_hwan,69,DEF,true,
KOR_1990_kyung_hoon,68,DEF,false,
KOR_1990_myung_bo,62,DEF,false,
KOR_1990_kang_hee,62,DEF,false,
KOR_1990_jong_soo,62,DEF,false,
KOR_1990_deok_yeo,57,DEF,false,
KOR_1990_sang_bum,57,DEF,false,
KOR_1990_min_kook,56,DEF,false,
KOR_1990_kwan,66,MID,false,
KOR_1990_heung_sil,66,MID,false,
KOR_1990_young_jin,66,MID,false,
KOR_1990_joo_sung,62,MID,false,
KOR_1990_soo_jin,57,MID,false,
KOR_1990_soon_ho,73,FWD,false,
KOR_1990_tae_ho,68,FWD,false,
KOR_1990_hae_won,62,FWD,false,
KOR_1990_byung_joo,57,FWD,false,
KOR_1990_sun_hong,57,FWD,false,
KOR_1990_sang_yoon,57,FWD,false,
URS_1990_dasayev,75,GK,true,
URS_1990_uvarov,71,GK,false,
URS_1990_chanov,70,GK,false,
URS_1990_gorlukovich,77,DEF,false,
URS_1990_demyanenko,75,DEF,false,
URS_1990_kuznetsov,75,DEF,false,
URS_1990_bezsonov,73,DEF,false,
URS_1990_fokin,71,DEF,false,
URS_1990_tsveiba,70,DEF,false,
URS_1990_khidiyatullin,59,DEF,false,
URS_1990_zavarov,82,MID,false,
URS_1990_aleinikov,79,MID,false,
URS_1990_lytovchenko,75,MID,false,
URS_1990_rats,73,MID,false,
URS_1990_yaremchuk,72,MID,false,
URS_1990_broshin,72,MID,false,
URS_1990_borodyuk,71,MID,false,
URS_1990_shalimov,69,MID,false,
URS_1990_zygmantovich,62,MID,false,
URS_1990_protasov,74,FWD,false,
URS_1990_dobrovolski,72,FWD,false,
URS_1990_lyutyi,71,FWD,false,
ESP_1990_zubizarreta,85,GK,false,
ESP_1990_ochotorena,73,GK,false,
ESP_1990_ablanedo,56,GK,false,
ESP_1990_sanchis,81,DEF,false,
ESP_1990_chendo,79,DEF,false,
ESP_1990_andrinua,78,DEF,false,
ESP_1990_gorriz,76,DEF,false,
ESP_1990_jimenez,75,DEF,false,
ESP_1990_flores,73,DEF,false,
ESP_1990_alkorta,71,DEF,false,
ESP_1990_michel,89,MID,false,
ESP_1990_hierro,86,MID,false,
ESP_1990_vazquez,80,MID,false,
ESP_1990_roberto,79,MID,false,
ESP_1990_bakero,78,MID,false,
ESP_1990_paz,75,MID,false,
ESP_1990_fernando,70,MID,false,
ESP_1990_villarroya,56,MID,false,
ESP_1990_butragueno,88,FWD,true,
ESP_1990_salinas,85,FWD,false,
ESP_1990_manolo,78,FWD,false,
ESP_1990_pardeza,56,FWD,false,
SWE_1990_ravelli,73,GK,false,
SWE_1990_eriksson,63,GK,false,
SWE_1990_andersson,56,GK,false,
SWE_1990_hysen,82,DEF,true,
SWE_1990_larsson,78,DEF,false,
SWE_1990_ljung,68,DEF,false,
SWE_1990_nilsson,60,DEF,false,
SWE_1990_gren,55,DEF,false,
SWE_1990_eriksson_2,53,DEF,false,
SWE_1990_stromberg,76,MID,false,
SWE_1990_thern,72,MID,false,
SWE_1990_engqvist,67,MID,false,
SWE_1990_schwarz,66,MID,false,
SWE_1990_nilsson_2,66,MID,false,
SWE_1990_nyhlen,63,MID,false,
SWE_1990_ingesson,55,MID,false,
SWE_1990_limpar,54,MID,false,
SWE_1990_jansson,53,MID,false,
SWE_1990_pettersson,76,FWD,false,
SWE_1990_magnusson,70,FWD,false,
SWE_1990_brolin,63,FWD,false,
SWE_1990_ekstrom,60,FWD,false,
UNI_1990_musabah,74,GK,false,
UNI_1990_musa,71,GK,false,
UNI_1990_hassan,65,GK,false,
UNI_1990_salim,71,DEF,false,
UNI_1990_ghanim,66,DEF,false,
UNI_1990_al_haddad,66,DEF,false,
UNI_1990_ghanim_2,62,DEF,false,
UNI_1990_meer,62,DEF,false,
UNI_1990_meer_2,62,DEF,false,
UNI_1990_hussain,62,DEF,false,
UNI_1990_mohamed,56,DEF,false,
UNI_1990_sultan,68,MID,false,
UNI_1990_ismail,62,MID,false,
UNI_1990_jumaa,62,MID,false,
UNI_1990_mohamed_2,57,MID,false,
UNI_1990_abdulrahman,56,MID,false,
UNI_1990_khamees,56,MID,false,
UNI_1990_khamees_2,66,FWD,true,
UNI_1990_mohamed_3,62,FWD,false,
UNI_1990_talyani,57,FWD,false,
UNI_1990_ghuloum,57,FWD,false,
UNI_1990_bakheet,57,FWD,false,
UNI_1990_meola,66,GK,false,
UNI_1990_vanole,63,GK,false,
UNI_1990_keller,57,GK,false,
UNI_1990_windischmann,74,DEF,true,
UNI_1990_doyle,66,DEF,false,
UNI_1990_trittschuh,63,DEF,false,
UNI_1990_banks,63,DEF,false,
UNI_1990_armstrong,63,DEF,false,
UNI_1990_bliss,57,DEF,false,
UNI_1990_balboa,57,DEF,false,
UNI_1990_krumpe,57,DEF,false,
UNI_1990_caligiuri,70,MID,false,
UNI_1990_harkes,69,MID,false,
UNI_1990_stollmeyer,66,MID,false,
UNI_1990_ramos,63,MID,false,
UNI_1990_henderson,57,MID,false,
UNI_1990_covone,57,MID,false,
UNI_1990_murray,70,FWD,false,
UNI_1990_vermes,67,FWD,false,
UNI_1990_eichmann,63,FWD,false,
UNI_1990_sullivan,63,FWD,false,
UNI_1990_wynalda,56,FWD,false,
URU_1990_alvez,73,GK,false,
URU_1990_pereira,72,GK,false,
URU_1990_zeoli,57,GK,false,
URU_1990_leon,78,DEF,false,
URU_1990_saldanha,73,DEF,false,
URU_1990_dominguez,68,DEF,false,
URU_1990_revelez,68,DEF,false,
URU_1990_gutierrez,64,DEF,false,
URU_1990_herrera,60,DEF,false,
URU_1990_bengoechea,76,MID,false,
URU_1990_perdomo,72,MID,false,
URU_1990_correa,70,MID,false,
URU_1990_ostolaza,69,MID,false,
URU_1990_castro,69,MID,false,
URU_1990_paz,68,MID,false,
URU_1990_pereira_2,57,MID,false,
URU_1990_francescoli,77,FWD,true,
URU_1990_sosa,75,FWD,false,
URU_1990_fonseca,70,FWD,false,
URU_1990_aguilera,70,FWD,false,
URU_1990_martinez,58,FWD,false,
URU_1990_alzamendi,55,FWD,false,
GER_1990_illgner,89,GK,false,
GER_1990_aumann,88,GK,false,
GER_1990_kopke,82,GK,false,
GER_1990_brehme,95,DEF,false,
GER_1990_kohler,87,DEF,false,
GER_1990_reuter,87,DEF,false,
GER_1990_pflugler,87,DEF,false,
GER_1990_augenthaler,86,DEF,false,
GER_1990_berthold,84,DEF,false,
GER_1990_buchwald,82,DEF,false,
GER_1990_steiner,77,DEF,false,
GER_1990_matthaus,96,MID,true,
GER_1990_thon,87,MID,false,
GER_1990_moller,85,MID,false,
GER_1990_littbarski,84,MID,false,
GER_1990_bein,83,MID,false,
GER_1990_hermann,80,MID,false,
GER_1990_ha_ler,78,MID,false,
GER_1990_klinsmann,90,FWD,false,
GER_1990_voller,88,FWD,false,
GER_1990_mill,84,FWD,false,
GER_1990_riedle,79,FWD,false,
YUG_1990_ivkovic,77,GK,false,
YUG_1990_omerovic,61,GK,false,
YUG_1990_lekovic,60,GK,false,
YUG_1990_jozic,78,DEF,false,
YUG_1990_panadic,70,DEF,false,
YUG_1990_baljic,64,DEF,false,
YUG_1990_hadzibegic,63,DEF,false,
YUG_1990_stanojkovic,63,DEF,false,
YUG_1990_vulic,63,DEF,false,
YUG_1990_spasic,62,DEF,false,
YUG_1990_susic,83,MID,false,
YUG_1990_stojkovic,77,MID,false,
YUG_1990_katanec,73,MID,false,
YUG_1990_prosinecki,72,MID,false,
YUG_1990_savicevic,69,MID,false,
YUG_1990_sabanadzovic,69,MID,false,
YUG_1990_jarni,69,MID,false,
YUG_1990_brnovic,60,MID,false,
YUG_1990_vujovic,83,FWD,true,
YUG_1990_pancev,73,FWD,false,
YUG_1990_boksic,68,FWD,false,
YUG_1990_suker,68,FWD,false,
ARG_1994_goycochea,81,GK,false,
ARG_1994_islas,80,GK,false,
ARG_1994_scoponi,54,GK,false,
ARG_1994_ruggeri,80,DEF,false,
ARG_1994_diaz,77,DEF,false,
ARG_1994_sensini,70,DEF,false,
ARG_1994_vazquez,69,DEF,false,
ARG_1994_borelli,59,DEF,false,
ARG_1994_caceres,57,DEF,false,
ARG_1994_chamot,56,DEF,false,
ARG_1994_maradona,91,MID,true,
ARG_1994_rodriguez,81,MID,false,
ARG_1994_simeone,78,MID,false,
ARG_1994_ortega,73,MID,false,
ARG_1994_mancuso,73,MID,false,
ARG_1994_perez,72,MID,false,
ARG_1994_basualdo,62,MID,false,
ARG_1994_redondo,55,MID,false,
ARG_1994_batistuta,83,FWD,false,
ARG_1994_caniggia,80,FWD,false,
ARG_1994_balbo,80,FWD,false,
ARG_1994_bello,56,FWD,false,
BEL_1994_preud_homme,87,GK,false,golden_glove
BEL_1994_wilde,74,GK,false,
BEL_1994_verlinden,72,GK,false,
BEL_1994_albert,84,DEF,false,
BEL_1994_borkelmans,76,DEF,false,
BEL_1994_grun,76,DEF,true,
BEL_1994_medved,75,DEF,false,
BEL_1994_wolf,71,DEF,false,
BEL_1994_renier,70,DEF,false,
BEL_1994_meir,58,DEF,false,
BEL_1994_smidts,57,DEF,false,
BEL_1994_emmers,78,MID,false,
BEL_1994_elst,77,MID,false,
BEL_1994_scifo,76,MID,false,
BEL_1994_boffin,75,MID,false,
BEL_1994_staelens,73,MID,false,
BEL_1994_heyden,71,MID,false,
BEL_1994_wilmots,71,MID,false,
BEL_1994_nilis,77,FWD,false,
BEL_1994_degryse,76,FWD,false,
BEL_1994_czerniatynski,57,FWD,false,
BEL_1994_weber,54,FWD,false,
BOL_1994_trucco,57,GK,false,
BOL_1994_torrico,56,GK,false,
BOL_1994_rojas,53,GK,false,
BOL_1994_rimba,57,DEF,false,
BOL_1994_sandy,57,DEF,false,
BOL_1994_cristaldo,56,DEF,false,
BOL_1994_quinteros,54,DEF,false,
BOL_1994_sanchez,54,DEF,false,
BOL_1994_soruco,52,DEF,false,
BOL_1994_pena,52,DEF,false,
BOL_1994_etcheverry,66,MID,false,
BOL_1994_sanchez_2,60,MID,false,
BOL_1994_castillo,58,MID,false,
BOL_1994_melgar,57,MID,false,
BOL_1994_soria,57,MID,false,
BOL_1994_borja,55,MID,true,
BOL_1994_baldivieso,55,MID,false,
BOL_1994_pinedo,54,MID,false,
BOL_1994_ramos,52,MID,false,
BOL_1994_moreno,54,FWD,false,
BOL_1994_pena_2,53,FWD,false,
BOL_1994_ramallo,52,FWD,false,
BRA_1994_taffarel,91,GK,false,
BRA_1994_zetti,70,GK,false,
BRA_1994_rinaldi,70,GK,false,
BRA_1994_cafu,91,DEF,false,
BRA_1994_branco,90,DEF,false,
BRA_1994_santos,88,DEF,false,
BRA_1994_jorginho,88,DEF,false,
BRA_1994_aldair,85,DEF,false,
BRA_1994_rocha,83,DEF,false,
BRA_1994_ronaldao,80,DEF,false,
BRA_1994_rai,89,MID,false,
BRA_1994_dunga,85,MID,true,
BRA_1994_mazinho,83,MID,false,
BRA_1994_zinho,81,MID,false,
BRA_1994_leonardo,80,MID,false,
BRA_1994_silva,78,MID,false,
BRA_1994_romario,98,FWD,false,golden_ball
BRA_1994_bebeto,90,FWD,false,
BRA_1994_muller,84,FWD,false,
BRA_1994_viola,79,FWD,false,
BRA_1994_sergio,78,FWD,false,
BRA_1994_ronaldo,72,FWD,false,
BUL_1994_mihaylov,85,GK,true,
BUL_1994_nikolov,66,GK,false,
BUL_1994_hubchev,79,DEF,false,
BUL_1994_iliev,75,DEF,false,
BUL_1994_ivanov,70,DEF,false,
BUL_1994_kiryakov,68,DEF,false,
BUL_1994_tsvetanov,67,DEF,false,
BUL_1994_kremenliev,65,DEF,false,
BUL_1994_letchkov,83,MID,false,
BUL_1994_balakov,80,MID,false,
BUL_1994_yordanov,78,MID,false,
BUL_1994_borimirov,70,MID,false,
BUL_1994_yankov,69,MID,false,
BUL_1994_georgiev,63,MID,false,
BUL_1994_genchev,63,MID,false,
BUL_1994_stoichkov,98,FWD,false,golden_boot
BUL_1994_kostadinov,79,FWD,false,
BUL_1994_yotov,73,FWD,false,
BUL_1994_sirakov,69,FWD,false,
BUL_1994_aleksandrov,64,FWD,false,
BUL_1994_andonov,63,FWD,false,
BUL_1994_mihtarski,62,FWD,false,
CMR_1994_bell,63,GK,false,
CMR_1994_songo_o,62,GK,false,
CMR_1994_n_kono,57,GK,false,
CMR_1994_tataw,71,DEF,true,
CMR_1994_kana_biyik,69,DEF,false,
CMR_1994_n_dip,66,DEF,false,
CMR_1994_ekeme,66,DEF,false,
CMR_1994_agbo,62,DEF,false,
CMR_1994_kalla,56,DEF,false,
CMR_1994_song,56,DEF,false,
CMR_1994_m_bouh,69,MID,false,
CMR_1994_libiih,67,MID,false,
CMR_1994_maboang,66,MID,false,
CMR_1994_loga,63,MID,false,
CMR_1994_fiala,63,MID,false,
CMR_1994_foe,57,MID,false,
CMR_1994_omam_biyik,77,FWD,false,
CMR_1994_tchami,62,FWD,false,
CMR_1994_m_fede,62,FWD,false,
CMR_1994_milla,57,FWD,false,
CMR_1994_embe,57,FWD,false,
CMR_1994_mouyeme,57,FWD,false,
COL_1994_cordoba,57,GK,false,
COL_1994_pazo,54,GK,false,
COL_1994_mondragon,54,GK,false,
COL_1994_escobar,72,DEF,false,
COL_1994_herrera,71,DEF,false,
COL_1994_perea,61,DEF,false,
COL_1994_perez,59,DEF,false,
COL_1994_mendoza,56,DEF,false,
COL_1994_cortes,55,DEF,false,
COL_1994_ortiz,54,DEF,false,
COL_1994_rincon,72,MID,false,
COL_1994_gaviria,70,MID,false,
COL_1994_gomez,65,MID,false,
COL_1994_serna,63,MID,false,
COL_1994_valderrama,62,MID,true,
COL_1994_alvarez,60,MID,false,
COL_1994_lozano,53,MID,false,
COL_1994_valencia,83,FWD,false,
COL_1994_asprilla,77,FWD,false,
COL_1994_aristizabal,71,FWD,false,
COL_1994_valenciano,54,FWD,false,
COL_1994_avila,53,FWD,false,
GER_1994_illgner,88,GK,false,
GER_1994_kahn,87,GK,false,
GER_1994_kopke,77,GK,false,
GER_1994_brehme,84,DEF,false,
GER_1994_kohler,83,DEF,false,
GER_1994_helmer,82,DEF,false,
GER_1994_berthold,79,DEF,false,
GER_1994_buchwald,77,DEF,false,
GER_1994_matthaus,90,MID,true,
GER_1994_sammer,86,MID,false,
GER_1994_moller,82,MID,false,
GER_1994_strunz,80,MID,false,
GER_1994_gaudino,77,MID,false,
GER_1994_ha_ler,76,MID,false,
GER_1994_basler,75,MID,false,
GER_1994_effenberg,74,MID,false,
GER_1994_wagner,72,MID,false,
GER_1994_klinsmann,88,FWD,false,
GER_1994_riedle,83,FWD,false,
GER_1994_voller,82,FWD,false,
GER_1994_kirsten,75,FWD,false,
GER_1994_kuntz,71,FWD,false,
GRE_1994_minou,56,GK,false,
GRE_1994_atmatsidis,55,GK,false,
GRE_1994_karkamanis,52,GK,false,
GRE_1994_apostolakis,73,DEF,false,
GRE_1994_kalitzakis,71,DEF,false,
GRE_1994_karataidis,67,DEF,false,
GRE_1994_kolitsidakis,67,DEF,false,
GRE_1994_manolas,59,DEF,false,
GRE_1994_alexiou,57,DEF,false,
GRE_1994_karagiannis,55,DEF,false,
GRE_1994_tsalouchidis,72,MID,false,
GRE_1994_tsiantakis,71,MID,false,
GRE_1994_nioplias,70,MID,false,
GRE_1994_marangos,68,MID,false,
GRE_1994_hantzidis,65,MID,false,
GRE_1994_mitropoulos,59,MID,true,
GRE_1994_kofidis,56,MID,false,
GRE_1994_saravakos,72,FWD,false,
GRE_1994_alexandris,64,FWD,false,
GRE_1994_dimitriadis,57,FWD,false,
GRE_1994_machlas,53,FWD,false,
GRE_1994_alexoudis,52,FWD,false,
ITA_1994_pagliuca,86,GK,false,
ITA_1994_marchegiani,77,GK,false,
ITA_1994_bucci,75,GK,false,
ITA_1994_maldini,93,DEF,false,
ITA_1994_baresi,90,DEF,true,
ITA_1994_costacurta,85,DEF,false,
ITA_1994_tassotti,84,DEF,false,
ITA_1994_minotti,74,DEF,false,
ITA_1994_benarrivo,73,DEF,false,
ITA_1994_apolloni,73,DEF,false,
ITA_1994_mussi,72,DEF,false,
ITA_1994_baggio,88,MID,false,
ITA_1994_donadoni,88,MID,false,
ITA_1994_berti,85,MID,false,
ITA_1994_albertini,85,MID,false,
ITA_1994_conte,84,MID,false,
ITA_1994_evani,70,MID,false,
ITA_1994_baggio_2,96,FWD,false,
ITA_1994_zola,88,FWD,false,
ITA_1994_massaro,85,FWD,false,
ITA_1994_casiraghi,79,FWD,false,
ITA_1994_signori,78,FWD,false,
MEX_1994_campos,78,GK,false,
MEX_1994_chavez,70,GK,false,
MEX_1994_fernandez,60,GK,false,
MEX_1994_perales,75,DEF,false,
MEX_1994_suarez,74,DEF,false,
MEX_1994_ambriz,70,DEF,true,
MEX_1994_gutierrez,67,DEF,false,
MEX_1994_salgado,67,DEF,false,
MEX_1994_bernal,77,MID,false,
MEX_1994_galindo,77,MID,false,
MEX_1994_espinoza,70,MID,false,
MEX_1994_rodriguez,70,MID,false,
MEX_1994_aspe,69,MID,false,
MEX_1994_ramirez,61,MID,false,
MEX_1994_olmo,60,MID,false,
MEX_1994_chavez_2,59,MID,false,
MEX_1994_garcia,83,FWD,false,
MEX_1994_hermosillo,75,FWD,false,
MEX_1994_zague,74,FWD,false,
MEX_1994_sanchez,60,FWD,false,
MEX_1994_salvador,60,FWD,false,
MEX_1994_valdez,60,FWD,false,
MAR_1994_azmi,66,GK,false,
MAR_1994_alaoui,63,GK,false,
MAR_1994_dghay,62,GK,false,
MAR_1994_naybet,72,DEF,false,
MAR_1994_hadrioui,66,DEF,false,
MAR_1994_masbahi,63,DEF,false,
MAR_1994_abdellah,62,DEF,false,
MAR_1994_triki,57,DEF,false,
MAR_1994_neqrouz,56,DEF,false,
MAR_1994_haddaoui,69,MID,true,
MAR_1994_hababi,69,MID,false,
MAR_1994_khalej,63,MID,false,
MAR_1994_samadi,63,MID,false,
MAR_1994_daoudi,57,MID,false,
MAR_1994_hadji,57,MID,false,
MAR_1994_kachloul,57,MID,false,
MAR_1994_azzouzi,56,MID,false,
MAR_1994_chaouch,77,FWD,false,
MAR_1994_nader,67,FWD,false,
MAR_1994_bouyboud,67,FWD,false,
MAR_1994_bahja,63,FWD,false,
MAR_1994_laghrissi,57,FWD,false,
NED_1994_goey,85,GK,false,
NED_1994_sar,84,GK,false,
NED_1994_snelders,68,GK,false,
NED_1994_koeman,88,DEF,true,
NED_1994_boer,85,DEF,false,
NED_1994_blind,83,DEF,false,
NED_1994_valckx,78,DEF,false,
NED_1994_gobbel,77,DEF,false,
NED_1994_numan,75,DEF,false,
NED_1994_wolf,75,DEF,false,
NED_1994_rijkaard,88,MID,false,
NED_1994_jonk,84,MID,false,
NED_1994_boer_2,81,MID,false,
NED_1994_winter,80,MID,false,
NED_1994_wouters,75,MID,false,
NED_1994_witschge,75,MID,false,
NED_1994_bergkamp,88,FWD,false,
NED_1994_vossen,81,FWD,false,
NED_1994_taument,80,FWD,false,
NED_1994_overmars,79,FWD,false,
NED_1994_bosman,79,FWD,false,
NED_1994_roy,66,FWD,false,
NGA_1994_rufai,68,GK,false,
NGA_1994_agu,60,GK,false,
NGA_1994_agbonavbare,60,GK,false,
NGA_1994_okechukwu,80,DEF,false,
NGA_1994_nwanu,76,DEF,false,
NGA_1994_keshi,70,DEF,true,
NGA_1994_eguavoen,68,DEF,false,
NGA_1994_okafor,67,DEF,false,
NGA_1994_emenalo,67,DEF,false,
NGA_1994_ezeugo,60,DEF,false,
NGA_1994_iroha,60,DEF,false,
NGA_1994_george,84,MID,false,
NGA_1994_okocha,75,MID,false,
NGA_1994_amunike,69,MID,false,
NGA_1994_adepoju,67,MID,false,
NGA_1994_oliha,60,MID,false,
NGA_1994_oliseh,59,MID,false,
NGA_1994_yekini,88,FWD,false,
NGA_1994_amokachi,79,FWD,false,
NGA_1994_ikpeba,76,FWD,false,
NGA_1994_siasia,75,FWD,false,
NGA_1994_ekoku,60,FWD,false,
NOR_1994_thorstvedt,77,GK,false,
NOR_1994_grodas,57,GK,false,
NOR_1994_rise,53,GK,false,
NOR_1994_bj_rnebye,78,DEF,false,
NOR_1994_johnsen,76,DEF,false,
NOR_1994_bratseth,76,DEF,true,
NOR_1994_haaland,69,DEF,false,
NOR_1994_berg,65,DEF,false,
NOR_1994_halle,59,DEF,false,
NOR_1994_l_ken,57,DEF,false,
NOR_1994_nilsen,54,DEF,false,
NOR_1994_eggen,54,DEF,false,
NOR_1994_bohinen,70,MID,false,
NOR_1994_rekdal,61,MID,false,
NOR_1994_leonhardsen,57,MID,false,
NOR_1994_mykland,54,MID,false,
NOR_1994_strand,54,MID,false,
NOR_1994_fj_rtoft,58,FWD,false,
NOR_1994_jakobsen,58,FWD,false,
NOR_1994_flo,58,FWD,false,
NOR_1994_s_rloth,57,FWD,false,
NOR_1994_rushfeldt,52,FWD,false,
IRL_1994_bonner,79,GK,false,
IRL_1994_kelly,56,GK,false,
IRL_1994_irwin,80,DEF,false,
IRL_1994_phelan,80,DEF,false,
IRL_1994_kernaghan,80,DEF,false,
IRL_1994_mcgrath,78,DEF,false,
IRL_1994_staunton,75,DEF,false,
IRL_1994_kelly_2,71,DEF,false,
IRL_1994_moran,69,DEF,false,
IRL_1994_babb,57,DEF,false,
IRL_1994_whelan,79,MID,false,
IRL_1994_keane,79,MID,false,
IRL_1994_houghton,77,MID,false,
IRL_1994_townsend,76,MID,true,
IRL_1994_mcloughlin,58,MID,false,
IRL_1994_sheridan,58,MID,false,
IRL_1994_mcateer,54,MID,false,
IRL_1994_cascarino,81,FWD,false,
IRL_1994_mcgoldrick,78,FWD,false,
IRL_1994_kelly_3,73,FWD,false,
IRL_1994_aldridge,61,FWD,false,
IRL_1994_coyne,57,FWD,false,
ROU_1994_prunea,77,GK,false,
ROU_1994_stelea,61,GK,false,
ROU_1994_preda,59,GK,false,
ROU_1994_petrescu,79,DEF,false,
ROU_1994_belodedici,78,DEF,false,
ROU_1994_mihali,74,DEF,false,
ROU_1994_selymes,64,DEF,false,
ROU_1994_prodan,62,DEF,false,
ROU_1994_papura,56,DEF,false,
ROU_1994_hagi,91,MID,true,
ROU_1994_popescu,88,MID,false,
ROU_1994_lupescu,77,MID,false,
ROU_1994_munteanu,63,MID,false,
ROU_1994_panduru,60,MID,false,
ROU_1994_chirita,60,MID,false,
ROU_1994_galca,59,MID,false,
ROU_1994_stinga,57,MID,false,
ROU_1994_raducioiu,88,FWD,false,
ROU_1994_moldovan,72,FWD,false,
ROU_1994_dumitrescu,69,FWD,false,
ROU_1994_vladoiu,59,FWD,false,
ROU_1994_ivan,57,FWD,false,
RUS_1994_kharine,80,GK,true,
RUS_1994_cherchesov,56,GK,false,
RUS_1994_onopko,72,DEF,false,
RUS_1994_nikiforov,72,DEF,false,
RUS_1994_tetradze,72,DEF,false,
RUS_1994_ternavsky,71,DEF,false,
RUS_1994_kuznetsov,68,DEF,false,
RUS_1994_galiamin,66,DEF,false,
RUS_1994_gorlukovich,54,DEF,false,
RUS_1994_lediakhov,73,MID,false,
RUS_1994_karpin,72,MID,false,
RUS_1994_khlestov,71,MID,false,
RUS_1994_pyatnitsky,71,MID,false,
RUS_1994_tsymbalar,71,MID,false,
RUS_1994_borodyuk,65,MID,false,
RUS_1994_korneev,65,MID,false,
RUS_1994_mostovoi,53,MID,false,
RUS_1994_popov,53,MID,false,
RUS_1994_salenko,93,FWD,false,golden_boot
RUS_1994_yuran,70,FWD,false,
RUS_1994_beschastnykh,70,FWD,false,
RUS_1994_radchenko,57,FWD,false,
KSA_1994_al_deayea,67,GK,false,
KSA_1994_al_sadiq,59,GK,false,
KSA_1994_al_helwah,59,GK,false,
KSA_1994_jamil,81,DEF,false,
KSA_1994_al_jawad,77,DEF,false,
KSA_1994_al_khilaiwi,74,DEF,false,
KSA_1994_sulaiman,74,DEF,false,
KSA_1994_al_anazi,67,DEF,false,
KSA_1994_al_dosari,60,DEF,false,
KSA_1994_al_dawod,60,DEF,false,
KSA_1994_al_taifi,60,DEF,false,
KSA_1994_anwar,77,MID,false,
KSA_1994_al_bishi,75,MID,false,
KSA_1994_saleh,74,MID,false,
KSA_1994_massad,70,MID,false,
KSA_1994_al_owairan,68,MID,false,
KSA_1994_jebreen,58,MID,false,
KSA_1994_abdullah,78,FWD,true,
KSA_1994_al_jaber,70,FWD,false,
KSA_1994_al_ghesheyan,70,FWD,false,
KSA_1994_al_mehallel,67,FWD,false,
KSA_1994_idris,59,FWD,false,
KOR_1994_in_young,69,GK,true,
KOR_1994_woon_jae,66,GK,false,
KOR_1994_chul_woo,62,GK,false,
KOR_1994_myung_bo,88,DEF,false,
KOR_1994_sang_bum,66,DEF,false,
KOR_1994_hong_gi,66,DEF,false,
KOR_1994_pan_keun,57,DEF,false,
KOR_1994_jung_bae,57,DEF,false,
KOR_1994_jong_hwa,57,DEF,false,
KOR_1994_young_il,56,DEF,false,
KOR_1994_ik_soo,56,DEF,false,
KOR_1994_seok_ju,69,MID,false,
KOR_1994_jong_son,66,MID,false,
KOR_1994_young_jin,62,MID,false,
KOR_1994_jung_yoon,62,MID,false,
KOR_1994_moon_sik,62,MID,false,
KOR_1994_dae_shik,62,MID,false,
KOR_1994_jin_ho,57,MID,false,
KOR_1994_sun_hong,70,FWD,false,
KOR_1994_jung_won,62,FWD,false,
KOR_1994_joo_sung,62,FWD,false,
KOR_1994_jeong_woon,56,FWD,false,
ESP_1994_zubizarreta,84,GK,true,
ESP_1994_canizares,78,GK,false,
ESP_1994_lopetegui,61,GK,false,
ESP_1994_alkorta,85,DEF,false,
ESP_1994_ferrer,84,DEF,false,
ESP_1994_nadal,84,DEF,false,
ESP_1994_barjuan,80,DEF,false,
ESP_1994_camarasa,79,DEF,false,
ESP_1994_otero,70,DEF,false,
ESP_1994_voro,68,DEF,false,
ESP_1994_fernandez,60,DEF,false,
ESP_1994_caminero,86,MID,false,
ESP_1994_bakero,84,MID,false,
ESP_1994_goikoetxea,84,MID,false,
ESP_1994_hierro,83,MID,false,
ESP_1994_guardiola,81,MID,false,
ESP_1994_guerrero,72,MID,false,
ESP_1994_minambres,60,MID,false,
ESP_1994_salinas,85,FWD,false,
ESP_1994_enrique,82,FWD,false,
ESP_1994_begiristain,82,FWD,false,
ESP_1994_juanele,58,FWD,false,
SWE_1994_ravelli,84,GK,false,
SWE_1994_eriksson,69,GK,false,
SWE_1994_hedman,69,GK,false,
SWE_1994_ljung,84,DEF,false,
SWE_1994_andersson,83,DEF,false,
SWE_1994_nilsson,74,DEF,false,
SWE_1994_nilsson_2,72,DEF,false,
SWE_1994_kamark,72,DEF,false,
SWE_1994_bjorklund,70,DEF,false,
SWE_1994_erlingmark,69,DEF,false,
SWE_1994_lucic,67,DEF,false,
SWE_1994_limpar,85,MID,false,
SWE_1994_ingesson,85,MID,false,
SWE_1994_thern,83,MID,true,
SWE_1994_schwarz,82,MID,false,
SWE_1994_mild,72,MID,false,
SWE_1994_rehn,69,MID,false,
SWE_1994_blomqvist,62,MID,false,
SWE_1994_andersson_2,87,FWD,false,
SWE_1994_dahlin,86,FWD,false,
SWE_1994_brolin,81,FWD,false,
SWE_1994_larsson,81,FWD,false,
SUI_1994_pascolo,64,GK,false,
SUI_1994_brunner,63,GK,false,
SUI_1994_lehmann,56,GK,false,
SUI_1994_geiger,66,DEF,true,
SUI_1994_ohrel,63,DEF,false,
SUI_1994_hottiger,62,DEF,false,
SUI_1994_egli,59,DEF,false,
SUI_1994_quentin,59,DEF,false,
SUI_1994_studer,58,DEF,false,
SUI_1994_rueda,55,DEF,false,
SUI_1994_sforza,73,MID,false,
SUI_1994_bregy,69,MID,false,
SUI_1994_sutter,68,MID,false,
SUI_1994_herr,62,MID,false,
SUI_1994_bickel,61,MID,false,
SUI_1994_wyss,57,MID,false,
SUI_1994_sylvestre,56,MID,false,
SUI_1994_fournier,52,MID,false,
SUI_1994_chapuisat,82,FWD,false,
SUI_1994_knup,79,FWD,false,
SUI_1994_grassi,56,FWD,false,
SUI_1994_subiat,55,FWD,false,
UNI_1994_meola,78,GK,true,
UNI_1994_friedel,67,GK,false,
UNI_1994_sommer,60,GK,false,
UNI_1994_kooiman,77,DEF,false,
UNI_1994_caligiuri,72,DEF,false,
UNI_1994_balboa,72,DEF,false,
UNI_1994_lapper,72,DEF,false,
UNI_1994_lalas,68,DEF,false,
UNI_1994_clavijo,61,DEF,false,
UNI_1994_burns,61,DEF,false,
UNI_1994_ramos,81,MID,false,
UNI_1994_perez,72,MID,false,
UNI_1994_harkes,68,MID,false,
UNI_1994_jones,68,MID,false,
UNI_1994_sorber,67,MID,false,
UNI_1994_dooley,61,MID,false,
UNI_1994_reyna,59,MID,false,
UNI_1994_wynalda,75,FWD,false,
UNI_1994_stewart,68,FWD,false,
UNI_1994_klopas,67,FWD,false,
UNI_1994_wegerle,61,FWD,false,
UNI_1994_moore,61,FWD,false,
ARG_1998_roa,79,GK,false,
ARG_1998_burgos,78,GK,false,
ARG_1998_cavallero,61,GK,false,
ARG_1998_zanetti,88,DEF,false,
ARG_1998_ayala,79,DEF,false,
ARG_1998_chamot,78,DEF,false,
ARG_1998_sensini,76,DEF,false,
ARG_1998_pineda,71,DEF,false,
ARG_1998_paz,62,DEF,false,
ARG_1998_vivas,62,DEF,false,
ARG_1998_simeone,85,MID,true,
ARG_1998_ortega,83,MID,false,
ARG_1998_gallardo,79,MID,false,
ARG_1998_astrada,76,MID,false,
ARG_1998_berti,76,MID,false,
ARG_1998_almeyda,74,MID,false,
ARG_1998_veron,69,MID,false,
ARG_1998_batistuta,92,FWD,false,
ARG_1998_balbo,79,FWD,false,
ARG_1998_lopez,78,FWD,false,
ARG_1998_crespo,73,FWD,false,
ARG_1998_delgado,60,FWD,false,
AUT_1998_konsel,71,GK,false,
AUT_1998_wohlfahrt,70,GK,false,
AUT_1998_knaller,60,GK,false,
AUT_1998_feiersinger,75,DEF,false,
AUT_1998_hiden,72,DEF,false,
AUT_1998_pfeffer,71,DEF,false,
AUT_1998_schottel,59,DEF,false,
AUT_1998_kogler,58,DEF,false,
AUT_1998_herzog,76,MID,false,
AUT_1998_kuhbauer,72,MID,false,
AUT_1998_pfeifenberger,71,MID,false,
AUT_1998_cerny,59,MID,false,
AUT_1998_stoger,57,MID,false,
AUT_1998_schopp,57,MID,false,
AUT_1998_heraf,55,MID,false,
AUT_1998_amerhauser,55,MID,false,
AUT_1998_wetl,54,MID,false,
AUT_1998_mahlich,54,MID,false,
AUT_1998_polster,71,FWD,true,
AUT_1998_vastic,57,FWD,false,
AUT_1998_reinmayr,55,FWD,false,
AUT_1998_haas,53,FWD,false,
BEL_1998_wilde,73,GK,false,
BEL_1998_verlinden,69,GK,false,
BEL_1998_walle,53,GK,false,
BEL_1998_staelens,75,DEF,false,
BEL_1998_crasson,74,DEF,false,
BEL_1998_boeck,72,DEF,false,
BEL_1998_deflandre,71,DEF,false,
BEL_1998_borkelmans,70,DEF,false,
BEL_1998_meir,58,DEF,false,
BEL_1998_vidovic,58,DEF,false,
BEL_1998_verstraeten,54,DEF,false,
BEL_1998_wilmots,77,MID,false,
BEL_1998_scifo,74,MID,false,
BEL_1998_elst,73,MID,true,
BEL_1998_kerckhoven,59,MID,false,
BEL_1998_boffin,56,MID,false,
BEL_1998_clement,56,MID,false,
BEL_1998_nilis,78,FWD,false,
BEL_1998_oliveira,71,FWD,false,
BEL_1998_verheyen,70,FWD,false,
BEL_1998_mpenza,64,FWD,false,
BEL_1998_mpenza_2,61,FWD,false,
BRA_1998_taffarel,87,GK,false,
BRA_1998_dida,82,GK,false,
BRA_1998_germano,75,GK,false,
BRA_1998_cafu,91,DEF,false,
BRA_1998_carlos,86,DEF,false,
BRA_1998_cruz,86,DEF,false,
BRA_1998_baiano,84,DEF,false,
BRA_1998_aldair,83,DEF,false,
BRA_1998_carlos_2,79,DEF,false,
BRA_1998_goncalves,74,DEF,false,
BRA_1998_rivaldo,94,MID,false,
BRA_1998_sampaio,88,MID,false,
BRA_1998_leonardo,86,MID,false,
BRA_1998_giovanni,84,MID,false,
BRA_1998_dunga,82,MID,true,
BRA_1998_roberto,79,MID,false,
BRA_1998_doriva,79,MID,false,
BRA_1998_denilson,78,MID,false,
BRA_1998_emerson,77,MID,false,
BRA_1998_ronaldo,98,FWD,false,golden_ball
BRA_1998_bebeto,85,FWD,false,
BRA_1998_edmundo,81,FWD,false,
BUL_1998_mihaylov,67,GK,false,
BUL_1998_zdravkov,58,GK,false,
BUL_1998_ivanov,63,DEF,true,
BUL_1998_kishishev,58,DEF,false,
BUL_1998_zafirov,57,DEF,false,
BUL_1998_ginchev,55,DEF,false,
BUL_1998_kirilov,55,DEF,false,
BUL_1998_petkov,55,DEF,false,
BUL_1998_yankov,74,MID,false,
BUL_1998_balakov,73,MID,false,
BUL_1998_yordanov,72,MID,false,
BUL_1998_hristov,64,MID,false,
BUL_1998_borimirov,60,MID,false,
BUL_1998_iliev,56,MID,false,
BUL_1998_petkov_2,54,MID,false,
BUL_1998_nankov,53,MID,false,
BUL_1998_stoilov,52,MID,false,
BUL_1998_stoichkov,84,FWD,false,
BUL_1998_kostadinov,64,FWD,false,
BUL_1998_penev,60,FWD,false,
BUL_1998_ivanov_2,53,FWD,false,
BUL_1998_bachev,52,FWD,false,
CMR_1998_songo_o,73,GK,false,
CMR_1998_boukar,63,GK,false,
CMR_1998_andem,62,GK,false,
CMR_1998_njanka,66,DEF,false,
CMR_1998_song,63,DEF,false,
CMR_1998_kalla,62,DEF,false,
CMR_1998_wome,57,DEF,false,
CMR_1998_pensee,57,DEF,false,
CMR_1998_abanda,57,DEF,false,
CMR_1998_lauren,56,DEF,false,
CMR_1998_elanga,56,DEF,false,
CMR_1998_angibeaud,70,MID,false,
CMR_1998_simo,68,MID,false,
CMR_1998_olembe,67,MID,false,
CMR_1998_mahouve,62,MID,false,
CMR_1998_ndo,56,MID,false,
CMR_1998_tchami,77,FWD,false,
CMR_1998_omam_biyik,73,FWD,true,
CMR_1998_job,73,FWD,false,
CMR_1998_mboma,63,FWD,false,
CMR_1998_ipoua,63,FWD,false,
CMR_1998_eto_o,56,FWD,false,
CHI_1998_tapia,70,GK,false,
CHI_1998_ramirez,67,GK,false,
CHI_1998_tejas,55,GK,false,
CHI_1998_margas,71,DEF,false,
CHI_1998_ramirez_2,71,DEF,false,
CHI_1998_fuentes,70,DEF,false,
CHI_1998_reyes,70,DEF,false,
CHI_1998_rojas,70,DEF,false,
CHI_1998_castaneda,69,DEF,false,
CHI_1998_aros,69,DEF,false,
CHI_1998_villarroel,59,DEF,false,
CHI_1998_sierra,74,MID,false,
CHI_1998_cornejo,72,MID,false,
CHI_1998_estay,70,MID,false,
CHI_1998_acuna,69,MID,false,
CHI_1998_musrri,69,MID,false,
CHI_1998_parraguez,68,MID,false,
CHI_1998_vega,59,MID,false,
CHI_1998_zamorano,88,FWD,true,
CHI_1998_salas,88,FWD,false,
CHI_1998_barrera,73,FWD,false,
CHI_1998_neira,66,FWD,false,
COL_1998_cordoba,74,GK,false,
COL_1998_mondragon,72,GK,false,
COL_1998_calero,66,GK,false,
COL_1998_bermudez,73,DEF,false,
COL_1998_santa,69,DEF,false,
COL_1998_moreno,59,DEF,false,
COL_1998_cabrera,57,DEF,false,
COL_1998_palacios,55,DEF,false,
COL_1998_cordoba_2,53,DEF,false,
COL_1998_rincon,76,MID,false,
COL_1998_serna,71,MID,false,
COL_1998_estrada,67,MID,false,
COL_1998_valderrama,58,MID,true,
COL_1998_perez,58,MID,false,
COL_1998_lozano,53,MID,false,
COL_1998_bolano,53,MID,false,
COL_1998_avila,77,FWD,false,
COL_1998_asprilla,76,FWD,false,
COL_1998_aristizabal,75,FWD,false,
COL_1998_preciado,57,FWD,false,
COL_1998_valencia,56,FWD,false,
COL_1998_ricard,55,FWD,false,
CRO_1998_ladic,84,GK,false,
CRO_1998_mrmic,77,GK,false,
CRO_1998_vasilj,70,GK,false,
CRO_1998_jarni,83,DEF,false,
CRO_1998_bilic,82,DEF,false,
CRO_1998_tudor,71,DEF,false,
CRO_1998_seric,70,DEF,false,
CRO_1998_simic,70,DEF,false,
CRO_1998_stimac,69,DEF,false,
CRO_1998_juric,66,DEF,false,
CRO_1998_boban,88,MID,true,
CRO_1998_prosinecki,88,MID,false,
CRO_1998_asanovic,81,MID,false,
CRO_1998_soldo,81,MID,false,
CRO_1998_stanic,78,MID,false,
CRO_1998_jurcic,67,MID,false,
CRO_1998_maric,67,MID,false,
CRO_1998_mamic,66,MID,false,
CRO_1998_suker,96,FWD,false,golden_boot
CRO_1998_vlaovic,86,FWD,false,
CRO_1998_kozniku,63,FWD,false,
CRO_1998_krpan,62,FWD,false,
DEN_1998_schmeichel,89,GK,false,
DEN_1998_kj_r,60,GK,false,
DEN_1998_krogh,59,GK,false,
DEN_1998_rieper,85,DEF,false,
DEN_1998_helveg,80,DEF,false,
DEN_1998_h_gh,78,DEF,false,
DEN_1998_heintze,75,DEF,false,
DEN_1998_laursen,67,DEF,false,
DEN_1998_schj_nberg,64,DEF,false,
DEN_1998_colding,60,DEF,false,
DEN_1998_henriksen,60,DEF,false,
DEN_1998_laudrup,90,MID,true,
DEN_1998_nielsen,80,MID,false,
DEN_1998_wieghorst,74,MID,false,
DEN_1998_j_rgensen,73,MID,false,
DEN_1998_goldb_k,68,MID,false,
DEN_1998_frandsen,60,MID,false,
DEN_1998_t_fting,59,MID,false,
DEN_1998_laudrup_2,89,FWD,false,
DEN_1998_molnar,78,FWD,false,
DEN_1998_m_ller,75,FWD,false,
DEN_1998_sand,63,FWD,false,
ENG_1998_seaman,81,GK,false,
ENG_1998_martyn,72,GK,false,
ENG_1998_flowers,68,GK,false,
ENG_1998_adams,82,DEF,false,
ENG_1998_keown,80,DEF,false,
ENG_1998_neville,79,DEF,false,
ENG_1998_saux,79,DEF,false,
ENG_1998_southgate,78,DEF,false,
ENG_1998_campbell,73,DEF,false,
ENG_1998_ferdinand,69,DEF,false,
ENG_1998_beckham,83,MID,false,
ENG_1998_scholes,83,MID,false,
ENG_1998_mcmanaman,80,MID,false,
ENG_1998_ince,79,MID,false,
ENG_1998_anderton,77,MID,false,
ENG_1998_batty,77,MID,false,
ENG_1998_lee,73,MID,false,
ENG_1998_merson,57,MID,false,
ENG_1998_owen,84,FWD,false,
ENG_1998_shearer,84,FWD,true,
ENG_1998_sheringham,81,FWD,false,
ENG_1998_ferdinand_2,71,FWD,false,
FRY_1998_kralj,60,GK,false,
FRY_1998_lekovic,59,GK,false,
FRY_1998_mirkovic,78,DEF,false,
FRY_1998_ukic,74,DEF,false,
FRY_1998_mihajlovic,72,DEF,false,
FRY_1998_komljenovic,71,DEF,false,
FRY_1998_saveljic,70,DEF,false,
FRY_1998_orovic,68,DEF,false,
FRY_1998_petrovic,57,DEF,false,
FRY_1998_savicevic,88,MID,false,
FRY_1998_jugovic,75,MID,false,
FRY_1998_drulovic,74,MID,false,
FRY_1998_brnovic,73,MID,false,
FRY_1998_stojkovic,71,MID,true,
FRY_1998_stankovic,62,MID,false,
FRY_1998_stevic,60,MID,false,
FRY_1998_jokanovic,59,MID,false,
FRY_1998_govedarica,57,MID,false,
FRY_1998_mijatovic,88,FWD,false,
FRY_1998_milosevic,75,FWD,false,
FRY_1998_kovacevic,75,FWD,false,
FRY_1998_ognjenovic,65,FWD,false,
FRA_1998_barthez,95,GK,false,golden_glove
FRA_1998_lama,80,GK,false,
FRA_1998_charbonnier,70,GK,false,
FRA_1998_thuram,93,DEF,false,
FRA_1998_lizarazu,90,DEF,false,
FRA_1998_blanc,89,DEF,false,
FRA_1998_desailly,88,DEF,false,
FRA_1998_leboeuf,87,DEF,false,
FRA_1998_candela,83,DEF,false,
FRA_1998_zidane,99,MID,false,
FRA_1998_deschamps,91,MID,true,
FRA_1998_petit,90,MID,false,
FRA_1998_djorkaeff,89,MID,false,
FRA_1998_karembeu,87,MID,false,
FRA_1998_vieira,84,MID,false,
FRA_1998_pires,80,MID,false,
FRA_1998_boghossian,79,MID,false,
FRA_1998_diomede,78,MID,false,
FRA_1998_henry,83,FWD,false,
FRA_1998_dugarry,82,FWD,false,
FRA_1998_trezeguet,79,FWD,false,
FRA_1998_guivarc_h,73,FWD,false,
GER_1998_kopke,88,GK,false,
GER_1998_kahn,87,GK,false,
GER_1998_lehmann,80,GK,false,
GER_1998_matthaus,85,DEF,false,
GER_1998_tarnat,85,DEF,false,
GER_1998_kohler,84,DEF,false,
GER_1998_reuter,84,DEF,false,
GER_1998_heinrich,84,DEF,false,
GER_1998_ziege,82,DEF,false,
GER_1998_helmer,82,DEF,false,
GER_1998_babbel,81,DEF,false,
GER_1998_thon,76,DEF,false,
GER_1998_worns,75,DEF,false,
GER_1998_moller,84,MID,false,
GER_1998_freund,84,MID,false,
GER_1998_hamann,81,MID,false,
GER_1998_jeremies,67,MID,false,
GER_1998_ha_ler,64,MID,false,
GER_1998_klinsmann,84,FWD,true,
GER_1998_bierhoff,80,FWD,false,
GER_1998_kirsten,77,FWD,false,
GER_1998_marschall,68,FWD,false,
IRN_1998_abedzadeh,78,GK,true,
IRN_1998_boroumand,66,GK,false,
IRN_1998_nakisa,65,GK,false,
IRN_1998_zarincheh,74,DEF,false,
IRN_1998_shahroudi,73,DEF,false,
IRN_1998_peyrovani,71,DEF,false,
IRN_1998_saadavi,65,DEF,false,
IRN_1998_pashazadeh,65,DEF,false,
IRN_1998_khakpour,63,DEF,false,
IRN_1998_ostad_asadi,57,DEF,false,
IRN_1998_mohammadkhani,57,DEF,false,
IRN_1998_mahdavikia,73,MID,false,
IRN_1998_mansourian,71,MID,false,
IRN_1998_minavand,70,MID,false,
IRN_1998_estili,65,MID,false,
IRN_1998_bagheri,58,MID,false,
IRN_1998_dinmohammadi,58,MID,false,
IRN_1998_hamedani,57,MID,false,
IRN_1998_azizi,70,FWD,false,
IRN_1998_daei,64,FWD,false,
IRN_1998_seraj,57,FWD,false,
IRN_1998_latifi,56,FWD,false,
ITA_1998_pagliuca,86,GK,false,
ITA_1998_buffon,85,GK,false,
ITA_1998_toldo,78,GK,false,
ITA_1998_maldini,88,DEF,true,
ITA_1998_cannavaro,86,DEF,false,
ITA_1998_pessotto,84,DEF,false,
ITA_1998_torricelli,83,DEF,false,
ITA_1998_bergomi,82,DEF,false,
ITA_1998_costacurta,82,DEF,false,
ITA_1998_nesta,78,DEF,false,
ITA_1998_albertini,84,MID,false,
ITA_1998_matteo,82,MID,false,
ITA_1998_livio,82,MID,false,
ITA_1998_moriero,80,MID,false,
ITA_1998_biagio,78,MID,false,
ITA_1998_cois,76,MID,false,
ITA_1998_baggio,76,MID,false,
ITA_1998_baggio_2,90,FWD,false,
ITA_1998_vieri,89,FWD,false,
ITA_1998_inzaghi,80,FWD,false,
ITA_1998_piero,79,FWD,false,
ITA_1998_chiesa,72,FWD,false,
JAM_1998_barrett,71,GK,true,
JAM_1998_lawrence,63,GK,false,
JAM_1998_ricketts,56,GK,false,
JAM_1998_sinclair,78,DEF,false,
JAM_1998_dixon,70,DEF,false,
JAM_1998_malcolm,67,DEF,false,
JAM_1998_brown,66,DEF,false,
JAM_1998_goodison,63,DEF,false,
JAM_1998_sewell,63,DEF,false,
JAM_1998_gardner,57,DEF,false,
JAM_1998_whitmore,73,MID,false,
JAM_1998_cargill,62,MID,false,
JAM_1998_simpson,62,MID,false,
JAM_1998_dawes,62,MID,false,
JAM_1998_earle,57,MID,false,
JAM_1998_powell,56,MID,false,
JAM_1998_boyd,67,FWD,false,
JAM_1998_lowe,67,FWD,false,
JAM_1998_gayle,62,FWD,false,
JAM_1998_williams,57,FWD,false,
JAM_1998_hall,57,FWD,false,
JAM_1998_burton,57,FWD,false,
JPN_1998_kawaguchi,63,GK,false,
JPN_1998_kojima,62,GK,false,
JPN_1998_narazaki,57,GK,false,
JPN_1998_soma,78,DEF,false,
JPN_1998_akita,73,DEF,false,
JPN_1998_narahashi,73,DEF,false,
JPN_1998_ihara,72,DEF,true,
JPN_1998_omura,63,DEF,false,
JPN_1998_nakanishi,63,DEF,false,
JPN_1998_saito,57,DEF,false,
JPN_1998_yamaguchi,67,MID,false,
JPN_1998_morishima,66,MID,false,
JPN_1998_nanami,66,MID,false,
JPN_1998_hattori,63,MID,false,
JPN_1998_hirano,63,MID,false,
JPN_1998_nakata,57,MID,false,
JPN_1998_ito,57,MID,false,
JPN_1998_ono,56,MID,false,
JPN_1998_nakayama,67,FWD,false,
JPN_1998_okano,63,FWD,false,
JPN_1998_lopes,57,FWD,false,
JPN_1998_jo,57,FWD,false,
MEX_1998_campos,82,GK,false,
MEX_1998_sanchez,67,GK,false,
MEX_1998_perez,67,GK,false,
MEX_1998_suarez,76,DEF,false,
MEX_1998_carmona,75,DEF,false,
MEX_1998_davino,74,DEF,false,
MEX_1998_terrazas,71,DEF,false,
MEX_1998_sanchez_2,70,DEF,false,
MEX_1998_aspe,80,MID,true,
MEX_1998_ramirez,75,MID,false,
MEX_1998_lara,70,MID,false,
MEX_1998_luna,70,MID,false,
MEX_1998_arellano,70,MID,false,
MEX_1998_villa,70,MID,false,
MEX_1998_ordiales,64,MID,false,
MEX_1998_pardo,60,MID,false,
MEX_1998_bernal,60,MID,false,
MEX_1998_hernandez,88,FWD,false,
MEX_1998_blanco,82,FWD,false,
MEX_1998_pelaez,71,FWD,false,
MEX_1998_palencia,68,FWD,false,
MEX_1998_garcia,62,FWD,false,
MAR_1998_brazi,64,GK,false,
MAR_1998_benzekri,63,GK,false,
MAR_1998_chadili,63,GK,false,
MAR_1998_hadrioui,79,DEF,false,
MAR_1998_khalej,75,DEF,false,
MAR_1998_naybet,74,DEF,true,
MAR_1998_saber,73,DEF,false,
MAR_1998_rossi,70,DEF,false,
MAR_1998_abrami,63,DEF,false,
MAR_1998_sellami,63,DEF,false,
MAR_1998_neqrouz,57,DEF,false,
MAR_1998_triki,57,DEF,false,
MAR_1998_chippo,74,MID,false,
MAR_1998_hadji,74,MID,false,
MAR_1998_azzouzi,63,MID,false,
MAR_1998_chiba,58,MID,false,
MAR_1998_amzine,57,MID,false,
MAR_1998_elkhattabi,57,MID,false,
MAR_1998_bassir,71,FWD,false,
MAR_1998_hadda,64,FWD,false,
MAR_1998_rokki,57,FWD,false,
MAR_1998_ouakili,57,FWD,false,
NED_1998_sar,85,GK,false,
NED_1998_goey,76,GK,false,
NED_1998_hesp,74,GK,false,
NED_1998_boer,88,DEF,true,
NED_1998_reiziger,84,DEF,false,
NED_1998_bogarde,83,DEF,false,
NED_1998_numan,79,DEF,false,
NED_1998_bronckhorst,77,DEF,false,
NED_1998_stam,77,DEF,false,
NED_1998_ooijer,76,DEF,false,
NED_1998_davids,88,MID,false,
NED_1998_seedorf,88,MID,false,
NED_1998_boer_2,87,MID,false,
NED_1998_overmars,86,MID,false,
NED_1998_winter,85,MID,false,
NED_1998_cocu,83,MID,false,
NED_1998_jonk,77,MID,false,
NED_1998_zenden,76,MID,false,
NED_1998_bergkamp,91,FWD,false,
NED_1998_kluivert,88,FWD,false,
NED_1998_hooijdonk,79,FWD,false,
NED_1998_hasselbaink,78,FWD,false,
NGA_1998_rufai,70,GK,false,
NGA_1998_okpara,60,GK,false,
NGA_1998_baruwa,59,GK,false,
NGA_1998_west,80,DEF,false,
NGA_1998_okechukwu,78,DEF,true,
NGA_1998_babayaro,76,DEF,false,
NGA_1998_okpara_2,71,DEF,false,
NGA_1998_iroha,61,DEF,false,
NGA_1998_eguavoen,61,DEF,false,
NGA_1998_okafor,61,DEF,false,
NGA_1998_oparaku,60,DEF,false,
NGA_1998_oliseh,88,MID,false,
NGA_1998_babangida,82,MID,false,
NGA_1998_okocha,80,MID,false,
NGA_1998_george,79,MID,false,
NGA_1998_adepoju,78,MID,false,
NGA_1998_oruma,70,MID,false,
NGA_1998_lawal,60,MID,false,
NGA_1998_kanu,82,FWD,false,
NGA_1998_ikpeba,79,FWD,false,
NGA_1998_amokachi,78,FWD,false,
NGA_1998_yekini,78,FWD,false,
NOR_1998_grodas,78,GK,true,
NOR_1998_myhre,72,GK,false,
NOR_1998_baardsen,71,GK,false,
NOR_1998_bj_rnebye,84,DEF,false,
NOR_1998_berg,83,DEF,false,
NOR_1998_johnsen,80,DEF,false,
NOR_1998_halle,74,DEF,false,
NOR_1998_eggen,74,DEF,false,
NOR_1998_riseth,56,DEF,false,
NOR_1998_hoftun,56,DEF,false,
NOR_1998_heggem,55,DEF,false,
NOR_1998_leonhardsen,82,MID,false,
NOR_1998_rekdal,74,MID,false,
NOR_1998_mykland,69,MID,false,
NOR_1998_jakobsen,60,MID,false,
NOR_1998_solbakken,59,MID,false,
NOR_1998_strand,57,MID,false,
NOR_1998_flo,84,FWD,false,
NOR_1998_solskj_r,79,FWD,false,
NOR_1998_flo_2,79,FWD,false,
NOR_1998_stenstad,70,FWD,false,
NOR_1998_flo_3,57,FWD,false,
PAR_1998_chilavert,65,GK,true,
PAR_1998_diaz,57,GK,false,
PAR_1998_aceval,55,GK,false,
PAR_1998_ayala,80,DEF,false,
PAR_1998_arce,79,DEF,false,
PAR_1998_gamarra,77,DEF,false,
PAR_1998_sarabia,76,DEF,false,
PAR_1998_caniza,71,DEF,false,
PAR_1998_rivarola,60,DEF,false,
PAR_1998_rojas,58,DEF,false,
PAR_1998_aguilera,57,DEF,false,
PAR_1998_yegros,71,MID,false,
PAR_1998_paredes,67,MID,false,
PAR_1998_acuna,63,MID,false,
PAR_1998_morales,59,MID,false,
PAR_1998_campos,57,MID,false,
PAR_1998_enciso,56,MID,false,
PAR_1998_ramirez,72,FWD,false,
PAR_1998_benitez,71,FWD,false,
PAR_1998_cardozo,69,FWD,false,
PAR_1998_rojas_2,60,FWD,false,
PAR_1998_brizuela,55,FWD,false,
ROU_1998_stelea,63,GK,false,
ROU_1998_prunea,58,GK,false,
ROU_1998_stangaciu,53,GK,false,
ROU_1998_petrescu,84,DEF,false,
ROU_1998_popescu,77,DEF,false,
ROU_1998_selymes,75,DEF,false,
ROU_1998_dulca,60,DEF,false,
ROU_1998_dobos,59,DEF,false,
ROU_1998_ciobotariu,57,DEF,false,
ROU_1998_hagi,84,MID,true,
ROU_1998_stinga,73,MID,false,
ROU_1998_filipescu,73,MID,false,
ROU_1998_munteanu,71,MID,false,
ROU_1998_galca,68,MID,false,
ROU_1998_marinescu,59,MID,false,
ROU_1998_popescu_2,57,MID,false,
ROU_1998_ilie,80,FWD,false,
ROU_1998_craioveanu,73,FWD,false,
ROU_1998_moldovan,65,FWD,false,
ROU_1998_dumitrescu,62,FWD,false,
ROU_1998_lacatus,59,FWD,false,
ROU_1998_niculescu,55,FWD,false,
KSA_1998_al_deayea,61,GK,false,
KSA_1998_al_sadiq,60,GK,false,
KSA_1998_al_antaif,57,GK,false,
KSA_1998_al_khilaiwi,71,DEF,false,
KSA_1998_jamil,70,DEF,false,
KSA_1998_sheliah,68,DEF,false,
KSA_1998_abdulghani,68,DEF,false,
KSA_1998_al_dokhi,66,DEF,false,
KSA_1998_al_janoubi,65,DEF,false,
KSA_1998_al_thunayan,77,MID,true,
KSA_1998_mater,73,MID,false,
KSA_1998_al_owairan,73,MID,false,
KSA_1998_massad,71,MID,false,
KSA_1998_saleh,70,MID,false,
KSA_1998_zubromawi,68,MID,false,
KSA_1998_suwayed,66,MID,false,
KSA_1998_al_temyat,65,MID,false,
KSA_1998_anwar,61,MID,false,
KSA_1998_al_jaber,73,FWD,false,
KSA_1998_al_owairan_2,60,FWD,false,
KSA_1998_al_mehallel,59,FWD,false,
KSA_1998_al_dosari,58,FWD,false,
SCO_1998_leighton,73,GK,false,
SCO_1998_gould,72,GK,false,
SCO_1998_sullivan,56,GK,false,
SCO_1998_boyd,73,DEF,false,
SCO_1998_hendry,73,DEF,true,
SCO_1998_calderwood,72,DEF,false,
SCO_1998_mckinlay,70,DEF,false,
SCO_1998_whyte,66,DEF,false,
SCO_1998_elliott,64,DEF,false,
SCO_1998_weir,54,DEF,false,
SCO_1998_dailly,52,DEF,false,
SCO_1998_burley,79,MID,false,
SCO_1998_collins,76,MID,false,
SCO_1998_gemmill,74,MID,false,
SCO_1998_lambert,72,MID,false,
SCO_1998_mcnamara,70,MID,false,
SCO_1998_mckinlay_2,69,MID,false,
SCO_1998_jackson,74,FWD,false,
SCO_1998_donnelly,72,FWD,false,
SCO_1998_durie,71,FWD,false,
SCO_1998_gallacher,69,FWD,false,
SCO_1998_booth,55,FWD,false,
RSA_1998_baloyi,67,GK,false,
RSA_1998_vonk,63,GK,false,
RSA_1998_,63,GK,false,
RSA_1998__2,57,GK,false,
RSA_1998_radebe,79,DEF,true,
RSA_1998_issa,71,DEF,false,
RSA_1998_fish,67,DEF,false,
RSA_1998_nyathi,63,DEF,false,
RSA_1998_jackson,63,DEF,false,
RSA_1998_mnguni,57,DEF,false,
RSA_1998_fortune,80,MID,false,
RSA_1998_moshoeu,73,MID,false,
RSA_1998_khumalo,63,MID,false,
RSA_1998_mkhalele,63,MID,false,
RSA_1998_mokoena,58,MID,false,
RSA_1998_morula,57,MID,false,
RSA_1998_phiri,56,MID,false,
RSA_1998_mccarthy,78,FWD,false,
RSA_1998_bartlett,68,FWD,false,
RSA_1998_masinga,63,FWD,false,
RSA_1998_augustine,58,FWD,false,
RSA_1998_sikhosana,57,FWD,false,
RSA_1998_buckley,57,FWD,false,
KOR_1998_byung_ji,71,GK,false,
KOR_1998_dong_myung,63,GK,false,
KOR_1998_myung_bo,68,DEF,false,
KOR_1998_young_il,68,DEF,true,
KOR_1998_min_sung,67,DEF,false,
KOR_1998_tae_young,63,DEF,false,
KOR_1998_lim_saeng,63,DEF,false,
KOR_1998_hyung_seok,58,DEF,false,
KOR_1998_sang_hun,58,DEF,false,
KOR_1998_dae_il,57,DEF,false,
KOR_1998_seok_ju,72,MID,false,
KOR_1998_sang_chul,71,MID,false,
KOR_1998_jung_yoon,63,MID,false,
KOR_1998_sang_yoon,63,MID,false,
KOR_1998_sung_yong,57,MID,false,
KOR_1998_do_keun,57,MID,false,
KOR_1998_jong_soo,57,MID,false,
KOR_1998_jung_won,76,FWD,false,
KOR_1998_sun_hong,67,FWD,false,
KOR_1998_do_hoon,63,FWD,false,
KOR_1998_yong_soo,63,FWD,false,
KOR_1998_dong_gook,57,FWD,false,
ESP_1998_zubizarreta,79,GK,true,
ESP_1998_canizares,78,GK,false,
ESP_1998_molina,78,GK,false,
ESP_1998_abelardo,79,DEF,false,
ESP_1998_ferrer,78,DEF,false,
ESP_1998_nadal,77,DEF,false,
ESP_1998_sergi,77,DEF,false,
ESP_1998_aguilera,75,DEF,false,
ESP_1998_alkorta,73,DEF,false,
ESP_1998_aranzabal,71,DEF,false,
ESP_1998_campo,53,DEF,false,
ESP_1998_hierro,83,MID,false,
ESP_1998_enrique,83,MID,false,
ESP_1998_amor,78,MID,false,
ESP_1998_celades,74,MID,false,
ESP_1998_guerrero,71,MID,false,
ESP_1998_morientes,80,FWD,false,
ESP_1998_kiko,80,FWD,false,
ESP_1998_raul,78,FWD,false,
ESP_1998_pizzi,78,FWD,false,
ESP_1998_alfonso,70,FWD,false,
ESP_1998_etxeberria,68,FWD,false,
TUN_1998_ouaer,70,GK,false,
TUN_1998_salhi,63,GK,false,
TUN_1998_boumnijel,56,GK,false,
TUN_1998_thabet,74,DEF,false,
TUN_1998_badra,70,DEF,false,
TUN_1998_trabelsi,68,DEF,true,
TUN_1998_chouchane,63,DEF,false,
TUN_1998_jaballah,63,DEF,false,
TUN_1998_boukadida,57,DEF,false,
TUN_1998_clayton,57,DEF,false,
TUN_1998_trabelsi_2,57,DEF,false,
TUN_1998_baya,78,MID,false,
TUN_1998_chihi,74,MID,false,
TUN_1998_ahmed,70,MID,false,
TUN_1998_souayah,64,MID,false,
TUN_1998_ghodhbane,63,MID,false,
TUN_1998_bouazizi,57,MID,false,
TUN_1998_melki,57,MID,false,
TUN_1998_slimane,73,FWD,false,
TUN_1998_sellimi,64,FWD,false,
TUN_1998_jelassi,63,FWD,false,
TUN_1998_younes,56,FWD,false,
UNI_1998_keller,81,GK,false,
UNI_1998_friedel,80,GK,false,
UNI_1998_sommer,58,GK,false,
UNI_1998_balboa,67,DEF,false,
UNI_1998_lalas,67,DEF,false,
UNI_1998_agoos,67,DEF,false,
UNI_1998_burns,67,DEF,false,
UNI_1998_regis,57,DEF,false,
UNI_1998_pope,57,DEF,false,
UNI_1998_hejduk,56,DEF,false,
UNI_1998_reyna,74,MID,false,
UNI_1998_deering,72,MID,false,
UNI_1998_jones,64,MID,false,
UNI_1998_dooley,64,MID,true,
UNI_1998_ramos,64,MID,false,
UNI_1998_stewart,64,MID,false,
UNI_1998_radosavljevic,56,MID,false,
UNI_1998_maisonneuve,56,MID,false,
UNI_1998_wynalda,64,FWD,false,
UNI_1998_moore,64,FWD,false,
UNI_1998_mcbride,63,FWD,false,
UNI_1998_wegerle,58,FWD,false,
ARG_2002_cavallero,78,GK,false,
ARG_2002_burgos,77,GK,false,
ARG_2002_bonano,75,GK,false,
ARG_2002_zanetti,79,DEF,false,
ARG_2002_pochettino,77,DEF,false,
ARG_2002_chamot,76,DEF,false,
ARG_2002_ayala,76,DEF,false,
ARG_2002_placente,71,DEF,false,
ARG_2002_samuel,70,DEF,false,
ARG_2002_sorin,57,DEF,false,
ARG_2002_veron,79,MID,false,
ARG_2002_ortega,78,MID,false,
ARG_2002_simeone,75,MID,false,
ARG_2002_gallardo,72,MID,false,
ARG_2002_aimar,72,MID,false,
ARG_2002_husain,72,MID,false,
ARG_2002_gonzalez,71,MID,false,
ARG_2002_almeyda,70,MID,false,
ARG_2002_lopez,70,MID,false,
ARG_2002_crespo,78,FWD,false,
ARG_2002_batistuta,77,FWD,true,
ARG_2002_lopez_2,76,FWD,false,
ARG_2002_caniggia,72,FWD,false,
BEL_2002_vlieger,61,GK,false,
BEL_2002_herpoel,56,GK,false,
BEL_2002_vandendriessche,55,GK,false,
BEL_2002_boeck,80,DEF,false,
BEL_2002_kerckhoven,79,DEF,false,
BEL_2002_heyden,76,DEF,false,
BEL_2002_deflandre,74,DEF,false,
BEL_2002_buyten,73,DEF,false,
BEL_2002_meir,71,DEF,false,
BEL_2002_peeters,55,DEF,false,
BEL_2002_walem,74,MID,false,
BEL_2002_vanderhaeghe,73,MID,false,
BEL_2002_vermant,73,MID,false,
BEL_2002_simons,72,MID,false,
BEL_2002_englebert,71,MID,false,
BEL_2002_goor,70,MID,false,
BEL_2002_boffin,57,MID,false,
BEL_2002_thijs,54,MID,false,
BEL_2002_wilmots,83,FWD,true,
BEL_2002_verheyen,79,FWD,false,
BEL_2002_sonck,60,FWD,false,
BEL_2002_mpenza,58,FWD,false,
BEL_2002_strupar,55,FWD,false,
BRA_2002_marcos,90,GK,false,
BRA_2002_dida,89,GK,false,
BRA_2002_ceni,80,GK,false,
BRA_2002_cafu,92,DEF,true,
BRA_2002_carlos,92,DEF,false,
BRA_2002_edmilson,88,DEF,false,
BRA_2002_junior,88,DEF,false,
BRA_2002_junior_2,87,DEF,false,
BRA_2002_belletti,85,DEF,false,
BRA_2002_lucio,83,DEF,false,
BRA_2002_polga,78,DEF,false,
BRA_2002_rivaldo,97,MID,false,
BRA_2002_ronaldinho,96,MID,false,
BRA_2002_kaka,90,MID,false,
BRA_2002_paulista,84,MID,false,
BRA_2002_vampeta,84,MID,false,
BRA_2002_ricardinho,81,MID,false,
BRA_2002_silva,78,MID,false,
BRA_2002_kleberson,76,MID,false,
BRA_2002_ronaldo,99,FWD,false,golden_boot
BRA_2002_denilson,83,FWD,false,
BRA_2002_edilson,75,FWD,false,
BRA_2002_luizao,75,FWD,false,
CMR_2002_boukar,64,GK,false,
CMR_2002_songo_o,57,GK,false,
CMR_2002_kameni,56,GK,false,
CMR_2002_mettomo,79,DEF,false,
CMR_2002_geremi,77,DEF,false,
CMR_2002_wome,72,DEF,false,
CMR_2002_song,71,DEF,true,
CMR_2002_njanka,69,DEF,false,
CMR_2002_kalla,63,DEF,false,
CMR_2002_tchato,57,DEF,false,
CMR_2002_lauren,78,MID,false,
CMR_2002_olembe,75,MID,false,
CMR_2002_foe,74,MID,false,
CMR_2002_djemba_djemba,65,MID,false,
CMR_2002_n_do,63,MID,false,
CMR_2002_kome,57,MID,false,
CMR_2002_epalle,56,MID,false,
CMR_2002_alnoudji,56,MID,false,
CMR_2002_m_boma,71,FWD,false,
CMR_2002_eto_o,63,FWD,false,
CMR_2002_job,63,FWD,false,
CMR_2002_n_diefi,57,FWD,false,
CMR_2002_suffo,57,FWD,false,
CHI_2002_jin,67,GK,false,
CHI_2002_chuliang,63,GK,false,
CHI_2002_qi,56,GK,false,
CHI_2002_jihai,80,DEF,false,
CHI_2002_enhua,69,DEF,false,
CHI_2002_chengying,67,DEF,false,
CHI_2002_weifeng,67,DEF,false,
CHI_2002_zhiyi,63,DEF,false,
CHI_2002_yunlong,63,DEF,false,
CHI_2002_pu,57,DEF,false,
CHI_2002_wei,57,DEF,false,
CHI_2002_mingyu,71,MID,true,
CHI_2002_tie,67,MID,false,
CHI_2002_hong,64,MID,false,
CHI_2002_xiaopeng,63,MID,false,
CHI_2002_genwei,57,MID,false,
CHI_2002_junzhe,57,MID,false,
CHI_2002_yao,57,MID,false,
CHI_2002_jiayi,56,MID,false,
CHI_2002_chen,75,FWD,false,
CHI_2002_haidong,64,FWD,false,
CHI_2002_maozhen,64,FWD,false,
CHI_2002_bo,56,FWD,false,
CRC_2002_lonnis,68,GK,true,
CRC_2002_mesen,67,GK,false,
CRC_2002_morgan,67,GK,false,
CRC_2002_wright,74,DEF,false,
CRC_2002_drummond,72,DEF,false,
CRC_2002_wallace,68,DEF,false,
CRC_2002_marin,67,DEF,false,
CRC_2002_martinez,67,DEF,false,
CRC_2002_castro,66,DEF,false,
CRC_2002_chinchilla,63,DEF,false,
CRC_2002_vallejos,63,DEF,false,
CRC_2002_rodriguez,57,DEF,false,
CRC_2002_lopez,74,MID,false,
CRC_2002_centeno,74,MID,false,
CRC_2002_cordero,70,MID,false,
CRC_2002_medford,68,MID,false,
CRC_2002_solis,68,MID,false,
CRC_2002_wanchope,82,FWD,false,
CRC_2002_fonseca,71,FWD,false,
CRC_2002_bryce,70,FWD,false,
CRC_2002_sunsing,67,FWD,false,
CRC_2002_gomez,65,FWD,false,
CRC_2002_parks,63,FWD,false,
CRO_2002_pletikosa,67,GK,false,
CRO_2002_butina,66,GK,false,
CRO_2002_vasilj,63,GK,false,
CRO_2002_simic,78,DEF,false,
CRO_2002_kovac,75,DEF,false,
CRO_2002_zivkovic,72,DEF,false,
CRO_2002_jarni,72,DEF,false,
CRO_2002_saric,67,DEF,false,
CRO_2002_simunic,63,DEF,false,
CRO_2002_seric,58,DEF,false,
CRO_2002_tomas,58,DEF,false,
CRO_2002_stanic,78,MID,false,
CRO_2002_rapaic,78,MID,false,
CRO_2002_kovac_2,77,MID,false,
CRO_2002_prosinecki,71,MID,false,
CRO_2002_soldo,70,MID,false,
CRO_2002_vranjes,70,MID,false,
CRO_2002_suker,85,FWD,true,
CRO_2002_balaban,72,FWD,false,
CRO_2002_vlaovic,71,FWD,false,
CRO_2002_olic,59,FWD,false,
CRO_2002_vugrinec,55,FWD,false,
CRO_2002_boksic,55,FWD,false,
DEN_2002_s_rensen,68,GK,false,
DEN_2002_kj_r,63,GK,false,
DEN_2002_christiansen,55,GK,false,
DEN_2002_helveg,84,DEF,false,
DEN_2002_laursen,80,DEF,false,
DEN_2002_jensen,80,DEF,false,
DEN_2002_heintze,78,DEF,true,
DEN_2002_b_gelund,70,DEF,false,
DEN_2002_henriksen,68,DEF,false,
DEN_2002_lustu,57,DEF,false,
DEN_2002_gr_nkj_r,81,MID,false,
DEN_2002_rommedahl,77,MID,false,
DEN_2002_gravesen,75,MID,false,
DEN_2002_j_rgensen,69,MID,false,
DEN_2002_michaelsen,69,MID,false,
DEN_2002_poulsen,67,MID,false,
DEN_2002_nielsen,59,MID,false,
DEN_2002_t_fting,58,MID,false,
DEN_2002_jensen_2,55,MID,false,
DEN_2002_tomasson,84,FWD,false,
DEN_2002_sand,80,FWD,false,
DEN_2002_l_venkrands,71,FWD,false,
DEN_2002_madsen,55,FWD,false,
ECU_2002_cevallos,61,GK,false,
ECU_2002_ibarra,53,GK,false,
ECU_2002_viteri,53,GK,false,
ECU_2002_cruz,60,DEF,false,
ECU_2002_hurtado,59,DEF,false,
ECU_2002_ayovi,59,DEF,false,
ECU_2002_poroso,56,DEF,false,
ECU_2002_espinoza,55,DEF,false,
ECU_2002_guerron,54,DEF,false,
ECU_2002_ayovi_2,53,DEF,false,
ECU_2002_aguinaga,62,MID,true,
ECU_2002_chala,60,MID,false,
ECU_2002_sanchez,57,MID,false,
ECU_2002_obregon,57,MID,false,
ECU_2002_gomez,56,MID,false,
ECU_2002_tenorio,54,MID,false,
ECU_2002_burbano,53,MID,false,
ECU_2002_delgado,69,FWD,false,
ECU_2002_fernandez,59,FWD,false,
ECU_2002_kaviedes,59,FWD,false,
ECU_2002_mendez,58,FWD,false,
ECU_2002_asencio,57,FWD,false,
ECU_2002_tenorio_2,52,FWD,false,
ENG_2002_seaman,82,GK,false,
ENG_2002_james,76,GK,false,
ENG_2002_martyn,75,GK,false,
ENG_2002_campbell,85,DEF,false,
ENG_2002_keown,83,DEF,false,
ENG_2002_brown,82,DEF,false,
ENG_2002_cole,80,DEF,false,
ENG_2002_southgate,80,DEF,false,
ENG_2002_ferdinand,79,DEF,false,
ENG_2002_mills,74,DEF,false,
ENG_2002_bridge,72,DEF,false,
ENG_2002_beckham,88,MID,true,
ENG_2002_scholes,88,MID,false,
ENG_2002_butt,84,MID,false,
ENG_2002_hargreaves,79,MID,false,
ENG_2002_dyer,76,MID,false,
ENG_2002_cole_2,74,MID,false,
ENG_2002_sinclair,74,MID,false,
ENG_2002_owen,89,FWD,false,
ENG_2002_heskey,84,FWD,false,
ENG_2002_fowler,79,FWD,false,
ENG_2002_sheringham,72,FWD,false,
ENG_2002_vassell,71,FWD,false,
FRA_2002_barthez,84,GK,false,
FRA_2002_coupet,72,GK,false,
FRA_2002_rame,67,GK,false,
FRA_2002_thuram,82,DEF,false,
FRA_2002_desailly,80,DEF,true,
FRA_2002_lizarazu,78,DEF,false,
FRA_2002_silvestre,77,DEF,false,
FRA_2002_sagnol,75,DEF,false,
FRA_2002_christanval,74,DEF,false,
FRA_2002_leboeuf,72,DEF,false,
FRA_2002_candela,72,DEF,false,
FRA_2002_vieira,79,MID,false,
FRA_2002_zidane,78,MID,false,
FRA_2002_petit,78,MID,false,
FRA_2002_makelele,77,MID,false,
FRA_2002_djorkaeff,73,MID,false,
FRA_2002_boghossian,69,MID,false,
FRA_2002_micoud,67,MID,false,
FRA_2002_wiltord,79,FWD,false,
FRA_2002_henry,77,FWD,false,
FRA_2002_trezeguet,77,FWD,false,
FRA_2002_dugarry,71,FWD,false,
FRA_2002_cisse,62,FWD,false,
GER_2002_kahn,98,GK,true,golden_ball|golden_glove
GER_2002_lehmann,83,GK,false,
GER_2002_butt,78,GK,false,
GER_2002_linke,88,DEF,false,
GER_2002_metzelder,85,DEF,false,
GER_2002_kehl,84,DEF,false,
GER_2002_ziege,84,DEF,false,
GER_2002_baumann,79,DEF,false,
GER_2002_rehmer,77,DEF,false,
GER_2002_ballack,87,MID,false,
GER_2002_hamann,86,MID,false,
GER_2002_jeremies,86,MID,false,
GER_2002_ricken,85,MID,false,
GER_2002_schneider,85,MID,false,
GER_2002_bode,83,MID,false,
GER_2002_ramelow,78,MID,false,
GER_2002_bohme,77,MID,false,
GER_2002_frings,76,MID,false,
GER_2002_klose,94,FWD,false,
GER_2002_jancker,86,FWD,false,
GER_2002_neuville,84,FWD,false,
GER_2002_bierhoff,81,FWD,false,
GER_2002_asamoah,75,FWD,false,
ITA_2002_buffon,85,GK,false,
ITA_2002_toldo,80,GK,false,
ITA_2002_abbiati,70,GK,false,
ITA_2002_maldini,92,DEF,true,
ITA_2002_cannavaro,86,DEF,false,
ITA_2002_zambrotta,84,DEF,false,
ITA_2002_materazzi,82,DEF,false,
ITA_2002_iuliano,80,DEF,false,
ITA_2002_coco,79,DEF,false,
ITA_2002_nesta,79,DEF,false,
ITA_2002_panucci,76,DEF,false,
ITA_2002_biagio,81,MID,false,
ITA_2002_gattuso,79,MID,false,
ITA_2002_zanetti,77,MID,false,
ITA_2002_doni,74,MID,false,
ITA_2002_livio,73,MID,false,
ITA_2002_tommasi,72,MID,false,
ITA_2002_vieri,89,FWD,false,
ITA_2002_piero,87,FWD,false,
ITA_2002_inzaghi,83,FWD,false,
ITA_2002_totti,73,FWD,false,
ITA_2002_montella,72,FWD,false,
ITA_2002_delvecchio,70,FWD,false,
JPN_2002_kawaguchi,78,GK,false,
JPN_2002_sogahata,75,GK,false,
JPN_2002_narazaki,60,GK,false,
JPN_2002_nakata,78,DEF,false,
JPN_2002_akita,70,DEF,false,
JPN_2002_morioka,68,DEF,false,
JPN_2002_miyamoto,68,DEF,true,
JPN_2002_hattori,68,DEF,false,
JPN_2002_matsuda,67,DEF,false,
JPN_2002_inamoto,84,MID,false,
JPN_2002_ono,78,MID,false,
JPN_2002_nakata_2,75,MID,false,
JPN_2002_ogasawara,74,MID,false,
JPN_2002_morishima,70,MID,false,
JPN_2002_fukunishi,61,MID,false,
JPN_2002_toda,61,MID,false,
JPN_2002_ichikawa,60,MID,false,
JPN_2002_myojin,60,MID,false,
JPN_2002_santos,60,MID,false,
JPN_2002_suzuki,74,FWD,false,
JPN_2002_yanagisawa,70,FWD,false,
JPN_2002_nakayama,61,FWD,false,
JPN_2002_nishizawa,60,FWD,false,
MEX_2002_campos,80,GK,false,
MEX_2002_perez,70,GK,false,
MEX_2002_sanchez,70,GK,false,
MEX_2002_marquez,79,DEF,true,
MEX_2002_carmona,75,DEF,false,
MEX_2002_brown,74,DEF,false,
MEX_2002_vidrio,61,DEF,false,
MEX_2002_anda,61,DEF,false,
MEX_2002_rodriguez,60,DEF,false,
MEX_2002_torrado,80,MID,false,
MEX_2002_garcia,75,MID,false,
MEX_2002_villa,70,MID,false,
MEX_2002_morales,70,MID,false,
MEX_2002_aspe,61,MID,false,
MEX_2002_luna,61,MID,false,
MEX_2002_rodriguez_2,60,MID,false,
MEX_2002_mercado,60,MID,false,
MEX_2002_caballero,59,MID,false,
MEX_2002_blanco,84,FWD,false,
MEX_2002_palencia,74,FWD,false,
MEX_2002_hernandez,70,FWD,false,
MEX_2002_borgetti,69,FWD,false,
MEX_2002_arellano,68,FWD,false,
NGA_2002_shorunmu,63,GK,false,
NGA_2002_ejide,57,GK,false,
NGA_2002_enyeama,57,GK,false,
NGA_2002_babayaro,78,DEF,false,
NGA_2002_okoronkwo,72,DEF,false,
NGA_2002_yobo,71,DEF,false,
NGA_2002_west,70,DEF,false,
NGA_2002_afolabi,65,DEF,false,
NGA_2002_sodje,62,DEF,false,
NGA_2002_udeze,57,DEF,false,
NGA_2002_ejiofor,56,DEF,false,
NGA_2002_okocha,88,MID,true,
NGA_2002_ikedia,79,MID,false,
NGA_2002_utaka,65,MID,false,
NGA_2002_adepoju,64,MID,false,
NGA_2002_lawal,63,MID,false,
NGA_2002_obiorah,57,MID,false,
NGA_2002_christopher,57,MID,false,
NGA_2002_opabunmi,56,MID,false,
NGA_2002_kanu,88,FWD,false,
NGA_2002_aghahowa,74,FWD,false,
NGA_2002_ogbeche,71,FWD,false,
NGA_2002_akwuegbu,57,FWD,false,
PAR_2002_chilavert,71,GK,true,
PAR_2002_tavarelli,68,GK,false,
PAR_2002_villar,56,GK,false,
PAR_2002_sarabia,80,DEF,false,
PAR_2002_arce,79,DEF,false,
PAR_2002_ayala,78,DEF,false,
PAR_2002_franco,72,DEF,false,
PAR_2002_caceres,70,DEF,false,
PAR_2002_gamarra,67,DEF,false,
PAR_2002_caniza,64,DEF,false,
PAR_2002_sanabria,55,DEF,false,
PAR_2002_paredes,78,MID,false,
PAR_2002_acuna,63,MID,false,
PAR_2002_struway,59,MID,false,
PAR_2002_gavilan,59,MID,false,
PAR_2002_alvarenga,59,MID,false,
PAR_2002_bonet,59,MID,false,
PAR_2002_morinigo,57,MID,false,
PAR_2002_cruz,79,FWD,false,
PAR_2002_cuevas,77,FWD,false,
PAR_2002_baez,73,FWD,false,
PAR_2002_cardozo,69,FWD,false,
PAR_2002_campos,69,FWD,false,
POL_2002_dudek,77,GK,false,
POL_2002_matysek,55,GK,false,
POL_2002_majdan,54,GK,false,
POL_2002_wa_doch,74,DEF,true,
POL_2002_hajto,73,DEF,false,
POL_2002_rzasa,73,DEF,false,
POL_2002_bak,71,DEF,false,
POL_2002_k_os,71,DEF,false,
POL_2002_zielinski,66,DEF,false,
POL_2002_g_owacki,65,DEF,false,
POL_2002_murawski,64,DEF,false,
POL_2002_zew_akow,56,DEF,false,
POL_2002_swierczewski,76,MID,false,
POL_2002_kozminski,59,MID,false,
POL_2002_ka_uzny,58,MID,false,
POL_2002_bak_2,58,MID,false,
POL_2002_sibik,55,MID,false,
POL_2002_krysza_owicz,74,FWD,false,
POL_2002_olisadebe,70,FWD,false,
POL_2002_kucharski,65,FWD,false,
POL_2002_zurawski,63,FWD,false,
POL_2002_zew_akow_2,59,FWD,false,
POL_2002_krzynowek,58,FWD,false,
POR_2002_baia,75,GK,false,
POR_2002_pereira,74,GK,false,
POR_2002_ricardo,67,GK,false,
POR_2002_xavier,77,DEF,false,
POR_2002_jorge,75,DEF,false,
POR_2002_beto,74,DEF,false,
POR_2002_couto,74,DEF,true,
POR_2002_costa,73,DEF,false,
POR_2002_caneira,70,DEF,false,
POR_2002_andrade,70,DEF,false,
POR_2002_frechaut,55,DEF,false,
POR_2002_costa_2,88,MID,false,
POR_2002_figo,85,MID,false,
POR_2002_conceicao,78,MID,false,
POR_2002_capucho,75,MID,false,
POR_2002_bento,74,MID,false,
POR_2002_viana,73,MID,false,
POR_2002_barbosa,73,MID,false,
POR_2002_sousa,72,MID,false,
POR_2002_petit,58,MID,false,
POR_2002_pinto,76,FWD,false,
POR_2002_gomes,75,FWD,false,
POR_2002_pauleta,74,FWD,false,
IRL_2002_given,75,GK,false,
IRL_2002_kelly,68,GK,false,
IRL_2002_kiely,56,GK,false,
IRL_2002_dunne,80,DEF,false,
IRL_2002_staunton,78,DEF,true,
IRL_2002_kelly_2,74,DEF,false,
IRL_2002_harte,74,DEF,false,
IRL_2002_finnan,73,DEF,false,
IRL_2002_o_brien,72,DEF,false,
IRL_2002_breen,69,DEF,false,
IRL_2002_cunningham,61,DEF,false,
IRL_2002_,82,MID,false,
IRL_2002_carsley,74,MID,false,
IRL_2002_duff,72,MID,false,
IRL_2002_mcateer,70,MID,false,
IRL_2002_kilbane,68,MID,false,
IRL_2002_holland,66,MID,false,
IRL_2002_reid,58,MID,false,
IRL_2002_kinsella,57,MID,false,
IRL_2002_keane,80,FWD,false,
IRL_2002_quinn,72,FWD,false,
IRL_2002_morrison,68,FWD,false,
IRL_2002_connolly,59,FWD,false,
RUS_2002_nigmatullin,58,GK,false,
RUS_2002_filimonov,57,GK,false,
RUS_2002_cherchesov,53,GK,false,
RUS_2002_nikiforov,75,DEF,false,
RUS_2002_solomatin,72,DEF,false,
RUS_2002_kovtun,71,DEF,false,
RUS_2002_dayev,71,DEF,false,
RUS_2002_onopko,62,DEF,true,
RUS_2002_sennikov,55,DEF,false,
RUS_2002_chugainov,54,DEF,false,
RUS_2002_titov,74,MID,false,
RUS_2002_khokhlov,74,MID,false,
RUS_2002_alenichev,73,MID,false,
RUS_2002_semak,71,MID,false,
RUS_2002_karpin,69,MID,false,
RUS_2002_smertin,69,MID,false,
RUS_2002_mostovoi,68,MID,false,
RUS_2002_izmailov,53,MID,false,
RUS_2002_semshov,52,MID,false,
RUS_2002_beschastnykh,75,FWD,false,
RUS_2002_kerzhakov,72,FWD,false,
RUS_2002_sychev,68,FWD,false,
RUS_2002_pimenov,53,FWD,false,
KSA_2002_al_deayea,70,GK,false,
KSA_2002_al_khojali,67,GK,false,
KSA_2002_zaid,63,GK,false,
KSA_2002_al_dokhi,74,DEF,false,
KSA_2002_abdulghani,73,DEF,false,
KSA_2002_zubromawi,68,DEF,false,
KSA_2002_sheliah,68,DEF,false,
KSA_2002_al_harthi,68,DEF,false,
KSA_2002_al_shehri,67,DEF,false,
KSA_2002_al_thagafi,66,DEF,false,
KSA_2002_tukar,58,DEF,false,
KSA_2002_al_temyat,74,MID,false,
KSA_2002_al_owairan,70,MID,false,
KSA_2002_suwayed,70,MID,false,
KSA_2002_noor,68,MID,false,
KSA_2002_al_ghamdi,67,MID,false,
KSA_2002_al_shalhoub,67,MID,false,
KSA_2002_al_waked,59,MID,false,
KSA_2002_al_khathran,57,MID,false,
KSA_2002_al_jaber,78,FWD,true,
KSA_2002_al_dosari,70,FWD,false,
KSA_2002_al_jumaan,67,FWD,false,
KSA_2002_al_yami,65,FWD,false,
SEN_2002_sylva,83,GK,false,
SEN_2002_diallo,68,GK,false,
SEN_2002_cissokho,67,GK,false,
SEN_2002_diatta,82,DEF,false,
SEN_2002_coly,79,DEF,false,
SEN_2002_beye,75,DEF,false,
SEN_2002_n_dour,75,DEF,false,
SEN_2002_cisse,69,DEF,true,
SEN_2002_daf,69,DEF,false,
SEN_2002_diop,68,DEF,false,
SEN_2002_diop_2,87,MID,false,
SEN_2002_fadiga,82,MID,false,
SEN_2002_n_diaye,79,MID,false,
SEN_2002_sarr,78,MID,false,
SEN_2002_faye,75,MID,false,
SEN_2002_n_diaye_2,75,MID,false,
SEN_2002_diao,68,MID,false,
SEN_2002_n_diaye_3,68,MID,false,
SEN_2002_camara,79,FWD,false,
SEN_2002_camara_2,76,FWD,false,
SEN_2002_diouf,75,FWD,false,
SEN_2002_thiaw,75,FWD,false,
SEN_2002_traore,67,FWD,false,
SVN_2002_simeunovic,73,GK,false,
SVN_2002_nemec,72,GK,false,
SVN_2002_dabanovic,57,GK,false,
SVN_2002_knavs,72,DEF,false,
SVN_2002_bulajic,67,DEF,false,
SVN_2002_karic,59,DEF,false,
SVN_2002_galic,58,DEF,false,
SVN_2002_milinovic,53,DEF,false,
SVN_2002_gajser,53,DEF,false,
SVN_2002_vugdalic,53,DEF,false,
SVN_2002_sankovic,52,DEF,false,
SVN_2002_,75,MID,false,
SVN_2002_pavlin,72,MID,false,
SVN_2002_ceh,72,MID,false,
SVN_2002_pavlovic,68,MID,false,
SVN_2002_ceh_2,61,MID,true,
SVN_2002_novak,58,MID,false,
SVN_2002_tavcar,58,MID,false,
SVN_2002_acimovic,69,FWD,false,
SVN_2002_rudonja,59,FWD,false,
SVN_2002_osterc,59,FWD,false,
SVN_2002_cimirotic,57,FWD,false,
SVN_2002_tiganj,56,FWD,false,
RSA_2002_arendse,64,GK,false,
RSA_2002_vonk,63,GK,false,
RSA_2002_marlin,57,GK,false,
RSA_2002_radebe,78,DEF,true,
RSA_2002_carnell,73,DEF,false,
RSA_2002_nzama,63,DEF,false,
RSA_2002_issa,63,DEF,false,
RSA_2002_molefe,58,DEF,false,
RSA_2002_mokoena,57,DEF,false,
RSA_2002_lekgetho,57,DEF,false,
RSA_2002_fortune,83,MID,false,
RSA_2002_pienaar,76,MID,false,
RSA_2002_zuma,70,MID,false,
RSA_2002_mokoena_2,64,MID,false,
RSA_2002_mukansi,64,MID,false,
RSA_2002_mngomeni,63,MID,false,
RSA_2002_buckley,58,MID,false,
RSA_2002_sibaya,58,MID,false,
RSA_2002_mnguni,57,MID,false,
RSA_2002_pule,56,MID,false,
RSA_2002_mccarthy,79,FWD,false,
RSA_2002_nomvethe,73,FWD,false,
RSA_2002_koumantarakis,68,FWD,false,
KOR_2002_woon_jae,88,GK,false,
KOR_2002_byung_ji,68,GK,false,
KOR_2002_eun_sung,68,GK,false,
KOR_2002_myung_bo,83,DEF,true,
KOR_2002_tae_young,79,DEF,false,
KOR_2002_min_sung,78,DEF,false,
KOR_2002_young_pyo,75,DEF,false,
KOR_2002_jin_cheul,68,DEF,false,
KOR_2002_young_min,68,DEF,false,
KOR_2002_ji_sung,84,MID,false,
KOR_2002_sang_chul,82,MID,false,
KOR_2002_chong_gug,79,MID,false,
KOR_2002_eul_yong,76,MID,false,
KOR_2002_sung_yong,75,MID,false,
KOR_2002_jong_hwan,75,MID,false,
KOR_2002_nam_il,68,MID,false,
KOR_2002_ki_hyeon,84,FWD,false,
KOR_2002_yong_soo,76,FWD,false,
KOR_2002_jung_hwan,75,FWD,false,
KOR_2002_sun_hong,75,FWD,false,
KOR_2002_chun_soo,67,FWD,false,
KOR_2002_tae_uk,67,FWD,false,
KOR_2002_du_ri,67,FWD,false,
ESP_2002_casillas,87,GK,false,
ESP_2002_ricardo,77,GK,false,
ESP_2002_contreras,61,GK,false,
ESP_2002_hierro,88,DEF,true,
ESP_2002_puyol,83,DEF,false,
ESP_2002_torres,74,DEF,false,
ESP_2002_romero,70,DEF,false,
ESP_2002_juanfran,69,DEF,false,
ESP_2002_nadal,62,DEF,false,
ESP_2002_helguera,85,MID,false,
ESP_2002_xavi,83,MID,false,
ESP_2002_enrique,82,MID,false,
ESP_2002_mendieta,80,MID,false,
ESP_2002_baraja,80,MID,false,
ESP_2002_pedro,79,MID,false,
ESP_2002_albelda,76,MID,false,
ESP_2002_sergio,73,MID,false,
ESP_2002_joaquin,72,MID,false,
ESP_2002_valeron,70,MID,false,
ESP_2002_raul,88,FWD,false,
ESP_2002_morientes,86,FWD,false,
ESP_2002_tristan,72,FWD,false,
ESP_2002_luque,57,FWD,false,
SWE_2002_hedman,70,GK,false,
SWE_2002_kihlstedt,67,GK,false,
SWE_2002_isaksson,54,GK,false,
SWE_2002_andersson,85,DEF,true,
SWE_2002_mjallby,78,DEF,false,
SWE_2002_mellberg,76,DEF,false,
SWE_2002_antonelius,72,DEF,false,
SWE_2002_lucic,64,DEF,false,
SWE_2002_jakobsson,58,DEF,false,
SWE_2002_svensson,58,DEF,false,
SWE_2002_edman,57,DEF,false,
SWE_2002_ljungberg,79,MID,false,
SWE_2002_alexandersson,78,MID,false,
SWE_2002_linderoth,75,MID,false,
SWE_2002_farnerud,74,MID,false,
SWE_2002_svensson_2,72,MID,false,
SWE_2002_andersson_2,60,MID,false,
SWE_2002_jonson,59,MID,false,
SWE_2002_svensson_3,54,MID,false,
SWE_2002_larsson,88,FWD,false,
SWE_2002_ibrahimovic,78,FWD,false,
SWE_2002_andersson_3,60,FWD,false,
SWE_2002_allback,57,FWD,false,
TUN_2002_boumnijel,59,GK,false,
TUN_2002_el_jaouachi,58,GK,false,
TUN_2002_bejaoui,57,GK,false,
TUN_2002_trabelsi,79,DEF,false,
TUN_2002_thabet,74,DEF,false,
TUN_2002_badra,72,DEF,true,
TUN_2002_jaidi,72,DEF,false,
TUN_2002_bouzaiene,71,DEF,false,
TUN_2002_clayton,66,DEF,false,
TUN_2002_mkacher,58,DEF,false,
TUN_2002_mkademi,58,DEF,false,
TUN_2002_marzouki,57,DEF,false,
TUN_2002_baya,76,MID,false,
TUN_2002_gabsi,74,MID,false,
TUN_2002_melki,66,MID,false,
TUN_2002_ghodhbane,64,MID,false,
TUN_2002_bouazizi,63,MID,false,
TUN_2002_benachour,57,MID,false,
TUN_2002_mhedhebi,71,FWD,false,
TUN_2002_sellimi,68,FWD,false,
TUN_2002_zitouni,66,FWD,false,
TUN_2002_jaziri,64,FWD,false,
TUN_2002_jelassi,57,FWD,false,
TUR_2002_recber,85,GK,false,
TUR_2002_catk_c,70,GK,false,
TUR_2002_ozgultekin,70,GK,false,
TUR_2002_akyel,85,DEF,false,
TUR_2002_korkmaz,83,DEF,false,
TUR_2002_ozalan,83,DEF,false,
TUR_2002_as_k,83,DEF,false,
TUR_2002_ozat,82,DEF,false,
TUR_2002_unsal,74,DEF,false,
TUR_2002_davala,85,MID,false,
TUR_2002_ercan,85,MID,false,
TUR_2002_belozoglu,84,MID,false,
TUR_2002_buruk,84,MID,false,
TUR_2002_havutcu,79,MID,false,
TUR_2002_penbe,78,MID,false,
TUR_2002_basturk,78,MID,false,
TUR_2002_kerimoglu,75,MID,false,
TUR_2002_izzet,74,MID,false,
TUR_2002_sas,84,FWD,false,
TUR_2002_mans_z,83,FWD,false,
TUR_2002_erdem,83,FWD,false,
TUR_2002_kahveci,80,FWD,false,
TUR_2002_sukur,79,FWD,true,
UNI_2002_friedel,85,GK,false,
UNI_2002_keller,77,GK,false,
UNI_2002_meola,68,GK,false,
UNI_2002_pope,81,DEF,false,
UNI_2002_sanneh,78,DEF,false,
UNI_2002_berhalter,78,DEF,false,
UNI_2002_mastroeni,77,DEF,false,
UNI_2002_agoos,72,DEF,false,
UNI_2002_cherundolo,70,DEF,false,
UNI_2002_regis,70,DEF,false,
UNI_2002_llamosa,70,DEF,false,
UNI_2002_reyna,89,MID,true,
UNI_2002_o_brien,85,MID,false,
UNI_2002_lewis,81,MID,false,
UNI_2002_hejduk,78,MID,false,
UNI_2002_stewart,76,MID,false,
UNI_2002_jones,70,MID,false,
UNI_2002_beasley,70,MID,false,
UNI_2002_donovan,85,FWD,false,
UNI_2002_mcbride,83,FWD,false,
UNI_2002_mathis,81,FWD,false,
UNI_2002_moore,78,FWD,false,
UNI_2002_wolff,67,FWD,false,
URU_2002_carini,78,GK,false,
URU_2002_munua,67,GK,false,
URU_2002_elduayen,64,GK,false,
URU_2002_montero,82,DEF,true,
URU_2002_sorondo,76,DEF,false,
URU_2002_mendez,70,DEF,false,
URU_2002_rodriguez,69,DEF,false,
URU_2002_lembo,69,DEF,false,
URU_2002_bizera,63,DEF,false,
URU_2002_recoba,84,MID,false,
URU_2002_guigou,72,MID,false,
URU_2002_santos,70,MID,false,
URU_2002_regueiro,57,MID,false,
URU_2002_garcia,55,MID,false,
URU_2002_o_neill,54,MID,false,
URU_2002_romero,52,MID,false,
URU_2002_forlan,82,FWD,false,
URU_2002_morales,71,FWD,false,
URU_2002_olivera,70,FWD,false,
URU_2002_abreu,65,FWD,false,
URU_2002_varela,63,FWD,false,
URU_2002_silva,57,FWD,false,
URU_2002_magallanes,56,FWD,false,
ANG_2006_ricardo,63,GK,false,
ANG_2006_hipolito,62,GK,false,
ANG_2006_lama,57,GK,false,
ANG_2006_marques,77,DEF,false,
ANG_2006_jamba,67,DEF,false,
ANG_2006_delgado,66,DEF,false,
ANG_2006_kali,63,DEF,false,
ANG_2006_lebo,57,DEF,false,
ANG_2006_airosa,57,DEF,false,
ANG_2006_loco,56,DEF,false,
ANG_2006_abreu,56,DEF,false,
ANG_2006_macanga,67,MID,false,
ANG_2006_mendonca,66,MID,false,
ANG_2006_miloy,63,MID,false,
ANG_2006_figueiredo,62,MID,false,
ANG_2006_nobre,57,MID,false,
ANG_2006_kalanga,56,MID,false,
ANG_2006_mantorras,73,FWD,false,
ANG_2006_flavio,73,FWD,false,
ANG_2006_akwa,72,FWD,true,
ANG_2006_love,63,FWD,false,
ANG_2006_buengo,63,FWD,false,
ANG_2006_mateus,57,FWD,false,
ARG_2006_abbondanzieri,86,GK,false,
ARG_2006_franco,85,GK,false,
ARG_2006_ustari,72,GK,false,
ARG_2006_sorin,84,DEF,true,
ARG_2006_burdisso,83,DEF,false,
ARG_2006_ayala,83,DEF,false,
ARG_2006_heinze,82,DEF,false,
ARG_2006_cufre,77,DEF,false,
ARG_2006_coloccini,69,DEF,false,
ARG_2006_scaloni,69,DEF,false,
ARG_2006_milito,62,DEF,false,
ARG_2006_riquelme,88,MID,false,
ARG_2006_rodriguez,86,MID,false,
ARG_2006_cambiasso,85,MID,false,
ARG_2006_gonzalez,80,MID,false,
ARG_2006_mascherano,77,MID,false,
ARG_2006_aimar,77,MID,false,
ARG_2006_crespo,88,FWD,false,
ARG_2006_messi,86,FWD,false,
ARG_2006_saviola,84,FWD,false,
ARG_2006_cruz,81,FWD,false,
ARG_2006_tevez,77,FWD,false,
ARG_2006_palacio,72,FWD,false,
AUS_2006_schwarzer,83,GK,false,
AUS_2006_kalac,82,GK,false,
AUS_2006_covic,60,GK,false,
AUS_2006_moore,80,DEF,false,
AUS_2006_emerton,75,DEF,false,
AUS_2006_neill,71,DEF,false,
AUS_2006_popovic,70,DEF,false,
AUS_2006_lazaridis,62,DEF,false,
AUS_2006_wilkshire,60,DEF,false,
AUS_2006_beauchamp,60,DEF,false,
AUS_2006_milligan,58,DEF,false,
AUS_2006_cahill,79,MID,false,
AUS_2006_culina,76,MID,false,
AUS_2006_bresciano,75,MID,false,
AUS_2006_grella,72,MID,false,
AUS_2006_chipperfield,71,MID,false,
AUS_2006_sterjovski,70,MID,false,
AUS_2006_skoko,61,MID,false,
AUS_2006_kewell,85,FWD,false,
AUS_2006_viduka,70,FWD,true,
AUS_2006_aloisi,68,FWD,false,
AUS_2006_thompson,61,FWD,false,
AUS_2006_kennedy,59,FWD,false,
BRA_2006_dida,83,GK,false,
BRA_2006_cesar,81,GK,false,
BRA_2006_ceni,78,GK,false,
BRA_2006_cafu,86,DEF,true,
BRA_2006_lucio,84,DEF,false,
BRA_2006_carlos,83,DEF,false,
BRA_2006_cicinho,83,DEF,false,
BRA_2006_luisao,80,DEF,false,
BRA_2006_cris,79,DEF,false,
BRA_2006_juan,78,DEF,false,
BRA_2006_gilberto,75,DEF,false,
BRA_2006_kaka,88,MID,false,
BRA_2006_ronaldinho,87,MID,false,
BRA_2006_roberto,84,MID,false,
BRA_2006_emerson,84,MID,false,
BRA_2006_silva,81,MID,false,
BRA_2006_ricardinho,76,MID,false,
BRA_2006_mineiro,75,MID,false,
BRA_2006_pernambucano,74,MID,false,
BRA_2006_ronaldo,93,FWD,false,
BRA_2006_adriano,85,FWD,false,
BRA_2006_robinho,81,FWD,false,
BRA_2006_fred,78,FWD,false,
CRC_2006_porras,71,GK,false,
CRC_2006_mesen,70,GK,false,
CRC_2006_alfaro,66,GK,false,
CRC_2006_drummond,78,DEF,false,
CRC_2006_marin,74,DEF,true,
CRC_2006_gonzalez,71,DEF,false,
CRC_2006_wallace,68,DEF,false,
CRC_2006_badilla,65,DEF,false,
CRC_2006_rodriguez,65,DEF,false,
CRC_2006_martinez,59,DEF,false,
CRC_2006_solis,58,DEF,false,
CRC_2006_umana,58,DEF,false,
CRC_2006_centeno,70,MID,false,
CRC_2006_hernandez,67,MID,false,
CRC_2006_bolanos,65,MID,false,
CRC_2006_azofeifa,62,MID,false,
CRC_2006_fonseca,58,MID,false,
CRC_2006_sequeira,58,MID,false,
CRC_2006_wanchope,73,FWD,false,
CRC_2006_gomez,73,FWD,false,
CRC_2006_saborio,67,FWD,false,
CRC_2006_bernard,58,FWD,false,
CRC_2006_nunez,56,FWD,false,
CIV_2006_tizie,65,GK,false,
CIV_2006_gnanhouan,58,GK,false,
CIV_2006_barry,58,GK,false,
CIV_2006_toure,77,DEF,false,
CIV_2006_eboue,74,DEF,false,
CIV_2006_meite,74,DEF,false,
CIV_2006_demel,71,DEF,false,
CIV_2006_boka,66,DEF,false,
CIV_2006_domoraud,59,DEF,false,
CIV_2006_kouassi,58,DEF,false,
CIV_2006_zoro,58,DEF,false,
CIV_2006_kalou,84,MID,false,
CIV_2006_zokora,70,MID,false,
CIV_2006_yapo,68,MID,false,
CIV_2006_keita,68,MID,false,
CIV_2006_akale,67,MID,false,
CIV_2006_fae,64,MID,false,
CIV_2006_toure_2,63,MID,false,
CIV_2006_romaric,57,MID,false,
CIV_2006_drogba,88,FWD,true,
CIV_2006_kone,73,FWD,false,
CIV_2006_dindane,72,FWD,false,
CIV_2006_kone_2,71,FWD,false,
CRO_2006_pletikosa,77,GK,false,
CRO_2006_butina,74,GK,false,
CRO_2006_didulica,66,GK,false,
CRO_2006_simic,81,DEF,false,
CRO_2006_tudor,79,DEF,false,
CRO_2006_kovac,78,DEF,false,
CRO_2006_tomas,74,DEF,false,
CRO_2006_simunic,72,DEF,false,
CRO_2006_babic,71,DEF,false,
CRO_2006_tokic,68,DEF,false,
CRO_2006_seric,65,DEF,false,
CRO_2006_modric,83,MID,false,
CRO_2006_srna,74,MID,false,
CRO_2006_leko,73,MID,false,
CRO_2006_leko_2,73,MID,false,
CRO_2006_kovac_2,71,MID,true,
CRO_2006_vranjes,70,MID,false,
CRO_2006_kranjcar,63,MID,false,
CRO_2006_klasnic,73,FWD,false,
CRO_2006_balaban,72,FWD,false,
CRO_2006_olic,71,FWD,false,
CRO_2006_prso,70,FWD,false,
CRO_2006_bosnjak,65,FWD,false,
CZE_2006_cech,88,GK,false,
CZE_2006_blazek,55,GK,false,
CZE_2006_kinsky,55,GK,false,
CZE_2006_jankulovski,79,DEF,false,
CZE_2006_grygera,78,DEF,false,
CZE_2006_rozehnal,78,DEF,false,
CZE_2006_ujfalusi,75,DEF,false,
CZE_2006_jiranek,71,DEF,false,
CZE_2006_mares,71,DEF,false,
CZE_2006_kovac,71,DEF,false,
CZE_2006_nedved,91,MID,false,
CZE_2006_rosicky,83,MID,false,
CZE_2006_galasek,81,MID,true,
CZE_2006_plasil,73,MID,false,
CZE_2006_jarolim,72,MID,false,
CZE_2006_sionko,66,MID,false,
CZE_2006_poborsky,56,MID,false,
CZE_2006_polak,55,MID,false,
CZE_2006_koller,88,FWD,false,
CZE_2006_baros,74,FWD,false,
CZE_2006_heinz,70,FWD,false,
CZE_2006_lokvenc,57,FWD,false,
CZE_2006_stajner,53,FWD,false,
ECU_2006_mora,62,GK,false,
ECU_2006_villafuerte,61,GK,false,
ECU_2006_lanza,56,GK,false,
ECU_2006_cruz,76,DEF,false,
ECU_2006_hurtado,72,DEF,true,
ECU_2006_espinoza,67,DEF,false,
ECU_2006_reasco,62,DEF,false,
ECU_2006_guagua,60,DEF,false,
ECU_2006_ambrosi,59,DEF,false,
ECU_2006_perlaza,58,DEF,false,
ECU_2006_tenorio,64,MID,false,
ECU_2006_ayovi,60,MID,false,
ECU_2006_lara,58,MID,false,
ECU_2006_urrutia,58,MID,false,
ECU_2006_castillo,57,MID,false,
ECU_2006_saritama,56,MID,false,
ECU_2006_valencia,55,MID,false,
ECU_2006_delgado,72,FWD,false,
ECU_2006_tenorio_2,71,FWD,false,
ECU_2006_mendez,67,FWD,false,
ECU_2006_kaviedes,65,FWD,false,
ECU_2006_borja,56,FWD,false,
ECU_2006_benitez,53,FWD,false,
ENG_2006_robinson,82,GK,false,
ENG_2006_james,81,GK,false,
ENG_2006_carson,74,GK,false,
ENG_2006_ferdinand,88,DEF,false,
ENG_2006_campbell,84,DEF,false,
ENG_2006_neville,84,DEF,false,
ENG_2006_carragher,84,DEF,false,
ENG_2006_cole,83,DEF,false,
ENG_2006_terry,81,DEF,false,
ENG_2006_bridge,81,DEF,false,
ENG_2006_gerrard,88,MID,false,
ENG_2006_lampard,88,MID,false,
ENG_2006_beckham,86,MID,true,
ENG_2006_hargreaves,85,MID,false,
ENG_2006_cole_2,84,MID,false,
ENG_2006_jenas,76,MID,false,
ENG_2006_carrick,75,MID,false,
ENG_2006_lennon,72,MID,false,
ENG_2006_downing,57,MID,false,
ENG_2006_owen,87,FWD,false,
ENG_2006_crouch,82,FWD,false,
ENG_2006_rooney,78,FWD,false,
ENG_2006_walcott,77,FWD,false,
FRA_2006_barthez,92,GK,false,
FRA_2006_coupet,78,GK,false,
FRA_2006_landreau,75,GK,false,
FRA_2006_thuram,88,DEF,false,
FRA_2006_gallas,87,DEF,false,
FRA_2006_silvestre,86,DEF,false,
FRA_2006_sagnol,86,DEF,false,
FRA_2006_boumsong,81,DEF,false,
FRA_2006_abidal,79,DEF,false,
FRA_2006_givet,78,DEF,false,
FRA_2006_chimbonda,74,DEF,false,
FRA_2006_zidane,98,MID,true,golden_ball
FRA_2006_vieira,91,MID,false,
FRA_2006_makelele,88,MID,false,
FRA_2006_dhorasoo,85,MID,false,
FRA_2006_ribery,83,MID,false,
FRA_2006_malouda,77,MID,false,
FRA_2006_diarra,70,MID,false,
FRA_2006_henry,93,FWD,false,
FRA_2006_trezeguet,86,FWD,false,
FRA_2006_saha,85,FWD,false,
FRA_2006_wiltord,82,FWD,false,
FRA_2006_govou,77,FWD,false,
GER_2006_lehmann,92,GK,false,
GER_2006_kahn,91,GK,false,
GER_2006_hildebrand,78,GK,false,
GER_2006_lahm,89,DEF,false,
GER_2006_metzelder,84,DEF,false,
GER_2006_huth,83,DEF,false,
GER_2006_nowotny,83,DEF,false,
GER_2006_friedrich,80,DEF,false,
GER_2006_jansen,75,DEF,false,
GER_2006_mertesacker,74,DEF,false,
GER_2006_schweinsteiger,87,MID,false,
GER_2006_ballack,87,MID,true,
GER_2006_kehl,85,MID,false,
GER_2006_odonkor,84,MID,false,
GER_2006_frings,83,MID,false,
GER_2006_schneider,81,MID,false,
GER_2006_borowski,76,MID,false,
GER_2006_hitzlsperger,76,MID,false,
GER_2006_klose,97,FWD,false,golden_boot
GER_2006_podolski,88,FWD,false,best_young_player
GER_2006_neuville,84,FWD,false,
GER_2006_asamoah,78,FWD,false,
GER_2006_hanke,69,FWD,false,
GHA_2006_kingson,69,GK,false,
GHA_2006_adjei,68,GK,false,
GHA_2006_owu,60,GK,false,
GHA_2006_kuffour,79,DEF,false,
GHA_2006_addo,76,DEF,false,
GHA_2006_mensah,70,DEF,false,
GHA_2006_pappoe,67,DEF,false,
GHA_2006_mohamed,61,DEF,false,
GHA_2006_ahmed,60,DEF,false,
GHA_2006_quaye,60,DEF,false,
GHA_2006_shilla,60,DEF,false,
GHA_2006_appiah,83,MID,true,
GHA_2006_essien,80,MID,false,
GHA_2006_draman,75,MID,false,
GHA_2006_muntari,71,MID,false,
GHA_2006_sarpei,70,MID,false,
GHA_2006_paintsil,60,MID,false,
GHA_2006_boateng,59,MID,false,
GHA_2006_amoah,80,FWD,false,
GHA_2006_gyan,75,FWD,false,
GHA_2006_addo_2,75,FWD,false,
GHA_2006_pimpong,70,FWD,false,
GHA_2006_tachie_mensah,61,FWD,false,
IRN_2006_mirzapour,70,GK,false,
IRN_2006_talebloo,69,GK,false,
IRN_2006_roudbarian,58,GK,false,
IRN_2006_sadeghi,69,DEF,false,
IRN_2006_golmohammadi,65,DEF,false,
IRN_2006_bakhtiarizadeh,65,DEF,false,
IRN_2006_rezaei,63,DEF,false,
IRN_2006_nosrati,63,DEF,false,
IRN_2006_kaebi,58,DEF,false,
IRN_2006_karimi,80,MID,false,
IRN_2006_mahdavikia,76,MID,false,
IRN_2006_madanchi,72,MID,false,
IRN_2006_zandi,66,MID,false,
IRN_2006_nekounam,64,MID,false,
IRN_2006_navidkia,57,MID,false,
IRN_2006_teymourian,57,MID,false,
IRN_2006_shojaei,56,MID,false,
IRN_2006_kazemian,72,FWD,false,
IRN_2006_enayati,69,FWD,false,
IRN_2006_hashemian,64,FWD,false,
IRN_2006_daei,58,FWD,true,
IRN_2006_khatibi,58,FWD,false,
IRN_2006_borhani,57,FWD,false,
ITA_2006_buffon,95,GK,false,golden_glove
ITA_2006_peruzzi,80,GK,false,
ITA_2006_amelia,70,GK,false,
ITA_2006_cannavaro,95,DEF,true,
ITA_2006_materazzi,93,DEF,false,
ITA_2006_zambrotta,91,DEF,false,
ITA_2006_nesta,89,DEF,false,
ITA_2006_grosso,88,DEF,false,
ITA_2006_oddo,85,DEF,false,
ITA_2006_zaccardo,79,DEF,false,
ITA_2006_barzagli,79,DEF,false,
ITA_2006_pirlo,91,MID,false,
ITA_2006_gattuso,88,MID,false,
ITA_2006_camoranesi,86,MID,false,
ITA_2006_perrotta,81,MID,false,
ITA_2006_rossi,80,MID,false,
ITA_2006_barone,80,MID,false,
ITA_2006_piero,90,FWD,false,
ITA_2006_totti,89,FWD,false,
ITA_2006_inzaghi,88,FWD,false,
ITA_2006_gilardino,87,FWD,false,
ITA_2006_toni,85,FWD,false,
ITA_2006_iaquinta,74,FWD,false,
JPN_2006_kawaguchi,68,GK,false,
JPN_2006_narazaki,64,GK,false,
JPN_2006_doi,57,GK,false,
JPN_2006_nakata,74,DEF,false,
JPN_2006_miyamoto,69,DEF,true,
JPN_2006_santos,64,DEF,false,
JPN_2006_nakazawa,64,DEF,false,
JPN_2006_kaji,64,DEF,false,
JPN_2006_tsuboi,58,DEF,false,
JPN_2006_komano,57,DEF,false,
JPN_2006_moniwa,57,DEF,false,
JPN_2006_nakata_2,88,MID,false,
JPN_2006_nakamura,78,MID,false,
JPN_2006_ogasawara,74,MID,false,
JPN_2006_inamoto,64,MID,false,
JPN_2006_ono,64,MID,false,
JPN_2006_fukunishi,59,MID,false,
JPN_2006_endo,58,MID,false,
JPN_2006_yanagisawa,73,FWD,false,
JPN_2006_takahara,72,FWD,false,
JPN_2006_tamada,65,FWD,false,
JPN_2006_oguro,58,FWD,false,
JPN_2006_maki,58,FWD,false,
MEX_2006_sanchez,78,GK,false,
MEX_2006_ochoa,69,GK,false,
MEX_2006_corona,60,GK,false,
MEX_2006_marquez,86,DEF,true,
MEX_2006_castro,78,DEF,false,
MEX_2006_osorio,71,DEF,false,
MEX_2006_salcido,70,DEF,false,
MEX_2006_pineda,70,DEF,false,
MEX_2006_rodriguez,70,DEF,false,
MEX_2006_mendez,61,DEF,false,
MEX_2006_suarez,61,DEF,false,
MEX_2006_sinha,78,MID,false,
MEX_2006_torrado,75,MID,false,
MEX_2006_pardo,75,MID,false,
MEX_2006_morales,70,MID,false,
MEX_2006_perez,62,MID,false,
MEX_2006_garcia,61,MID,false,
MEX_2006_arellano,61,MID,false,
MEX_2006_guardado,59,MID,false,
MEX_2006_bravo,75,FWD,false,
MEX_2006_fonseca,75,FWD,false,
MEX_2006_franco,71,FWD,false,
MEX_2006_borgetti,62,FWD,false,
NED_2006_sar,82,GK,true,
NED_2006_stekelenburg,78,GK,false,
NED_2006_timmer,54,GK,false,
NED_2006_bronckhorst,83,DEF,false,
NED_2006_kromkamp,80,DEF,false,
NED_2006_heitinga,79,DEF,false,
NED_2006_ooijer,75,DEF,false,
NED_2006_boulahrouz,74,DEF,false,
NED_2006_mathijsen,64,DEF,false,
NED_2006_jaliens,58,DEF,false,
NED_2006_cler,57,DEF,false,
NED_2006_sneijder,84,MID,false,
NED_2006_robben,83,MID,false,
NED_2006_bommel,79,MID,false,
NED_2006_maduro,78,MID,false,
NED_2006_vaart,77,MID,false,
NED_2006_cocu,72,MID,false,
NED_2006_landzaat,57,MID,false,
NED_2006_nistelrooy,83,FWD,false,
NED_2006_persie,82,FWD,false,
NED_2006_babel,75,FWD,false,
NED_2006_kuyt,73,FWD,false,
NED_2006_hesselink,71,FWD,false,
PAR_2006_villar,59,GK,false,
PAR_2006_bobadilla,56,GK,false,
PAR_2006_gomez,54,GK,false,
PAR_2006_gamarra,77,DEF,true,
PAR_2006_caniza,74,DEF,false,
PAR_2006_caceres,72,DEF,false,
PAR_2006_manzur,71,DEF,false,
PAR_2006_silva,70,DEF,false,
PAR_2006_toledo,58,DEF,false,
PAR_2006_nunez,58,DEF,false,
PAR_2006_bonet,56,DEF,false,
PAR_2006_santos,78,MID,false,
PAR_2006_acuna,69,MID,false,
PAR_2006_montiel,60,MID,false,
PAR_2006_paredes,59,MID,false,
PAR_2006_gavilan,58,MID,false,
PAR_2006_riveros,54,MID,false,
PAR_2006_barreto,53,MID,false,
PAR_2006_cruz,77,FWD,false,
PAR_2006_valdez,71,FWD,false,
PAR_2006_lopez,64,FWD,false,
PAR_2006_cuevas,61,FWD,false,
PAR_2006_cabanas,57,FWD,false,
POL_2006_boruc,74,GK,false,
POL_2006_fabianski,66,GK,false,
POL_2006_kuszczak,56,GK,false,
POL_2006_zew_akow,75,DEF,false,
POL_2006_lewandowski,71,DEF,false,
POL_2006_baszczynski,69,DEF,false,
POL_2006_bosacki,68,DEF,false,
POL_2006_bak,61,DEF,true,
POL_2006_jop,55,DEF,false,
POL_2006_gancarczyk,53,DEF,false,
POL_2006_kosowski,71,MID,false,
POL_2006_mila,67,MID,false,
POL_2006_radomski,66,MID,false,
POL_2006_sobolewski,66,MID,false,
POL_2006_dudka,64,MID,false,
POL_2006_szymkowiak,58,MID,false,
POL_2006_giza,56,MID,false,
POL_2006_smolarek,75,FWD,false,
POL_2006_krzynowek,75,FWD,false,
POL_2006_zurawski,74,FWD,false,
POL_2006_rasiak,72,FWD,false,
POL_2006_brozek,63,FWD,false,
POL_2006_jelen,58,FWD,false,
POR_2006_ricardo,84,GK,false,
POR_2006_quim,76,GK,false,
POR_2006_santos,66,GK,false,
POR_2006_ferreira,84,DEF,false,
POR_2006_carvalho,84,DEF,false,
POR_2006_meira,82,DEF,false,
POR_2006_miguel,80,DEF,false,
POR_2006_caneira,79,DEF,false,
POR_2006_valente,77,DEF,false,
POR_2006_costa,76,DEF,false,
POR_2006_figo,89,MID,true,
POR_2006_deco,86,MID,false,
POR_2006_maniche,83,MID,false,
POR_2006_simao,83,MID,false,
POR_2006_costinha,81,MID,false,
POR_2006_petit,77,MID,false,
POR_2006_tiago,77,MID,false,
POR_2006_viana,77,MID,false,
POR_2006_morte,72,MID,false,
POR_2006_ronaldo,88,FWD,false,
POR_2006_pauleta,85,FWD,false,
POR_2006_gomes,81,FWD,false,
POR_2006_postiga,74,FWD,false,
KSA_2006_zaid,75,GK,false,
KSA_2006_al_deayea,74,GK,false,
KSA_2006_khouja,57,GK,false,
KSA_2006_tukar,71,DEF,false,
KSA_2006_abdulghani,70,DEF,false,
KSA_2006_al_dokhi,69,DEF,false,
KSA_2006_al_montashari,69,DEF,false,
KSA_2006_al_qadi,69,DEF,false,
KSA_2006_al_khathran,67,DEF,false,
KSA_2006_massad,66,DEF,false,
KSA_2006_eid,59,DEF,false,
KSA_2006_al_bahri,58,DEF,false,
KSA_2006_al_temyat,74,MID,false,
KSA_2006_al_shalhoub,71,MID,false,
KSA_2006_al_ghamdi,71,MID,false,
KSA_2006_kariri,69,MID,false,
KSA_2006_aziz,66,MID,false,
KSA_2006_ameen,65,MID,false,
KSA_2006_al_jaber,78,FWD,true,
KSA_2006_noor,69,FWD,false,
KSA_2006_al_qahtani,68,FWD,false,
KSA_2006_al_harthi,63,FWD,false,
KSA_2006_mouath,63,FWD,false,
SER_2006_jevric,65,GK,false,
SER_2006_stojkovic,64,GK,false,
SER_2006_kovacevic,55,GK,false,
SER_2006_vidic,76,DEF,false,
SER_2006_krstajic,71,DEF,false,
SER_2006_dragutinovic,71,DEF,false,
SER_2006_gavrancic,71,DEF,false,
SER_2006_dudic,64,DEF,false,
SER_2006_basta,62,DEF,false,
SER_2006_or_evic,55,DEF,false,
SER_2006_petkovic,54,DEF,false,
SER_2006_stankovic,81,MID,false,
SER_2006_ilic,80,MID,false,
SER_2006_duljaj,72,MID,false,
SER_2006_vukic,70,MID,false,
SER_2006_or_evic_2,65,MID,false,
SER_2006_ergic,63,MID,false,
SER_2006_na,58,MID,false,
SER_2006_koroman,57,MID,false,
SER_2006_kezman,80,FWD,false,
SER_2006_ljuboja,74,FWD,false,
SER_2006_zigic,70,FWD,false,
SER_2006_milosevic,62,FWD,true,
KOR_2006_woon_jae,73,GK,true,
KOR_2006_yong_dae,63,GK,false,
KOR_2006_young_kwang,57,GK,false,
KOR_2006_young_pyo,76,DEF,false,
KOR_2006_chong_gug,68,DEF,false,
KOR_2006_jin_cheul,64,DEF,false,
KOR_2006_dong_jin,63,DEF,false,
KOR_2006_young_chul,63,DEF,false,
KOR_2006_won_hee,58,DEF,false,
KOR_2006_sang_sik,58,DEF,false,
KOR_2006_jin_kyu,57,DEF,false,
KOR_2006_ji_sung,85,MID,false,
KOR_2006_eul_yong,67,MID,false,
KOR_2006_nam_il,64,MID,false,
KOR_2006_do_heon,64,MID,false,
KOR_2006_ho,57,MID,false,
KOR_2006_ji_hoon,56,MID,false,
KOR_2006_ki_hyeon,73,FWD,false,
KOR_2006_jung_hwan,69,FWD,false,
KOR_2006_chun_soo,68,FWD,false,
KOR_2006_kyung_ho,63,FWD,false,
KOR_2006_jae_jin,56,FWD,false,
KOR_2006_chu_young,56,FWD,false,
ESP_2006_casillas,87,GK,false,
ESP_2006_reina,78,GK,false,
ESP_2006_canizares,74,GK,false,
ESP_2006_puyol,84,DEF,false,
ESP_2006_salgado,82,DEF,false,
ESP_2006_ibanez,80,DEF,false,
ESP_2006_lopez,79,DEF,false,
ESP_2006_ramos,78,DEF,false,
ESP_2006_juanito,78,DEF,false,
ESP_2006_marchena,76,DEF,false,
ESP_2006_pernia,56,DEF,false,
ESP_2006_alonso,85,MID,false,
ESP_2006_iniesta,84,MID,false,
ESP_2006_xavi,84,MID,false,
ESP_2006_fabregas,79,MID,false,
ESP_2006_reyes,79,MID,false,
ESP_2006_garcia,79,MID,false,
ESP_2006_joaquin,77,MID,false,
ESP_2006_albelda,74,MID,false,
ESP_2006_senna,74,MID,false,
ESP_2006_torres,85,FWD,false,
ESP_2006_raul,85,FWD,true,
ESP_2006_villa,83,FWD,false,
SWE_2006_isaksson,70,GK,false,
SWE_2006_shaaban,56,GK,false,
SWE_2006_alvbage,55,GK,false,
SWE_2006_mellberg,78,DEF,true,
SWE_2006_stenman,73,DEF,false,
SWE_2006_edman,70,DEF,false,
SWE_2006_nilsson,69,DEF,false,
SWE_2006_lucic,63,DEF,false,
SWE_2006_hansson,58,DEF,false,
SWE_2006_svensson,57,DEF,false,
SWE_2006_ljungberg,83,MID,false,
SWE_2006_wilhelmsson,78,MID,false,
SWE_2006_linderoth,70,MID,false,
SWE_2006_andersson,69,MID,false,
SWE_2006_kallstrom,68,MID,false,
SWE_2006_svensson_2,62,MID,false,
SWE_2006_jonson,60,MID,false,
SWE_2006_alexandersson,59,MID,false,
SWE_2006_larsson,85,FWD,false,
SWE_2006_ibrahimovic,80,FWD,false,
SWE_2006_rosenberg,78,FWD,false,
SWE_2006_allback,74,FWD,false,
SWE_2006_elmander,59,FWD,false,
SUI_2006_zuberbuhler,71,GK,false,
SUI_2006_benaglio,67,GK,false,
SUI_2006_coltorti,56,GK,false,
SUI_2006_senderos,85,DEF,false,
SUI_2006_magnin,80,DEF,false,
SUI_2006_degen,79,DEF,false,
SUI_2006_wicky,78,DEF,false,
SUI_2006_spycher,78,DEF,false,
SUI_2006_muller,76,DEF,false,
SUI_2006_djourou,75,DEF,false,
SUI_2006_grichting,70,DEF,false,
SUI_2006_vogel,84,MID,true,
SUI_2006_barnetta,79,MID,false,
SUI_2006_behrami,70,MID,false,
SUI_2006_cabanas,69,MID,false,
SUI_2006_yakin,68,MID,false,
SUI_2006_degen_2,67,MID,false,
SUI_2006_margairaz,53,MID,false,
SUI_2006_dzemaili,53,MID,false,
SUI_2006_frei,76,FWD,false,
SUI_2006_gygax,73,FWD,false,
SUI_2006_streller,68,FWD,false,
SUI_2006_lustrinelli,58,FWD,false,
TOG_2006_agassa,67,GK,false,
TOG_2006_tchagnirou,57,GK,false,
TOG_2006_obilale,57,GK,false,
TOG_2006_toure,73,DEF,false,
TOG_2006_abalo,72,DEF,true,
TOG_2006_akoto,67,DEF,false,
TOG_2006_tchangai,63,DEF,false,
TOG_2006_nibombe,63,DEF,false,
TOG_2006_assemoassa,63,DEF,false,
TOG_2006_forson,57,DEF,false,
TOG_2006_aziawonou,73,MID,false,
TOG_2006_atsou,69,MID,false,
TOG_2006_mamam,63,MID,false,
TOG_2006_olufade,63,MID,false,
TOG_2006_senaya,63,MID,false,
TOG_2006_romao,58,MID,false,
TOG_2006_dossevi,57,MID,false,
TOG_2006_agboh,57,MID,false,
TOG_2006_adebayor,79,FWD,false,
TOG_2006_kader,68,FWD,false,
TOG_2006_salifou,63,FWD,false,
TOG_2006_erassa,57,FWD,false,
TOG_2006_malm,56,FWD,false,
TRI_2006_hislop,74,GK,false,
TRI_2006_ince,67,GK,false,
TRI_2006_jack,63,GK,false,
TRI_2006_andrews,79,DEF,false,
TRI_2006_john,67,DEF,false,
TRI_2006_lawrence,67,DEF,false,
TRI_2006_gray,67,DEF,false,
TRI_2006_edwards,63,DEF,false,
TRI_2006_sancho,63,DEF,false,
TRI_2006_charles,63,DEF,false,
TRI_2006_cox,57,DEF,false,
TRI_2006_whitley,58,MID,false,
TRI_2006_wise,58,MID,false,
TRI_2006_theobald,57,MID,false,
TRI_2006_wolfe,57,MID,false,
TRI_2006_latapy,57,MID,false,
TRI_2006_birchall,57,MID,false,
TRI_2006_jones,71,FWD,false,
TRI_2006_john_2,70,FWD,false,
TRI_2006_glen,64,FWD,false,
TRI_2006_yorke,63,FWD,true,
TRI_2006_samuel,63,FWD,false,
TRI_2006_scotland,57,FWD,false,
TUN_2006_boumnijel,72,GK,false,
TUN_2006_kasraoui,69,GK,false,
TUN_2006_nefzi,57,GK,false,
TUN_2006_trabelsi,80,DEF,false,
TUN_2006_saidi,73,DEF,false,
TUN_2006_haggui,69,DEF,false,
TUN_2006_yahia,69,DEF,false,
TUN_2006_jaidi,69,DEF,false,
TUN_2006_jemmali,65,DEF,false,
TUN_2006_ayari,64,DEF,false,
TUN_2006_nafti,57,DEF,false,
TUN_2006_namouchi,73,MID,false,
TUN_2006_bouazizi,65,MID,true,
TUN_2006_mnari,64,MID,false,
TUN_2006_ghodhbane,64,MID,false,
TUN_2006_melliti,58,MID,false,
TUN_2006_chedli,58,MID,false,
TUN_2006_essediri,57,MID,false,
TUN_2006_chikhaoui,57,MID,false,
TUN_2006_guemamdia,66,FWD,false,
TUN_2006_jaziri,65,FWD,false,
TUN_2006_santos,58,FWD,false,
TUN_2006_saada,57,FWD,false,
UKR_2006_shovkovskyi,80,GK,false,
UKR_2006_shust,73,GK,false,
UKR_2006_pyatov,60,GK,false,
UKR_2006_nesmachniy,80,DEF,false,
UKR_2006_vashchuk,78,DEF,false,
UKR_2006_sviderskyi,77,DEF,false,
UKR_2006_husyev,75,DEF,false,
UKR_2006_chyhrynskyi,70,DEF,false,
UKR_2006_rusol,68,DEF,false,
UKR_2006_shelayev,63,DEF,false,
UKR_2006_yezerskiy,62,DEF,false,
UKR_2006_yatsenko,59,DEF,false,
UKR_2006_kalynychenko,79,MID,false,
UKR_2006_tymoshchuk,77,MID,false,
UKR_2006_rotan,76,MID,false,
UKR_2006_husin,62,MID,false,
UKR_2006_nazarenko,59,MID,false,
UKR_2006_shevchenko,91,FWD,true,
UKR_2006_byelik,79,FWD,false,
UKR_2006_rebrov,78,FWD,false,
UKR_2006_vorobey,77,FWD,false,
UKR_2006_voronin,76,FWD,false,
UKR_2006_milevskyi,73,FWD,false,
UNI_2006_keller,79,GK,false,
UNI_2006_howard,78,GK,false,
UNI_2006_hahnemann,57,GK,false,
UNI_2006_bocanegra,71,DEF,false,
UNI_2006_onyewu,65,DEF,false,
UNI_2006_pope,64,DEF,false,
UNI_2006_cherundolo,63,DEF,false,
UNI_2006_albright,58,DEF,false,
UNI_2006_berhalter,57,DEF,false,
UNI_2006_conrad,57,DEF,false,
UNI_2006_reyna,82,MID,true,
UNI_2006_beasley,75,MID,false,
UNI_2006_lewis,74,MID,false,
UNI_2006_mastroeni,64,MID,false,
UNI_2006_dempsey,64,MID,false,
UNI_2006_olsen,64,MID,false,
UNI_2006_convey,63,MID,false,
UNI_2006_o_brien,57,MID,false,
UNI_2006_mcbride,71,FWD,false,
UNI_2006_donovan,69,FWD,false,
UNI_2006_wolff,58,FWD,false,
UNI_2006_ching,58,FWD,false,
UNI_2006_johnson,57,FWD,false,
ALG_2010_m_bolhi,65,GK,false,
ALG_2010_gaouaoui,64,GK,false,
ALG_2010_chaouchi,63,GK,false,
ALG_2010_bougherra,78,DEF,false,
ALG_2010_bellaid,73,DEF,false,
ALG_2010_halliche,69,DEF,false,
ALG_2010_yahia,68,DEF,true,
ALG_2010_belhadj,63,DEF,false,
ALG_2010_medjani,57,DEF,false,
ALG_2010_laifaoui,57,DEF,false,
ALG_2010_mesbah,56,DEF,false,
ALG_2010_ziani,74,MID,false,
ALG_2010_guedioura,69,MID,false,
ALG_2010_abdoun,68,MID,false,
ALG_2010_mansouri,64,MID,false,
ALG_2010_lacen,63,MID,false,
ALG_2010_kadir,62,MID,false,
ALG_2010_yebda,57,MID,false,
ALG_2010_boudebouz,57,MID,false,
ALG_2010_matmour,73,FWD,false,
ALG_2010_ghezzal,57,FWD,false,
ALG_2010_djebbour,57,FWD,false,
ALG_2010_saifi,56,FWD,false,
ARG_2010_romero,80,GK,false,
ARG_2010_andujar,71,GK,false,
ARG_2010_pozo,59,GK,false,
ARG_2010_demichelis,84,DEF,false,
ARG_2010_heinze,84,DEF,false,
ARG_2010_samuel,83,DEF,false,
ARG_2010_burdisso,77,DEF,false,
ARG_2010_otamendi,73,DEF,false,
ARG_2010_rodriguez,62,DEF,false,
ARG_2010_garce,60,DEF,false,
ARG_2010_mascherano,85,MID,true,
ARG_2010_rodriguez_2,81,MID,false,
ARG_2010_bolatti,77,MID,false,
ARG_2010_maria,76,MID,false,
ARG_2010_veron,76,MID,false,
ARG_2010_gutierrez,74,MID,false,
ARG_2010_pastore,58,MID,false,
ARG_2010_messi,87,FWD,false,
ARG_2010_higuain,87,FWD,false,
ARG_2010_tevez,85,FWD,false,
ARG_2010_milito,82,FWD,false,
ARG_2010_aguero,81,FWD,false,
ARG_2010_palermo,71,FWD,false,
AUS_2010_schwarzer,69,GK,false,
AUS_2010_galekovic,63,GK,false,
AUS_2010_federici,58,GK,false,
AUS_2010_neill,80,DEF,true,
AUS_2010_wilkshire,74,DEF,false,
AUS_2010_chipperfield,70,DEF,false,
AUS_2010_carney,64,DEF,false,
AUS_2010_moore,63,DEF,false,
AUS_2010_milligan,58,DEF,false,
AUS_2010_beauchamp,57,DEF,false,
AUS_2010_cahill,75,MID,false,
AUS_2010_grella,72,MID,false,
AUS_2010_emerton,70,MID,false,
AUS_2010_bresciano,64,MID,false,
AUS_2010_culina,63,MID,false,
AUS_2010_valeri,63,MID,false,
AUS_2010_garcia,58,MID,false,
AUS_2010_vidosic,58,MID,false,
AUS_2010_jedinak,57,MID,false,
AUS_2010_kewell,74,FWD,false,
AUS_2010_holman,65,FWD,false,
AUS_2010_kennedy,57,FWD,false,
AUS_2010_rukavytsya,57,FWD,false,
BRA_2010_cesar,85,GK,false,
BRA_2010_gomes,76,GK,false,
BRA_2010_doni,76,GK,false,
BRA_2010_maicon,86,DEF,false,
BRA_2010_juan,85,DEF,false,
BRA_2010_lucio,84,DEF,true,
BRA_2010_alves,83,DEF,false,
BRA_2010_silva,83,DEF,false,
BRA_2010_luisao,78,DEF,false,
BRA_2010_bastos,78,DEF,false,
BRA_2010_gilberto,64,DEF,false,
BRA_2010_kaka,87,MID,false,
BRA_2010_melo,84,MID,false,
BRA_2010_elano,83,MID,false,
BRA_2010_silva_2,80,MID,false,
BRA_2010_baptista,77,MID,false,
BRA_2010_kleberson,76,MID,false,
BRA_2010_ramires,76,MID,false,
BRA_2010_josue,69,MID,false,
BRA_2010_fabiano,84,FWD,false,
BRA_2010_robinho,82,FWD,false,
BRA_2010_nilmar,77,FWD,false,
BRA_2010_grafite,70,FWD,false,
CMR_2010_kameni,69,GK,false,
CMR_2010_hamidou,57,GK,false,
CMR_2010_assembe,57,GK,false,
CMR_2010_mbia,74,DEF,false,
CMR_2010_assou_ekotto,71,DEF,false,
CMR_2010_bassong,71,DEF,false,
CMR_2010_nkoulou,69,DEF,false,
CMR_2010_chedjou,65,DEF,false,
CMR_2010_geremi,59,DEF,false,
CMR_2010_song,58,DEF,false,
CMR_2010_bong,56,DEF,false,
CMR_2010_song_2,76,MID,false,
CMR_2010_enoh,76,MID,false,
CMR_2010_makoun,74,MID,false,
CMR_2010_emana,72,MID,false,
CMR_2010_matip,71,MID,false,
CMR_2010_n_guemo,71,MID,false,
CMR_2010_mandjeck,65,MID,false,
CMR_2010_eto_o,85,FWD,true,
CMR_2010_idrissou,67,FWD,false,
CMR_2010_webo,58,FWD,false,
CMR_2010_choupo_moting,57,FWD,false,
CMR_2010_aboubakar,56,FWD,false,
CHI_2010_bravo,80,GK,true,
CHI_2010_pinto,68,GK,false,
CHI_2010_marin,57,GK,false,
CHI_2010_fierro,76,DEF,false,
CHI_2010_medel,75,DEF,false,
CHI_2010_beausejour,70,DEF,false,
CHI_2010_fuentes,69,DEF,false,
CHI_2010_ponce,68,DEF,false,
CHI_2010_contreras,62,DEF,false,
CHI_2010_jara,60,DEF,false,
CHI_2010_fernandez,78,MID,false,
CHI_2010_tello,77,MID,false,
CHI_2010_vidal,73,MID,false,
CHI_2010_millar,73,MID,false,
CHI_2010_estrada,68,MID,false,
CHI_2010_isla,67,MID,false,
CHI_2010_valdivia,59,MID,false,
CHI_2010_carmona,55,MID,false,
CHI_2010_gonzalez,76,FWD,false,
CHI_2010_paredes,71,FWD,false,
CHI_2010_sanchez,69,FWD,false,
CHI_2010_suazo,60,FWD,false,
CHI_2010_orellana,55,FWD,false,
CIV_2010_barry,64,GK,false,
CIV_2010_zogbo,57,GK,false,
CIV_2010_yeboah,56,GK,false,
CIV_2010_toure,80,DEF,false,
CIV_2010_eboue,79,DEF,false,
CIV_2010_boka,75,DEF,false,
CIV_2010_demel,71,DEF,false,
CIV_2010_tiene,64,DEF,false,
CIV_2010_gohouri,58,DEF,false,
CIV_2010_bamba,58,DEF,false,
CIV_2010_angoua,57,DEF,false,
CIV_2010_toure_2,82,MID,false,
CIV_2010_zokora,76,MID,false,
CIV_2010_keita,76,MID,false,
CIV_2010_romaric,75,MID,false,
CIV_2010_gosso,71,MID,false,
CIV_2010_kone,58,MID,false,
CIV_2010_tiote,56,MID,false,
CIV_2010_drogba,83,FWD,true,
CIV_2010_kalou,79,FWD,false,
CIV_2010_gervinho,65,FWD,false,
CIV_2010_doumbia,65,FWD,false,
CIV_2010_dindane,59,FWD,false,
DEN_2010_s_rensen,64,GK,false,
DEN_2010_christiansen,63,GK,false,
DEN_2010_andersen,57,GK,false,
DEN_2010_agger,77,DEF,false,
DEN_2010_kr_ldrup,75,DEF,false,
DEN_2010_jacobsen,69,DEF,false,
DEN_2010_kvist,67,DEF,false,
DEN_2010_poulsen,55,DEF,false,
DEN_2010_mtiliga,55,DEF,false,
DEN_2010_kj_r,53,DEF,false,
DEN_2010_rommedahl,82,MID,false,
DEN_2010_poulsen_2,80,MID,false,
DEN_2010_jensen,75,MID,false,
DEN_2010_eriksen,73,MID,false,
DEN_2010_gr_nkj_r,73,MID,false,
DEN_2010_kahlenberg,69,MID,false,
DEN_2010_poulsen_3,57,MID,false,
DEN_2010_j_rgensen,55,MID,false,
DEN_2010_enevoldsen,54,MID,false,
DEN_2010_bendtner,79,FWD,false,
DEN_2010_tomasson,78,FWD,true,
DEN_2010_larsen,56,FWD,false,
DEN_2010_beckmann,55,FWD,false,
ENG_2010_james,75,GK,false,
ENG_2010_green,74,GK,false,
ENG_2010_hart,55,GK,false,
ENG_2010_cole,85,DEF,false,
ENG_2010_terry,85,DEF,false,
ENG_2010_carragher,80,DEF,false,
ENG_2010_johnson,80,DEF,false,
ENG_2010_upson,78,DEF,false,
ENG_2010_king,76,DEF,false,
ENG_2010_warnock,72,DEF,false,
ENG_2010_dawson,70,DEF,false,
ENG_2010_gerrard,85,MID,true,
ENG_2010_cole_2,82,MID,false,
ENG_2010_lampard,82,MID,false,
ENG_2010_barry,81,MID,false,
ENG_2010_carrick,79,MID,false,
ENG_2010_wright_phillips,79,MID,false,
ENG_2010_milner,74,MID,false,
ENG_2010_lennon,70,MID,false,
ENG_2010_rooney,83,FWD,false,
ENG_2010_heskey,78,FWD,false,
ENG_2010_crouch,77,FWD,false,
ENG_2010_defoe,76,FWD,false,
FRA_2010_lloris,81,GK,false,
FRA_2010_mandanda,80,GK,false,
FRA_2010_carrasso,64,GK,false,
FRA_2010_abidal,79,DEF,false,
FRA_2010_gallas,78,DEF,false,
FRA_2010_evra,77,DEF,false,
FRA_2010_sagna,77,DEF,false,
FRA_2010_clichy,74,DEF,false,
FRA_2010_squillaci,72,DEF,false,
FRA_2010_reveillere,71,DEF,false,
FRA_2010_planus,64,DEF,false,
FRA_2010_malouda,85,MID,false,
FRA_2010_ribery,81,MID,false,
FRA_2010_diaby,75,MID,false,
FRA_2010_toulalan,72,MID,false,
FRA_2010_valbuena,71,MID,false,
FRA_2010_diarra,69,MID,false,
FRA_2010_gourcuff,66,MID,false,
FRA_2010_henry,83,FWD,true,
FRA_2010_anelka,80,FWD,false,
FRA_2010_govou,72,FWD,false,
FRA_2010_cisse,71,FWD,false,
FRA_2010_gignac,56,FWD,false,
GER_2010_neuer,90,GK,false,
GER_2010_wiese,78,GK,false,
GER_2010_butt,74,GK,false,
GER_2010_lahm,90,DEF,true,
GER_2010_badstuber,84,DEF,false,
GER_2010_mertesacker,83,DEF,false,
GER_2010_friedrich,81,DEF,false,
GER_2010_tasci,78,DEF,false,
GER_2010_aogo,78,DEF,false,
GER_2010_boateng,77,DEF,false,
GER_2010_muller,98,MID,false,golden_boot|best_young_player
GER_2010_podolski,86,MID,false,
GER_2010_schweinsteiger,85,MID,false,
GER_2010_khedira,85,MID,false,
GER_2010_jansen,83,MID,false,
GER_2010_ozil,80,MID,false,
GER_2010_trochowski,80,MID,false,
GER_2010_marin,80,MID,false,
GER_2010_kroos,78,MID,false,
GER_2010_klose,94,FWD,false,
GER_2010_gomez,84,FWD,false,
GER_2010_kie_ling,80,FWD,false,
GER_2010_cacau,78,FWD,false,
GHA_2010_kingson,83,GK,false,
GHA_2010_ahorlu,66,GK,false,
GHA_2010_agyei,66,GK,false,
GHA_2010_sarpei,84,DEF,false,
GHA_2010_paintsil,80,DEF,false,
GHA_2010_mensah,80,DEF,true,
GHA_2010_inkoom,75,DEF,false,
GHA_2010_ayew,67,DEF,false,
GHA_2010_addy,67,DEF,false,
GHA_2010_vorsah,66,DEF,false,
GHA_2010_mensah_2,65,DEF,false,
GHA_2010_muntari,89,MID,false,
GHA_2010_appiah,79,MID,false,
GHA_2010_asamoah,75,MID,false,
GHA_2010_owusu_abeyie,75,MID,false,
GHA_2010_boateng,74,MID,false,
GHA_2010_annan,74,MID,false,
GHA_2010_boateng_2,73,MID,false,
GHA_2010_ayew_2,66,MID,false,
GHA_2010_adiyiah,83,FWD,false,
GHA_2010_gyan,81,FWD,false,
GHA_2010_amoah,73,FWD,false,
GHA_2010_tagoe,67,FWD,false,
GRE_2010_tzorvas,66,GK,false,
GRE_2010_sifakis,53,GK,false,
GRE_2010_chalkias,52,GK,false,
GRE_2010_kyrgiakos,79,DEF,false,
GRE_2010_torosidis,70,DEF,false,
GRE_2010_vyntra,69,DEF,false,
GRE_2010_seitaridis,69,DEF,false,
GRE_2010_papastathopoulos,67,DEF,false,
GRE_2010_spyropoulos,66,DEF,false,
GRE_2010_papadopoulos,66,DEF,false,
GRE_2010_moras,65,DEF,false,
GRE_2010_patsatzoglou,59,DEF,false,
GRE_2010_malezas,56,DEF,false,
GRE_2010_karagounis,69,MID,true,
GRE_2010_katsouranis,69,MID,false,
GRE_2010_ninis,62,MID,false,
GRE_2010_tziolis,55,MID,false,
GRE_2010_prittas,53,MID,false,
GRE_2010_samaras,72,FWD,false,
GRE_2010_gekas,72,FWD,false,
GRE_2010_salpingidis,68,FWD,false,
GRE_2010_charisteas,59,FWD,false,
GRE_2010_kapetanos,52,FWD,false,
HON_2010_valladares,71,GK,false,
HON_2010_escober,70,GK,false,
HON_2010_canales,58,GK,false,
HON_2010_bernardez,74,DEF,false,
HON_2010_garcia,71,DEF,false,
HON_2010_palacios,65,DEF,false,
HON_2010_figueroa,64,DEF,false,
HON_2010_mendoza,64,DEF,false,
HON_2010_chavez,63,DEF,false,
HON_2010_izaguirre,63,DEF,false,
HON_2010_sabillon,58,DEF,false,
HON_2010_palacios_2,79,MID,false,
HON_2010_turcios,74,MID,false,
HON_2010_nunez,69,MID,false,
HON_2010_guevara,65,MID,true,
HON_2010_alvarez,64,MID,false,
HON_2010_thomas,58,MID,false,
HON_2010_suazo,74,FWD,false,
HON_2010_martinez,57,FWD,false,
HON_2010_palacios_3,57,FWD,false,
HON_2010_espinoza,57,FWD,false,
HON_2010_pavon,57,FWD,false,
HON_2010_welcome,57,FWD,false,
ITA_2010_buffon,85,GK,false,
ITA_2010_sanctis,68,GK,false,
ITA_2010_marchetti,54,GK,false,
ITA_2010_cannavaro,84,DEF,true,
ITA_2010_zambrotta,78,DEF,false,
ITA_2010_chiellini,77,DEF,false,
ITA_2010_maggio,72,DEF,false,
ITA_2010_bocchetti,66,DEF,false,
ITA_2010_criscito,63,DEF,false,
ITA_2010_bonucci,54,DEF,false,
ITA_2010_pirlo,82,MID,false,
ITA_2010_gattuso,78,MID,false,
ITA_2010_rossi,77,MID,false,
ITA_2010_camoranesi,76,MID,false,
ITA_2010_marchisio,75,MID,false,
ITA_2010_montolivo,71,MID,false,
ITA_2010_pepe,66,MID,false,
ITA_2010_palombo,65,MID,false,
ITA_2010_iaquinta,82,FWD,false,
ITA_2010_quagliarella,77,FWD,false,
ITA_2010_gilardino,73,FWD,false,
ITA_2010_natale,72,FWD,false,
ITA_2010_pazzini,63,FWD,false,
JPN_2010_kawashima,69,GK,false,
JPN_2010_narazaki,68,GK,false,
JPN_2010_kawaguchi,61,GK,false,
JPN_2010_iwamasa,78,DEF,false,
JPN_2010_uchida,74,DEF,false,
JPN_2010_nakazawa,74,DEF,true,
JPN_2010_konno,72,DEF,false,
JPN_2010_komano,68,DEF,false,
JPN_2010_tanaka,68,DEF,false,
JPN_2010_nagatomo,61,DEF,false,
JPN_2010_honda,83,MID,false,
JPN_2010_endo,77,MID,false,
JPN_2010_hasebe,77,MID,false,
JPN_2010_inamoto,73,MID,false,
JPN_2010_nakamura,68,MID,false,
JPN_2010_abe,62,MID,false,
JPN_2010_nakamura_2,61,MID,false,
JPN_2010_okazaki,69,FWD,false,
JPN_2010_tamada,68,FWD,false,
JPN_2010_okubo,62,FWD,false,
JPN_2010_matsui,61,FWD,false,
JPN_2010_yano,60,FWD,false,
JPN_2010_morimoto,59,FWD,false,
MEX_2010_perez,72,GK,false,
MEX_2010_ochoa,71,GK,false,
MEX_2010_michel,67,GK,false,
MEX_2010_marquez,85,DEF,false,
MEX_2010_salcido,79,DEF,false,
MEX_2010_osorio,76,DEF,false,
MEX_2010_rodriguez,76,DEF,false,
MEX_2010_magallon,75,DEF,false,
MEX_2010_juarez,71,DEF,false,
MEX_2010_moreno,61,DEF,false,
MEX_2010_nilo,60,DEF,false,
MEX_2010_aguilar,60,DEF,false,
MEX_2010_medina,72,MID,false,
MEX_2010_torrado,71,MID,false,
MEX_2010_guardado,69,MID,false,
MEX_2010_barrera,69,MID,false,
MEX_2010_castro,68,MID,false,
MEX_2010_blanco,80,FWD,true,
MEX_2010_vela,79,FWD,false,
MEX_2010_bautista,75,FWD,false,
MEX_2010_santos,71,FWD,false,
MEX_2010_hernandez,71,FWD,false,
MEX_2010_franco,70,FWD,false,
NED_2010_stekelenburg,87,GK,false,
NED_2010_vorm,75,GK,false,
NED_2010_boschker,71,GK,false,
NED_2010_wiel,85,DEF,false,
NED_2010_bronckhorst,85,DEF,true,
NED_2010_mathijsen,83,DEF,false,
NED_2010_heitinga,82,DEF,false,
NED_2010_boulahrouz,82,DEF,false,
NED_2010_braafheid,79,DEF,false,
NED_2010_ooijer,78,DEF,false,
NED_2010_sneijder,94,MID,false,
NED_2010_vaart,87,MID,false,
NED_2010_jong,86,MID,false,
NED_2010_bommel,85,MID,false,
NED_2010_zeeuw,85,MID,false,
NED_2010_afellay,77,MID,false,
NED_2010_schaars,69,MID,false,
NED_2010_robben,90,FWD,false,
NED_2010_kuyt,88,FWD,false,
NED_2010_persie,87,FWD,false,
NED_2010_huntelaar,87,FWD,false,
NED_2010_babel,85,FWD,false,
NED_2010_elia,76,FWD,false,
NZL_2010_paston,70,GK,false,
NZL_2010_moss,69,GK,false,
NZL_2010_bannatyne,57,GK,false,
NZL_2010_nelsen,76,DEF,true,
NZL_2010_reid,66,DEF,false,
NZL_2010_sigmund,63,DEF,false,
NZL_2010_vicelich,62,DEF,false,
NZL_2010_lochhead,62,DEF,false,
NZL_2010_boyens,57,DEF,false,
NZL_2010_smith,57,DEF,false,
NZL_2010_bertos,67,MID,false,
NZL_2010_christie,66,MID,false,
NZL_2010_mulligan,63,MID,false,
NZL_2010_barron,63,MID,false,
NZL_2010_brown,62,MID,false,
NZL_2010_brockie,57,MID,false,
NZL_2010_elliott,57,MID,false,
NZL_2010_mcglinchey,57,MID,false,
NZL_2010_clapham,56,MID,false,
NZL_2010_smeltz,69,FWD,false,
NZL_2010_killen,67,FWD,false,
NZL_2010_fallon,63,FWD,false,
NZL_2010_wood,56,FWD,false,
NGA_2010_enyeama,66,GK,false,
NGA_2010_ejide,58,GK,false,
NGA_2010_aiyenugba,56,GK,false,
NGA_2010_yobo,75,DEF,false,
NGA_2010_odiah,74,DEF,false,
NGA_2010_taiwo,71,DEF,false,
NGA_2010_echiejile,70,DEF,false,
NGA_2010_shittu,64,DEF,false,
NGA_2010_afolabi,57,DEF,false,
NGA_2010_adeleye,57,DEF,false,
NGA_2010_yussuf,74,MID,false,
NGA_2010_haruna,73,MID,false,
NGA_2010_etuhu,67,MID,false,
NGA_2010_kaita,56,MID,false,
NGA_2010_yakubu,80,FWD,false,
NGA_2010_martins,70,FWD,false,
NGA_2010_uche,65,FWD,false,
NGA_2010_kanu,64,FWD,true,
NGA_2010_odemwingie,64,FWD,false,
NGA_2010_utaka,64,FWD,false,
NGA_2010_obasi,58,FWD,false,
NGA_2010_obinna,57,FWD,false,
NGA_2010_ideye,57,FWD,false,
PRK_2010_myong_guk,63,GK,false,
PRK_2010_myong_gil,56,GK,false,
PRK_2010_myong_won,56,GK,false,
PRK_2010_song_chol,69,DEF,false,
PRK_2010_kwang_chon,69,DEF,false,
PRK_2010_yun_nam,66,DEF,false,
PRK_2010_kwang_hyok,66,DEF,false,
PRK_2010_jong_hyok,63,DEF,false,
PRK_2010_chol_jin,63,DEF,false,
PRK_2010_ii,62,DEF,false,
PRK_2010_sung_hyok,57,DEF,false,
PRK_2010_jun_il,56,DEF,false,
PRK_2010_yong_jun,69,MID,false,
PRK_2010_in_guk,67,MID,false,
PRK_2010_i,67,MID,false,
PRK_2010_yong_hak,63,MID,false,
PRK_2010_chol_myong,56,MID,false,
PRK_2010_kyong_il,56,MID,false,
PRK_2010_yong_jo,74,FWD,true,
PRK_2010_tae_se,63,FWD,false,
PRK_2010_kum_chol,63,FWD,false,
PRK_2010_chol_hyok,57,FWD,false,
PRK_2010_kum_il,56,FWD,false,
PAR_2010_villar,78,GK,false,
PAR_2010_barreto,60,GK,false,
PAR_2010_bobadilla,59,GK,false,
PAR_2010_alcaraz,81,DEF,false,
PAR_2010_morel,76,DEF,false,
PAR_2010_silva,76,DEF,false,
PAR_2010_caceres,74,DEF,false,
PAR_2010_bonet,72,DEF,false,
PAR_2010_caniza,69,DEF,true,
PAR_2010_torres,67,DEF,false,
PAR_2010_veron,62,DEF,false,
PAR_2010_riveros,80,MID,false,
PAR_2010_barreto_2,78,MID,false,
PAR_2010_santana,71,MID,false,
PAR_2010_vera,68,MID,false,
PAR_2010_caceres_2,61,MID,false,
PAR_2010_ortigoza,59,MID,false,
PAR_2010_valdez,85,FWD,false,
PAR_2010_cruz,83,FWD,false,
PAR_2010_barrios,80,FWD,false,
PAR_2010_cardozo,75,FWD,false,
PAR_2010_benitez,59,FWD,false,
PAR_2010_gamarra,55,FWD,false,
POR_2010_eduardo,75,GK,false,
POR_2010_beto,74,GK,false,
POR_2010_fernandes,56,GK,false,
POR_2010_carvalho,83,DEF,false,
POR_2010_ferreira,83,DEF,false,
POR_2010_pepe,80,DEF,false,
POR_2010_alves,80,DEF,false,
POR_2010_miguel,76,DEF,false,
POR_2010_rolando,74,DEF,false,
POR_2010_coentrao,72,DEF,false,
POR_2010_costa,70,DEF,false,
POR_2010_tiago,85,MID,false,
POR_2010_simao,84,MID,false,
POR_2010_deco,81,MID,false,
POR_2010_meireles,77,MID,false,
POR_2010_amorim,73,MID,false,
POR_2010_veloso,71,MID,false,
POR_2010_danny,70,MID,false,
POR_2010_mendes,70,MID,false,
POR_2010_duda,58,MID,false,
POR_2010_ronaldo,88,FWD,true,
POR_2010_liedson,77,FWD,false,
POR_2010_almeida,76,FWD,false,
SRB_2010_stojkovic,58,GK,false,
SRB_2010_uricic,56,GK,false,
SRB_2010_isailovic,55,GK,false,
SRB_2010_vidic,85,DEF,false,
SRB_2010_subotic,79,DEF,false,
SRB_2010_ivanovic,78,DEF,false,
SRB_2010_kolarov,71,DEF,false,
SRB_2010_lukovic,67,DEF,false,
SRB_2010_rukavina,58,DEF,false,
SRB_2010_obradovic,54,DEF,false,
SRB_2010_stankovic,83,MID,true,
SRB_2010_kuzmanovic,73,MID,false,
SRB_2010_ninkovic,71,MID,false,
SRB_2010_krasic,70,MID,false,
SRB_2010_jovanovic,69,MID,false,
SRB_2010_tosic,66,MID,false,
SRB_2010_kacar,66,MID,false,
SRB_2010_milijas,66,MID,false,
SRB_2010_petrovic,52,MID,false,
SRB_2010_pantelic,79,FWD,false,
SRB_2010_lazovic,74,FWD,false,
SRB_2010_zigic,73,FWD,false,
SRB_2010_mr_a,58,FWD,false,
SVK_2010_mucha,70,GK,false,
SVK_2010_pernis,56,GK,false,
SVK_2010_kuciak,56,GK,false,
SVK_2010_skrtel,82,DEF,false,
SVK_2010_pekarik,73,DEF,false,
SVK_2010_zabavnik,70,DEF,false,
SVK_2010_durica,64,DEF,false,
SVK_2010_cech,63,DEF,false,
SVK_2010_petras,62,DEF,false,
SVK_2010_salata,57,DEF,false,
SVK_2010_hamsik,76,MID,true,
SVK_2010_kopunek,63,MID,false,
SVK_2010_sestak,60,MID,false,
SVK_2010_sapara,59,MID,false,
SVK_2010_kozak,58,MID,false,
SVK_2010_kucka,57,MID,false,
SVK_2010_stoch,55,MID,false,
SVK_2010_strba,54,MID,false,
SVK_2010_jr,53,MID,false,
SVK_2010_vittek,79,FWD,false,
SVK_2010_holosko,79,FWD,false,
SVK_2010_jendrisek,72,FWD,false,
SVK_2010_jakubko,58,FWD,false,
SVN_2010_handanovic,80,GK,false,
SVN_2010_seliga,53,GK,false,
SVN_2010_handanovic_2,53,GK,false,
SVN_2010_brecko,70,DEF,false,
SVN_2010_ilic,59,DEF,false,
SVN_2010_cesar,58,DEF,false,
SVN_2010_mavric,58,DEF,false,
SVN_2010_filekovic,58,DEF,false,
SVN_2010_jokic,57,DEF,false,
SVN_2010_dzinic,55,DEF,false,
SVN_2010_suler,53,DEF,false,
SVN_2010_krhin,69,MID,false,
SVN_2010_kirm,68,MID,false,
SVN_2010_koren,67,MID,true,
SVN_2010_stevanovic,58,MID,false,
SVN_2010_radosavljevic,58,MID,false,
SVN_2010_komac,57,MID,false,
SVN_2010_birsa,70,FWD,false,
SVN_2010_novakovic,70,FWD,false,
SVN_2010_pecnik,67,FWD,false,
SVN_2010_ljubijankic,58,FWD,false,
SVN_2010_dedic,56,FWD,false,
SVN_2010_matavz,52,FWD,false,
RSA_2010_khune,64,GK,false,
RSA_2010_josephs,63,GK,false,
RSA_2010_walters,57,GK,false,
RSA_2010_mokoena,72,DEF,true,
RSA_2010_khumalo,67,DEF,false,
RSA_2010_gaxa,63,DEF,false,
RSA_2010_sangweni,63,DEF,false,
RSA_2010_masilela,57,DEF,false,
RSA_2010_thwala,57,DEF,false,
RSA_2010_booth,57,DEF,false,
RSA_2010_ngcongca,57,DEF,false,
RSA_2010_pienaar,79,MID,false,
RSA_2010_dikgacoi,73,MID,false,
RSA_2010_tshabalala,71,MID,false,
RSA_2010_modise,67,MID,false,
RSA_2010_sibaya,63,MID,false,
RSA_2010_letsholonyane,63,MID,false,
RSA_2010_moriri,58,MID,false,
RSA_2010_davids,58,MID,false,
RSA_2010_khuboni,56,MID,false,
RSA_2010_mphela,67,FWD,false,
RSA_2010_nomvethe,67,FWD,false,
RSA_2010_parker,64,FWD,false,
KOR_2010_sung_ryong,69,GK,false,
KOR_2010_woon_jae,68,GK,false,
KOR_2010_young_kwang,60,GK,false,
KOR_2010_jung_soo,80,DEF,false,
KOR_2010_young_pyo,74,DEF,false,
KOR_2010_du_ri,74,DEF,false,
KOR_2010_dong_jin,73,DEF,false,
KOR_2010_beom_seok,68,DEF,false,
KOR_2010_yong_hyung,68,DEF,false,
KOR_2010_min_soo,61,DEF,false,
KOR_2010_hyung_il,60,DEF,false,
KOR_2010_ji_sung,88,MID,true,
KOR_2010_sung_yueng,77,MID,false,
KOR_2010_jung_woo,68,MID,false,
KOR_2010_nam_il,61,MID,false,
KOR_2010_jae_sung,60,MID,false,
KOR_2010_bo_kyung,58,MID,false,
KOR_2010_chu_young,79,FWD,false,
KOR_2010_chung_yong,73,FWD,false,
KOR_2010_dong_gook,69,FWD,false,
KOR_2010_jung_hwan,68,FWD,false,
KOR_2010_ki_hun,61,FWD,false,
KOR_2010_seung_yeoul,59,FWD,false,
ESP_2010_casillas,97,GK,true,golden_glove
ESP_2010_valdes,82,GK,false,
ESP_2010_reina,81,GK,false,
ESP_2010_puyol,92,DEF,false,
ESP_2010_ramos,91,DEF,false,
ESP_2010_albiol,87,DEF,false,
ESP_2010_arbeloa,87,DEF,false,
ESP_2010_pique,86,DEF,false,
ESP_2010_capdevila,85,DEF,false,
ESP_2010_marchena,83,DEF,false,
ESP_2010_iniesta,93,MID,false,
ESP_2010_xavi,92,MID,false,
ESP_2010_alonso,88,MID,false,
ESP_2010_fabregas,88,MID,false,
ESP_2010_busquets,84,MID,false,
ESP_2010_silva,82,MID,false,
ESP_2010_mata,80,MID,false,
ESP_2010_navas,79,MID,false,
ESP_2010_martinez,78,MID,false,
ESP_2010_villa,94,FWD,false,
ESP_2010_torres,88,FWD,false,
ESP_2010_pedro,83,FWD,false,
ESP_2010_llorente,78,FWD,false,
SUI_2010_benaglio,70,GK,false,
SUI_2010_wolfli,67,GK,false,
SUI_2010_leoni,56,GK,false,
SUI_2010_senderos,72,DEF,false,
SUI_2010_lichtsteiner,71,DEF,false,
SUI_2010_grichting,69,DEF,false,
SUI_2010_bergen,66,DEF,false,
SUI_2010_ziegler,65,DEF,false,
SUI_2010_magnin,60,DEF,false,
SUI_2010_eggimann,54,DEF,false,
SUI_2010_barnetta,75,MID,false,
SUI_2010_fernandes,73,MID,false,
SUI_2010_behrami,70,MID,false,
SUI_2010_schwegler,70,MID,false,
SUI_2010_inler,70,MID,false,
SUI_2010_huggel,68,MID,false,
SUI_2010_padalino,65,MID,false,
SUI_2010_shaqiri,60,MID,false,
SUI_2010_yakin,60,MID,false,
SUI_2010_frei,72,FWD,true,
SUI_2010_derdiyok,71,FWD,false,
SUI_2010_bunjaku,54,FWD,false,
SUI_2010_nkufo,52,FWD,false,
UNI_2010_howard,77,GK,false,
UNI_2010_guzan,76,GK,false,
UNI_2010_hahnemann,68,GK,false,
UNI_2010_onyewu,85,DEF,false,
UNI_2010_spector,80,DEF,false,
UNI_2010_bocanegra,73,DEF,true,
UNI_2010_cherundolo,69,DEF,false,
UNI_2010_bornstein,68,DEF,false,
UNI_2010_demerit,60,DEF,false,
UNI_2010_goodson,60,DEF,false,
UNI_2010_donovan,80,MID,false,
UNI_2010_bradley,79,MID,false,
UNI_2010_clark,77,MID,false,
UNI_2010_beasley,76,MID,false,
UNI_2010_edu,74,MID,false,
UNI_2010_dempsey,74,MID,false,
UNI_2010_feilhaber,67,MID,false,
UNI_2010_torres,60,MID,false,
UNI_2010_holden,59,MID,false,
UNI_2010_gomez,61,FWD,false,
UNI_2010_altidore,61,FWD,false,
UNI_2010_buddle,60,FWD,false,
UNI_2010_findley,60,FWD,false,
URU_2010_muslera,84,GK,false,
URU_2010_castillo,68,GK,false,
URU_2010_silva,66,GK,false,
URU_2010_pereira,85,DEF,false,
URU_2010_pereira_2,84,DEF,false,
URU_2010_caceres,83,DEF,false,
URU_2010_lugano,83,DEF,true,
URU_2010_godin,83,DEF,false,
URU_2010_fucile,80,DEF,false,
URU_2010_victorino,74,DEF,false,
URU_2010_scotti,71,DEF,false,
URU_2010_lodeiro,85,MID,false,
URU_2010_perez,82,MID,false,
URU_2010_gargano,81,MID,false,
URU_2010_rios,73,MID,false,
URU_2010_fernandez,71,MID,false,
URU_2010_gonzalez,67,MID,false,
URU_2010_eguren,65,MID,false,
URU_2010_forlan,97,FWD,false,golden_ball
URU_2010_suarez,87,FWD,false,
URU_2010_abreu,70,FWD,false,
URU_2010_cavani,68,FWD,false,
URU_2010_fernandez_2,63,FWD,false,
ALG_2014_m_bolhi,68,GK,false,
ALG_2014_zemmamouche,60,GK,false,
ALG_2014_mohamed,60,GK,false,
ALG_2014_ghoulam,75,DEF,false,
ALG_2014_bougherra,74,DEF,true,
ALG_2014_halliche,70,DEF,false,
ALG_2014_medjani,68,DEF,false,
ALG_2014_mesbah,61,DEF,false,
ALG_2014_belkalem,60,DEF,false,
ALG_2014_cadamuro_bentaiba,60,DEF,false,
ALG_2014_mandi,59,DEF,false,
ALG_2014_mahrez,82,MID,false,
ALG_2014_taider,79,MID,false,
ALG_2014_feghouli,78,MID,false,
ALG_2014_yebda,75,MID,false,
ALG_2014_bentaleb,71,MID,false,
ALG_2014_djabou,70,MID,false,
ALG_2014_brahimi,68,MID,false,
ALG_2014_lacen,61,MID,false,
ALG_2014_mostefa,60,MID,false,
ALG_2014_slimani,80,FWD,false,
ALG_2014_ghilas,75,FWD,false,
ALG_2014_soudani,70,FWD,false,
ARG_2014_romero,87,GK,false,
ARG_2014_orion,77,GK,false,
ARG_2014_andujar,75,GK,false,
ARG_2014_zabaleta,86,DEF,false,
ARG_2014_demichelis,85,DEF,false,
ARG_2014_campagnaro,84,DEF,false,
ARG_2014_rojo,84,DEF,false,
ARG_2014_fernandez,83,DEF,false,
ARG_2014_garay,80,DEF,false,
ARG_2014_basanta,73,DEF,false,
ARG_2014_maria,88,MID,false,
ARG_2014_mascherano,87,MID,false,
ARG_2014_alvarez,85,MID,false,
ARG_2014_rodriguez,85,MID,false,
ARG_2014_gago,82,MID,false,
ARG_2014_biglia,78,MID,false,
ARG_2014_perez,76,MID,false,
ARG_2014_fernandez_2,72,MID,false,
ARG_2014_messi,99,FWD,true,golden_ball
ARG_2014_aguero,86,FWD,false,
ARG_2014_lavezzi,85,FWD,false,
ARG_2014_palacio,85,FWD,false,
ARG_2014_higuain,84,FWD,false,
AUS_2014_ryan,80,GK,false,
AUS_2014_langerak,78,GK,false,
AUS_2014_galekovic,62,GK,false,
AUS_2014_franjic,63,DEF,false,
AUS_2014_mcgowan,63,DEF,false,
AUS_2014_wilkinson,62,DEF,false,
AUS_2014_spiranovic,57,DEF,false,
AUS_2014_wright,57,DEF,false,
AUS_2014_davidson,56,DEF,false,
AUS_2014_jedinak,73,MID,true,
AUS_2014_holland,69,MID,false,
AUS_2014_milligan,67,MID,false,
AUS_2014_mckay,66,MID,false,
AUS_2014_vidosic,66,MID,false,
AUS_2014_troisi,63,MID,false,
AUS_2014_bresciano,62,MID,false,
AUS_2014_bozanic,62,MID,false,
AUS_2014_halloran,57,MID,false,
AUS_2014_oar,56,MID,false,
AUS_2014_luongo,56,MID,false,
AUS_2014_cahill,74,FWD,false,
AUS_2014_leckie,56,FWD,false,
AUS_2014_taggart,56,FWD,false,
BEL_2014_courtois,83,GK,false,
BEL_2014_mignolet,79,GK,false,
BEL_2014_bossut,61,GK,false,
BEL_2014_kompany,86,DEF,true,
BEL_2014_vermaelen,83,DEF,false,
BEL_2014_alderweireld,83,DEF,false,
BEL_2014_buyten,83,DEF,false,
BEL_2014_vertonghen,82,DEF,false,
BEL_2014_borre,80,DEF,false,
BEL_2014_lombaerts,76,DEF,false,
BEL_2014_ciman,70,DEF,false,
BEL_2014_fellaini,85,MID,false,
BEL_2014_hazard,84,MID,false,
BEL_2014_dembele,78,MID,false,
BEL_2014_mirallas,78,MID,false,
BEL_2014_januzaj,77,MID,false,
BEL_2014_chadli,77,MID,false,
BEL_2014_defour,77,MID,false,
BEL_2014_witsel,76,MID,false,
BEL_2014_bruyne,72,MID,false,
BEL_2014_mertens,83,FWD,false,
BEL_2014_lukaku,74,FWD,false,
BEL_2014_origi,71,FWD,false,
BOS_2014_begovic,58,GK,false,
BOS_2014_fejzic,56,GK,false,
BOS_2014_avdukic,52,GK,false,
BOS_2014_spahic,79,DEF,true,
BOS_2014_kolasinac,69,DEF,false,
BOS_2014_vrsajevic,69,DEF,false,
BOS_2014_mujdza,68,DEF,false,
BOS_2014_vranjes,56,DEF,false,
BOS_2014_bicakcic,54,DEF,false,
BOS_2014_sunjic,53,DEF,false,
BOS_2014_besic,52,DEF,false,
BOS_2014_pjanic,75,MID,false,
BOS_2014_lulic,72,MID,false,
BOS_2014_hajrovic,72,MID,false,
BOS_2014_susic,65,MID,false,
BOS_2014_salihovic,59,MID,false,
BOS_2014_medunjanin,58,MID,false,
BOS_2014_misimovic,57,MID,false,
BOS_2014_ibricic,57,MID,false,
BOS_2014_hadzic,53,MID,false,
BOS_2014_dzeko,84,FWD,false,
BOS_2014_ibisevic,80,FWD,false,
BOS_2014_visca,58,FWD,false,
BRA_2014_cesar,82,GK,false,
BRA_2014_jefferson,69,GK,false,
BRA_2014_victor,69,GK,false,
BRA_2014_luiz,88,DEF,false,
BRA_2014_silva,88,DEF,true,
BRA_2014_alves,85,DEF,false,
BRA_2014_marcelo,85,DEF,false,
BRA_2014_dante,85,DEF,false,
BRA_2014_maxwell,83,DEF,false,
BRA_2014_maicon,82,DEF,false,
BRA_2014_henrique,78,DEF,false,
BRA_2014_oscar,86,MID,false,
BRA_2014_fernandinho,85,MID,false,
BRA_2014_hernanes,85,MID,false,
BRA_2014_ramires,84,MID,false,
BRA_2014_willian,82,MID,false,
BRA_2014_paulinho,78,MID,false,
BRA_2014_gustavo,73,MID,false,
BRA_2014_neymar,91,FWD,false,
BRA_2014_bernard,77,FWD,false,
BRA_2014_hulk,76,FWD,false,
BRA_2014_fred,70,FWD,false,
BRA_2014_jo,70,FWD,false,
CMR_2014_itandje,64,GK,false,
CMR_2014_ndjock,63,GK,false,
CMR_2014_feudjou,56,GK,false,
CMR_2014_nkoulou,74,DEF,false,
CMR_2014_bedimo,72,DEF,false,
CMR_2014_chedjou,72,DEF,false,
CMR_2014_nounkeu,72,DEF,false,
CMR_2014_assou_ekotto,57,DEF,false,
CMR_2014_nyom,57,DEF,false,
CMR_2014_djeugoue,57,DEF,false,
CMR_2014_song,80,MID,false,
CMR_2014_matip,77,MID,false,
CMR_2014_mbia,75,MID,false,
CMR_2014_makoun,73,MID,false,
CMR_2014_n_guemo,70,MID,false,
CMR_2014_salli,65,MID,false,
CMR_2014_enoh,58,MID,false,
CMR_2014_eto_o,81,FWD,true,
CMR_2014_webo,72,FWD,false,
CMR_2014_choupo_moting,67,FWD,false,
CMR_2014_moukandjo,58,FWD,false,
CMR_2014_aboubakar,57,FWD,false,
CMR_2014_olinga,56,FWD,false,
CHI_2014_bravo,80,GK,true,
CHI_2014_toselli,68,GK,false,
CHI_2014_herrera,67,GK,false,
CHI_2014_vidal,84,DEF,false,
CHI_2014_isla,82,DEF,false,
CHI_2014_jara,77,DEF,false,
CHI_2014_mena,77,DEF,false,
CHI_2014_albornoz,70,DEF,false,
CHI_2014_rojas,69,DEF,false,
CHI_2014_medel,64,DEF,false,
CHI_2014_carmona,80,MID,false,
CHI_2014_valdivia,78,MID,false,
CHI_2014_diaz,72,MID,false,
CHI_2014_orellana,69,MID,false,
CHI_2014_fuenzalida,68,MID,false,
CHI_2014_beausejour,66,MID,false,
CHI_2014_aranguiz,64,MID,false,
CHI_2014_gutierrez,57,MID,false,
CHI_2014_silva,55,MID,false,
CHI_2014_sanchez,84,FWD,false,
CHI_2014_vargas,76,FWD,false,
CHI_2014_paredes,71,FWD,false,
CHI_2014_pinilla,59,FWD,false,
COL_2014_ospina,78,GK,false,
COL_2014_vargas,60,GK,false,
COL_2014_mondragon,59,GK,false,
COL_2014_armero,85,DEF,false,
COL_2014_zapata,81,DEF,false,
COL_2014_zuniga,79,DEF,false,
COL_2014_balanta,77,DEF,false,
COL_2014_yepes,76,DEF,true,
COL_2014_arias,75,DEF,false,
COL_2014_aguilar,64,DEF,false,
COL_2014_valdes,60,DEF,false,
COL_2014_rodriguez,97,MID,false,golden_boot
COL_2014_guarin,83,MID,false,
COL_2014_cuadrado,81,MID,false,
COL_2014_carbonero,76,MID,false,
COL_2014_quintero,74,MID,false,
COL_2014_mejia,70,MID,false,
COL_2014_sanchez,67,MID,false,
COL_2014_martinez,81,FWD,false,
COL_2014_bacca,79,FWD,false,
COL_2014_gutierrez,77,FWD,false,
COL_2014_ramos,68,FWD,false,
COL_2014_ibarbo,59,FWD,false,
CRC_2014_navas,85,GK,false,
CRC_2014_pemberton,75,GK,false,
CRC_2014_cambronero,75,GK,false,
CRC_2014_duarte,83,DEF,false,
CRC_2014_umana,82,DEF,false,
CRC_2014_diaz,80,DEF,false,
CRC_2014_acosta,80,DEF,false,
CRC_2014_myrie,79,DEF,false,
CRC_2014_miller,74,DEF,false,
CRC_2014_gamboa,68,DEF,false,
CRC_2014_gonzalez,68,DEF,false,
CRC_2014_francis,67,DEF,false,
CRC_2014_bolanos,79,MID,false,
CRC_2014_granados,76,MID,false,
CRC_2014_cubero,75,MID,false,
CRC_2014_tejeda,75,MID,false,
CRC_2014_borges,68,MID,false,
CRC_2014_barrantes,68,MID,false,
CRC_2014_calvo,66,MID,false,
CRC_2014_ruiz,89,FWD,true,
CRC_2014_campbell,75,FWD,false,
CRC_2014_urena,69,FWD,false,
CRC_2014_brenes,67,FWD,false,
CIV_2014_barry,63,GK,false,
CIV_2014_gbohouo,58,GK,false,
CIV_2014_mande,57,GK,false,
CIV_2014_toure,77,DEF,false,
CIV_2014_boka,76,DEF,false,
CIV_2014_djakpa,71,DEF,false,
CIV_2014_bamba,64,DEF,false,
CIV_2014_zokora,58,DEF,false,
CIV_2014_viera,58,DEF,false,
CIV_2014_aurier,57,DEF,false,
CIV_2014_akpro,57,DEF,false,
CIV_2014_toure_2,85,MID,false,
CIV_2014_tiote,74,MID,false,
CIV_2014_die,66,MID,false,
CIV_2014_diomande,65,MID,false,
CIV_2014_gervinho,78,FWD,false,
CIV_2014_drogba,75,FWD,true,
CIV_2014_kalou,73,FWD,false,
CIV_2014_gradel,67,FWD,false,
CIV_2014_bony,65,FWD,false,
CIV_2014_sio,65,FWD,false,
CIV_2014_konan,57,FWD,false,
CIV_2014_bolly,57,FWD,false,
CRO_2014_pletikosa,74,GK,false,
CRO_2014_subasic,73,GK,false,
CRO_2014_zelenika,52,GK,false,
CRO_2014_srna,80,DEF,true,
CRO_2014_lovren,77,DEF,false,
CRO_2014_vukojevic,73,DEF,false,
CRO_2014_corluka,71,DEF,false,
CRO_2014_vida,70,DEF,false,
CRO_2014_pranjic,70,DEF,false,
CRO_2014_vrsaljko,67,DEF,false,
CRO_2014_schildenfeld,67,DEF,false,
CRO_2014_modric,85,MID,false,
CRO_2014_rakitic,79,MID,false,
CRO_2014_kovacic,77,MID,false,
CRO_2014_badelj,72,MID,false,
CRO_2014_brozovic,63,MID,false,
CRO_2014_sammir,55,MID,false,
CRO_2014_mandzukic,83,FWD,false,
CRO_2014_perisic,81,FWD,false,
CRO_2014_olic,79,FWD,false,
CRO_2014_eduardo,75,FWD,false,
CRO_2014_rebic,68,FWD,false,
CRO_2014_jelavic,55,FWD,false,
ECU_2014_dominguez,60,GK,false,
ECU_2014_banguera,59,GK,false,
ECU_2014_bone,54,GK,false,
ECU_2014_erazo,73,DEF,false,
ECU_2014_gruezo,73,DEF,false,
ECU_2014_guagua,59,DEF,false,
ECU_2014_achilier,59,DEF,false,
ECU_2014_paredes,58,DEF,false,
ECU_2014_ayovi,56,DEF,false,
ECU_2014_bagui,55,DEF,false,
ECU_2014_valencia,84,MID,true,
ECU_2014_noboa,73,MID,false,
ECU_2014_saritama,59,MID,false,
ECU_2014_montero,59,MID,false,
ECU_2014_arroyo,59,MID,false,
ECU_2014_ibarra,58,MID,false,
ECU_2014_minda,57,MID,false,
ECU_2014_martinez,54,MID,false,
ECU_2014_valencia_2,74,FWD,false,
ECU_2014_rojas,68,FWD,false,
ECU_2014_caicedo,58,FWD,false,
ECU_2014_mendez,57,FWD,false,
ECU_2014_ayovi_2,56,FWD,false,
ENG_2014_hart,77,GK,false,
ENG_2014_foster,70,GK,false,
ENG_2014_forster,69,GK,false,
ENG_2014_cahill,78,DEF,false,
ENG_2014_johnson,76,DEF,false,
ENG_2014_baines,76,DEF,false,
ENG_2014_smalling,73,DEF,false,
ENG_2014_jones,72,DEF,false,
ENG_2014_jagielka,72,DEF,false,
ENG_2014_shaw,68,DEF,false,
ENG_2014_gerrard,82,MID,true,
ENG_2014_lampard,78,MID,false,
ENG_2014_milner,76,MID,false,
ENG_2014_henderson,75,MID,false,
ENG_2014_sterling,75,MID,false,
ENG_2014_wilshere,74,MID,false,
ENG_2014_lallana,74,MID,false,
ENG_2014_oxlade_chamberlain,72,MID,false,
ENG_2014_barkley,69,MID,false,
ENG_2014_rooney,84,FWD,false,
ENG_2014_sturridge,80,FWD,false,
ENG_2014_welbeck,75,FWD,false,
ENG_2014_lambert,70,FWD,false,
FRA_2014_lloris,85,GK,true,
FRA_2014_landreau,71,GK,false,
FRA_2014_ruffier,69,GK,false,
FRA_2014_koscielny,86,DEF,false,
FRA_2014_sakho,85,DEF,false,
FRA_2014_sagna,83,DEF,false,
FRA_2014_evra,82,DEF,false,
FRA_2014_varane,81,DEF,false,
FRA_2014_digne,79,DEF,false,
FRA_2014_debuchy,75,DEF,false,
FRA_2014_mangala,75,DEF,false,
FRA_2014_pogba,85,MID,false,best_young_player
FRA_2014_cabaye,85,MID,false,
FRA_2014_matuidi,84,MID,false,
FRA_2014_valbuena,80,MID,false,
FRA_2014_sissoko,78,MID,false,
FRA_2014_schneiderlin,72,MID,false,
FRA_2014_mavuba,68,MID,false,
FRA_2014_cabella,59,MID,false,
FRA_2014_benzema,92,FWD,false,
FRA_2014_giroud,85,FWD,false,
FRA_2014_griezmann,80,FWD,false,
FRA_2014_remy,78,FWD,false,
GER_2014_neuer,94,GK,false,golden_glove
GER_2014_weidenfeller,80,GK,false,
GER_2014_zieler,76,GK,false,
GER_2014_hummels,93,DEF,false,
GER_2014_lahm,92,DEF,true,
GER_2014_mertesacker,89,DEF,false,
GER_2014_boateng,87,DEF,false,
GER_2014_gro_kreutz,85,DEF,false,
GER_2014_durm,83,DEF,false,
GER_2014_howedes,83,DEF,false,
GER_2014_mustafi,78,DEF,false,
GER_2014_ginter,76,DEF,false,
GER_2014_kroos,91,MID,false,
GER_2014_gotze,90,MID,false,
GER_2014_ozil,90,MID,false,
GER_2014_khedira,90,MID,false,
GER_2014_schweinsteiger,88,MID,false,
GER_2014_kramer,80,MID,false,
GER_2014_draxler,78,MID,false,
GER_2014_muller,96,FWD,false,
GER_2014_klose,91,FWD,false,
GER_2014_schurrle,91,FWD,false,
GER_2014_podolski,87,FWD,false,
GHA_2014_kwarasey,64,GK,false,
GHA_2014_dauda,63,GK,false,
GHA_2014_adams,58,GK,false,
GHA_2014_afful,73,DEF,false,
GHA_2014_boye,70,DEF,false,
GHA_2014_opare,66,DEF,false,
GHA_2014_mensah,64,DEF,false,
GHA_2014_inkoom,63,DEF,false,
GHA_2014_sumaila,56,DEF,false,
GHA_2014_asamoah,81,MID,false,
GHA_2014_muntari,80,MID,false,
GHA_2014_essien,79,MID,false,
GHA_2014_ayew,79,MID,false,
GHA_2014_agyemang_badu,72,MID,false,
GHA_2014_acquah,67,MID,false,
GHA_2014_rabiu,58,MID,false,
GHA_2014_adomah,58,MID,false,
GHA_2014_atsu,57,MID,false,
GHA_2014_wakaso,57,MID,false,
GHA_2014_boateng,74,FWD,false,
GHA_2014_gyan,68,FWD,true,
GHA_2014_ayew_2,56,FWD,false,
GHA_2014_waris,56,FWD,false,
GRE_2014_karnezis,69,GK,false,
GRE_2014_kapino,68,GK,false,
GRE_2014_glykos,56,GK,false,
GRE_2014_papastathopoulos,83,DEF,false,
GRE_2014_torosidis,78,DEF,false,
GRE_2014_manolas,71,DEF,false,
GRE_2014_holebas,69,DEF,false,
GRE_2014_vyntra,60,DEF,false,
GRE_2014_tzavellas,57,DEF,false,
GRE_2014_moras,55,DEF,false,
GRE_2014_fetfatzidis,73,MID,false,
GRE_2014_kone,73,MID,false,
GRE_2014_tachtsidis,70,MID,false,
GRE_2014_samaris,69,MID,false,
GRE_2014_karagounis,69,MID,true,
GRE_2014_maniatis,69,MID,false,
GRE_2014_christodoulopoulos,69,MID,false,
GRE_2014_tziolis,61,MID,false,
GRE_2014_katsouranis,60,MID,false,
GRE_2014_samaras,78,FWD,false,
GRE_2014_mitroglou,68,FWD,false,
GRE_2014_salpingidis,62,FWD,false,
GRE_2014_gekas,58,FWD,false,
HON_2014_valladares,74,GK,true,
HON_2014_escober,69,GK,false,
HON_2014_lopez,57,GK,false,
HON_2014_izaguirre,79,DEF,false,
HON_2014_beckeles,72,DEF,false,
HON_2014_figueroa,64,DEF,false,
HON_2014_bernardez,64,DEF,false,
HON_2014_chavez,64,DEF,false,
HON_2014_garcia,58,DEF,false,
HON_2014_montes,58,DEF,false,
HON_2014_najar,73,MID,false,
HON_2014_garrido,70,MID,false,
HON_2014_palacios,64,MID,false,
HON_2014_garcia_2,64,MID,false,
HON_2014_claros,64,MID,false,
HON_2014_espinoza,64,MID,false,
HON_2014_delgado,59,MID,false,
HON_2014_chavez_2,58,MID,false,
HON_2014_martinez,58,MID,false,
HON_2014_palacios_2,68,FWD,false,
HON_2014_costly,68,FWD,false,
HON_2014_bengtson,59,FWD,false,
HON_2014_martinez_2,58,FWD,false,
IRN_2014_haghighi,63,GK,false,
IRN_2014_davari,57,GK,false,
IRN_2014_ahmadi,57,GK,false,
IRN_2014_hosseini,77,DEF,false,
IRN_2014_heydari,73,DEF,false,
IRN_2014_mahini,72,DEF,false,
IRN_2014_pooladi,70,DEF,false,
IRN_2014_sadeghi,70,DEF,false,
IRN_2014_beikzadeh,68,DEF,false,
IRN_2014_haghighi_2,65,DEF,false,
IRN_2014_hajsafi,64,DEF,false,
IRN_2014_beitashour,63,DEF,false,
IRN_2014_alenemeh,58,DEF,false,
IRN_2014_montazeri,57,DEF,false,
IRN_2014_teymourian,73,MID,false,
IRN_2014_dejagah,70,MID,false,
IRN_2014_nekounam,65,MID,true,
IRN_2014_rahmani,58,MID,false,
IRN_2014_haddadifar,57,MID,false,
IRN_2014_ghoochannejhad,64,FWD,false,
IRN_2014_shojaei,64,FWD,false,
IRN_2014_ansarifard,58,FWD,false,
IRN_2014_jahanbakhsh,57,FWD,false,
ITA_2014_buffon,84,GK,true,
ITA_2014_sirigu,75,GK,false,
ITA_2014_perin,64,GK,false,
ITA_2014_chiellini,79,DEF,false,
ITA_2014_sciglio,79,DEF,false,
ITA_2014_bonucci,78,DEF,false,
ITA_2014_barzagli,76,DEF,false,
ITA_2014_abate,76,DEF,false,
ITA_2014_paletta,67,DEF,false,
ITA_2014_darmian,67,DEF,false,
ITA_2014_marchisio,84,MID,false,
ITA_2014_pirlo,82,MID,false,
ITA_2014_verratti,79,MID,false,
ITA_2014_rossi,77,MID,false,
ITA_2014_motta,76,MID,false,
ITA_2014_candreva,75,MID,false,
ITA_2014_aquilani,72,MID,false,
ITA_2014_parolo,67,MID,false,
ITA_2014_balotelli,80,FWD,false,
ITA_2014_insigne,72,FWD,false,
ITA_2014_cassano,70,FWD,false,
ITA_2014_immobile,67,FWD,false,
ITA_2014_cerci,66,FWD,false,
JPN_2014_kawashima,70,GK,false,
JPN_2014_nishikawa,63,GK,false,
JPN_2014_gonda,57,GK,false,
JPN_2014_nagatomo,79,DEF,false,
JPN_2014_uchida,77,DEF,false,
JPN_2014_sakai,71,DEF,false,
JPN_2014_yoshida,71,DEF,false,
JPN_2014_konno,64,DEF,false,
JPN_2014_sakai_2,63,DEF,false,
JPN_2014_inoha,57,DEF,false,
JPN_2014_morishige,57,DEF,false,
JPN_2014_honda,81,MID,false,
JPN_2014_kagawa,80,MID,false,
JPN_2014_hasebe,65,MID,true,
JPN_2014_aoyama,63,MID,false,
JPN_2014_yamaguchi,63,MID,false,
JPN_2014_kiyotake,58,MID,false,
JPN_2014_endo,57,MID,false,
JPN_2014_okazaki,71,FWD,false,
JPN_2014_kakitani,63,FWD,false,
JPN_2014_okubo,58,FWD,false,
JPN_2014_osako,57,FWD,false,
JPN_2014_saito,57,FWD,false,
MEX_2014_ochoa,82,GK,false,
MEX_2014_corona,67,GK,false,
MEX_2014_talavera,67,GK,false,
MEX_2014_marquez,84,DEF,true,
MEX_2014_reyes,75,DEF,false,
MEX_2014_layun,75,DEF,false,
MEX_2014_rodriguez,71,DEF,false,
MEX_2014_moreno,71,DEF,false,
MEX_2014_ponce,70,DEF,false,
MEX_2014_aguilar,70,DEF,false,
MEX_2014_salcido,61,DEF,false,
MEX_2014_guardado,80,MID,false,
MEX_2014_santos,80,MID,false,
MEX_2014_aquino,76,MID,false,
MEX_2014_herrera,73,MID,false,
MEX_2014_fabian,71,MID,false,
MEX_2014_brizuela,68,MID,false,
MEX_2014_pena,60,MID,false,
MEX_2014_vazquez,59,MID,false,
MEX_2014_hernandez,83,FWD,false,
MEX_2014_jimenez,71,FWD,false,
MEX_2014_peralta,63,FWD,false,
MEX_2014_pulido,60,FWD,false,
NED_2014_cillessen,85,GK,false,
NED_2014_krul,78,GK,false,
NED_2014_vorm,71,GK,false,
NED_2014_blind,86,DEF,false,
NED_2014_veltman,84,DEF,false,
NED_2014_vrij,83,DEF,false,
NED_2014_kuyt,82,DEF,false,
NED_2014_vlaar,81,DEF,false,
NED_2014_indi,80,DEF,false,
NED_2014_janmaat,79,DEF,false,
NED_2014_kongolo,74,DEF,false,
NED_2014_verhaegh,70,DEF,false,
NED_2014_sneijder,89,MID,false,
NED_2014_jong,85,MID,false,
NED_2014_wijnaldum,85,MID,false,
NED_2014_clasie,74,MID,false,
NED_2014_fer,71,MID,false,
NED_2014_guzman,67,MID,false,
NED_2014_persie,92,FWD,true,
NED_2014_robben,90,FWD,false,
NED_2014_huntelaar,83,FWD,false,
NED_2014_depay,82,FWD,false,
NED_2014_lens,77,FWD,false,
NGA_2014_enyeama,80,GK,false,
NGA_2014_ejide,67,GK,false,
NGA_2014_agbim,60,GK,false,
NGA_2014_ambrose,80,DEF,false,
NGA_2014_yobo,69,DEF,true,
NGA_2014_oboabona,68,DEF,false,
NGA_2014_egwuekwe,67,DEF,false,
NGA_2014_oshaniwa,67,DEF,false,
NGA_2014_omeruo,60,DEF,false,
NGA_2014_odunlami,60,DEF,false,
NGA_2014_mikel,85,MID,false,
NGA_2014_moses,80,MID,false,
NGA_2014_onazi,75,MID,false,
NGA_2014_uzoenyi,60,MID,false,
NGA_2014_gabriel,59,MID,false,
NGA_2014_azeez,59,MID,false,
NGA_2014_babatunde,59,MID,false,
NGA_2014_musa,78,FWD,false,
NGA_2014_emenike,77,FWD,false,
NGA_2014_ameobi,74,FWD,false,
NGA_2014_odemwingie,69,FWD,false,
NGA_2014_nwofor,67,FWD,false,
NGA_2014_uchebo,60,FWD,false,
POR_2014_patricio,74,GK,false,
POR_2014_beto,71,GK,false,
POR_2014_eduardo,57,GK,false,
POR_2014_pepe,80,DEF,false,
POR_2014_coentrao,79,DEF,false,
POR_2014_alves,74,DEF,false,
POR_2014_neto,73,DEF,false,
POR_2014_pereira,72,DEF,false,
POR_2014_almeida,71,DEF,false,
POR_2014_costa,69,DEF,false,
POR_2014_nani,82,MID,false,
POR_2014_varela,79,MID,false,
POR_2014_moutinho,78,MID,false,
POR_2014_meireles,77,MID,false,
POR_2014_veloso,74,MID,false,
POR_2014_amorim,72,MID,false,
POR_2014_carvalho,71,MID,false,
POR_2014_vieirinha,64,MID,false,
POR_2014_silva,52,MID,false,
POR_2014_ronaldo,88,FWD,true,
POR_2014_postiga,75,FWD,false,
POR_2014_almeida_2,74,FWD,false,
POR_2014_eder,53,FWD,false,
RUS_2014_akinfeev,77,GK,false,
RUS_2014_lodygin,72,GK,false,
RUS_2014_ryzhikov,52,GK,false,
RUS_2014_berezutski,76,DEF,true,
RUS_2014_zhirkov,76,DEF,false,
RUS_2014_ignashevich,72,DEF,false,
RUS_2014_granat,72,DEF,false,
RUS_2014_kozlov,71,DEF,false,
RUS_2014_kombarov,70,DEF,false,
RUS_2014_shchennikov,70,DEF,false,
RUS_2014_semyonov,54,DEF,false,
RUS_2014_yeshchenko,53,DEF,false,
RUS_2014_glushakov,75,MID,false,
RUS_2014_dzagoev,74,MID,false,
RUS_2014_fayzulin,73,MID,false,
RUS_2014_denisov,72,MID,false,
RUS_2014_shatov,70,MID,false,
RUS_2014_mogilevets,53,MID,false,
RUS_2014_kerzhakov,74,FWD,false,
RUS_2014_kokorin,73,FWD,false,
RUS_2014_ionov,71,FWD,false,
RUS_2014_kanunnikov,56,FWD,false,
RUS_2014_samedov,55,FWD,false,
KOR_2014_sung_ryong,67,GK,false,
KOR_2014_seung_gyu,57,GK,false,
KOR_2014_bum_young,57,GK,false,
KOR_2014_tae_hwi,72,DEF,false,
KOR_2014_joo_ho,69,DEF,false,
KOR_2014_yong,63,DEF,false,
KOR_2014_chang_soo,63,DEF,false,
KOR_2014_seok_ho,63,DEF,false,
KOR_2014_jeong_ho,57,DEF,false,
KOR_2014_suk_young,57,DEF,false,
KOR_2014_young_gwon,56,DEF,false,
KOR_2014_ja_cheol,78,MID,true,
KOR_2014_sung_yueng,74,MID,false,
KOR_2014_chung_yong,64,MID,false,
KOR_2014_dae_sung,63,MID,false,
KOR_2014_bo_kyung,63,MID,false,
KOR_2014_jong_woo,58,MID,false,
KOR_2014_kook_young,57,MID,false,
KOR_2014_heung_min,73,FWD,false,
KOR_2014_keun_ho,68,FWD,false,
KOR_2014_chu_young,67,FWD,false,
KOR_2014_shin_wook,64,FWD,false,
KOR_2014_dong_won,57,FWD,false,
ESP_2014_casillas,86,GK,true,
ESP_2014_reina,76,GK,false,
ESP_2014_gea,75,GK,false,
ESP_2014_ramos,80,DEF,false,
ESP_2014_pique,79,DEF,false,
ESP_2014_juanfran,77,DEF,false,
ESP_2014_alba,76,DEF,false,
ESP_2014_albiol,75,DEF,false,
ESP_2014_azpilicueta,74,DEF,false,
ESP_2014_alonso,85,MID,false,
ESP_2014_iniesta,83,MID,false,
ESP_2014_xavi,83,MID,false,
ESP_2014_mata,83,MID,false,
ESP_2014_cazorla,81,MID,false,
ESP_2014_fabregas,80,MID,false,
ESP_2014_koke,80,MID,false,
ESP_2014_silva,79,MID,false,
ESP_2014_busquets,79,MID,false,
ESP_2014_martinez,78,MID,false,
ESP_2014_torres,85,FWD,false,
ESP_2014_villa,83,FWD,false,
ESP_2014_pedro,79,FWD,false,
ESP_2014_costa,74,FWD,false,
SUI_2014_benaglio,80,GK,false,
SUI_2014_sommer,78,GK,false,
SUI_2014_burki,55,GK,false,
SUI_2014_lichtsteiner,85,DEF,false,
SUI_2014_senderos,77,DEF,false,
SUI_2014_djourou,75,DEF,false,
SUI_2014_bergen,70,DEF,false,
SUI_2014_rodriguez,70,DEF,false,
SUI_2014_schar,68,DEF,false,
SUI_2014_ziegler,62,DEF,false,
SUI_2014_lang,56,DEF,false,
SUI_2014_shaqiri,85,MID,false,
SUI_2014_behrami,80,MID,false,
SUI_2014_dzemaili,78,MID,false,
SUI_2014_inler,77,MID,true,
SUI_2014_xhaka,75,MID,false,
SUI_2014_barnetta,74,MID,false,
SUI_2014_stocker,73,MID,false,
SUI_2014_fernandes,70,MID,false,
SUI_2014_seferovic,77,FWD,false,
SUI_2014_mehmedi,68,FWD,false,
SUI_2014_drmic,56,FWD,false,
SUI_2014_gavranovic,55,FWD,false,
UNI_2014_howard,84,GK,false,
UNI_2014_guzan,80,GK,false,
UNI_2014_rimando,59,GK,false,
UNI_2014_brooks,74,DEF,false,
UNI_2014_beasley,72,DEF,false,
UNI_2014_cameron,68,DEF,false,
UNI_2014_johnson,67,DEF,false,
UNI_2014_besler,67,DEF,false,
UNI_2014_chandler,67,DEF,false,
UNI_2014_gonzalez,61,DEF,false,
UNI_2014_yedlin,59,DEF,false,
UNI_2014_jones,79,MID,false,
UNI_2014_bedoya,74,MID,false,
UNI_2014_green,69,MID,false,
UNI_2014_bradley,68,MID,false,
UNI_2014_zusi,67,MID,false,
UNI_2014_beckerman,60,MID,false,
UNI_2014_diskerud,60,MID,false,
UNI_2014_davis,60,MID,false,
UNI_2014_altidore,77,FWD,false,
UNI_2014_dempsey,74,FWD,true,
UNI_2014_wondolowski,60,FWD,false,
UNI_2014_johannsson,59,FWD,false,
URU_2014_muslera,76,GK,false,
URU_2014_silva,63,GK,false,
URU_2014_munoz,55,GK,false,
URU_2014_godin,86,DEF,true,
URU_2014_caceres,84,DEF,false,
URU_2014_fucile,80,DEF,false,
URU_2014_pereira,78,DEF,false,
URU_2014_pereira_2,77,DEF,false,
URU_2014_gimenez,75,DEF,false,
URU_2014_coates,70,DEF,false,
URU_2014_lugano,64,DEF,false,
URU_2014_rodriguez,84,MID,false,
URU_2014_gonzalez,79,MID,false,
URU_2014_perez,73,MID,false,
URU_2014_lodeiro,72,MID,false,
URU_2014_gargano,70,MID,false,
URU_2014_ramirez,69,MID,false,
URU_2014_rios,60,MID,false,
URU_2014_suarez,84,FWD,false,
URU_2014_forlan,84,FWD,false,
URU_2014_cavani,84,FWD,false,
URU_2014_stuani,71,FWD,false,
URU_2014_hernandez,60,FWD,false,
ARG_2018_armani,77,GK,false,
ARG_2018_caballero,74,GK,false,
ARG_2018_guzman,56,GK,false,
ARG_2018_rojo,84,DEF,false,
ARG_2018_otamendi,83,DEF,false,
ARG_2018_tagliafico,79,DEF,false,
ARG_2018_mercado,77,DEF,false,
ARG_2018_mascherano,76,DEF,false,
ARG_2018_acuna,74,DEF,false,
ARG_2018_fazio,72,DEF,false,
ARG_2018_ansaldi,69,DEF,false,
ARG_2018_maria,83,MID,false,
ARG_2018_biglia,81,MID,false,
ARG_2018_banega,80,MID,false,
ARG_2018_celso,76,MID,false,
ARG_2018_meza,73,MID,false,
ARG_2018_pavon,72,MID,false,
ARG_2018_perez,70,MID,false,
ARG_2018_messi,91,FWD,true,
ARG_2018_aguero,89,FWD,false,
ARG_2018_higuain,84,FWD,false,
ARG_2018_dybala,78,FWD,false,
ARG_2018_salvio,70,FWD,false,
AUS_2018_ryan,74,GK,false,
AUS_2018_jones,72,GK,false,
AUS_2018_vukovic,57,GK,false,
AUS_2018_milligan,72,DEF,false,
AUS_2018_sainsbury,63,DEF,false,
AUS_2018_jurman,63,DEF,false,
AUS_2018_behich,63,DEF,false,
AUS_2018_degenek,57,DEF,false,
AUS_2018_risdon,57,DEF,false,
AUS_2018_meredith,57,DEF,false,
AUS_2018_jedinak,81,MID,true,
AUS_2018_rogic,74,MID,false,
AUS_2018_mooy,69,MID,false,
AUS_2018_luongo,66,MID,false,
AUS_2018_irvine,65,MID,false,
AUS_2018_cahill,74,FWD,false,
AUS_2018_leckie,73,FWD,false,
AUS_2018_juric,72,FWD,false,
AUS_2018_kruse,65,FWD,false,
AUS_2018_maclaren,57,FWD,false,
AUS_2018_petratos,57,FWD,false,
AUS_2018_nabbout,57,FWD,false,
AUS_2018_arzani,56,FWD,false,
BEL_2018_courtois,92,GK,false,golden_glove
BEL_2018_mignolet,79,GK,false,
BEL_2018_casteels,71,GK,false,
BEL_2018_kompany,88,DEF,false,
BEL_2018_meunier,87,DEF,false,
BEL_2018_vermaelen,85,DEF,false,
BEL_2018_vertonghen,84,DEF,false,
BEL_2018_alderweireld,84,DEF,false,
BEL_2018_boyata,80,DEF,false,
BEL_2018_dendoncker,76,DEF,false,
BEL_2018_bruyne,89,MID,false,
BEL_2018_fellaini,87,MID,false,
BEL_2018_witsel,83,MID,false,
BEL_2018_dembele,82,MID,false,
BEL_2018_tielemans,80,MID,false,
BEL_2018_hazard,76,MID,false,
BEL_2018_carrasco,75,MID,false,
BEL_2018_chadli,73,MID,false,
BEL_2018_hazard_2,93,FWD,true,
BEL_2018_lukaku,93,FWD,false,
BEL_2018_batshuayi,84,FWD,false,
BEL_2018_mertens,82,FWD,false,
BEL_2018_januzaj,78,FWD,false,
BRA_2018_alisson,84,GK,false,
BRA_2018_ederson,79,GK,false,
BRA_2018_cassio,76,GK,false,
BRA_2018_silva,86,DEF,true,
BRA_2018_marquinhos,85,DEF,false,
BRA_2018_danilo,85,DEF,false,
BRA_2018_marcelo,84,DEF,false,
BRA_2018_luis,84,DEF,false,
BRA_2018_miranda,82,DEF,false,
BRA_2018_fagner,78,DEF,false,
BRA_2018_geromel,58,DEF,false,
BRA_2018_coutinho,86,MID,false,
BRA_2018_paulinho,85,MID,false,
BRA_2018_willian,83,MID,false,
BRA_2018_fernandinho,83,MID,false,
BRA_2018_casemiro,82,MID,false,
BRA_2018_fred,75,MID,false,
BRA_2018_augusto,73,MID,false,
BRA_2018_neymar,90,FWD,false,
BRA_2018_jesus,84,FWD,false,
BRA_2018_firmino,83,FWD,false,
BRA_2018_costa,80,FWD,false,
BRA_2018_taison,73,FWD,false,
COL_2018_ospina,81,GK,false,
COL_2018_vargas,56,GK,false,
COL_2018_cuadrado,54,GK,false,
COL_2018_mina,86,DEF,false,
COL_2018_zapata,83,DEF,false,
COL_2018_arias,75,DEF,false,
COL_2018_sanchez,73,DEF,false,
COL_2018_diaz,64,DEF,false,
COL_2018_mojica,58,DEF,false,
COL_2018_murillo,57,DEF,false,
COL_2018_cuadrado_2,85,MID,false,
COL_2018_rodriguez,84,MID,false,
COL_2018_quintero,74,MID,false,
COL_2018_barrios,72,MID,false,
COL_2018_uribe,70,MID,false,
COL_2018_sanchez_2,69,MID,false,
COL_2018_aguilar,64,MID,false,
COL_2018_lerma,55,MID,false,
COL_2018_falcao,86,FWD,true,
COL_2018_bacca,77,FWD,false,
COL_2018_muriel,75,FWD,false,
COL_2018_borja,72,FWD,false,
COL_2018_izquierdo,69,FWD,false,
CRC_2018_navas,81,GK,false,
CRC_2018_moreira,67,GK,false,
CRC_2018_pemberton,66,GK,false,
CRC_2018_gamboa,76,DEF,false,
CRC_2018_oviedo,73,DEF,false,
CRC_2018_duarte,71,DEF,false,
CRC_2018_gonzalez,68,DEF,false,
CRC_2018_waston,65,DEF,false,
CRC_2018_gutierrez,63,DEF,false,
CRC_2018_acosta,58,DEF,false,
CRC_2018_calvo,58,DEF,false,
CRC_2018_smith,57,DEF,false,
CRC_2018_ruiz,75,MID,true,
CRC_2018_borges,70,MID,false,
CRC_2018_azofeifa,70,MID,false,
CRC_2018_bolanos,68,MID,false,
CRC_2018_wallace,63,MID,false,
CRC_2018_colindres,62,MID,false,
CRC_2018_guzman,59,MID,false,
CRC_2018_tejeda,58,MID,false,
CRC_2018_campbell,76,FWD,false,
CRC_2018_urena,74,FWD,false,
CRC_2018_venegas,72,FWD,false,
CRO_2018_subasic,85,GK,false,
CRO_2018_kalinic,75,GK,false,
CRO_2018_livakovic,75,GK,false,
CRO_2018_lovren,86,DEF,false,
CRO_2018_vrsaljko,86,DEF,false,
CRO_2018_vida,86,DEF,false,
CRO_2018_corluka,85,DEF,false,
CRO_2018_pivaric,84,DEF,false,
CRO_2018_jedvaj,81,DEF,false,
CRO_2018_strinic,79,DEF,false,
CRO_2018_caleta_car,69,DEF,false,
CRO_2018_modric,97,MID,true,golden_ball
CRO_2018_rakitic,88,MID,false,
CRO_2018_brozovic,86,MID,false,
CRO_2018_kovacic,86,MID,false,
CRO_2018_badelj,84,MID,false,
CRO_2018_bradaric,68,MID,false,
CRO_2018_mandzukic,91,FWD,false,
CRO_2018_perisic,91,FWD,false,
CRO_2018_,86,FWD,false,
CRO_2018_kramaric,84,FWD,false,
CRO_2018_rebic,82,FWD,false,
CRO_2018_pjaca,78,FWD,false,
DEN_2018_schmeichel,77,GK,false,
DEN_2018_r_nnow,56,GK,false,
DEN_2018_lossl,56,GK,false,
DEN_2018_christensen,80,DEF,false,
DEN_2018_kj_r,80,DEF,true,
DEN_2018_vestergaard,75,DEF,false,
DEN_2018_larsen,68,DEF,false,
DEN_2018_j_rgensen,63,DEF,false,
DEN_2018_dalsgaard,58,DEF,false,
DEN_2018_knudsen,56,DEF,false,
DEN_2018_eriksen,81,MID,false,
DEN_2018_schone,79,MID,false,
DEN_2018_delaney,75,MID,false,
DEN_2018_krohn_dehli,70,MID,false,
DEN_2018_kvist,68,MID,false,
DEN_2018_lerager,67,MID,false,
DEN_2018_j_rgensen_2,78,FWD,false,
DEN_2018_dolberg,75,FWD,false,
DEN_2018_cornelius,74,FWD,false,
DEN_2018_braithwaite,72,FWD,false,
DEN_2018_fischer,71,FWD,false,
DEN_2018_sisto,70,FWD,false,
DEN_2018_poulsen,67,FWD,false,
EGY_2018_hadary,71,GK,true,
EGY_2018_ekramy,70,GK,false,
EGY_2018_shenawy,65,GK,false,
EGY_2018_elmohamady,76,DEF,false,
EGY_2018_fathy,73,DEF,false,
EGY_2018_samir,66,DEF,false,
EGY_2018_ashraf,65,DEF,false,
EGY_2018_hegazi,64,DEF,false,
EGY_2018_shafy,64,DEF,false,
EGY_2018_gabr,57,DEF,false,
EGY_2018_hamdy,56,DEF,false,
EGY_2018_elneny,81,MID,false,
EGY_2018_said,71,MID,false,
EGY_2018_trezeguet,63,MID,false,
EGY_2018_gaber,58,MID,false,
EGY_2018_hamed,57,MID,false,
EGY_2018_morsy,57,MID,false,
EGY_2018_salah,86,FWD,false,
EGY_2018_mohsen,71,FWD,false,
EGY_2018_kahraba,66,FWD,false,
EGY_2018_warda,58,FWD,false,
EGY_2018_shikabala,57,FWD,false,
EGY_2018_sobhi,57,FWD,false,
ENG_2018_pickford,83,GK,false,
ENG_2018_butland,69,GK,false,
ENG_2018_pope,66,GK,false,
ENG_2018_stones,88,DEF,false,
ENG_2018_cahill,85,DEF,false,
ENG_2018_walker,85,DEF,false,
ENG_2018_delph,85,DEF,false,
ENG_2018_alexander_arnold,85,DEF,false,
ENG_2018_young,84,DEF,false,
ENG_2018_jones,84,DEF,false,
ENG_2018_trippier,84,DEF,false,
ENG_2018_rose,77,DEF,false,
ENG_2018_maguire,77,DEF,false,
ENG_2018_lingard,84,MID,false,
ENG_2018_henderson,83,MID,false,
ENG_2018_alli,82,MID,false,
ENG_2018_dier,77,MID,false,
ENG_2018_loftus_cheek,69,MID,false,
ENG_2018_kane,97,FWD,true,golden_boot
ENG_2018_welbeck,86,FWD,false,
ENG_2018_sterling,83,FWD,false,
ENG_2018_vardy,80,FWD,false,
ENG_2018_rashford,79,FWD,false,
FRA_2018_lloris,92,GK,true,
FRA_2018_mandanda,80,GK,false,
FRA_2018_areola,79,GK,false,
FRA_2018_varane,90,DEF,false,
FRA_2018_umtiti,89,DEF,false,
FRA_2018_pavard,87,DEF,false,
FRA_2018_mendy,86,DEF,false,
FRA_2018_hernandez,85,DEF,false,
FRA_2018_kimpembe,85,DEF,false,
FRA_2018_rami,84,DEF,false,
FRA_2018_sidibe,82,DEF,false,
FRA_2018_pogba,89,MID,false,
FRA_2018_matuidi,88,MID,false,
FRA_2018_kante,87,MID,false,
FRA_2018_tolisso,84,MID,false,
FRA_2018_nzonzi,79,MID,false,
FRA_2018_mbappe,99,FWD,false,best_young_player
FRA_2018_griezmann,94,FWD,false,
FRA_2018_giroud,90,FWD,false,
FRA_2018_dembele,84,FWD,false,
FRA_2018_lemar,79,FWD,false,
FRA_2018_fekir,79,FWD,false,
FRA_2018_thauvin,78,FWD,false,
GER_2018_neuer,86,GK,true,
GER_2018_stegen,77,GK,false,
GER_2018_trapp,74,GK,false,
GER_2018_hummels,82,DEF,false,
GER_2018_boateng,82,DEF,false,
GER_2018_kimmich,80,DEF,false,
GER_2018_rudiger,77,DEF,false,
GER_2018_sule,75,DEF,false,
GER_2018_ginter,72,DEF,false,
GER_2018_hector,71,DEF,false,
GER_2018_plattenhardt,65,DEF,false,
GER_2018_muller,86,MID,false,
GER_2018_kroos,83,MID,false,
GER_2018_goretzka,80,MID,false,
GER_2018_khedira,80,MID,false,
GER_2018_ozil,79,MID,false,
GER_2018_draxler,79,MID,false,
GER_2018_gundogan,77,MID,false,
GER_2018_rudy,76,MID,false,
GER_2018_brandt,72,MID,false,
GER_2018_reus,80,FWD,false,
GER_2018_gomez,78,FWD,false,
GER_2018_werner,76,FWD,false,
ICE_2018_halldorsson,59,GK,false,
ICE_2018_runarsson,54,GK,false,
ICE_2018_schram,53,GK,false,
ICE_2018_arnason,66,DEF,false,
ICE_2018_s_varsson,59,DEF,false,
ICE_2018_sigur_sson,59,DEF,false,
ICE_2018_skulason,59,DEF,false,
ICE_2018_eyjolfsson,57,DEF,false,
ICE_2018_ingason,57,DEF,false,
ICE_2018_magnusson,53,DEF,false,
ICE_2018_sigur_sson_2,82,MID,false,
ICE_2018_bjarnason,77,MID,false,
ICE_2018_traustason,70,MID,false,
ICE_2018_hallfre_sson,70,MID,false,
ICE_2018_gu_mundsson,68,MID,false,
ICE_2018_gu_mundsson_2,67,MID,false,
ICE_2018_gunnarsson,63,MID,true,
ICE_2018_gislason,60,MID,false,
ICE_2018_skulason_2,55,MID,false,
ICE_2018_fri_jonsson,52,MID,false,
ICE_2018_finnbogason,78,FWD,false,
ICE_2018_sigur_arson,57,FWD,false,
ICE_2018_bo_varsson,57,FWD,false,
IRN_2018_beiranvand,70,GK,false,
IRN_2018_mazaheri,58,GK,false,
IRN_2018_abedzadeh,57,GK,false,
IRN_2018_hajsafi,70,DEF,false,
IRN_2018_pouraliganji,68,DEF,false,
IRN_2018_montazeri,66,DEF,false,
IRN_2018_hosseini,65,DEF,false,
IRN_2018_rezaeian,58,DEF,false,
IRN_2018_mohammadi,57,DEF,false,
IRN_2018_khanzadeh,57,DEF,false,
IRN_2018_dejagah,74,MID,false,
IRN_2018_amiri,71,MID,false,
IRN_2018_torabi,69,MID,false,
IRN_2018_ebrahimi,68,MID,false,
IRN_2018_shojaei,67,MID,true,
IRN_2018_cheshmi,66,MID,false,
IRN_2018_ghoddos,58,MID,false,
IRN_2018_ezatolahi,56,MID,false,
IRN_2018_taremi,80,FWD,false,
IRN_2018_ghoochannejhad,79,FWD,false,
IRN_2018_ansarifard,77,FWD,false,
IRN_2018_azmoun,74,FWD,false,
IRN_2018_jahanbakhsh,62,FWD,false,
JPN_2018_kawashima,61,GK,false,
JPN_2018_higashiguchi,59,GK,false,
JPN_2018_nakamura,59,GK,false,
JPN_2018_nagatomo,79,DEF,false,
JPN_2018_sakai,76,DEF,false,
JPN_2018_sakai_2,76,DEF,false,
JPN_2018_yoshida,73,DEF,false,
JPN_2018_shoji,72,DEF,false,
JPN_2018_ueda,71,DEF,false,
JPN_2018_makino,61,DEF,false,
JPN_2018_endo,60,DEF,false,
JPN_2018_honda,83,MID,false,
JPN_2018_kagawa,83,MID,false,
JPN_2018_hasebe,76,MID,true,
JPN_2018_haraguchi,76,MID,false,
JPN_2018_inui,72,MID,false,
JPN_2018_shibasaki,70,MID,false,
JPN_2018_usami,66,MID,false,
JPN_2018_yamaguchi,61,MID,false,
JPN_2018_oshima,59,MID,false,
JPN_2018_okazaki,85,FWD,false,
JPN_2018_osako,74,FWD,false,
JPN_2018_muto,70,FWD,false,
MEX_2018_ochoa,72,GK,false,
MEX_2018_corona,67,GK,false,
MEX_2018_talavera,67,GK,false,
MEX_2018_herrera,77,DEF,false,
MEX_2018_moreno,76,DEF,false,
MEX_2018_salcedo,76,DEF,false,
MEX_2018_alvarez,66,DEF,false,
MEX_2018_ayala,61,DEF,false,
MEX_2018_marquez,61,DEF,true,
MEX_2018_corona_2,80,MID,false,
MEX_2018_guardado,75,MID,false,
MEX_2018_layun,74,MID,false,
MEX_2018_santos,71,MID,false,
MEX_2018_gallardo,71,MID,false,
MEX_2018_aquino,61,MID,false,
MEX_2018_santos_2,61,MID,false,
MEX_2018_gutierrez,61,MID,false,
MEX_2018_hernandez,86,FWD,false,
MEX_2018_vela,80,FWD,false,
MEX_2018_fabian,80,FWD,false,
MEX_2018_peralta,77,FWD,false,
MEX_2018_jimenez,75,FWD,false,
MEX_2018_lozano,74,FWD,false,
MAR_2018_mohamedi,63,GK,false,
MAR_2018_bounou,62,GK,false,
MAR_2018_tagnaouti,58,GK,false,
MAR_2018_benatia,83,DEF,true,
MAR_2018_hakimi,75,DEF,false,
MAR_2018_dirar,73,DEF,false,
MAR_2018_saiss,72,DEF,false,
MAR_2018_mendyl,62,DEF,false,
MAR_2018_costa,57,DEF,false,
MAR_2018_ziyech,77,MID,false,
MAR_2018_ahmadi,75,MID,false,
MAR_2018_belhanda,74,MID,false,
MAR_2018_harit,69,MID,false,
MAR_2018_amrabat,68,MID,false,
MAR_2018_carcela,68,MID,false,
MAR_2018_boussoufa,65,MID,false,
MAR_2018_amrabat_2,62,MID,false,
MAR_2018_fajr,59,MID,false,
MAR_2018_bennasser,57,MID,false,
MAR_2018_boutaib,77,FWD,false,
MAR_2018_kaabi,75,FWD,false,
MAR_2018_bouhaddouz,71,FWD,false,
MAR_2018_en_nesyri,65,FWD,false,
NGA_2018_uzoho,65,GK,false,
NGA_2018_ezenwa,63,GK,false,
NGA_2018_akpeyi,56,GK,false,
NGA_2018_balogun,69,DEF,false,
NGA_2018_awaziem,65,DEF,false,
NGA_2018_echiejile,63,DEF,false,
NGA_2018_omeruo,58,DEF,false,
NGA_2018_troost_ekong,58,DEF,false,
NGA_2018_abdullahi,57,DEF,false,
NGA_2018_idowu,57,DEF,false,
NGA_2018_ebuehi,57,DEF,false,
NGA_2018_ndidi,70,MID,false,
NGA_2018_obi,70,MID,false,
NGA_2018_mikel,65,MID,true,
NGA_2018_onazi,64,MID,false,
NGA_2018_ogu,64,MID,false,
NGA_2018_etebo,58,MID,false,
NGA_2018_moses,80,FWD,false,
NGA_2018_musa,79,FWD,false,
NGA_2018_iheanacho,76,FWD,false,
NGA_2018_iwobi,76,FWD,false,
NGA_2018_ighalo,71,FWD,false,
NGA_2018_nwankwo,57,FWD,false,
PAN_2018_penedo,70,GK,false,
PAN_2018_calderon,58,GK,false,
PAN_2018_rodriguez,57,GK,false,
PAN_2018_baloy,68,DEF,true,
PAN_2018_davis,64,DEF,false,
PAN_2018_torres,64,DEF,false,
PAN_2018_cummings,64,DEF,false,
PAN_2018_ovalle,64,DEF,false,
PAN_2018_machado,63,DEF,false,
PAN_2018_escobar,58,DEF,false,
PAN_2018_murillo,57,DEF,false,
PAN_2018_cooper,70,MID,false,
PAN_2018_gomez,64,MID,false,
PAN_2018_godoy,64,MID,false,
PAN_2018_pimentel,57,MID,false,
PAN_2018_barcenas,57,MID,false,
PAN_2018_rodriguez_2,57,MID,false,
PAN_2018_avila,56,MID,false,
PAN_2018_tejada,79,FWD,false,
PAN_2018_perez,74,FWD,false,
PAN_2018_torres_2,74,FWD,false,
PAN_2018_arroyo,73,FWD,false,
PAN_2018_diaz,70,FWD,false,
PER_2018_gallese,59,GK,false,
PER_2018_caceda,55,GK,false,
PER_2018_carvallo,55,GK,false,
PER_2018_trauco,70,DEF,false,
PER_2018_araujo,64,DEF,false,
PER_2018_advincula,60,DEF,false,
PER_2018_ramos,59,DEF,false,
PER_2018_rodriguez,58,DEF,false,
PER_2018_corzo,55,DEF,false,
PER_2018_loyola,54,DEF,false,
PER_2018_santamaria,52,DEF,false,
PER_2018_cueva,75,MID,false,
PER_2018_tapia,75,MID,false,
PER_2018_hurtado,62,MID,false,
PER_2018_yotun,61,MID,false,
PER_2018_polo,54,MID,false,
PER_2018_aquino,54,MID,false,
PER_2018_cartagena,53,MID,false,
PER_2018_guerrero,82,FWD,true,
PER_2018_flores,80,FWD,false,
PER_2018_farfan,80,FWD,false,
PER_2018_carrillo,68,FWD,false,
PER_2018_ruidiaz,64,FWD,false,
POL_2018_szczesny,80,GK,false,
POL_2018_fabianski,57,GK,false,
POL_2018_bia_kowski,55,GK,false,
POL_2018_piszczek,78,DEF,false,
POL_2018_glik,75,DEF,false,
POL_2018_bednarek,73,DEF,false,
POL_2018_jedrzejczyk,69,DEF,false,
POL_2018_pazdan,69,DEF,false,
POL_2018_bereszynski,63,DEF,false,
POL_2018_cionek,52,DEF,false,
POL_2018_grosicki,74,MID,false,
POL_2018_zielinski,71,MID,false,
POL_2018_b_aszczykowski,71,MID,false,
POL_2018_linetty,65,MID,false,
POL_2018_krychowiak,63,MID,false,
POL_2018_rybus,59,MID,false,
POL_2018_peszko,55,MID,false,
POL_2018_goralski,55,MID,false,
POL_2018_kurzawa,55,MID,false,
POL_2018_lewandowski,86,FWD,true,
POL_2018_milik,75,FWD,false,
POL_2018_teodorczyk,73,FWD,false,
POL_2018_kownacki,64,FWD,false,
POR_2018_patricio,78,GK,false,
POR_2018_lopes,74,GK,false,
POR_2018_beto,52,GK,false,
POR_2018_guerreiro,80,DEF,false,
POR_2018_pepe,78,DEF,false,
POR_2018_alves,75,DEF,false,
POR_2018_rui,73,DEF,false,
POR_2018_dias,73,DEF,false,
POR_2018_pereira,72,DEF,false,
POR_2018_cedric,68,DEF,false,
POR_2018_fonte,57,DEF,false,
POR_2018_silva,79,MID,false,
POR_2018_carvalho,79,MID,false,
POR_2018_mario,79,MID,false,
POR_2018_moutinho,75,MID,false,
POR_2018_fernandes,70,MID,false,
POR_2018_silva_2,70,MID,false,
POR_2018_fernandes_2,68,MID,false,
POR_2018_ronaldo,96,FWD,true,
POR_2018_silva_3,83,FWD,false,
POR_2018_guedes,79,FWD,false,
POR_2018_quaresma,77,FWD,false,
POR_2018_martins,72,FWD,false,
RUS_2018_akinfeev,85,GK,true,
RUS_2018_lunyov,76,GK,false,
RUS_2018_gabulov,75,GK,false,
RUS_2018_fernandes,80,DEF,false,
RUS_2018_kutepov,78,DEF,false,
RUS_2018_smolnikov,77,DEF,false,
RUS_2018_ignashevich,75,DEF,false,
RUS_2018_kudryashov,62,DEF,false,
RUS_2018_granat,61,DEF,false,
RUS_2018_semyonov,60,DEF,false,
RUS_2018_cheryshev,85,MID,false,
RUS_2018_kuzyayev,79,MID,false,
RUS_2018_dzagoev,78,MID,false,
RUS_2018_golovin,77,MID,false,
RUS_2018_zhirkov,77,MID,false,
RUS_2018_samedov,76,MID,false,
RUS_2018_yerokhin,75,MID,false,
RUS_2018_zobnin,74,MID,false,
RUS_2018_miranchuk,72,MID,false,
RUS_2018_gazinsky,67,MID,false,
RUS_2018_miranchuk_2,58,MID,false,
RUS_2018_dzyuba,87,FWD,false,
RUS_2018_smolov,83,FWD,false,
KSA_2018_al_mosailem,67,GK,false,
KSA_2018_al_owais,66,GK,false,
KSA_2018_al_mayouf,65,GK,false,
KSA_2018_al_shahrani,71,DEF,false,
KSA_2018_al_harbi,71,DEF,false,
KSA_2018_hawsawi,70,DEF,true,
KSA_2018_hawsawi_2,68,DEF,false,
KSA_2018_hawsawi_3,65,DEF,false,
KSA_2018_al_breik,64,DEF,false,
KSA_2018_al_bulaihi,64,DEF,false,
KSA_2018_al_dawsari,80,MID,false,
KSA_2018_al_jassim,74,MID,false,
KSA_2018_al_shehri,72,MID,false,
KSA_2018_al_faraj,69,MID,false,
KSA_2018_al_khaibri,67,MID,false,
KSA_2018_otayf,66,MID,false,
KSA_2018_al_mogahwi,65,MID,false,
KSA_2018_kanno,64,MID,false,
KSA_2018_bahebri,58,MID,false,
KSA_2018_al_khaibari,56,MID,false,
KSA_2018_al_sahlawi,79,FWD,false,
KSA_2018_al_muwallad,74,FWD,false,
KSA_2018_assiri,69,FWD,false,
SEN_2018_n_diaye,69,GK,false,
SEN_2018_diallo,68,GK,false,
SEN_2018_gomis,58,GK,false,
SEN_2018_koulibaly,78,DEF,false,
SEN_2018_mbodji,75,DEF,false,
SEN_2018_sabaly,63,DEF,false,
SEN_2018_sane,59,DEF,false,
SEN_2018_gassama,58,DEF,false,
SEN_2018_wague,58,DEF,false,
SEN_2018_mbengue,56,DEF,false,
SEN_2018_gueye,76,MID,false,
SEN_2018_kouyate,74,MID,true,
SEN_2018_n_diaye_2,67,MID,false,
SEN_2018_n_doye,63,MID,false,
SEN_2018_ndiaye,58,MID,false,
SEN_2018_mane,85,FWD,false,
SEN_2018_konate,78,FWD,false,
SEN_2018_sow,77,FWD,false,
SEN_2018_balde,73,FWD,false,
SEN_2018_sakho,72,FWD,false,
SEN_2018_diouf,70,FWD,false,
SEN_2018_niang,70,FWD,false,
SEN_2018_sarr,65,FWD,false,
SRB_2018_stojkovic,59,GK,false,
SRB_2018_rajkovic,54,GK,false,
SRB_2018_dmitrovic,52,GK,false,
SRB_2018_kolarov,80,DEF,true,
SRB_2018_rukavina,73,DEF,false,
SRB_2018_tosic,72,DEF,false,
SRB_2018_spajic,71,DEF,false,
SRB_2018_ivanovic,70,DEF,false,
SRB_2018_milenkovic,70,DEF,false,
SRB_2018_veljkovic,69,DEF,false,
SRB_2018_rodic,63,DEF,false,
SRB_2018_matic,79,MID,false,
SRB_2018_kostic,73,MID,false,
SRB_2018_tadic,72,MID,false,
SRB_2018_milinkovic_savic,70,MID,false,
SRB_2018_zivkovic,70,MID,false,
SRB_2018_ljajic,69,MID,false,
SRB_2018_milivojevic,69,MID,false,
SRB_2018_grujic,52,MID,false,
SRB_2018_mitrovic,85,FWD,false,
SRB_2018_jovic,69,FWD,false,
SRB_2018_radonjic,65,FWD,false,
SRB_2018_prijovic,54,FWD,false,
KOR_2018_hyeon_woo,67,GK,false,
KOR_2018_seung_gyu,64,GK,false,
KOR_2018_jin_hyeon,63,GK,false,
KOR_2018_young_gwon,69,DEF,false,
KOR_2018_hyun_soo,64,DEF,false,
KOR_2018_joo_ho,62,DEF,false,
KOR_2018_yong,62,DEF,false,
KOR_2018_young_sun,57,DEF,false,
KOR_2018_chul,57,DEF,false,
KOR_2018_min_woo,57,DEF,false,
KOR_2018_yo_han,57,DEF,false,
KOR_2018_seung_hyun,57,DEF,false,
KOR_2018_ban_suk,56,DEF,false,
KOR_2018_ja_cheol,80,MID,false,
KOR_2018_jae_sung,74,MID,false,
KOR_2018_sung_yueng,73,MID,true,
KOR_2018_se_jong,64,MID,false,
KOR_2018_woo_young,63,MID,false,
KOR_2018_seon_min,57,MID,false,
KOR_2018_seung_woo,57,MID,false,
KOR_2018_heung_min,85,FWD,false,
KOR_2018_shin_wook,70,FWD,false,
KOR_2018_hee_chan,69,FWD,false,
ESP_2018_gea,84,GK,false,
ESP_2018_reina,75,GK,false,
ESP_2018_arrizabalaga,71,GK,false,
ESP_2018_pique,85,DEF,false,
ESP_2018_alba,84,DEF,false,
ESP_2018_nacho,83,DEF,false,
ESP_2018_ramos,83,DEF,true,
ESP_2018_azpilicueta,81,DEF,false,
ESP_2018_carvajal,79,DEF,false,
ESP_2018_monreal,77,DEF,false,
ESP_2018_odriozola,71,DEF,false,
ESP_2018_iniesta,84,MID,false,
ESP_2018_isco,83,MID,false,
ESP_2018_busquets,83,MID,false,
ESP_2018_koke,81,MID,false,
ESP_2018_thiago,80,MID,false,
ESP_2018_asensio,76,MID,false,
ESP_2018_saul,76,MID,false,
ESP_2018_costa,85,FWD,false,
ESP_2018_aspas,83,FWD,false,
ESP_2018_silva,82,FWD,false,
ESP_2018_vazquez,78,FWD,false,
ESP_2018_rodrigo,70,FWD,false,
SWE_2018_olsen,78,GK,false,
SWE_2018_nordfeldt,61,GK,false,
SWE_2018_johnsson,61,GK,false,
SWE_2018_lindelof,85,DEF,false,
SWE_2018_granqvist,82,DEF,true,
SWE_2018_augustinsson,81,DEF,false,
SWE_2018_lustig,79,DEF,false,
SWE_2018_jansson,78,DEF,false,
SWE_2018_helander,72,DEF,false,
SWE_2018_krafth,70,DEF,false,
SWE_2018_olsson,67,DEF,false,
SWE_2018_forsberg,79,MID,false,
SWE_2018_ekdal,78,MID,false,
SWE_2018_hiljemark,71,MID,false,
SWE_2018_claesson,69,MID,false,
SWE_2018_durmaz,66,MID,false,
SWE_2018_rohden,65,MID,false,
SWE_2018_larsson,65,MID,false,
SWE_2018_svensson,60,MID,false,
SWE_2018_berg,82,FWD,false,
SWE_2018_toivonen,78,FWD,false,
SWE_2018_thelin,68,FWD,false,
SWE_2018_guidetti,59,FWD,false,
SUI_2018_sommer,80,GK,false,
SUI_2018_burki,79,GK,false,
SUI_2018_mvogo,55,GK,false,
SUI_2018_rodriguez,83,DEF,false,
SUI_2018_lichtsteiner,81,DEF,true,
SUI_2018_akanji,79,DEF,false,
SUI_2018_elvedi,70,DEF,false,
SUI_2018_schar,68,DEF,false,
SUI_2018_lang,68,DEF,false,
SUI_2018_djourou,65,DEF,false,
SUI_2018_moubandje,59,DEF,false,
SUI_2018_xhaka,85,MID,false,
SUI_2018_shaqiri,82,MID,false,
SUI_2018_fernandes,80,MID,false,
SUI_2018_zuber,77,MID,false,
SUI_2018_freuler,73,MID,false,
SUI_2018_dzemaili,72,MID,false,
SUI_2018_zakaria,71,MID,false,
SUI_2018_behrami,68,MID,false,
SUI_2018_gavranovic,80,FWD,false,
SUI_2018_drmic,80,FWD,false,
SUI_2018_seferovic,74,FWD,false,
SUI_2018_embolo,71,FWD,false,
TUN_2018_mathlouthi,65,GK,true,
TUN_2018_mustapha,58,GK,false,
TUN_2018_hassen,56,GK,false,
TUN_2018_maaloul,74,DEF,false,
TUN_2018_benalouane,65,DEF,false,
TUN_2018_youssef,64,DEF,false,
TUN_2018_bronn,63,DEF,false,
TUN_2018_meriah,63,DEF,false,
TUN_2018_haddadi,58,DEF,false,
TUN_2018_nagguez,57,DEF,false,
TUN_2018_bedoui,57,DEF,false,
TUN_2018_amor,70,MID,false,
TUN_2018_sassi,70,MID,false,
TUN_2018_badri,69,MID,false,
TUN_2018_skhiri,56,MID,false,
TUN_2018_khazri,83,FWD,false,
TUN_2018_youssef_2,73,FWD,false,
TUN_2018_khalifa,73,FWD,false,
TUN_2018_sliti,70,FWD,false,
TUN_2018_chaalali,65,FWD,false,
TUN_2018_srarfi,65,FWD,false,
TUN_2018_khaoui,57,FWD,false,
TUN_2018_khalil,57,FWD,false,
URU_2018_muslera,80,GK,false,
URU_2018_campana,75,GK,false,
URU_2018_silva,63,GK,false,
URU_2018_godin,85,DEF,true,
URU_2018_gimenez,84,DEF,false,
URU_2018_caceres,79,DEF,false,
URU_2018_pereira,78,DEF,false,
URU_2018_coates,77,DEF,false,
URU_2018_silva_2,76,DEF,false,
URU_2018_varela,69,DEF,false,
URU_2018_vecino,84,MID,false,
URU_2018_bentancur,79,MID,false,
URU_2018_nandez,79,MID,false,
URU_2018_torreira,73,MID,false,
URU_2018_rodriguez,70,MID,false,
URU_2018_laxalt,70,MID,false,
URU_2018_sanchez,59,MID,false,
URU_2018_cavani,91,FWD,false,
URU_2018_suarez,88,FWD,false,
URU_2018_arrascaeta,71,FWD,false,
URU_2018_stuani,70,FWD,false,
URU_2018_gomez,68,FWD,false,
URU_2018_urretaviscaya,59,FWD,false,
ARG_2022_martinez,95,GK,false,golden_glove
ARG_2022_armani,78,GK,false,
ARG_2022_rulli,78,GK,false,
ARG_2022_molina,89,DEF,false,
ARG_2022_martinez_2,87,DEF,false,
ARG_2022_acuna,85,DEF,false,
ARG_2022_tagliafico,84,DEF,false,
ARG_2022_otamendi,83,DEF,false,
ARG_2022_montiel,83,DEF,false,
ARG_2022_pezzella,82,DEF,false,
ARG_2022_romero,82,DEF,false,
ARG_2022_foyth,81,DEF,false,
ARG_2022_paredes,88,MID,false,
ARG_2022_paul,88,MID,false,
ARG_2022_fernandez,88,MID,false,best_young_player
ARG_2022_rodriguez,81,MID,false,
ARG_2022_allister,81,MID,false,
ARG_2022_palacios,79,MID,false,
ARG_2022_gomez,78,MID,false,
ARG_2022_almada,73,MID,false,
ARG_2022_messi,99,FWD,true,golden_ball
ARG_2022_alvarez,91,FWD,false,
ARG_2022_martinez_3,90,FWD,false,
ARG_2022_maria,88,FWD,false,
ARG_2022_correa,86,FWD,false,
ARG_2022_dybala,80,FWD,false,
AUS_2022_ryan,79,GK,true,
AUS_2022_redmayne,59,GK,false,
AUS_2022_vukovic,59,GK,false,
AUS_2022_wright,73,DEF,false,
AUS_2022_behich,70,DEF,false,
AUS_2022_degenek,68,DEF,false,
AUS_2022_rowles,67,DEF,false,
AUS_2022_deng,67,DEF,false,
AUS_2022_karacic,61,DEF,false,
AUS_2022_souttar,60,DEF,false,
AUS_2022_atkinson,60,DEF,false,
AUS_2022_king,60,DEF,false,
AUS_2022_mooy,83,MID,false,
AUS_2022_hrustic,74,MID,false,
AUS_2022_irvine,70,MID,false,
AUS_2022_mcgree,68,MID,false,
AUS_2022_baccus,59,MID,false,
AUS_2022_devlin,58,MID,false,
AUS_2022_duke,80,FWD,false,
AUS_2022_maclaren,79,FWD,false,
AUS_2022_mabil,76,FWD,false,
AUS_2022_leckie,75,FWD,false,
AUS_2022_goodwin,69,FWD,false,
AUS_2022_cummings,60,FWD,false,
AUS_2022_tilio,59,FWD,false,
AUS_2022_kuol,59,FWD,false,
BEL_2022_courtois,83,GK,false,
BEL_2022_mignolet,72,GK,false,
BEL_2022_casteels,65,GK,false,
BEL_2022_alderweireld,79,DEF,false,
BEL_2022_vertonghen,76,DEF,false,
BEL_2022_debast,73,DEF,false,
BEL_2022_dendoncker,71,DEF,false,
BEL_2022_faes,67,DEF,false,
BEL_2022_theate,66,DEF,false,
BEL_2022_bruyne,84,MID,false,
BEL_2022_hazard,78,MID,false,
BEL_2022_meunier,78,MID,false,
BEL_2022_witsel,78,MID,false,
BEL_2022_vanaken,73,MID,false,
BEL_2022_tielemans,73,MID,false,
BEL_2022_onana,70,MID,false,
BEL_2022_castagne,69,MID,false,
BEL_2022_lukaku,85,FWD,false,
BEL_2022_hazard_2,85,FWD,true,
BEL_2022_carrasco,79,FWD,false,
BEL_2022_ketelaere,79,FWD,false,
BEL_2022_batshuayi,79,FWD,false,
BEL_2022_mertens,74,FWD,false,
BEL_2022_trossard,73,FWD,false,
BEL_2022_openda,66,FWD,false,
BEL_2022_doku,65,FWD,false,
BRA_2022_alisson,85,GK,false,
BRA_2022_ederson,83,GK,false,
BRA_2022_weverton,73,GK,false,
BRA_2022_silva,85,DEF,true,
BRA_2022_marquinhos,84,DEF,false,
BRA_2022_danilo,83,DEF,false,
BRA_2022_sandro,83,DEF,false,
BRA_2022_militao,82,DEF,false,
BRA_2022_bremer,80,DEF,false,
BRA_2022_telles,77,DEF,false,
BRA_2022_alves,76,DEF,false,
BRA_2022_casemiro,85,MID,false,
BRA_2022_fabinho,84,MID,false,
BRA_2022_fred,82,MID,false,
BRA_2022_paqueta,78,MID,false,
BRA_2022_guimaraes,77,MID,false,
BRA_2022_ribeiro,75,MID,false,
BRA_2022_neymar,89,FWD,false,
BRA_2022_richarlison,88,FWD,false,
BRA_2022_junior,84,FWD,false,
BRA_2022_raphinha,83,FWD,false,
BRA_2022_jesus,83,FWD,false,
BRA_2022_antony,78,FWD,false,
BRA_2022_rodrygo,78,FWD,false,
BRA_2022_martinelli,76,FWD,false,
BRA_2022_pedro,73,FWD,false,
CMR_2022_onana,78,GK,false,
CMR_2022_ngapandouetnbu,69,GK,false,
CMR_2022_epassy,57,GK,false,
CMR_2022_castelletto,68,DEF,false,
CMR_2022_wooh,65,DEF,false,
CMR_2022_ebosse,65,DEF,false,
CMR_2022_nkoulou,64,DEF,false,
CMR_2022_fai,59,DEF,false,
CMR_2022_tolo,59,DEF,false,
CMR_2022_mbaizo,57,DEF,false,
CMR_2022_mbekeli,57,DEF,false,
CMR_2022_anguissa,73,MID,false,
CMR_2022_nkoudou,71,MID,false,
CMR_2022_kunde,71,MID,false,
CMR_2022_ondoua,59,MID,false,
CMR_2022_ntcham,58,MID,false,
CMR_2022_gouet,57,MID,false,
CMR_2022_hongla,57,MID,false,
CMR_2022_marou,57,MID,false,
CMR_2022_aboubakar,85,FWD,true,
CMR_2022_choupo_moting,82,FWD,false,
CMR_2022_ekambi,75,FWD,false,
CMR_2022_ngamaleu,74,FWD,false,
CMR_2022_bassogog,72,FWD,false,
CMR_2022_nsame,65,FWD,false,
CMR_2022_mbeumo,57,FWD,false,
CAN_2022_borjan,67,GK,false,
CAN_2022_pantemis,58,GK,false,
CAN_2022_clair,56,GK,false,
CAN_2022_davies,82,DEF,false,
CAN_2022_miller,64,DEF,false,
CAN_2022_adekugbe,58,DEF,false,
CAN_2022_laryea,58,DEF,false,
CAN_2022_johnston,57,DEF,false,
CAN_2022_waterman,57,DEF,false,
CAN_2022_vitoria,57,DEF,false,
CAN_2022_cornelius,57,DEF,false,
CAN_2022_hoilett,75,MID,false,
CAN_2022_hutchinson,74,MID,true,
CAN_2022_eustaquio,71,MID,false,
CAN_2022_osorio,67,MID,false,
CAN_2022_millar,66,MID,false,
CAN_2022_piette,64,MID,false,
CAN_2022_wotherspoon,64,MID,false,
CAN_2022_kaye,64,MID,false,
CAN_2022_kone,57,MID,false,
CAN_2022_fraser,56,MID,false,
CAN_2022_larin,81,FWD,false,
CAN_2022_david,78,FWD,false,
CAN_2022_cavallini,74,FWD,false,
CAN_2022_buchanan,71,FWD,false,
CAN_2022_ugbo,57,FWD,false,
CRC_2022_navas,79,GK,false,
CRC_2022_alvarado,65,GK,false,
CRC_2022_sequeira,57,GK,false,
CRC_2022_fuller,73,DEF,false,
CRC_2022_waston,70,DEF,false,
CRC_2022_vargas,64,DEF,false,
CRC_2022_duarte,60,DEF,false,
CRC_2022_calvo,59,DEF,false,
CRC_2022_matarrita,58,DEF,false,
CRC_2022_oviedo,58,DEF,false,
CRC_2022_martinez,58,DEF,false,
CRC_2022_tejeda,73,MID,false,
CRC_2022_borges,73,MID,false,
CRC_2022_ruiz,71,MID,true,
CRC_2022_torres,66,MID,false,
CRC_2022_salas,65,MID,false,
CRC_2022_lopez,65,MID,false,
CRC_2022_zamora,65,MID,false,
CRC_2022_bennette,60,MID,false,
CRC_2022_wilson,57,MID,false,
CRC_2022_chacon,56,MID,false,
CRC_2022_hernandez,56,MID,false,
CRC_2022_aguilera,56,MID,false,
CRC_2022_campbell,71,FWD,false,
CRC_2022_venegas,71,FWD,false,
CRC_2022_contreras,65,FWD,false,
CRO_2022_livakovic,86,GK,false,
CRO_2022_grbic,85,GK,false,
CRO_2022_ivusic,70,GK,false,
CRO_2022_stanisic,84,DEF,false,
CRO_2022_barisic,84,DEF,false,
CRO_2022_lovren,81,DEF,false,
CRO_2022_juranovic,81,DEF,false,
CRO_2022_sosa,79,DEF,false,
CRO_2022_vida,79,DEF,false,
CRO_2022_gvardiol,77,DEF,false,
CRO_2022_sutalo,73,DEF,false,
CRO_2022_erlic,71,DEF,false,
CRO_2022_modric,89,MID,true,
CRO_2022_kovacic,85,MID,false,
CRO_2022_brozovic,85,MID,false,
CRO_2022_pasalic,85,MID,false,
CRO_2022_majer,82,MID,false,
CRO_2022_jakic,78,MID,false,
CRO_2022_vlasic,77,MID,false,
CRO_2022_sucic,61,MID,false,
CRO_2022_kramaric,84,FWD,false,
CRO_2022_perisic,83,FWD,false,
CRO_2022_petkovic,82,FWD,false,
CRO_2022_livaja,76,FWD,false,
CRO_2022_orsic,74,FWD,false,
CRO_2022_budimir,64,FWD,false,
DEN_2022_schmeichel,66,GK,false,
DEN_2022_christensen,65,GK,false,
DEN_2022_r_nnow,56,GK,false,
DEN_2022_christensen_2,84,DEF,false,
DEN_2022_kj_r,81,DEF,true,
DEN_2022_kristensen,72,DEF,false,
DEN_2022_bah,71,DEF,false,
DEN_2022_m_hle,70,DEF,false,
DEN_2022_nelsson,70,DEF,false,
DEN_2022_andersen,68,DEF,false,
DEN_2022_larsen,58,DEF,false,
DEN_2022_wass,55,DEF,false,
DEN_2022_skov,82,MID,false,
DEN_2022_eriksen,79,MID,false,
DEN_2022_h_jbjerg,77,MID,false,
DEN_2022_olsen,75,MID,false,
DEN_2022_delaney,75,MID,false,
DEN_2022_lindstr_m,69,MID,false,
DEN_2022_damsgaard,68,MID,false,
DEN_2022_jensen,58,MID,false,
DEN_2022_n_rgaard,56,MID,false,
DEN_2022_wind,80,FWD,false,
DEN_2022_dolberg,79,FWD,false,
DEN_2022_cornelius,72,FWD,false,
DEN_2022_braithwaite,72,FWD,false,
DEN_2022_poulsen,68,FWD,false,
ECU_2022_galindez,58,GK,false,
ECU_2022_dominguez,57,GK,false,
ECU_2022_ramirez,53,GK,false,
ECU_2022_hincapie,70,DEF,false,
ECU_2022_arboleda,70,DEF,false,
ECU_2022_estupinan,68,DEF,false,
ECU_2022_gruezo,59,DEF,false,
ECU_2022_arreaga,55,DEF,false,
ECU_2022_porozo,54,DEF,false,
ECU_2022_preciado,53,DEF,false,
ECU_2022_torres,53,DEF,false,
ECU_2022_pacho,53,DEF,false,
ECU_2022_palacios,52,DEF,false,
ECU_2022_caicedo,76,MID,false,
ECU_2022_plata,70,MID,false,
ECU_2022_mena,63,MID,false,
ECU_2022_ibarra,63,MID,false,
ECU_2022_preciado_2,63,MID,false,
ECU_2022_sarmiento,62,MID,false,
ECU_2022_franco,57,MID,false,
ECU_2022_mendez,55,MID,false,
ECU_2022_cifuentes,54,MID,false,
ECU_2022_valencia,86,FWD,true,
ECU_2022_estrada,74,FWD,false,
ECU_2022_rodriguez,55,FWD,false,
ECU_2022_reasco,53,FWD,false,
ENG_2022_pickford,83,GK,false,
ENG_2022_ramsdale,82,GK,false,
ENG_2022_pope,76,GK,false,
ENG_2022_stones,85,DEF,false,
ENG_2022_shaw,85,DEF,false,
ENG_2022_maguire,84,DEF,false,
ENG_2022_walker,84,DEF,false,
ENG_2022_alexander_arnold,81,DEF,false,
ENG_2022_white,79,DEF,false,
ENG_2022_coady,78,DEF,false,
ENG_2022_dier,76,DEF,false,
ENG_2022_trippier,74,DEF,false,
ENG_2022_bellingham,84,MID,false,
ENG_2022_rice,84,MID,false,
ENG_2022_henderson,84,MID,false,
ENG_2022_phillips,84,MID,false,
ENG_2022_foden,83,MID,false,
ENG_2022_mount,83,MID,false,
ENG_2022_gallagher,78,MID,false,
ENG_2022_maddison,73,MID,false,
ENG_2022_kane,90,FWD,true,
ENG_2022_rashford,87,FWD,false,
ENG_2022_saka,85,FWD,false,
ENG_2022_sterling,85,FWD,false,
ENG_2022_grealish,84,FWD,false,
ENG_2022_wilson,72,FWD,false,
FRA_2022_lloris,88,GK,true,
FRA_2022_mandanda,80,GK,false,
FRA_2022_areola,79,GK,false,
FRA_2022_varane,88,DEF,false,
FRA_2022_hernandez,87,DEF,false,
FRA_2022_pavard,87,DEF,false,
FRA_2022_hernandez_2,86,DEF,false,
FRA_2022_saliba,85,DEF,false,
FRA_2022_kounde,85,DEF,false,
FRA_2022_upamecano,84,DEF,false,
FRA_2022_konate,83,DEF,false,
FRA_2022_disasi,78,DEF,false,
FRA_2022_rabiot,87,MID,false,
FRA_2022_tchouameni,86,MID,false,
FRA_2022_camavinga,82,MID,false,
FRA_2022_veretout,78,MID,false,
FRA_2022_guendouzi,76,MID,false,
FRA_2022_fofana,76,MID,false,
FRA_2022_mbappe,99,FWD,false,golden_boot
FRA_2022_giroud,92,FWD,false,
FRA_2022_benzema,90,FWD,false,
FRA_2022_griezmann,88,FWD,false,
FRA_2022_coman,86,FWD,false,
FRA_2022_dembele,83,FWD,false,
FRA_2022_muani,78,FWD,false,
FRA_2022_thuram,77,FWD,false,
GER_2022_neuer,85,GK,true,
GER_2022_stegen,78,GK,false,
GER_2022_trapp,72,GK,false,
GER_2022_rudiger,79,DEF,false,
GER_2022_sule,78,DEF,false,
GER_2022_schlotterbeck,75,DEF,false,
GER_2022_kehrer,75,DEF,false,
GER_2022_ginter,71,DEF,false,
GER_2022_gunter,63,DEF,false,
GER_2022_bella_kotchap,62,DEF,false,
GER_2022_raum,57,DEF,false,
GER_2022_klostermann,54,DEF,false,
GER_2022_muller,85,MID,false,
GER_2022_gundogan,84,MID,false,
GER_2022_kimmich,82,MID,false,
GER_2022_goretzka,80,MID,false,
GER_2022_sane,79,MID,false,
GER_2022_brandt,79,MID,false,
GER_2022_musiala,78,MID,false,
GER_2022_gotze,76,MID,false,
GER_2022_hofmann,72,MID,false,
GER_2022_gnabry,84,FWD,false,
GER_2022_havertz,84,FWD,false,
GER_2022_fullkrug,79,FWD,false,
GER_2022_adeyemi,76,FWD,false,
GER_2022_moukoko,72,FWD,false,
GHA_2022_ati_zigi,58,GK,false,
GHA_2022_nurudeen,57,GK,false,
GHA_2022_danlad,57,GK,false,
GHA_2022_odoi,74,DEF,false,
GHA_2022_salisu,72,DEF,false,
GHA_2022_amartey,72,DEF,false,
GHA_2022_djiku,66,DEF,false,
GHA_2022_mensah,66,DEF,false,
GHA_2022_aidoo,66,DEF,false,
GHA_2022_lamptey,65,DEF,false,
GHA_2022_rahman,59,DEF,false,
GHA_2022_seidu,57,DEF,false,
GHA_2022_kudus,85,MID,false,
GHA_2022_partey,77,MID,false,
GHA_2022_issahaku,71,MID,false,
GHA_2022_sowah,70,MID,false,
GHA_2022_bukari,70,MID,false,
GHA_2022_kyereh,66,MID,false,
GHA_2022_samed,64,MID,false,
GHA_2022_sulemana,62,MID,false,
GHA_2022_owusu,57,MID,false,
GHA_2022_afriyie,56,MID,false,
GHA_2022_ayew,79,FWD,true,
GHA_2022_ayew_2,72,FWD,false,
GHA_2022_williams,71,FWD,false,
GHA_2022_semenyo,57,FWD,false,
IRN_2022_beiranvand,70,GK,false,
IRN_2022_hosseini,67,GK,false,
IRN_2022_abedzadeh,57,GK,false,
IRN_2022_niazmand,56,GK,false,
IRN_2022_pouraliganji,71,DEF,false,
IRN_2022_cheshmi,68,DEF,false,
IRN_2022_moharrami,68,DEF,false,
IRN_2022_jalali,67,DEF,false,
IRN_2022_rezaeian,65,DEF,false,
IRN_2022_hajsafi,62,DEF,true,
IRN_2022_mohammadi,59,DEF,false,
IRN_2022_kanaanizadegan,58,DEF,false,
IRN_2022_khalilzadeh,57,DEF,false,
IRN_2022_hosseini_2,57,DEF,false,
IRN_2022_jahanbakhsh,76,MID,false,
IRN_2022_gholizadeh,71,MID,false,
IRN_2022_torabi,71,MID,false,
IRN_2022_amiri,68,MID,false,
IRN_2022_nourollahi,66,MID,false,
IRN_2022_ghoddos,58,MID,false,
IRN_2022_ezatolahi,58,MID,false,
IRN_2022_karimi,58,MID,false,
IRN_2022_taremi,85,FWD,false,
IRN_2022_azmoun,81,FWD,false,
IRN_2022_ansarifard,77,FWD,false,
JPN_2022_gonda,69,GK,false,
JPN_2022_kawashima,68,GK,false,
JPN_2022_schmidt,60,GK,false,
JPN_2022_tomiyasu,81,DEF,false,
JPN_2022_yoshida,76,DEF,true,
JPN_2022_itakura,75,DEF,false,
JPN_2022_ito,74,DEF,false,
JPN_2022_sakai,62,DEF,false,
JPN_2022_yamane,61,DEF,false,
JPN_2022_nagatomo,60,DEF,false,
JPN_2022_taniguchi,60,DEF,false,
JPN_2022_minamino,84,MID,false,
JPN_2022_endo,80,MID,false,
JPN_2022_kamada,79,MID,false,
JPN_2022_ito_2,77,MID,false,
JPN_2022_doan,76,MID,false,
JPN_2022_morita,75,MID,false,
JPN_2022_kubo,71,MID,false,
JPN_2022_tanaka,71,MID,false,
JPN_2022_mitoma,71,MID,false,
JPN_2022_shibasaki,62,MID,false,
JPN_2022_soma,59,MID,false,
JPN_2022_maeda,77,FWD,false,
JPN_2022_asano,74,FWD,false,
JPN_2022_ueda,60,FWD,false,
JPN_2022_machino,60,FWD,false,
MEX_2022_ochoa,66,GK,false,
MEX_2022_cota,57,GK,false,
MEX_2022_talavera,56,GK,false,
MEX_2022_alvarez,80,DEF,false,
MEX_2022_sanchez,77,DEF,false,
MEX_2022_araujo,72,DEF,false,
MEX_2022_gallardo,61,DEF,false,
MEX_2022_moreno,58,DEF,false,
MEX_2022_montes,57,DEF,false,
MEX_2022_arteaga,57,DEF,false,
MEX_2022_vasquez,57,DEF,false,
MEX_2022_alvarez_2,57,DEF,false,
MEX_2022_guardado,74,MID,true,
MEX_2022_gutierrez,73,MID,false,
MEX_2022_rodriguez,69,MID,false,
MEX_2022_herrera,63,MID,false,
MEX_2022_chavez,58,MID,false,
MEX_2022_romo,58,MID,false,
MEX_2022_lozano,79,FWD,false,
MEX_2022_jimenez,78,FWD,false,
MEX_2022_mori,74,FWD,false,
MEX_2022_vega,71,FWD,false,
MEX_2022_antuna,71,FWD,false,
MEX_2022_martin,70,FWD,false,
MEX_2022_alvarado,68,FWD,false,
MEX_2022_pineda,65,FWD,false,
MAR_2022_bounou,85,GK,false,
MAR_2022_mohamedi,69,GK,false,
MAR_2022_tagnaouti,69,GK,false,
MAR_2022_hakimi,89,DEF,false,
MAR_2022_saiss,84,DEF,true,
MAR_2022_mazraoui,83,DEF,false,
MAR_2022_aguerd,82,DEF,false,
MAR_2022_dari,80,DEF,false,
MAR_2022_yamiq,69,DEF,false,
MAR_2022_benoun,68,DEF,false,
MAR_2022_allah,68,DEF,false,
MAR_2022_ziyech,90,MID,false,
MAR_2022_amrabat,80,MID,false,
MAR_2022_ounahi,78,MID,false,
MAR_2022_amallah,77,MID,false,
MAR_2022_boufal,77,MID,false,
MAR_2022_aboukhlal,77,MID,false,
MAR_2022_chair,70,MID,false,
MAR_2022_zaroury,68,MID,false,
MAR_2022_jabrane,67,MID,false,
MAR_2022_khannous,66,MID,false,
MAR_2022_en_nesyri,86,FWD,false,
MAR_2022_hamdallah,82,FWD,false,
MAR_2022_sabiri,75,FWD,false,
MAR_2022_cheddira,67,FWD,false,
MAR_2022_ezzalzouli,66,FWD,false,
NED_2022_noppert,81,GK,false,
NED_2022_pasveer,80,GK,false,
NED_2022_bijlow,70,GK,false,
NED_2022_dijk,86,DEF,true,
NED_2022_blind,85,DEF,false,
NED_2022_dumfries,85,DEF,false,
NED_2022_vrij,85,DEF,false,
NED_2022_ligt,83,DEF,false,
NED_2022_malacia,83,DEF,false,
NED_2022_ake,82,DEF,false,
NED_2022_timber,81,DEF,false,
NED_2022_frimpong,74,DEF,false,
NED_2022_jong,85,MID,false,
NED_2022_klaassen,84,MID,false,
NED_2022_berghuis,82,MID,false,
NED_2022_roon,79,MID,false,
NED_2022_taylor,77,MID,false,
NED_2022_koopmeiners,75,MID,false,
NED_2022_simons,71,MID,false,
NED_2022_depay,87,FWD,false,
NED_2022_gakpo,85,FWD,false,
NED_2022_bergwijn,81,FWD,false,
NED_2022_janssen,80,FWD,false,
NED_2022_weghorst,79,FWD,false,
NED_2022_jong_2,77,FWD,false,
NED_2022_lang,73,FWD,false,
POL_2022_szczesny,83,GK,false,
POL_2022_skorupski,68,GK,false,
POL_2022_grabara,68,GK,false,
POL_2022_bednarek,76,DEF,false,
POL_2022_cash,74,DEF,false,
POL_2022_bereszynski,70,DEF,false,
POL_2022_jedrzejczyk,70,DEF,false,
POL_2022_glik,59,DEF,false,
POL_2022_gumny,59,DEF,false,
POL_2022_wieteska,59,DEF,false,
POL_2022_kiwior,54,DEF,false,
POL_2022_zielinski,80,MID,false,
POL_2022_zurkowski,73,MID,false,
POL_2022_zalewski,73,MID,false,
POL_2022_grosicki,73,MID,false,
POL_2022_szymanski,72,MID,false,
POL_2022_frankowski,69,MID,false,
POL_2022_kaminski,63,MID,false,
POL_2022_krychowiak,62,MID,false,
POL_2022_bielik,58,MID,false,
POL_2022_szymanski_2,55,MID,false,
POL_2022_skoras,54,MID,false,
POL_2022_lewandowski,89,FWD,true,
POL_2022_piatek,84,FWD,false,
POL_2022_swiderski,83,FWD,false,
POL_2022_milik,83,FWD,false,
POR_2022_costa,79,GK,false,
POR_2022_patricio,78,GK,false,
POR_2022_sa,68,GK,false,
POR_2022_dias,85,DEF,false,
POR_2022_guerreiro,85,DEF,false,
POR_2022_pereira,85,DEF,false,
POR_2022_cancelo,84,DEF,false,
POR_2022_dalot,83,DEF,false,
POR_2022_mendes,78,DEF,false,
POR_2022_pepe,76,DEF,false,
POR_2022_silva,74,DEF,false,
POR_2022_fernandes,88,MID,false,
POR_2022_neves,81,MID,false,
POR_2022_vitinha,80,MID,false,
POR_2022_carvalho,77,MID,false,
POR_2022_otavio,77,MID,false,
POR_2022_mario,76,MID,false,
POR_2022_nunes,72,MID,false,
POR_2022_palhinha,68,MID,false,
POR_2022_ronaldo,88,FWD,true,
POR_2022_silva_2,84,FWD,false,
POR_2022_silva_3,84,FWD,false,
POR_2022_leao,83,FWD,false,
POR_2022_felix,83,FWD,false,
POR_2022_ramos,82,FWD,false,
POR_2022_horta,63,FWD,false,
QAT_2022_al_sheeb,73,GK,false,
QAT_2022_barsham,67,GK,false,
QAT_2022_hassan,58,GK,false,
QAT_2022_khoukhi,73,DEF,false,
QAT_2022_salman,72,DEF,false,
QAT_2022_miguel,71,DEF,false,
QAT_2022_hassan_2,69,DEF,false,
QAT_2022_kheder,69,DEF,false,
QAT_2022_al_rawi,59,DEF,false,
QAT_2022_mohammad,58,DEF,false,
QAT_2022_ahmed,57,DEF,false,
QAT_2022_al_haydos,76,MID,true,
QAT_2022_assadalla,71,MID,false,
QAT_2022_al_hajri,69,MID,false,
QAT_2022_hatem,67,MID,false,
QAT_2022_waad,66,MID,false,
QAT_2022_meshaal,63,MID,false,
QAT_2022_boudiaf,59,MID,false,
QAT_2022_madibo,58,MID,false,
QAT_2022_al_hadhrami,57,MID,false,
QAT_2022_gaber,57,MID,false,
QAT_2022_ali,79,FWD,false,
QAT_2022_afif,76,FWD,false,
QAT_2022_muntari,76,FWD,false,
QAT_2022_alaaeldin,58,FWD,false,
QAT_2022_muneer,56,FWD,false,
KSA_2022_al_owais,74,GK,false,
KSA_2022_al_rubaie,66,GK,false,
KSA_2022_al_aqidi,64,GK,false,
KSA_2022_al_shahrani,74,DEF,false,
KSA_2022_al_breik,71,DEF,false,
KSA_2022_al_ghannam,69,DEF,false,
KSA_2022_al_bulaihi,68,DEF,false,
KSA_2022_al_amri,66,DEF,false,
KSA_2022_madu,66,DEF,false,
KSA_2022_abdulhamid,65,DEF,false,
KSA_2022_al_tambakti,57,DEF,false,
KSA_2022_otayf,71,MID,false,
KSA_2022_al_faraj,71,MID,true,
KSA_2022_kanno,71,MID,false,
KSA_2022_al_malki,68,MID,false,
KSA_2022_al_abed,68,MID,false,
KSA_2022_al_najei,67,MID,false,
KSA_2022_al_dawsari,65,MID,false,
KSA_2022_al_hassan,64,MID,false,
KSA_2022_sharahili,57,MID,false,
KSA_2022_al_dawsari_2,79,FWD,false,
KSA_2022_al_shehri,76,FWD,false,
KSA_2022_al_buraikan,69,FWD,false,
KSA_2022_asiri,65,FWD,false,
KSA_2022_al_aboud,64,FWD,false,
KSA_2022_bahebri,61,FWD,false,
SEN_2022_mendy,80,GK,false,
SEN_2022_gomis,68,GK,false,
SEN_2022_dieng,60,GK,false,
SEN_2022_koulibaly,85,DEF,true,
SEN_2022_ballo_toure,80,DEF,false,
SEN_2022_sabaly,76,DEF,false,
SEN_2022_kouyate,74,DEF,false,
SEN_2022_jakobs,73,DEF,false,
SEN_2022_cisse,73,DEF,false,
SEN_2022_n_diaye,72,DEF,false,
SEN_2022_diallo,60,DEF,false,
SEN_2022_name,60,DEF,false,
SEN_2022_mendy_2,59,DEF,false,
SEN_2022_gueye,78,MID,false,
SEN_2022_diatta,76,MID,false,
SEN_2022_sarr,73,MID,false,
SEN_2022_gueye_2,72,MID,false,
SEN_2022_mendy_3,69,MID,false,
SEN_2022_ciss,59,MID,false,
SEN_2022_loum,59,MID,false,
SEN_2022_diedhiou,86,FWD,false,
SEN_2022_sarr_2,80,FWD,false,
SEN_2022_dieng_2,78,FWD,false,
SEN_2022_jackson,72,FWD,false,
SEN_2022_dia,69,FWD,false,
SEN_2022_ndiaye,60,FWD,false,
SRB_2022_milinkovic_savic,75,GK,false,
SRB_2022_dmitrovic,74,GK,false,
SRB_2022_rajkovic,57,GK,false,
SRB_2022_milenkovic,72,DEF,false,
SRB_2022_veljkovic,70,DEF,false,
SRB_2022_mladenovic,65,DEF,false,
SRB_2022_erakovic,64,DEF,false,
SRB_2022_pavlovic,59,DEF,false,
SRB_2022_mitrovic,58,DEF,false,
SRB_2022_babic,54,DEF,false,
SRB_2022_kostic,78,MID,false,
SRB_2022_milinkovic_savic_2,76,MID,false,
SRB_2022_gudelj,74,MID,false,
SRB_2022_grujic,74,MID,false,
SRB_2022_lukic,70,MID,false,
SRB_2022_maksimovic,59,MID,false,
SRB_2022_zivkovic,58,MID,false,
SRB_2022_racic,54,MID,false,
SRB_2022_lazovic,53,MID,false,
SRB_2022_ilic,53,MID,false,
SRB_2022_mitrovic_2,86,FWD,false,
SRB_2022_vlahovic,83,FWD,false,
SRB_2022_tadic,79,FWD,true,
SRB_2022_jovic,77,FWD,false,
SRB_2022_radonjic,72,FWD,false,
SRB_2022_uricic,71,FWD,false,
KOR_2022_seung_gyu,69,GK,false,
KOR_2022_hyeon_woo,60,GK,false,
KOR_2022_bum_keun,60,GK,false,
KOR_2022_min_jae,85,DEF,false,
KOR_2022_young_gwon,75,DEF,false,
KOR_2022_jin_su,70,DEF,false,
KOR_2022_chul,61,DEF,false,
KOR_2022_kyung_won,61,DEF,false,
KOR_2022_moon_hwan,61,DEF,false,
KOR_2022_tae_hwan,61,DEF,false,
KOR_2022_jong_gyu,61,DEF,false,
KOR_2022_yu_min,60,DEF,false,
KOR_2022_chang_hoon,79,MID,false,
KOR_2022_hee_chan,77,MID,false,
KOR_2022_jae_sung,75,MID,false,
KOR_2022_woo_yeong,71,MID,false,
KOR_2022_seung_ho,70,MID,false,
KOR_2022_in_beom,70,MID,false,
KOR_2022_woo_young,70,MID,false,
KOR_2022_sang_ho,68,MID,false,
KOR_2022_jun_ho,61,MID,false,
KOR_2022_min_kyu,60,MID,false,
KOR_2022_kang_in,60,MID,false,
KOR_2022_heung_min,88,FWD,true,
KOR_2022_ui_jo,80,FWD,false,
KOR_2022_gue_sung,77,FWD,false,
ESP_2022_simon,78,GK,false,
ESP_2022_sanchez,68,GK,false,
ESP_2022_raya,57,GK,false,
ESP_2022_alba,82,DEF,false,
ESP_2022_laporte,81,DEF,false,
ESP_2022_carvajal,80,DEF,false,
ESP_2022_azpilicueta,79,DEF,false,
ESP_2022_balde,79,DEF,false,
ESP_2022_garcia,77,DEF,false,
ESP_2022_torres,75,DEF,false,
ESP_2022_guillamon,71,DEF,false,
ESP_2022_busquets,85,MID,true,
ESP_2022_rodri,83,MID,false,
ESP_2022_soler,83,MID,false,
ESP_2022_koke,82,MID,false,
ESP_2022_pedri,79,MID,false,
ESP_2022_gavi,79,MID,false,
ESP_2022_llorente,78,MID,false,
ESP_2022_morata,89,FWD,false,
ESP_2022_torres_2,86,FWD,false,
ESP_2022_asensio,85,FWD,false,
ESP_2022_sarabia,80,FWD,false,
ESP_2022_fati,80,FWD,false,
ESP_2022_williams,71,FWD,false,
ESP_2022_pino,69,FWD,false,
ESP_2022_olmo,68,FWD,false,
SUI_2022_sommer,81,GK,false,
SUI_2022_kobel,80,GK,false,
SUI_2022_omlin,56,GK,false,
SUI_2022_kohn,55,GK,false,
SUI_2022_akanji,83,DEF,false,
SUI_2022_schar,78,DEF,false,
SUI_2022_elvedi,75,DEF,false,
SUI_2022_comert,74,DEF,false,
SUI_2022_fernandes,73,DEF,false,
SUI_2022_rodriguez,72,DEF,false,
SUI_2022_widmer,70,DEF,false,
SUI_2022_steffen,60,DEF,false,
SUI_2022_xhaka,84,MID,true,
SUI_2022_zakaria,82,MID,false,
SUI_2022_freuler,78,MID,false,
SUI_2022_shaqiri,78,MID,false,
SUI_2022_sow,77,MID,false,
SUI_2022_fassnacht,72,MID,false,
SUI_2022_aebischer,68,MID,false,
SUI_2022_frei,65,MID,false,
SUI_2022_rieder,64,MID,false,
SUI_2022_jashari,53,MID,false,
SUI_2022_embolo,80,FWD,false,
SUI_2022_seferovic,77,FWD,false,
SUI_2022_vargas,69,FWD,false,
SUI_2022_okafor,55,FWD,false,
TUN_2022_dahmen,59,GK,false,
TUN_2022_hassen,58,GK,false,
TUN_2022_mathlouthi,57,GK,false,
TUN_2022_said,57,GK,false,
TUN_2022_maaloul,74,DEF,false,
TUN_2022_meriah,74,DEF,false,
TUN_2022_drager,64,DEF,false,
TUN_2022_bronn,58,DEF,false,
TUN_2022_kechrida,58,DEF,false,
TUN_2022_ifa,57,DEF,false,
TUN_2022_abdi,57,DEF,false,
TUN_2022_talbi,57,DEF,false,
TUN_2022_skhiri,72,MID,false,
TUN_2022_chaalali,70,MID,false,
TUN_2022_romdhane,66,MID,false,
TUN_2022_sassi,65,MID,false,
TUN_2022_laidouni,64,MID,false,
TUN_2022_ghandri,58,MID,false,
TUN_2022_mejbri,57,MID,false,
TUN_2022_khazri,81,FWD,false,
TUN_2022_jaziri,77,FWD,false,
TUN_2022_msakni,73,FWD,true,
TUN_2022_sliti,71,FWD,false,
TUN_2022_jebali,71,FWD,false,
TUN_2022_khenissi,68,FWD,false,
TUN_2022_slimane,65,FWD,false,
UNI_2022_turner,81,GK,false,
UNI_2022_horvath,60,GK,false,
UNI_2022_johnson,59,GK,false,
UNI_2022_dest,81,DEF,false,
UNI_2022_carter_vickers,76,DEF,false,
UNI_2022_scally,72,DEF,false,
UNI_2022_ream,71,DEF,false,
UNI_2022_robinson,71,DEF,false,
UNI_2022_yedlin,67,DEF,false,
UNI_2022_long,61,DEF,false,
UNI_2022_zimmerman,61,DEF,false,
UNI_2022_moore,60,DEF,false,
UNI_2022_mckennie,80,MID,false,
UNI_2022_adams,76,MID,true,
UNI_2022_musah,73,MID,false,
UNI_2022_torre,71,MID,false,
UNI_2022_acosta,63,MID,false,
UNI_2022_roldan,61,MID,false,
UNI_2022_pulisic,85,FWD,false,
UNI_2022_reyna,76,FWD,false,
UNI_2022_morris,76,FWD,false,
UNI_2022_aaronson,74,FWD,false,
UNI_2022_sargent,73,FWD,false,
UNI_2022_weah,70,FWD,false,
UNI_2022_ferreira,69,FWD,false,
UNI_2022_wright,61,FWD,false,
URU_2022_rochet,75,GK,false,
URU_2022_muslera,74,GK,false,
URU_2022_sosa,71,GK,false,
URU_2022_gimenez,79,DEF,false,
URU_2022_godin,78,DEF,true,
URU_2022_araujo,76,DEF,false,
URU_2022_varela,71,DEF,false,
URU_2022_vina,71,DEF,false,
URU_2022_olivera,71,DEF,false,
URU_2022_coates,70,DEF,false,
URU_2022_rodriguez,64,DEF,false,
URU_2022_caceres,55,DEF,false,
URU_2022_valverde,83,MID,false,
URU_2022_arrascaeta,78,MID,false,
URU_2022_vecino,75,MID,false,
URU_2022_cruz,74,MID,false,
URU_2022_bentancur,74,MID,false,
URU_2022_torreira,73,MID,false,
URU_2022_ugarte,68,MID,false,
URU_2022_canobbio,54,MID,false,
URU_2022_suarez,84,FWD,false,
URU_2022_cavani,84,FWD,false,
URU_2022_pellistri,78,FWD,false,
URU_2022_nunez,75,FWD,false,
URU_2022_gomez,65,FWD,false,
URU_2022_torres,56,FWD,false,
WAL_2022_hennessey,71,GK,false,
WAL_2022_ward,68,GK,false,
WAL_2022_davies,56,GK,false,
WAL_2022_davies_2,77,DEF,false,
WAL_2022_williams,70,DEF,false,
WAL_2022_rodon,68,DEF,false,
WAL_2022_roberts,59,DEF,false,
WAL_2022_ampadu,59,DEF,false,
WAL_2022_gunter,57,DEF,false,
WAL_2022_mepham,57,DEF,false,
WAL_2022_lockyer,56,DEF,false,
WAL_2022_cabango,52,DEF,false,
WAL_2022_ramsey,78,MID,false,
WAL_2022_wilson,70,MID,false,
WAL_2022_morrell,60,MID,false,
WAL_2022_williams_2,59,MID,false,
WAL_2022_smith,59,MID,false,
WAL_2022_allen,58,MID,false,
WAL_2022_thomas,54,MID,false,
WAL_2022_levitt,53,MID,false,
WAL_2022_colwill,53,MID,false,
WAL_2022_bale,84,FWD,true,
WAL_2022_moore,74,FWD,false,
WAL_2022_johnson,70,FWD,false,
WAL_2022_james,70,FWD,false,
WAL_2022_harris,52,FWD,false,
ALG_2026_zidane,59,GK,false,
ALG_2026_benbot,58,GK,false,
ALG_2026_mastil,55,GK,false,
ALG_2026_bensebaini,83,DEF,false,
ALG_2026_ait_nouri,79,DEF,false,
ALG_2026_mandi,72,DEF,false,
ALG_2026_hadjam,70,DEF,false,
ALG_2026_tougai,67,DEF,false,
ALG_2026_abada,60,DEF,false,
ALG_2026_chergui,59,DEF,false,
ALG_2026_belaid,58,DEF,false,
ALG_2026_belghali,58,DEF,false,
ALG_2026_aouar,77,MID,false,
ALG_2026_chaibi,77,MID,false,
ALG_2026_bentaleb,74,MID,false,
ALG_2026_maza,71,MID,false,
ALG_2026_boudaoui,70,MID,false,
ALG_2026_zerrouki,67,MID,false,
ALG_2026_titraoui,53,MID,false,
ALG_2026_mahrez,86,FWD,true,
ALG_2026_amoura,85,FWD,false,
ALG_2026_gouiri,80,FWD,false,
ALG_2026_boulbina,78,FWD,false,
ALG_2026_moussa,71,FWD,false,
ALG_2026_ghedjemis,59,FWD,false,
ALG_2026_benbouali,57,FWD,false,
ARG_2026_martinez,88,GK,false,
ARG_2026_musso,78,GK,false,
ARG_2026_rulli,77,GK,false,
ARG_2026_molina,82,DEF,false,
ARG_2026_montiel,80,DEF,false,
ARG_2026_romero,80,DEF,false,
ARG_2026_martinez_2,80,DEF,false,
ARG_2026_tagliafico,77,DEF,false,
ARG_2026_otamendi,76,DEF,false,
ARG_2026_balerdi,71,DEF,false,
ARG_2026_medina,71,DEF,false,
ARG_2026_fernandez,87,MID,false,
ARG_2026_paul,84,MID,false,
ARG_2026_allister,84,MID,false,
ARG_2026_gonzalez,84,MID,false,
ARG_2026_palacios,80,MID,false,
ARG_2026_paredes,77,MID,false,
ARG_2026_celso,77,MID,false,
ARG_2026_barco,64,MID,false,
ARG_2026_messi,99,FWD,true,
ARG_2026_martinez_3,90,FWD,false,
ARG_2026_alvarez,89,FWD,false,
ARG_2026_paz,80,FWD,false,
ARG_2026_almada,77,FWD,false,
ARG_2026_simeone,77,FWD,false,
ARG_2026_lopez,74,FWD,false,
AUS_2026_ryan,67,GK,true,
AUS_2026_beach,58,GK,false,
AUS_2026_izzo,56,GK,false,
AUS_2026_bos,74,DEF,false,
AUS_2026_souttar,70,DEF,false,
AUS_2026_circati,68,DEF,false,
AUS_2026_degenek,64,DEF,false,
AUS_2026_behich,63,DEF,false,
AUS_2026_burgess,58,DEF,false,
AUS_2026_italiano,58,DEF,false,
AUS_2026_trewin,56,DEF,false,
AUS_2026_geria,56,DEF,false,
AUS_2026_herrington,53,DEF,false,
AUS_2026_irvine,70,MID,false,
AUS_2026_metcalfe,63,MID,false,
AUS_2026_o_neill,61,MID,false,
AUS_2026_devlin,56,MID,false,
AUS_2026_okon_engstler,56,MID,false,
AUS_2026_irankunda,78,FWD,false,
AUS_2026_mabil,74,FWD,false,
AUS_2026_leckie,72,FWD,false,
AUS_2026_hrustic,68,FWD,false,
AUS_2026_toure,58,FWD,false,
AUS_2026_yengi,57,FWD,false,
AUS_2026_velupillay,56,FWD,false,
AUS_2026_volpato,52,FWD,false,
AUT_2026_schlager,59,GK,false,
AUT_2026_pentz,57,GK,false,
AUT_2026_wiegele,56,GK,false,
AUT_2026_alaba,81,DEF,true,
AUT_2026_danso,78,DEF,false,
AUT_2026_posch,73,DEF,false,
AUT_2026_mwene,72,DEF,false,
AUT_2026_friedl,71,DEF,false,
AUT_2026_lienhart,69,DEF,false,
AUT_2026_svoboda,57,DEF,false,
AUT_2026_affengruber,56,DEF,false,
AUT_2026_sabitzer,83,MID,false,
AUT_2026_laimer,82,MID,false,
AUT_2026_seiwald,79,MID,false,
AUT_2026_schmid,79,MID,false,
AUT_2026_chukwuemeka,78,MID,false,
AUT_2026_schlager_2,76,MID,false,
AUT_2026_wanner,70,MID,false,
AUT_2026_schopf,68,MID,false,
AUT_2026_grillitsch,65,MID,false,
AUT_2026_prass,59,MID,false,
AUT_2026_arnautovic,84,FWD,false,
AUT_2026_gregoritsch,82,FWD,false,
AUT_2026_wimmer,70,FWD,false,
AUT_2026_kalajdzic,69,FWD,false,
BEL_2026_courtois,88,GK,false,
BEL_2026_lammens,76,GK,false,
BEL_2026_penders,67,GK,false,
BEL_2026_castagne,78,DEF,false,
BEL_2026_theate,78,DEF,false,
BEL_2026_winter,77,DEF,false,
BEL_2026_meunier,74,DEF,false,
BEL_2026_debast,73,DEF,false,
BEL_2026_seys,72,DEF,false,
BEL_2026_mechele,71,DEF,false,
BEL_2026_cuyper,70,DEF,false,
BEL_2026_ngoy,66,DEF,false,
BEL_2026_bruyne,89,MID,false,
BEL_2026_tielemans,81,MID,true,
BEL_2026_saelemaekers,80,MID,false,
BEL_2026_onana,76,MID,false,
BEL_2026_vanaken,73,MID,false,
BEL_2026_raskin,70,MID,false,
BEL_2026_witsel,64,MID,false,
BEL_2026_moreira,63,MID,false,
BEL_2026_doku,87,FWD,false,
BEL_2026_trossard,86,FWD,false,
BEL_2026_lukaku,86,FWD,false,
BEL_2026_lukebakio,77,FWD,false,
BEL_2026_ketelaere,77,FWD,false,
BEL_2026_fernandez_pardo,63,FWD,false,
BOS_2026_vasilj,60,GK,false,
BOS_2026_zlomislic,57,GK,false,
BOS_2026_jurkas,53,GK,false,
BOS_2026_kolasinac,78,DEF,false,
BOS_2026_dedic,76,DEF,false,
BOS_2026_katic,71,DEF,false,
BOS_2026_hadzikadunic,68,DEF,false,
BOS_2026_celik,63,DEF,false,
BOS_2026_radeljic,59,DEF,false,
BOS_2026_muharemovic,58,DEF,false,
BOS_2026_mujakic,56,DEF,false,
BOS_2026_gigovic,72,MID,false,
BOS_2026_tahirovic,62,MID,false,
BOS_2026_hadziahmetovic,61,MID,false,
BOS_2026_memic,59,MID,false,
BOS_2026_burnic,57,MID,false,
BOS_2026_mahmic,57,MID,false,
BOS_2026_basic,56,MID,false,
BOS_2026_sunjic,56,MID,false,
BOS_2026_dzeko,80,FWD,true,
BOS_2026_tabakovic,78,FWD,false,
BOS_2026_demirovic,74,FWD,false,
BOS_2026_bajraktarevic,74,FWD,false,
BOS_2026_bazdar,60,FWD,false,
BOS_2026_lukic,59,FWD,false,
BOS_2026_alajbegovic,54,FWD,false,
BRA_2026_alisson,87,GK,false,
BRA_2026_ederson,78,GK,false,
BRA_2026_weverton,53,GK,false,
BRA_2026_magalhaes,87,DEF,false,
BRA_2026_marquinhos,85,DEF,true,
BRA_2026_danilo,79,DEF,false,
BRA_2026_bremer,76,DEF,false,
BRA_2026_pereira,74,DEF,false,
BRA_2026_wesley,73,DEF,false,
BRA_2026_sandro,72,DEF,false,
BRA_2026_santos,72,DEF,false,
BRA_2026_ibanez,70,DEF,false,
BRA_2026_guimaraes,87,MID,false,
BRA_2026_casemiro,84,MID,false,
BRA_2026_paqueta,79,MID,false,
BRA_2026_santos_2,78,MID,false,
BRA_2026_fabinho,68,MID,false,
BRA_2026_junior,99,FWD,false,
BRA_2026_raphinha,89,FWD,false,
BRA_2026_neymar,85,FWD,false,
BRA_2026_cunha,83,FWD,false,
BRA_2026_martinelli,80,FWD,false,
BRA_2026_endrick,71,FWD,false,
BRA_2026_henrique,71,FWD,false,
BRA_2026_thiago,53,FWD,false,
BRA_2026_rayan,53,FWD,false,
CAN_2026_crepeau,62,GK,false,
CAN_2026_clair,58,GK,false,
CAN_2026_goodman,57,GK,false,
CAN_2026_davies,84,DEF,true,
CAN_2026_johnston,76,DEF,false,
CAN_2026_cornelius,75,DEF,false,
CAN_2026_bombito,71,DEF,false,
CAN_2026_sigur,71,DEF,false,
CAN_2026_laryea,66,DEF,false,
CAN_2026_waterman,59,DEF,false,
CAN_2026_jones,59,DEF,false,
CAN_2026_fougerolles,53,DEF,false,
CAN_2026_shaffelburg,74,MID,false,
CAN_2026_saliba,73,MID,false,
CAN_2026_osorio,69,MID,false,
CAN_2026_kone,69,MID,false,
CAN_2026_eustaquio,67,MID,false,
CAN_2026_millar,63,MID,false,
CAN_2026_choiniere,59,MID,false,
CAN_2026_david,87,FWD,false,
CAN_2026_larin,83,FWD,false,
CAN_2026_buchanan,77,FWD,false,
CAN_2026_oluwaseyi,76,FWD,false,
CAN_2026_ahmed,60,FWD,false,
CAN_2026_david_2,60,FWD,false,
CAP_2026_vozinha,81,GK,false,
CAP_2026_rosa,59,GK,false,
CAP_2026_santos,54,GK,false,
CAP_2026_costa,76,DEF,false,
CAP_2026_cabral,72,DEF,false,
CAP_2026_lopes,60,DEF,false,
CAP_2026_diney,59,DEF,false,
CAP_2026_pires,59,DEF,false,
CAP_2026_stopira,58,DEF,false,
CAP_2026_moreira,57,DEF,false,
CAP_2026_pina,56,DEF,false,
CAP_2026_rodrigues,73,MID,false,
CAP_2026_monteiro,69,MID,false,
CAP_2026_paulo,64,MID,false,
CAP_2026_pina_2,64,MID,false,
CAP_2026_cabral_2,63,MID,false,
CAP_2026_semedo,62,MID,false,
CAP_2026_duarte,61,MID,false,
CAP_2026_duarte_2,60,MID,false,
CAP_2026_semedo_2,60,MID,false,
CAP_2026_varela,60,MID,false,
CAP_2026_arcanjo,57,MID,false,
CAP_2026_costa_2,52,MID,false,
CAP_2026_livramento,77,FWD,false,
CAP_2026_benchimol,76,FWD,false,
CAP_2026_mendes,74,FWD,true,
COL_2026_ospina,80,GK,false,
COL_2026_montero,56,GK,false,
COL_2026_vargas,53,GK,false,
COL_2026_sanchez,78,DEF,false,
COL_2026_munoz,78,DEF,false,
COL_2026_lucumi,75,DEF,false,
COL_2026_mina,75,DEF,false,
COL_2026_arias,74,DEF,false,
COL_2026_ditta,68,DEF,false,
COL_2026_machado,67,DEF,false,
COL_2026_mojica,59,DEF,false,
COL_2026_puerta,56,DEF,false,
COL_2026_rodriguez,84,MID,true,
COL_2026_arias_2,80,MID,false,
COL_2026_quintero,78,MID,false,
COL_2026_rios,78,MID,false,
COL_2026_castano,76,MID,false,
COL_2026_carrascal,75,MID,false,
COL_2026_lerma,75,MID,false,
COL_2026_portilla,57,MID,false,
COL_2026_diaz,89,FWD,false,
COL_2026_suarez,82,FWD,false,
COL_2026_cordoba,74,FWD,false,
COL_2026_hernandez,71,FWD,false,
COL_2026_campaz,60,FWD,false,
COL_2026_gomez,59,FWD,false,
CIV_2026_fofana,71,GK,false,
CIV_2026_lafont,68,GK,false,
CIV_2026_kone,53,GK,false,
CIV_2026_kossounou,79,DEF,false,
CIV_2026_singo,77,DEF,false,
CIV_2026_ndicka,77,DEF,false,
CIV_2026_agbadou,74,DEF,false,
CIV_2026_diomande,71,DEF,false,
CIV_2026_doue,70,DEF,false,
CIV_2026_konan,67,DEF,false,
CIV_2026_operi,60,DEF,false,
CIV_2026_fofana_2,79,MID,false,
CIV_2026_sangare,76,MID,false,
CIV_2026_kessie,74,MID,true,
CIV_2026_seri,67,MID,false,
CIV_2026_guiagon,57,MID,false,
CIV_2026_oulai,53,MID,false,
CIV_2026_diallo,81,FWD,false,
CIV_2026_pepe,79,FWD,false,
CIV_2026_bonny,78,FWD,false,
CIV_2026_adingra,76,FWD,false,
CIV_2026_diakite,73,FWD,false,
CIV_2026_guessand,68,FWD,false,
CIV_2026_wahi,68,FWD,false,
CIV_2026_diomande_2,65,FWD,false,
CIV_2026_toure,54,FWD,false,
CRO_2026_livakovic,74,GK,false,
CRO_2026_kotarski,69,GK,false,
CRO_2026_pandur,59,GK,false,
CRO_2026_gvardiol,85,DEF,false,
CRO_2026_sutalo,80,DEF,false,
CRO_2026_caleta_car,80,DEF,false,
CRO_2026_stanisic,79,DEF,false,
CRO_2026_pongracic,74,DEF,false,
CRO_2026_vuskovic,68,DEF,false,
CRO_2026_erlic,60,DEF,false,
CRO_2026_jakic,58,DEF,false,
CRO_2026_modric,85,MID,true,
CRO_2026_kovacic,81,MID,false,
CRO_2026_pasalic,78,MID,false,
CRO_2026_sucic,78,MID,false,
CRO_2026_sucic_2,73,MID,false,
CRO_2026_vlasic,71,MID,false,
CRO_2026_moro,70,MID,false,
CRO_2026_baturina,58,MID,false,
CRO_2026_fruk,56,MID,false,
CRO_2026_kramaric,80,FWD,false,
CRO_2026_perisic,78,FWD,false,
CRO_2026_budimir,71,FWD,false,
CRO_2026_matanovic,68,FWD,false,
CRO_2026_musa,63,FWD,false,
CRO_2026_pasalic_2,59,FWD,false,
CUR_2026_room,62,GK,false,
CUR_2026_doornbusch,59,GK,false,
CUR_2026_bodak,55,GK,false,
CUR_2026_obispo,71,DEF,false,
CUR_2026_gaari,64,DEF,false,
CUR_2026_floranus,61,DEF,false,
CUR_2026_eijma,60,DEF,false,
CUR_2026_fonville,58,DEF,false,
CUR_2026_bazoer,56,DEF,false,
CUR_2026_brenet,55,DEF,false,
CUR_2026_sambo,55,DEF,false,
CUR_2026_bacuna,79,MID,false,
CUR_2026_bacuna_2,77,MID,true,
CUR_2026_roemeratoe,59,MID,false,
CUR_2026_felida,57,MID,false,
CUR_2026_chong,57,MID,false,
CUR_2026_comenencia,57,MID,false,
CUR_2026_martha,56,MID,false,
CUR_2026_kastaneer,78,FWD,false,
CUR_2026_margaritha,71,FWD,false,
CUR_2026_gorre,68,FWD,false,
CUR_2026_antonisse,66,FWD,false,
CUR_2026_kuwas,59,FWD,false,
CUR_2026_locadia,58,FWD,false,
CUR_2026_noslin,58,FWD,false,
CUR_2026_hansen,54,FWD,false,
CZE_2026_kovar,73,GK,false,
CZE_2026_stanek,55,GK,false,
CZE_2026_hornicek,54,GK,false,
CZE_2026_krejci,70,DEF,true,
CZE_2026_coufal,63,DEF,false,
CZE_2026_holes,59,DEF,false,
CZE_2026_zima,59,DEF,false,
CZE_2026_jurasek,58,DEF,false,
CZE_2026_doudera,58,DEF,false,
CZE_2026_chaloupek,58,DEF,false,
CZE_2026_zeleny,57,DEF,false,
CZE_2026_hranac,56,DEF,false,
CZE_2026_soucek,78,MID,false,
CZE_2026_darida,69,MID,false,
CZE_2026_cerv,64,MID,false,
CZE_2026_provod,63,MID,false,
CZE_2026_sadilek,63,MID,false,
CZE_2026_sojka,58,MID,false,
CZE_2026_sochurek,53,MID,false,
CZE_2026_schick,85,FWD,false,
CZE_2026_chory,77,FWD,false,
CZE_2026_chytil,76,FWD,false,
CZE_2026_sulc,74,FWD,false,
CZE_2026_hlozek,71,FWD,false,
CZE_2026_kuchta,67,FWD,false,
CZE_2026_visinsky,56,FWD,false,
DRC_2026_mpasi,65,GK,false,
DRC_2026_epolo,64,GK,false,
DRC_2026_fayulu,60,GK,false,
DRC_2026_mbemba,72,DEF,true,
DRC_2026_wan_bissaka,71,DEF,false,
DRC_2026_masuaku,69,DEF,false,
DRC_2026_kalulu,61,DEF,false,
DRC_2026_kayembe,58,DEF,false,
DRC_2026_batubinsika,56,DEF,false,
DRC_2026_tuanzebe,55,DEF,false,
DRC_2026_kapuadi,55,DEF,false,
DRC_2026_bongonda,78,MID,false,
DRC_2026_pickel,70,MID,false,
DRC_2026_sadiki,68,MID,false,
DRC_2026_mukau,67,MID,false,
DRC_2026_moutoussamy,65,MID,false,
DRC_2026_mbuku,63,MID,false,
DRC_2026_kayembe_2,63,MID,false,
DRC_2026_tshibola,59,MID,false,
DRC_2026_wissa,82,FWD,false,
DRC_2026_bakambu,78,FWD,false,
DRC_2026_elia,73,FWD,false,
DRC_2026_kakuta,72,FWD,false,
DRC_2026_mayele,70,FWD,false,
DRC_2026_banza,65,FWD,false,
DRC_2026_cipenga,56,FWD,false,
ECU_2026_galindez,59,GK,false,
ECU_2026_valle,57,GK,false,
ECU_2026_ramirez,56,GK,false,
ECU_2026_hincapie,84,DEF,false,
ECU_2026_estupinan,84,DEF,false,
ECU_2026_pacho,80,DEF,false,
ECU_2026_preciado,72,DEF,false,
ECU_2026_ordonez,70,DEF,false,
ECU_2026_torres,70,DEF,false,
ECU_2026_porozo,55,DEF,false,
ECU_2026_medina,53,DEF,false,
ECU_2026_caicedo,85,MID,false,
ECU_2026_paez,73,MID,false,
ECU_2026_minda,71,MID,false,
ECU_2026_franco,70,MID,false,
ECU_2026_alcivar,64,MID,false,
ECU_2026_vite,59,MID,false,
ECU_2026_valencia,56,MID,false,
ECU_2026_castillo,53,MID,false,
ECU_2026_valencia_2,82,FWD,true,
ECU_2026_plata,76,FWD,false,
ECU_2026_arevalo,71,FWD,false,
ECU_2026_caicedo_2,71,FWD,false,
ECU_2026_angulo,69,FWD,false,
ECU_2026_yeboah,68,FWD,false,
ECU_2026_rodriguez,62,FWD,false,
EGY_2026_shenawy,71,GK,false,
EGY_2026_shobeir,70,GK,false,
EGY_2026_alaa,56,GK,false,
EGY_2026_soliman,52,GK,false,
EGY_2026_abdelmonem,70,DEF,false,
EGY_2026_hany,69,DEF,false,
EGY_2026_ibrahim,67,DEF,false,
EGY_2026_fatouh,63,DEF,false,
EGY_2026_rabia,60,DEF,false,
EGY_2026_abdelmaguid,60,DEF,false,
EGY_2026_alaa_2,57,DEF,false,
EGY_2026_hafez,56,DEF,false,
EGY_2026_ashour,72,MID,false,
EGY_2026_attia,68,MID,false,
EGY_2026_fathy,64,MID,false,
EGY_2026_ziko,62,MID,false,
EGY_2026_saber,60,MID,false,
EGY_2026_emad,59,MID,false,
EGY_2026_lasheen,57,MID,false,
EGY_2026_salah,89,FWD,true,
EGY_2026_marmoush,84,FWD,false,
EGY_2026_trezeguet,77,FWD,false,
EGY_2026_abdelkarim,76,FWD,false,
EGY_2026_zizo,70,FWD,false,
EGY_2026_adel,68,FWD,false,
EGY_2026_hassan,55,FWD,false,
ENG_2026_pickford,81,GK,false,
ENG_2026_trafford,76,GK,false,
ENG_2026_henderson,68,GK,false,
ENG_2026_stones,82,DEF,false,
ENG_2026_guehi,81,DEF,false,
ENG_2026_james,80,DEF,false,
ENG_2026_o_reilly,75,DEF,false,
ENG_2026_konsa,74,DEF,false,
ENG_2026_livramento,73,DEF,false,
ENG_2026_quansah,72,DEF,false,
ENG_2026_spence,70,DEF,false,
ENG_2026_burn,69,DEF,false,
ENG_2026_bellingham,92,MID,false,
ENG_2026_rice,89,MID,false,
ENG_2026_rogers,83,MID,false,
ENG_2026_anderson,83,MID,false,
ENG_2026_eze,80,MID,false,
ENG_2026_mainoo,77,MID,false,
ENG_2026_henderson_2,75,MID,false,
ENG_2026_kane,99,FWD,true,
ENG_2026_saka,89,FWD,false,
ENG_2026_rashford,84,FWD,false,
ENG_2026_madueke,78,FWD,false,
ENG_2026_gordon,76,FWD,false,
ENG_2026_watkins,74,FWD,false,
ENG_2026_toney,67,FWD,false,
FRA_2026_maignan,86,GK,false,
FRA_2026_risser,65,GK,false,
FRA_2026_samba,64,GK,false,
FRA_2026_saliba,87,DEF,false,
FRA_2026_kounde,84,DEF,false,
FRA_2026_upamecano,83,DEF,false,
FRA_2026_hernandez,82,DEF,false,
FRA_2026_konate,79,DEF,false,
FRA_2026_gusto,77,DEF,false,
FRA_2026_hernandez_2,77,DEF,false,
FRA_2026_digne,76,DEF,false,
FRA_2026_lacroix,69,DEF,false,
FRA_2026_tchouameni,85,MID,false,
FRA_2026_cherki,85,MID,false,
FRA_2026_rabiot,84,MID,false,
FRA_2026_kante,80,MID,false,
FRA_2026_zaire_emery,74,MID,false,
FRA_2026_kone,72,MID,false,
FRA_2026_akliouche,71,MID,false,
FRA_2026_mbappe,99,FWD,true,
FRA_2026_dembele,99,FWD,false,
FRA_2026_olise,93,FWD,false,
FRA_2026_doue,88,FWD,false,
FRA_2026_barcola,82,FWD,false,
FRA_2026_thuram,80,FWD,false,
FRA_2026_mateta,68,FWD,false,
GER_2026_neuer,84,GK,false,
GER_2026_nubel,71,GK,false,
GER_2026_baumann,53,GK,false,
GER_2026_kimmich,87,DEF,true,
GER_2026_rudiger,84,DEF,false,
GER_2026_tah,83,DEF,false,
GER_2026_schlotterbeck,80,DEF,false,
GER_2026_anton,78,DEF,false,
GER_2026_raum,77,DEF,false,
GER_2026_brown,76,DEF,false,
GER_2026_thiaw,74,DEF,false,
GER_2026_musiala,91,MID,false,
GER_2026_wirtz,87,MID,false,
GER_2026_goretzka,81,MID,false,
GER_2026_sane,78,MID,false,
GER_2026_pavlovic,77,MID,false,
GER_2026_nmecha,77,MID,false,
GER_2026_stiller,70,MID,false,
GER_2026_leweling,70,MID,false,
GER_2026_amiri,70,MID,false,
GER_2026_gro,63,MID,false,
GER_2026_ouedraogo,53,MID,false,
GER_2026_havertz,87,FWD,false,
GER_2026_woltemade,79,FWD,false,
GER_2026_beier,76,FWD,false,
GER_2026_undav,75,FWD,false,
GHA_2026_ati_zigi,61,GK,false,
GHA_2026_anang,54,GK,false,
GHA_2026_asare,54,GK,false,
GHA_2026_seidu,73,DEF,false,
GHA_2026_mensah,71,DEF,false,
GHA_2026_senaya,69,DEF,false,
GHA_2026_adjetey,68,DEF,false,
GHA_2026_oppong,67,DEF,false,
GHA_2026_baba,66,DEF,false,
GHA_2026_mumin,56,DEF,false,
GHA_2026_opoku,55,DEF,false,
GHA_2026_luckassen,55,DEF,false,
GHA_2026_semenyo,83,MID,false,
GHA_2026_partey,77,MID,false,
GHA_2026_owusu,71,MID,false,
GHA_2026_boakye,68,MID,false,
GHA_2026_sibo,57,MID,false,
GHA_2026_yirenkyi,57,MID,false,
GHA_2026_ayew,78,FWD,true,
GHA_2026_sulemana,77,FWD,false,
GHA_2026_williams,74,FWD,false,
GHA_2026_nuamah,73,FWD,false,
GHA_2026_fatawu,72,FWD,false,
GHA_2026_thomas_asante,57,FWD,false,
GHA_2026_baah,57,FWD,false,
GHA_2026_adu,55,FWD,false,
HAI_2026_placide,60,GK,true,
HAI_2026_pierre,57,GK,false,
HAI_2026_duverger,56,GK,false,
HAI_2026_thermoncy,65,DEF,false,
HAI_2026_arcus,64,DEF,false,
HAI_2026_experience,59,DEF,false,
HAI_2026_ade,59,DEF,false,
HAI_2026_duverne,58,DEF,false,
HAI_2026_delcroix,58,DEF,false,
HAI_2026_paugain,57,DEF,false,
HAI_2026_lacroix,54,DEF,false,
HAI_2026_jacques,70,MID,false,
HAI_2026_bellegarde,69,MID,false,
HAI_2026_pierre_2,62,MID,false,
HAI_2026_sainte,59,MID,false,
HAI_2026_simon,56,MID,false,
HAI_2026_pierre_3,54,MID,false,
HAI_2026_pierrot,85,FWD,false,
HAI_2026_nazon,80,FWD,false,
HAI_2026_deedson,79,FWD,false,
HAI_2026_jr,75,FWD,false,
HAI_2026_providence,69,FWD,false,
HAI_2026_casimir,69,FWD,false,
HAI_2026_isidor,68,FWD,false,
HAI_2026_fortune,58,FWD,false,
HAI_2026_joseph,56,FWD,false,
IRN_2026_beiranvand,72,GK,false,
IRN_2026_niazmand,69,GK,false,
IRN_2026_hosseini,52,GK,false,
IRN_2026_kanaanizadegan,74,DEF,false,
IRN_2026_hardani,72,DEF,false,
IRN_2026_mohammadi,70,DEF,false,
IRN_2026_rezaeian,66,DEF,false,
IRN_2026_hajsafi,62,DEF,true,
IRN_2026_yousefi,60,DEF,false,
IRN_2026_khalilzadeh,59,DEF,false,
IRN_2026_nemati,59,DEF,false,
IRN_2026_eiri,53,DEF,false,
IRN_2026_mohebi,84,MID,false,
IRN_2026_jahanbakhsh,72,MID,false,
IRN_2026_cheshmi,70,MID,false,
IRN_2026_torabi,70,MID,false,
IRN_2026_ezatolahi,67,MID,false,
IRN_2026_razzaghinia,66,MID,false,
IRN_2026_ghoddos,64,MID,false,
IRN_2026_ghorbani,59,MID,false,
IRN_2026_ghayedi,81,FWD,false,
IRN_2026_taremi,79,FWD,false,
IRN_2026_hosseinzadeh,78,FWD,false,
IRN_2026_alipour,70,FWD,false,
IRN_2026_eckert,67,FWD,false,
IRN_2026_moghanlou,62,FWD,false,
IRQ_2026_hassan,62,GK,true,
IRQ_2026_talib,58,GK,false,
IRQ_2026_basil,56,GK,false,
IRQ_2026_younis,61,DEF,false,
IRQ_2026_sulaka,60,DEF,false,
IRQ_2026_doski,60,DEF,false,
IRQ_2026_ali,60,DEF,false,
IRQ_2026_saadoon,60,DEF,false,
IRQ_2026_tahseen,59,DEF,false,
IRQ_2026_putros,59,DEF,false,
IRQ_2026_yahya,59,DEF,false,
IRQ_2026_hashim,58,DEF,false,
IRQ_2026_bayesh,68,MID,false,
IRQ_2026_al_ammari,65,MID,false,
IRQ_2026_iqbal,64,MID,false,
IRQ_2026_amyn,61,MID,false,
IRQ_2026_yakob,56,MID,false,
IRQ_2026_sher,55,MID,false,
IRQ_2026_ismail,54,MID,false,
IRQ_2026_hussein,85,FWD,false,
IRQ_2026_ali_2,79,FWD,false,
IRQ_2026_al_hamadi,76,FWD,false,
IRQ_2026_jasim,60,FWD,false,
IRQ_2026_yousif,59,FWD,false,
IRQ_2026_qasem,55,FWD,false,
IRQ_2026_farji,54,FWD,false,
JPN_2026_suzuki,74,GK,false,
JPN_2026_hayakawa,68,GK,false,
JPN_2026_osako,55,GK,false,
JPN_2026_tomiyasu,84,DEF,false,
JPN_2026_itakura,81,DEF,false,
JPN_2026_ito,81,DEF,false,
JPN_2026_sugawara,73,DEF,false,
JPN_2026_watanabe,71,DEF,false,
JPN_2026_suzuki_2,67,DEF,false,
JPN_2026_nagatomo,59,DEF,false,
JPN_2026_taniguchi,58,DEF,false,
JPN_2026_seko,56,DEF,false,
JPN_2026_endo,84,MID,true,
JPN_2026_kamada,82,MID,false,
JPN_2026_tanaka,80,MID,false,
JPN_2026_nakamura,80,MID,false,
JPN_2026_doan,78,MID,false,
JPN_2026_kubo,77,MID,false,
JPN_2026_maeda,77,MID,false,
JPN_2026_ito_2,76,MID,false,
JPN_2026_sano,70,MID,false,
JPN_2026_suzuki_3,67,MID,false,
JPN_2026_ueda,87,FWD,false,
JPN_2026_ogawa,75,FWD,false,
JPN_2026_shiogai,65,FWD,false,
JPN_2026_goto,58,FWD,false,
JOR_2026_abulaila,67,GK,false,
JOR_2026_al_fakhouri,60,GK,false,
JOR_2026_attiah,55,GK,false,
JOR_2026_al_arab,68,DEF,false,
JOR_2026_nasib,67,DEF,false,
JOR_2026_haddad,66,DEF,true,
JOR_2026_hashish,66,DEF,false,
JOR_2026_badawi,59,DEF,false,
JOR_2026_dahab,58,DEF,false,
JOR_2026_abualnadi,58,DEF,false,
JOR_2026_al_rosan,57,DEF,false,
JOR_2026_obaid,53,DEF,false,
JOR_2026_al_rashdan,70,MID,false,
JOR_2026_al_rawabdeh,67,MID,false,
JOR_2026_sadeh,63,MID,false,
JOR_2026_ayed,63,MID,false,
JOR_2026_taha,59,MID,false,
JOR_2026_jamous,58,MID,false,
JOR_2026_al_dawoud,57,MID,false,
JOR_2026_olwan,83,FWD,false,
JOR_2026_al_taamari,80,FWD,false,
JOR_2026_zrayq,72,FWD,false,
JOR_2026_al_mardi,70,FWD,false,
JOR_2026_azaizeh,56,FWD,false,
JOR_2026_al_fakhouri_2,54,FWD,false,
MEX_2026_rangel,76,GK,false,
MEX_2026_ochoa,73,GK,false,
MEX_2026_acevedo,55,GK,false,
MEX_2026_alvarez,78,DEF,true,
MEX_2026_gallardo,71,DEF,false,
MEX_2026_vasquez,71,DEF,false,
MEX_2026_reyes,70,DEF,false,
MEX_2026_montes,65,DEF,false,
MEX_2026_sanchez,64,DEF,false,
MEX_2026_chavez,56,DEF,false,
MEX_2026_romo,76,MID,false,
MEX_2026_chavez_2,75,MID,false,
MEX_2026_vargas,74,MID,false,
MEX_2026_lira,73,MID,false,
MEX_2026_pineda,72,MID,false,
MEX_2026_fidalgo,71,MID,false,
MEX_2026_gutierrez,67,MID,false,
MEX_2026_mora,53,MID,false,
MEX_2026_jimenez,87,FWD,false,
MEX_2026_gimenez,83,FWD,false,
MEX_2026_huerta,76,FWD,false,
MEX_2026_martinez,72,FWD,false,
MEX_2026_vega,72,FWD,false,
MEX_2026_alvarado,71,FWD,false,
MEX_2026_gonzalez,67,FWD,false,
MEX_2026_quinones,65,FWD,false,
MAR_2026_bounou,71,GK,false,
MAR_2026_mohamedi,64,GK,false,
MAR_2026_tagnaouti,61,GK,false,
MAR_2026_hakimi,89,DEF,true,
MAR_2026_mazraoui,82,DEF,false,
MAR_2026_aguerd,76,DEF,false,
MAR_2026_salah_eddine,74,DEF,false,
MAR_2026_belammari,72,DEF,false,
MAR_2026_diop,68,DEF,false,
MAR_2026_riad,67,DEF,false,
MAR_2026_halhal,59,DEF,false,
MAR_2026_ouahdi,53,DEF,false,
MAR_2026_saibari,81,MID,false,
MAR_2026_khannouss,79,MID,false,
MAR_2026_amrabat,78,MID,false,
MAR_2026_ounahi,73,MID,false,
MAR_2026_aynaoui,72,MID,false,
MAR_2026_talbi,65,MID,false,
MAR_2026_yassine,64,MID,false,
MAR_2026_mourabet,63,MID,false,
MAR_2026_bouaddi,61,MID,false,
MAR_2026_rahimi,84,FWD,false,
MAR_2026_diaz,83,FWD,false,
MAR_2026_kaabi,81,FWD,false,
MAR_2026_ezzalzouli,78,FWD,false,
MAR_2026_amaimouni,71,FWD,false,
NED_2026_verbruggen,76,GK,false,
NED_2026_flekken,75,GK,false,
NED_2026_roefs,66,GK,false,
NED_2026_dijk,88,DEF,true,
NED_2026_ake,85,DEF,false,
NED_2026_dumfries,84,DEF,false,
NED_2026_timber,80,DEF,false,
NED_2026_ven,80,DEF,false,
NED_2026_hato,74,DEF,false,
NED_2026_wieffer,72,DEF,false,
NED_2026_hecke,69,DEF,false,
NED_2026_jong,85,MID,false,
NED_2026_gravenberch,82,MID,false,
NED_2026_reijnders,80,MID,false,
NED_2026_koopmeiners,79,MID,false,
NED_2026_til,75,MID,false,
NED_2026_roon,72,MID,false,
NED_2026_timber_2,70,MID,false,
NED_2026_kluivert,56,MID,false,
NED_2026_gakpo,88,FWD,false,
NED_2026_depay,85,FWD,false,
NED_2026_weghorst,80,FWD,false,
NED_2026_malen,78,FWD,false,
NED_2026_summerville,77,FWD,false,
NED_2026_lang,73,FWD,false,
NED_2026_brobbey,71,FWD,false,
NZL_2026_crocombe,59,GK,false,
NZL_2026_paulsen,58,GK,false,
NZL_2026_woud,55,GK,false,
NZL_2026_cacace,63,DEF,false,
NZL_2026_payne,62,DEF,false,
NZL_2026_pijnaker,60,DEF,false,
NZL_2026_boxall,60,DEF,false,
NZL_2026_surman,60,DEF,false,
NZL_2026_smith,59,DEF,false,
NZL_2026_vries,58,DEF,false,
NZL_2026_bindon,57,DEF,false,
NZL_2026_elliot,55,DEF,false,
NZL_2026_just,78,MID,false,
NZL_2026_old,72,MID,false,
NZL_2026_mccowatt,72,MID,false,
NZL_2026_garbett,71,MID,false,
NZL_2026_thomas,66,MID,false,
NZL_2026_singh,66,MID,false,
NZL_2026_stamenic,63,MID,false,
NZL_2026_bell,61,MID,false,
NZL_2026_rufer,59,MID,false,
NZL_2026_bayliss,54,MID,false,
NZL_2026_wood,87,FWD,true,
NZL_2026_waine,76,FWD,false,
NZL_2026_barbarouses,71,FWD,false,
NZL_2026_randall,68,FWD,false,
NOR_2026_nyland,79,GK,false,
NOR_2026_tangvik,72,GK,false,
NOR_2026_selvik,58,GK,false,
NOR_2026_ajer,77,DEF,false,
NOR_2026_wolfe,73,DEF,false,
NOR_2026_heggem,70,DEF,false,
NOR_2026_stigard,70,DEF,false,
NOR_2026_pedersen,69,DEF,false,
NOR_2026_bj_rkan,59,DEF,false,
NOR_2026_falchener,58,DEF,false,
NOR_2026_langas,56,DEF,false,
NOR_2026_degaard,85,MID,true,
NOR_2026_berge,79,MID,false,
NOR_2026_aursnes,75,MID,false,
NOR_2026_schjelderup,75,MID,false,
NOR_2026_bobb,71,MID,false,
NOR_2026_aasgaard,71,MID,false,
NOR_2026_thorstvedt,68,MID,false,
NOR_2026_berg,63,MID,false,
NOR_2026_thorsby,61,MID,false,
NOR_2026_hauge,59,MID,false,
NOR_2026_haaland,99,FWD,false,
NOR_2026_s_rloth,84,FWD,false,
NOR_2026_ryerson,83,FWD,false,
NOR_2026_nusa,80,FWD,false,
NOR_2026_larsen,72,FWD,false,
PAN_2026_mejia,69,GK,false,
PAN_2026_mosquera,66,GK,false,
PAN_2026_samudio,58,GK,false,
PAN_2026_murillo,78,DEF,false,
PAN_2026_escobar,71,DEF,false,
PAN_2026_andrade,63,DEF,false,
PAN_2026_blackman,63,DEF,false,
PAN_2026_davis,62,DEF,false,
PAN_2026_cordoba,62,DEF,false,
PAN_2026_miller,60,DEF,false,
PAN_2026_harvey,59,DEF,false,
PAN_2026_farina,59,DEF,false,
PAN_2026_gutierrez,58,DEF,false,
PAN_2026_ramos,57,DEF,false,
PAN_2026_diaz,80,MID,false,
PAN_2026_rodriguez,72,MID,false,
PAN_2026_barcenas,72,MID,false,
PAN_2026_yanis,71,MID,false,
PAN_2026_carrasquilla,68,MID,false,
PAN_2026_martinez,67,MID,false,
PAN_2026_godoy,62,MID,true,
PAN_2026_quintero,59,MID,false,
PAN_2026_waterman,80,FWD,false,
PAN_2026_fajardo,76,FWD,false,
PAN_2026_rodriguez_2,74,FWD,false,
PAN_2026_londono,68,FWD,false,
PAR_2026_fernandez,67,GK,false,
PAR_2026_olveira,66,GK,false,
PAR_2026_gill,60,GK,false,
PAR_2026_gomez,77,DEF,true,
PAR_2026_alonso,75,DEF,false,
PAR_2026_caceres,74,DEF,false,
PAR_2026_alderete,68,DEF,false,
PAR_2026_balbuena,60,DEF,false,
PAR_2026_canale,59,DEF,false,
PAR_2026_maidana,55,DEF,false,
PAR_2026_velazquez,52,DEF,false,
PAR_2026_sosa,77,MID,false,
PAR_2026_mauricio,76,MID,false,
PAR_2026_bobadilla,73,MID,false,
PAR_2026_gomez_2,72,MID,false,
PAR_2026_almiron,71,MID,false,
PAR_2026_galarza,69,MID,false,
PAR_2026_cubas,61,MID,false,
PAR_2026_ojeda,58,MID,false,
PAR_2026_caballero,54,MID,false,
PAR_2026_enciso,76,FWD,false,
PAR_2026_kaku,73,FWD,false,
PAR_2026_avalos,72,FWD,false,
PAR_2026_sanabria,69,FWD,false,
PAR_2026_arce,59,FWD,false,
PAR_2026_pitta,59,FWD,false,
POR_2026_costa,76,GK,false,
POR_2026_silva,72,GK,false,
POR_2026_sa,64,GK,false,
POR_2026_mendes,85,DEF,false,
POR_2026_dias,84,DEF,false,
POR_2026_cancelo,82,DEF,false,
POR_2026_dalot,80,DEF,false,
POR_2026_semedo,79,DEF,false,
POR_2026_inacio,74,DEF,false,
POR_2026_veiga,74,DEF,false,
POR_2026_araujo,70,DEF,false,
POR_2026_costa_2,58,DEF,false,
POR_2026_fernandes,92,MID,false,
POR_2026_vitinha,92,MID,false,
POR_2026_silva_2,87,MID,false,
POR_2026_neves,84,MID,false,
POR_2026_neves_2,84,MID,false,
POR_2026_nunes,80,MID,false,
POR_2026_ronaldo,88,FWD,true,
POR_2026_leao,84,FWD,false,
POR_2026_ramos,83,FWD,false,
POR_2026_neto,80,FWD,false,
POR_2026_felix,80,FWD,false,
POR_2026_guedes,79,FWD,false,
POR_2026_conceicao,78,FWD,false,
POR_2026_trincao,74,FWD,false,
QAT_2026_barsham,73,GK,false,
QAT_2026_abunada,59,GK,false,
QAT_2026_zakaria,57,GK,false,
QAT_2026_miguel,71,DEF,false,
QAT_2026_khoukhi,70,DEF,false,
QAT_2026_ahmed,66,DEF,false,
QAT_2026_gaber,59,DEF,false,
QAT_2026_laye,56,DEF,false,
QAT_2026_mendes,56,DEF,false,
QAT_2026_al_brake,55,DEF,false,
QAT_2026_al_hussain,55,DEF,false,
QAT_2026_al_oui,53,DEF,false,
QAT_2026_hatem,65,MID,false,
QAT_2026_madibo,63,MID,false,
QAT_2026_boudiaf,62,MID,false,
QAT_2026_fathy,61,MID,false,
QAT_2026_al_ganehi,59,MID,false,
QAT_2026_afif,84,FWD,false,
QAT_2026_ali,83,FWD,false,
QAT_2026_al_haydos,77,FWD,true,
QAT_2026_muntari,74,FWD,false,
QAT_2026_alaaeldin,68,FWD,false,
QAT_2026_abdurisag,64,FWD,false,
QAT_2026_manai,60,FWD,false,
QAT_2026_junior,58,FWD,false,
QAT_2026_jamshid,53,FWD,false,
KSA_2026_al_owais,76,GK,false,
KSA_2026_al_aqidi,72,GK,false,
KSA_2026_al_kassar,53,GK,false,
KSA_2026_al_tambakti,73,DEF,false,
KSA_2026_abdulhamid,73,DEF,false,
KSA_2026_boushal,73,DEF,false,
KSA_2026_majrashi,73,DEF,false,
KSA_2026_lajami,71,DEF,false,
KSA_2026_al_amri,70,DEF,false,
KSA_2026_al_harbi,69,DEF,false,
KSA_2026_kadesh,67,DEF,false,
KSA_2026_al_shamat,58,DEF,false,
KSA_2026_thakri,57,DEF,false,
KSA_2026_al_juwayr,71,MID,false,
KSA_2026_kanno,71,MID,false,
KSA_2026_al_dawsari,71,MID,false,
KSA_2026_al_khaibari,69,MID,false,
KSA_2026_al_johani,68,MID,false,
KSA_2026_al_hejji,55,MID,false,
KSA_2026_al_shehri,81,FWD,false,
KSA_2026_al_dawsari_2,80,FWD,true,
KSA_2026_al_hamdan,78,FWD,false,
KSA_2026_al_buraikan,75,FWD,false,
KSA_2026_yahya,73,FWD,false,
KSA_2026_mandash,67,FWD,false,
KSA_2026_al_ghannam,56,FWD,false,
SCO_2026_gordon,76,GK,false,
SCO_2026_gunn,75,GK,false,
SCO_2026_kelly,73,GK,false,
SCO_2026_robertson,82,DEF,true,
SCO_2026_tierney,77,DEF,false,
SCO_2026_ralston,77,DEF,false,
SCO_2026_patterson,75,DEF,false,
SCO_2026_souttar,74,DEF,false,
SCO_2026_mckenna,71,DEF,false,
SCO_2026_hendry,63,DEF,false,
SCO_2026_hanley,62,DEF,false,
SCO_2026_hickey,59,DEF,false,
SCO_2026_hyam,56,DEF,false,
SCO_2026_mctominay,85,MID,false,
SCO_2026_mcginn,79,MID,false,
SCO_2026_fletcher,78,MID,false,
SCO_2026_christie,77,MID,false,
SCO_2026_ferguson,73,MID,false,
SCO_2026_mclean,62,MID,false,
SCO_2026_adams,80,FWD,false,
SCO_2026_shankland,77,FWD,false,
SCO_2026_dykes,74,FWD,false,
SCO_2026_stewart,68,FWD,false,
SCO_2026_hirst,57,FWD,false,
SCO_2026_gannon_doak,56,FWD,false,
SCO_2026_curtis,55,FWD,false,
SEN_2026_mendy,82,GK,false,
SEN_2026_diouf,69,GK,false,
SEN_2026_diaw,54,GK,false,
SEN_2026_koulibaly,81,DEF,true,
SEN_2026_jakobs,78,DEF,false,
SEN_2026_diatta,76,DEF,false,
SEN_2026_niakhate,76,DEF,false,
SEN_2026_sarr,75,DEF,false,
SEN_2026_diouf_2,70,DEF,false,
SEN_2026_mendy_2,66,DEF,false,
SEN_2026_seck,53,DEF,false,
SEN_2026_sarr_2,79,MID,false,
SEN_2026_camara,78,MID,false,
SEN_2026_gueye,78,MID,false,
SEN_2026_gueye_2,78,MID,false,
SEN_2026_ndiaye,76,MID,false,
SEN_2026_diarra,71,MID,false,
SEN_2026_ciss,59,MID,false,
SEN_2026_mane,84,FWD,false,
SEN_2026_ndiaye_2,81,FWD,false,
SEN_2026_sarr_3,81,FWD,false,
SEN_2026_jackson,79,FWD,false,
SEN_2026_mbaye,79,FWD,false,
SEN_2026_ndiaye_3,72,FWD,false,
SEN_2026_dieng,62,FWD,false,
SEN_2026_diao,53,FWD,false,
RSA_2026_williams,63,GK,true,
RSA_2026_chaine,56,GK,false,
RSA_2026_goss,54,GK,false,
RSA_2026_modiba,62,DEF,false,
RSA_2026_mudau,61,DEF,false,
RSA_2026_okon,59,DEF,false,
RSA_2026_sibisi,58,DEF,false,
RSA_2026_cross,58,DEF,false,
RSA_2026_matuludi,56,DEF,false,
RSA_2026_ndamane,53,DEF,false,
RSA_2026_kabini,53,DEF,false,
RSA_2026_mbokazi,52,DEF,false,
RSA_2026_makhanya,52,DEF,false,
RSA_2026_mokoena,75,MID,false,
RSA_2026_zwane,70,MID,false,
RSA_2026_mbatha,70,MID,false,
RSA_2026_sithole,59,MID,false,
RSA_2026_adams,59,MID,false,
RSA_2026_rayners,80,FWD,false,
RSA_2026_appollis,78,FWD,false,
RSA_2026_foster,76,FWD,false,
RSA_2026_makgopa,71,FWD,false,
RSA_2026_moremi,58,FWD,false,
RSA_2026_maseko,58,FWD,false,
RSA_2026_mofokeng,55,FWD,false,
RSA_2026_sebelebele,52,FWD,false,
KOR_2026_seung_gyu,64,GK,false,
KOR_2026_hyeon_woo,59,GK,false,
KOR_2026_bum_keun,59,GK,false,
KOR_2026_min_jae,88,DEF,false,
KOR_2026_castrop,73,DEF,false,
KOR_2026_tae_seok,70,DEF,false,
KOR_2026_tae_hyeon,69,DEF,false,
KOR_2026_young_woo,68,DEF,false,
KOR_2026_moon_hwan,60,DEF,false,
KOR_2026_jin_seob,60,DEF,false,
KOR_2026_han_beom,59,DEF,false,
KOR_2026_wi_je,53,DEF,false,
KOR_2026_kang_in,84,MID,false,
KOR_2026_in_beom,79,MID,false,
KOR_2026_hee_chan,75,MID,false,
KOR_2026_hyun_jun,74,MID,false,
KOR_2026_jae_sung,73,MID,false,
KOR_2026_dong_gyeong,70,MID,false,
KOR_2026_jin_gyu,69,MID,false,
KOR_2026_jun_ho,68,MID,false,
KOR_2026_seung_ho,65,MID,false,
KOR_2026_ji_sung,57,MID,false,
KOR_2026_gi_hyuk,55,MID,false,
KOR_2026_heung_min,85,FWD,true,
KOR_2026_gue_sung,77,FWD,false,
KOR_2026_hyeon_gyu,76,FWD,false,
ESP_2026_simon,85,GK,false,
ESP_2026_raya,82,GK,false,
ESP_2026_garcia,76,GK,false,
ESP_2026_cubarsi,83,DEF,false,
ESP_2026_laporte,81,DEF,false,
ESP_2026_cucurella,80,DEF,false,
ESP_2026_garcia_2,79,DEF,false,
ESP_2026_llorente,78,DEF,false,
ESP_2026_pubill,77,DEF,false,
ESP_2026_porro,74,DEF,false,
ESP_2026_grimaldo,70,DEF,false,
ESP_2026_pedri,92,MID,false,
ESP_2026_rodri,89,MID,true,
ESP_2026_ruiz,83,MID,false,
ESP_2026_merino,82,MID,false,
ESP_2026_gavi,81,MID,false,
ESP_2026_zubimendi,80,MID,false,
ESP_2026_baena,78,MID,false,
ESP_2026_yamal,97,FWD,false,
ESP_2026_oyarzabal,90,FWD,false,
ESP_2026_williams,85,FWD,false,
ESP_2026_torres,84,FWD,false,
ESP_2026_olmo,84,FWD,false,
ESP_2026_pino,68,FWD,false,
ESP_2026_iglesias,67,FWD,false,
ESP_2026_munoz,55,FWD,false,
SWE_2026_nordfeldt,58,GK,false,
SWE_2026_johansson,57,GK,false,
SWE_2026_zetterstrom,55,GK,false,
SWE_2026_lindelof,78,DEF,true,
SWE_2026_svensson,76,DEF,false,
SWE_2026_hien,76,DEF,false,
SWE_2026_gudmundsson,75,DEF,false,
SWE_2026_starfelt,69,DEF,false,
SWE_2026_johansson_2,59,DEF,false,
SWE_2026_bernhardsson,58,DEF,false,
SWE_2026_ekdal,57,DEF,false,
SWE_2026_lagerbielke,56,DEF,false,
SWE_2026_smith,56,DEF,false,
SWE_2026_stroud,54,DEF,false,
SWE_2026_nygren,73,MID,false,
SWE_2026_svanberg,73,MID,false,
SWE_2026_ayari,73,MID,false,
SWE_2026_bergvall,72,MID,false,
SWE_2026_sema,71,MID,false,
SWE_2026_karlstrom,68,MID,false,
SWE_2026_zeneli,58,MID,false,
SWE_2026_gyokeres,87,FWD,false,
SWE_2026_isak,86,FWD,false,
SWE_2026_nilsson,81,FWD,false,
SWE_2026_elanga,80,FWD,false,
SWE_2026_ali,68,FWD,false,
SUI_2026_kobel,80,GK,false,
SUI_2026_keller,66,GK,false,
SUI_2026_mvogo,56,GK,false,
SUI_2026_akanji,83,DEF,false,
SUI_2026_rodriguez,77,DEF,false,
SUI_2026_elvedi,76,DEF,false,
SUI_2026_comert,75,DEF,false,
SUI_2026_amenda,73,DEF,false,
SUI_2026_jaquez,72,DEF,false,
SUI_2026_muheim,71,DEF,false,
SUI_2026_widmer,71,DEF,false,
SUI_2026_jashari,78,MID,false,
SUI_2026_zakaria,77,MID,false,
SUI_2026_manzambi,77,MID,false,
SUI_2026_sow,76,MID,false,
SUI_2026_freuler,75,MID,false,
SUI_2026_xhaka,74,MID,true,
SUI_2026_aebischer,63,MID,false,
SUI_2026_rieder,60,MID,false,
SUI_2026_amdouni,84,FWD,false,
SUI_2026_embolo,82,FWD,false,
SUI_2026_vargas,80,FWD,false,
SUI_2026_itten,79,FWD,false,
SUI_2026_ndoye,77,FWD,false,
SUI_2026_okafor,75,FWD,false,
SUI_2026_fassnacht,72,FWD,false,
TUN_2026_dahmen,62,GK,false,
TUN_2026_hessen,57,GK,false,
TUN_2026_chamakh,56,GK,false,
TUN_2026_valery,73,DEF,false,
TUN_2026_abdi,69,DEF,false,
TUN_2026_hamida,68,DEF,false,
TUN_2026_talbi,67,DEF,false,
TUN_2026_bronn,65,DEF,false,
TUN_2026_ouanes,57,DEF,false,
TUN_2026_chikhaoui,57,DEF,false,
TUN_2026_rekik,55,DEF,false,
TUN_2026_neffati,53,DEF,false,
TUN_2026_arous,52,DEF,false,
TUN_2026_skhiri,78,MID,true,
TUN_2026_ayari,76,MID,false,
TUN_2026_tounekti,70,MID,false,
TUN_2026_slimane,68,MID,false,
TUN_2026_gharbi,64,MID,false,
TUN_2026_mejbri,63,MID,false,
TUN_2026_khedira,57,MID,false,
TUN_2026_mahmoud,56,MID,false,
TUN_2026_saad,76,FWD,false,
TUN_2026_mastouri,74,FWD,false,
TUN_2026_chaouat,70,FWD,false,
TUN_2026_achouri,70,FWD,false,
TUN_2026_elloumi,53,FWD,false,
TUR_2026_cak_r,80,GK,false,
TUR_2026_bay_nd_r,78,GK,false,
TUR_2026_gunok,71,GK,false,
TUR_2026_celik,78,DEF,false,
TUR_2026_soyuncu,77,DEF,false,
TUR_2026_bardakc,76,DEF,false,
TUR_2026_muldur,74,DEF,false,
TUR_2026_elmal,74,DEF,false,
TUR_2026_demiral,70,DEF,false,
TUR_2026_kad_oglu,70,DEF,false,
TUR_2026_kabak,60,DEF,false,
TUR_2026_akaydin,57,DEF,false,
TUR_2026_calhanoglu,82,MID,true,
TUR_2026_ozcan,79,MID,false,
TUR_2026_yuksek,79,MID,false,
TUR_2026_ayhan,79,MID,false,
TUR_2026_kokcu,75,MID,false,
TUR_2026_guler,86,FWD,false,
TUR_2026_y_ld_z,80,FWD,false,
TUR_2026_y_lmaz,80,FWD,false,
TUR_2026_akturkoglu,79,FWD,false,
TUR_2026_akgun,73,FWD,false,
TUR_2026_gul,72,FWD,false,
TUR_2026_ayd_n,70,FWD,false,
TUR_2026_kahveci,70,FWD,false,
TUR_2026_uzun,69,FWD,false,
UNI_2026_turner,77,GK,false,
UNI_2026_freese,59,GK,false,
UNI_2026_brady,58,GK,false,
UNI_2026_robinson,80,DEF,false,
UNI_2026_richards,79,DEF,false,
UNI_2026_freeman,75,DEF,false,
UNI_2026_dest,74,DEF,false,
UNI_2026_scally,74,DEF,false,
UNI_2026_robinson_2,73,DEF,false,
UNI_2026_trusty,72,DEF,false,
UNI_2026_ream,68,DEF,true,
UNI_2026_mckenzie,61,DEF,false,
UNI_2026_arfsten,59,DEF,false,
UNI_2026_mckennie,82,MID,false,
UNI_2026_reyna,81,MID,false,
UNI_2026_adams,78,MID,false,
UNI_2026_tillman,78,MID,false,
UNI_2026_roldan,65,MID,false,
UNI_2026_berhalter,61,MID,false,
UNI_2026_pulisic,84,FWD,false,
UNI_2026_balogun,84,FWD,false,
UNI_2026_pepi,81,FWD,false,
UNI_2026_wright,80,FWD,false,
UNI_2026_weah,78,FWD,false,
UNI_2026_aaronson,76,FWD,false,
UNI_2026_zendejas,71,FWD,false,
URU_2026_muslera,75,GK,false,
URU_2026_rochet,74,GK,false,
URU_2026_mele,55,GK,false,
URU_2026_gimenez,83,DEF,true,
URU_2026_araujo,81,DEF,false,
URU_2026_olivera,80,DEF,false,
URU_2026_vina,75,DEF,false,
URU_2026_varela,73,DEF,false,
URU_2026_caceres,69,DEF,false,
URU_2026_bueno,68,DEF,false,
URU_2026_valverde,89,MID,false,
URU_2026_araujo_2,81,MID,false,
URU_2026_ugarte,80,MID,false,
URU_2026_cruz,78,MID,false,
URU_2026_bentancur,78,MID,false,
URU_2026_arrascaeta,75,MID,false,
URU_2026_piquerez,73,MID,false,
URU_2026_martinez,72,MID,false,
URU_2026_canobbio,61,MID,false,
URU_2026_zalazar,59,MID,false,
URU_2026_sanabria,55,MID,false,
URU_2026_nunez,81,FWD,false,
URU_2026_aguirre,80,FWD,false,
URU_2026_vinas,73,FWD,false,
URU_2026_rodriguez,70,FWD,false,
URU_2026_pellistri,69,FWD,false,
UZB_2026_yusupov,58,GK,false,
UZB_2026_nematov,57,GK,false,
UZB_2026_ergashev,57,GK,false,
UZB_2026_khusanov,79,DEF,false,
UZB_2026_ashurmatov,71,DEF,false,
UZB_2026_alijonov,62,DEF,false,
UZB_2026_nasrullaev,61,DEF,false,
UZB_2026_sayfiev,59,DEF,false,
UZB_2026_eshmurodov,58,DEF,false,
UZB_2026_urozov,58,DEF,false,
UZB_2026_abdullaev,56,DEF,false,
UZB_2026_ulmasaliev,55,DEF,false,
UZB_2026_karimov,53,DEF,false,
UZB_2026_fayzullaev,78,MID,false,
UZB_2026_urunov,77,MID,false,
UZB_2026_masharipov,74,MID,false,
UZB_2026_khamdamov,69,MID,false,
UZB_2026_shukurov,68,MID,false,
UZB_2026_hamrobekov,68,MID,false,
UZB_2026_iskanderov,67,MID,false,
UZB_2026_mozgovoy,61,MID,false,
UZB_2026_ganiev,59,MID,false,
UZB_2026_esanov,54,MID,false,
UZB_2026_shomurodov,85,FWD,true,
UZB_2026_sergeev,80,FWD,false,
UZB_2026_amonov,71,FWD,false,
