player_id,name,season,team,position,games_played,ppr_ppg_mean,ppr_ppg_sd,vor,position_percentile,price_musd,college,draft_year,draft_round,multi_team
00-0005092,Marshall Faulk,2000,STL,RB,14,32.85,14.07,26.2,1,48,San Diego State,1994,1,false
00-0007661,Priest Holmes,2002,KC,RB,14,31.48,12.13,24,1,48,Texas,,,false
00-0005092,Marshall Faulk,2001,STL,RB,14,29.98,11.47,23.15,1,48,San Diego State,1994,1,false
00-0020536,LaDainian Tomlinson,2006,LAC,RB,16,30.07,12.38,22.19,1,48,TCU,2001,1,false
00-0007661,Priest Holmes,2003,KC,RB,16,27.81,8.28,20.34,1,48,Texas,,,false
00-0033280,Christian McCaffrey,2019,CAR,RB,16,29.45,9.95,20.33,1,48,Stanford,2017,1,false
00-0020536,LaDainian Tomlinson,2003,LAC,RB,16,27.74,12.33,20.27,0.9899,48,TCU,2001,1,false
00-0007661,Priest Holmes,2004,KC,RB,8,26.61,11.68,18.73,1,48,Texas,,,false
00-0034796,Lamar Jackson,2019,BAL,QB,15,27.71,7.1,18.59,1,48,Louisville,2018,1,false
00-0005092,Marshall Faulk,1999,STL,RB,15,25.35,9.62,18.5,1,48,San Diego State,1994,1,false
00-0023459,Aaron Rodgers,2011,GB,QB,15,26.48,6.98,18.44,1,48,California; Butte College,2005,1,false
00-0022736,Steven Jackson,2006,LA,RB,16,25.96,9.94,18.09,0.9897,48,Oregon State,2004,1,false
00-0008241,Edgerrin James,2000,IND,RB,16,24.58,8.26,17.93,0.9882,48,Miami,1999,1,false
00-0032241,Todd Gurley,2018,LA,RB,14,26.58,8.34,17.68,1,48,Georgia,2015,1,false
00-0020245,Mike Vick,2010,PHI,QB,12,25.86,11.16,17.5,1,48,Virginia Tech,2001,1,false
00-0032241,Todd Gurley,2017,LA,RB,15,25.55,12.1,17.48,1,48,Georgia,2015,1,false
00-0030496,Le'Veon Bell,2016,PIT,RB,12,26.45,10.1,17.3,1,48,Michigan State,2013,2,false
00-0033873,Patrick Mahomes,2018,KC,QB,16,26.07,6.76,17.17,1,48,Texas Tech,2017,1,false
00-0033908,Cooper Kupp,2021,LA,WR,17,25.85,7.47,17.02,1,48,Eastern Washington,2017,3,false
00-0010346,Peyton Manning,2013,DEN,QB,16,25.62,9.06,16.96,1,48,Tennessee,1998,1,false
00-0017915,Ricky Williams,2000,NO,RB,10,23.43,9.41,16.77,0.9765,48,Texas,1999,1,false
00-0006305,Ahman Green,2003,GB,RB,16,24.06,8.17,16.59,0.9798,48,Nebraska,1998,3,false
00-0020531,Drew Brees,2011,NO,QB,16,24.63,7.81,16.59,0.9722,48,Purdue,2001,2,false
00-0021179,Clinton Portis,2003,DEN,RB,13,24.04,13.52,16.57,0.9697,48,Miami,2002,2,false
00-0036389,Jalen Hurts,2022,PHI,QB,15,25.2,7.47,16.54,1,48,Oklahoma; Alabama,2020,2,false
00-0026213,Jamaal Charles,2013,KC,RB,15,25.2,11.36,16.54,1,48,Texas,2008,3,false
00-0007024,Marvin Harrison,2002,IND,WR,16,24.01,9.16,16.53,1,48,Syracuse,1996,1,false
00-0020536,LaDainian Tomlinson,2002,SD,RB,16,24.01,12.35,16.53,0.9899,48,TCU,2001,1,false
00-0021216,Brian Westbrook,2007,PHI,RB,15,24.69,9.34,16.48,1,48,Villanova,2002,3,false
00-0034796,Lamar Jackson,2024,BAL,QB,17,25.32,6.19,16.47,1,48,Louisville,2018,1,false
00-0031381,Davante Adams,2020,GB,WR,14,25.6,12.47,16.47,1,48,Fresno State,2014,2,false
00-0032187,David Johnson,2016,ARI,RB,16,25.49,8.77,16.34,0.9896,48,Northern Iowa,2015,3,false
00-0026164,Chris Johnson,2009,TEN,RB,16,24.56,14.3,16.31,1,48,East Carolina,2008,1,false
00-0008241,Edgerrin James,1999,IND,RB,16,23.12,9.63,16.27,0.9896,48,Miami,1999,1,false
00-0031235,Odell Beckham Jr.,2014,NYG,WR,12,24.75,11.72,16.18,1,48,LSU,2014,1,false
00-0019596,Tom Brady,2007,NE,QB,16,24.38,8.97,16.16,1,48,Michigan,2000,6,false
00-0012478,Terrell Owens,2000,SF,WR,14,22.8,13.74,16.15,1,48,Tennessee-Chattanooga,1996,3,false
00-0026796,Arian Foster,2010,HOU,RB,16,24.49,10.5,16.13,1,48,Tennessee,,,false
00-0034857,Josh Allen,2022,BUF,QB,16,24.72,6.59,16.06,0.9706,48,Wyoming; Reedley,2018,1,false
00-0033906,Alvin Kamara,2020,NO,RB,15,25.19,13.19,16.06,1,48,Tennessee; Hutchinson CC; Alabama,2017,3,false
00-0011754,Randy Moss,2003,MIN,WR,16,23.5,10.35,16.03,1,48,Marshall; Florida State,1998,1,false
00-0033280,Christian McCaffrey,2025,SF,RB,17,24.51,8.22,15.95,1,48,Stanford,2017,1,false
00-0033280,Christian McCaffrey,2023,SF,RB,16,24.46,9.71,15.94,1,48,Stanford,2017,1,false
00-0033873,Patrick Mahomes,2022,KC,QB,17,24.55,6.47,15.89,0.9412,48,Texas Tech,2017,1,false
00-0011754,Randy Moss,2007,NE,WR,16,24.08,10.72,15.87,1,48,Marshall; Florida State,1998,1,false
00-0033873,Patrick Mahomes,2020,KC,QB,15,24.96,7.66,15.83,1,48,Texas Tech,2017,1,false
00-0027793,Antonio Brown,2014,PIT,WR,16,24.31,7.19,15.73,0.993,48,Central Michigan,2010,6,false
00-0034857,Josh Allen,2020,BUF,QB,16,24.75,8.48,15.62,0.9722,48,Wyoming; Reedley,2018,1,false
00-0012478,Terrell Owens,2002,SF,WR,14,22.99,10.88,15.51,0.9931,48,Tennessee-Chattanooga,1996,3,false
00-0019647,Shaun Alexander,2005,SEA,RB,16,23.55,10.36,15.49,1,48,Alabama,2000,1,false
00-0003739,Daunte Culpepper,2004,MIN,QB,16,23.33,8.61,15.45,1,48,UCF,1999,1,false
00-0032764,Derrick Henry,2021,TEN,RB,8,24.16,13.63,15.32,1,48,Alabama,2016,2,false
00-0021976,Larry Johnson,2006,KC,RB,16,23.18,9.21,15.31,0.9794,48,Penn State,2003,1,false
00-0026796,Arian Foster,2011,HOU,RB,13,23.32,10.25,15.28,1,48,Tennessee,,,false
00-0026195,Ray Rice,2011,BAL,RB,16,23.3,7.35,15.26,0.9886,48,Rutgers,2008,2,false
00-0007024,Marvin Harrison,1999,IND,WR,16,22.11,9.13,15.25,1,48,Syracuse,1996,1,false
00-0027793,Antonio Brown,2015,PIT,WR,16,24.39,14.26,15.25,1,48,Central Michigan,2010,6,false
00-0034844,Saquon Barkley,2018,NYG,RB,16,24.11,7.63,15.21,0.9892,48,Penn State,2018,1,false
00-0036358,CeeDee Lamb,2023,DAL,WR,17,23.72,10.76,15.2,1,48,Oklahoma,2020,1,false
00-0033280,Christian McCaffrey,2018,CAR,RB,16,24.09,10.42,15.19,0.9785,48,Stanford,2017,1,false
00-0027939,Cam Newton,2015,CAR,QB,16,24.32,9.02,15.18,1,48,Auburn; Blinn College; Florida,2011,1,false
00-0007024,Marvin Harrison,2001,IND,WR,16,21.98,11.67,15.16,1,48,Syracuse,1996,1,false
00-0027939,Cam Newton,2011,CAR,QB,16,23.15,7.96,15.11,0.9444,48,Auburn; Blinn College; Florida,2011,1,false
00-0017915,Ricky Williams,2002,MIA,RB,16,22.54,9.23,15.05,0.9798,48,Texas,1999,1,false
00-0033040,Tyreek Hill,2023,MIA,WR,16,23.53,9.67,15.01,0.994,48,West Alabama; Garden City CC; Oklahoma State,2016,5,false
00-0033893,Dalvin Cook,2020,MIN,RB,14,24.13,9.96,15,0.9899,48,Florida State,2017,2,false
00-0007681,Torry Holt,2003,LA,WR,16,22.44,9.86,14.97,0.9924,48,N.C. State,1999,1,false
00-0039075,Puka Nacua,2025,LA,WR,16,23.44,10.21,14.88,1,48,BYU; Washington,2023,5,false
00-0016098,Fred Taylor,2000,JAX,RB,13,21.53,12.52,14.88,0.9647,48,Florida,1998,1,false
00-0011022,Donovan McNabb,2002,PHI,QB,10,22.36,8.2,14.87,1,48,Syracuse,1999,1,false
00-0036900,Ja'Marr Chase,2024,CIN,WR,17,23.71,12.87,14.86,1,48,LSU,2021,1,false
00-0019596,Tom Brady,2011,NE,QB,16,22.89,6.19,14.86,0.9167,48,Michigan,2000,6,false
00-0034857,Josh Allen,2024,BUF,QB,16,23.69,11.52,14.85,0.9737,48,Wyoming; Reedley,2018,1,false
00-0034857,Josh Allen,2021,BUF,QB,17,23.68,8.4,14.84,1,48,Wyoming; Reedley,2018,1,false
00-0020536,LaDainian Tomlinson,2005,LAC,RB,16,22.89,13.74,14.83,0.9896,48,TCU,2001,1,false
00-0030496,Le'Veon Bell,2017,PIT,RB,15,22.89,8.46,14.82,0.9895,48,Michigan State,2013,2,false
00-0023459,Aaron Rodgers,2020,GB,QB,16,23.95,6.53,14.82,0.9444,48,California; Butte College,2005,1,false
00-0020536,LaDainian Tomlinson,2007,LAC,RB,16,22.97,9.99,14.76,0.9894,48,TCU,2001,1,false
00-0033906,Alvin Kamara,2018,NO,RB,15,23.61,10.78,14.71,0.9677,48,Tennessee; Hutchinson CC; Alabama,2017,3,false
00-0005755,Jeff Garcia,2000,SF,QB,16,21.28,7.79,14.63,1,48,San Jose State; Gavilan College,,,false
00-0010346,Peyton Manning,2004,IND,QB,16,22.51,9.32,14.62,0.9714,48,Tennessee,1998,1,false
00-0023459,Aaron Rodgers,2016,GB,QB,16,23.75,7.68,14.61,1,48,California; Butte College,2005,1,false
00-0030496,Le'Veon Bell,2014,PIT,RB,16,23.16,10.09,14.58,1,48,Michigan State,2013,2,false
00-0034857,Josh Allen,2023,BUF,QB,17,23.1,7.67,14.58,1,48,Wyoming; Reedley,2018,1,false
00-0035228,Kyler Murray,2020,ARI,QB,16,23.67,9.78,14.54,0.9167,48,Oklahoma; Texas A&M,2019,1,false
00-0025389,Calvin Johnson,2011,DET,WR,16,22.54,9.84,14.51,1,48,Georgia Tech,2007,1,false
00-0003739,Daunte Culpepper,2000,MIN,QB,16,21.16,8.02,14.5,0.973,48,UCF,1999,1,false
00-0021976,Larry Johnson,2005,KC,RB,16,22.52,13.14,14.46,0.9792,48,Penn State,2003,1,false
00-0020536,LaDainian Tomlinson,2004,LAC,RB,15,22.27,6.96,14.39,0.9894,48,TCU,2001,1,false
00-0000745,Tiki Barber,2005,NYG,RB,16,22.44,10.38,14.38,0.9688,48,Virginia,1997,2,false
00-0015290,Rod Smith,2001,DEN,WR,15,21.2,8.81,14.38,0.9929,48,Missouri Southern,,,false
00-0005883,Eddie George,2000,TEN,RB,16,21.01,10.46,14.36,0.9529,48,Ohio State,1996,1,false
00-0032765,Michael Thomas,2019,NO,WR,16,23.41,8.49,14.29,1,48,Ohio State,2016,2,false
00-0034857,Josh Allen,2025,BUF,QB,16,22.79,10.4,14.24,1,48,Wyoming; Reedley,2018,1,false
00-0005779,Charlie Garner,2002,OAK,RB,16,21.71,7.01,14.22,0.9697,48,Tennessee; Scottsdale CC,1994,2,false
00-0021216,Brian Westbrook,2006,PHI,RB,15,22.04,9.19,14.17,0.9691,47.8,Villanova,2002,3,false
00-0027793,Antonio Brown,2017,PIT,WR,14,22.16,12.42,14.1,1,47.5,Central Michigan,2010,6,false
00-0032144,Melvin Gordon,2018,LAC,RB,12,22.96,7.54,14.06,0.957,47.4,Wisconsin,2015,1,false
00-0007661,Priest Holmes,2001,KC,RB,16,20.81,12.01,13.98,0.9898,47.1,Texas,,,false
00-0033537,Deshaun Watson,2020,HOU,QB,16,23.08,5.93,13.95,0.8889,47,Clemson,2017,1,false
00-0012478,Terrell Owens,2001,SF,WR,16,20.77,10.47,13.94,0.9858,47,Tennessee-Chattanooga,1996,3,false
00-0027944,Julio Jones,2015,ATL,WR,16,23.07,9.38,13.93,0.9934,47,Alabama,2011,1,false
00-0021976,Larry Johnson,2004,KC,RB,8,21.74,12.19,13.86,0.9787,46.7,Penn State,2003,1,false
00-0027029,LeSean McCoy,2011,PHI,RB,15,21.89,7.06,13.86,0.9773,46.7,Pittsburgh,2009,2,false
00-0000745,Tiki Barber,2004,NYG,RB,16,21.72,8.74,13.84,0.9681,46.7,Virginia,1997,2,false
00-0029664,Josh Gordon,2013,CLE,WR,14,22.46,12.73,13.79,1,46.5,Utah; Baylor,2012,2,false
00-0033908,Cooper Kupp,2022,LA,WR,9,22.38,9.16,13.72,1,46.2,Eastern Washington,2017,3,false
00-0020531,Drew Brees,2013,NO,QB,16,22.36,9.08,13.69,0.9714,46.1,Purdue,2001,2,false
00-0007024,Marvin Harrison,2000,IND,WR,16,20.33,10.8,13.68,0.9928,46.1,Syracuse,1996,1,false
00-0029263,Russell Wilson,2017,SEA,QB,16,21.75,7.98,13.68,1,46.1,Wisconsin; N.C. State,2012,3,false
00-0021979,Domanick Williams,2004,HOU,RB,15,21.51,9.82,13.62,0.9574,45.9,LSU,2003,4,false
00-0032950,Carson Wentz,2017,PHI,QB,13,21.67,5.34,13.6,0.9677,45.8,North Dakota State,2016,1,false
00-0026498,Matthew Stafford,2011,DET,QB,16,21.61,7.76,13.57,0.8889,45.7,Georgia,2009,1,false
00-0023459,Aaron Rodgers,2014,GB,QB,16,22.13,8.33,13.56,1,45.7,California; Butte College,2005,1,false
00-0036355,Justin Herbert,2021,LAC,QB,17,22.4,8.9,13.56,0.9688,45.7,Oregon,2020,1,false
00-0015290,Rod Smith,2000,DEN,WR,16,20.13,9.15,13.48,0.9855,45.4,Missouri Southern,,,false
00-0017162,Hines Ward,2002,PIT,WR,16,20.94,8.98,13.46,0.9861,45.3,Georgia,1998,3,false
00-0029668,Andrew Luck,2014,IND,QB,16,21.98,8.33,13.41,0.9697,45.2,Stanford,2012,1,false
00-0028009,DeMarco Murray,2014,DAL,RB,16,21.94,6.07,13.37,0.9903,45,Oklahoma,2011,3,false
00-0034844,Saquon Barkley,2024,PHI,RB,16,22.21,11.42,13.36,1,45,Penn State,2018,1,false
00-0021216,Brian Westbrook,2004,PHI,RB,13,21.24,10.69,13.36,0.9468,45,Villanova,2002,3,false
00-0029263,Russell Wilson,2020,SEA,QB,16,22.49,7.88,13.36,0.8611,45,Wisconsin; N.C. State,2012,3,false
00-0026143,Matt Ryan,2018,ATL,QB,16,22.19,8.61,13.29,0.9714,44.7,Boston College,2008,1,false
00-0009829,Dorsey Levens,1999,GB,RB,14,20.12,9.18,13.27,0.9792,44.7,Georgia Tech; Notre Dame,1994,5,false
00-0033699,Austin Ekeler,2022,LAC,RB,17,21.92,9.01,13.27,1,44.6,Western State,,,false
00-0036442,Joe Burrow,2022,CIN,QB,16,21.92,7.35,13.26,0.9118,44.6,LSU; Ohio State,2020,1,false
00-0038542,Bijan Robinson,2025,ATL,RB,17,21.81,10.26,13.26,0.9896,44.6,Texas,2023,1,false
00-0020527,Deuce McAllister,2002,NO,RB,15,20.73,9.66,13.25,0.9596,44.6,Mississippi,2001,1,false
00-0017200,Kurt Warner,1999,STL,QB,15,20.07,6.43,13.22,1,44.5,Northern Iowa,,,false
00-0019596,Tom Brady,2021,TB,QB,17,22.04,8.76,13.21,0.9375,44.4,Michigan,2000,6,false
00-0020337,Steve Smith,2005,CAR,WR,16,21.24,12.91,13.18,1,44.3,Utah; Santa Monica,2001,3,false
00-0006305,Ahman Green,2000,GB,RB,16,19.77,9.04,13.12,0.9412,44.2,Nebraska,1998,3,false
00-0023459,Aaron Rodgers,2009,GB,QB,16,21.36,6.96,13.12,1,44.1,California; Butte College,2005,1,false
00-0036223,Jonathan Taylor,2021,IND,RB,17,21.95,11.17,13.11,0.9901,44.1,Wisconsin,2020,2,false
00-0026184,Matt Forte,2014,CHI,RB,16,21.66,8.77,13.09,0.9806,44,Tulane,2008,2,false
00-0036442,Joe Burrow,2024,CIN,QB,17,21.93,8.38,13.09,0.9474,44,LSU; Ohio State,2020,1,false
00-0031381,Davante Adams,2018,GB,WR,15,21.97,5.17,13.07,1,44,Fresno State,2014,2,false
00-0036355,Justin Herbert,2020,LAC,QB,15,22.19,8.27,13.06,0.8333,43.9,Oregon,2020,1,false
00-0006305,Ahman Green,2001,GB,RB,16,19.88,7.3,13.06,0.9796,43.9,Nebraska,1998,3,false
00-0034796,Lamar Jackson,2020,BAL,QB,15,22.19,6.34,13.06,0.8056,43.9,Louisville,2018,1,false
00-0019594,Mike Anderson,2000,DEN,RB,14,19.71,12.92,13.05,0.9294,43.9,Utah; Mount San Jacinto College,2000,6,false
00-0019647,Shaun Alexander,2002,SEA,RB,16,20.53,11.69,13.05,0.9495,43.9,Alabama,2000,1,false
00-0033045,Ezekiel Elliott,2018,DAL,RB,15,21.94,8.7,13.04,0.9462,43.9,Ohio State,2016,1,false
00-0039139,Jahmyr Gibbs,2025,DET,RB,17,21.58,13.53,13.03,0.9792,43.8,Alabama; Georgia Tech,2023,1,false
00-0036322,Justin Jefferson,2022,MIN,WR,17,21.69,12.04,13.03,0.9933,43.8,LSU,2020,1,false
00-0022044,Andre Johnson,2007,HOU,WR,9,21.23,7.29,13.02,0.9925,43.8,Miami,2003,1,false
00-0025394,Adrian Peterson,2012,MIN,RB,16,21.71,8.08,13.01,1,43.8,Oklahoma,2007,1,false
00-0020462,LaMont Jordan,2005,LV,RB,14,21.06,8.37,13,0.9583,43.7,Maryland,2001,2,false
00-0025389,Calvin Johnson,2013,DET,WR,14,21.66,13.33,12.99,0.9927,43.7,Georgia Tech,2007,1,false
00-0008241,Edgerrin James,2003,IND,RB,13,20.45,8.96,12.98,0.9596,43.7,Miami,1999,1,false
00-0022427,Wes Welker,2011,NE,WR,16,20.99,12.21,12.96,0.9932,43.6,Texas Tech,,,false
00-0030279,Keenan Allen,2023,LAC,WR,13,21.45,11.61,12.93,0.988,43.5,California,2013,3,false
00-0011754,Randy Moss,2000,MIN,WR,16,19.58,9.44,12.92,0.9783,43.5,Marshall; Florida State,1998,1,false
00-0004052,Stephen Davis,1999,WAS,RB,14,19.76,8.83,12.9,0.9688,43.4,Auburn,1996,4,false
00-0020531,Drew Brees,2012,NO,QB,16,21.6,7.55,12.9,1,43.4,Purdue,2001,2,false
00-0015218,Jimmy Smith,1999,JAX,WR,16,19.72,9.72,12.87,0.9926,43.3,Jackson State University,1992,2,false
00-0022084,Anquan Boldin,2008,ARI,WR,12,21.62,10.14,12.86,1,43.3,Florida State,2003,2,false
00-0023459,Aaron Rodgers,2012,GB,QB,16,21.54,8.77,12.84,0.9714,43.2,California; Butte College,2005,1,false
00-0024204,Fred Jackson,2011,BUF,RB,10,20.86,7.62,12.82,0.9659,43.1,Coe College,,,false
00-0020527,Deuce McAllister,2003,NO,RB,16,20.29,9.52,12.82,0.9495,43.1,Mississippi,2001,1,false
00-0033040,Tyreek Hill,2020,KC,WR,15,21.93,12.11,12.8,0.9935,43.1,West Alabama; Garden City CC; Oklahoma State,2016,5,false
00-0036223,Jonathan Taylor,2025,IND,RB,17,21.31,12.44,12.76,0.9688,42.9,Wisconsin,2020,2,false
00-0027874,Demaryius Thomas,2014,DEN,WR,16,21.31,10.65,12.73,0.986,42.8,Georgia Tech,2010,1,false
00-0037840,Kyren Williams,2023,LA,RB,12,21.25,9.07,12.73,0.9889,42.8,Notre Dame,2022,5,false
00-0005092,Marshall Faulk,2002,STL,RB,14,20.21,13.77,12.73,0.9394,42.8,San Diego State,1994,1,false
00-0019693,Jamal Lewis,2003,BAL,RB,16,20.18,10.22,12.7,0.9394,42.7,Tennessee,2000,1,false
00-0025389,Calvin Johnson,2012,DET,WR,16,21.4,9.6,12.7,1,42.7,Georgia Tech,2007,1,false
00-0005092,Marshall Faulk,2003,LA,RB,11,20.16,8.31,12.69,0.9293,42.7,San Diego State,1994,1,false
00-0031381,Davante Adams,2021,GB,WR,16,21.52,9.68,12.68,0.9935,42.7,Fresno State,2014,2,false
00-0011795,Muhsin Muhammad,2004,CAR,WR,16,20.56,11.37,12.68,1,42.7,Michigan State,1996,2,false
00-0027793,Antonio Brown,2018,PIT,WR,15,21.58,8.67,12.68,0.9929,42.7,Central Michigan,2010,6,false
00-0034855,Baker Mayfield,2024,TB,QB,17,21.52,7.4,12.67,0.9211,42.6,Oklahoma; Texas Tech,2018,1,false
00-0033699,Austin Ekeler,2021,LAC,RB,16,21.49,8.58,12.65,0.9802,42.6,Western State,,,false
00-0027656,Rob Gronkowski,2011,NE,TE,16,20.68,9.55,12.64,1,42.5,Arizona,2010,2,false
00-0033553,James Conner,2018,PIT,RB,13,21.54,10.3,12.64,0.9355,42.5,Pittsburgh,2017,3,false
00-0008241,Edgerrin James,2005,IND,RB,15,20.69,7.05,12.63,0.9479,42.5,Miami,1999,1,false
00-0035228,Kyler Murray,2021,ARI,QB,14,21.46,7.49,12.63,0.9063,42.5,Oklahoma; Texas A&M,2019,1,false
00-0002721,Cris Carter,1999,MIN,WR,15,19.47,11.17,12.62,0.9853,42.5,Ohio State,1987,4,false
00-0038543,Jaxon Smith-Njigba,2025,SEA,WR,17,21.17,7.48,12.62,0.9938,42.4,Ohio State,2023,1,false
00-0000745,Tiki Barber,2002,NYG,RB,16,20.09,6.65,12.6,0.9293,42.4,Virginia,1997,2,false
00-0010442,Curtis Martin,2000,NYJ,RB,16,19.24,10.53,12.59,0.9176,42.4,Pittsburgh,1995,3,false
00-0030564,DeAndre Hopkins,2017,HOU,WR,15,20.65,7.65,12.58,0.9934,42.3,Clemson,2013,1,false
00-0026143,Matt Ryan,2016,ATL,QB,16,21.72,6.24,12.57,0.9677,42.3,Boston College,2008,1,false
00-0019596,Tom Brady,2012,NE,QB,16,21.27,6.3,12.57,0.9429,42.3,Michigan,2000,6,false
00-0033045,Ezekiel Elliott,2016,DAL,RB,15,21.69,7.79,12.55,0.9792,42.2,Ohio State,2016,1,false
00-0022084,Anquan Boldin,2005,ARI,WR,14,20.59,8.26,12.53,0.9925,42.2,Florida State,2003,2,false
00-0039139,Jahmyr Gibbs,2024,DET,RB,17,21.35,8.72,12.5,0.9898,42.1,Alabama; Georgia Tech,2023,1,false
00-0036389,Jalen Hurts,2023,PHI,QB,17,20.99,7.83,12.47,0.9722,42,Oklahoma; Alabama,2020,2,false
00-0029665,Robert Griffin III,2012,WAS,QB,15,21.17,8.53,12.47,0.9143,41.9,Baylor,2012,1,false
00-0022924,Ben Roethlisberger,2018,PIT,QB,16,21.37,8.05,12.47,0.9429,41.9,Miami (Ohio),2004,1,false
00-0026796,Arian Foster,2014,HOU,RB,13,21.04,8.31,12.47,0.9709,41.9,Tennessee,,,false
00-0007681,Torry Holt,2005,LA,WR,14,20.52,8.18,12.46,0.985,41.9,N.C. State,1999,1,false
00-0033873,Patrick Mahomes,2021,KC,QB,17,21.27,8.7,12.44,0.875,41.8,Texas Tech,2017,1,false
00-0026184,Matt Forte,2013,CHI,RB,16,21.08,8,12.42,0.9892,41.8,Tulane,2008,2,false
00-0019596,Tom Brady,2015,NE,QB,16,21.54,7.58,12.41,0.9714,41.7,Michigan,2000,6,false
00-0019596,Tom Brady,2016,NE,QB,12,21.55,7.53,12.4,0.9355,41.7,Michigan,2000,6,false
00-0029701,Ryan Tannehill,2020,TEN,QB,16,21.52,7.36,12.39,0.7778,41.7,Texas A&M,2012,1,false
00-0001532,David Boston,2001,ARI,WR,16,19.21,7.42,12.38,0.9787,41.7,Ohio State,1999,1,false
00-0035719,Deebo Samuel Sr.,2021,SF,WR,16,21.19,7.76,12.35,0.9871,41.5,South Carolina,2019,2,false
00-0033280,Christian McCaffrey,2022,SF,RB,17,20.96,8.52,12.3,0.9898,41.4,Stanford,2017,1,true
00-0019647,Shaun Alexander,2004,SEA,RB,16,20.18,10.6,12.29,0.9362,41.4,Alabama,2000,1,false
00-0021179,Clinton Portis,2002,DEN,RB,16,19.76,11.31,12.28,0.9192,41.3,Miami,2002,2,false
00-0033537,Deshaun Watson,2019,HOU,QB,15,21.4,10.05,12.28,0.9706,41.3,Clemson,2017,1,false
00-0012478,Terrell Owens,2007,DAL,WR,15,20.47,12.33,12.25,0.9851,41.2,Tennessee-Chattanooga,1996,3,false
00-0033045,Ezekiel Elliott,2017,DAL,RB,10,20.32,9.72,12.25,0.9789,41.2,Ohio State,2016,1,false
00-0024334,Brandon Marshall,2012,CHI,WR,16,20.91,9.4,12.21,0.9932,41.1,UCF,2006,4,false
00-0026144,Darren McFadden,2010,LV,RB,13,20.57,11.53,12.21,0.9889,41.1,Arkansas,2008,1,false
00-0023500,Frank Gore,2006,SF,RB,16,20.06,7.33,12.19,0.9588,41,Miami,2005,3,false
00-0034796,Lamar Jackson,2023,BAL,QB,16,20.7,9.14,12.18,0.9444,41,Louisville,2018,1,false
00-0036389,Jalen Hurts,2024,PHI,QB,15,21.01,7.99,12.16,0.8947,40.9,Oklahoma; Alabama,2020,2,false
00-0036963,Amon-Ra St. Brown,2023,DET,WR,16,20.68,6.86,12.16,0.982,40.9,USC,2021,4,false
00-0005779,Charlie Garner,2000,SF,RB,16,18.81,7.34,12.15,0.9059,40.9,Tennessee; Scottsdale CC,1994,2,false
00-0031235,Odell Beckham Jr.,2015,NYG,WR,15,21.29,9.59,12.15,0.9868,40.9,LSU,2014,1,false
00-0039851,Drake Maye,2025,NE,QB,17,20.7,5.39,12.15,0.9722,40.9,North Carolina,2024,1,false
00-0022427,Wes Welker,2009,NE,WR,14,20.39,10.02,12.14,1,40.9,Texas Tech,,,false
00-0006423,Brian Griese,2000,DEN,QB,10,18.77,8.13,12.12,0.9459,40.8,Michigan,1998,3,false
00-0039910,Jayden Daniels,2024,WAS,QB,17,20.93,9.18,12.09,0.8684,40.7,LSU; Arizona State,2024,1,false
00-0010442,Curtis Martin,2004,NYJ,RB,16,19.95,9.33,12.07,0.9255,40.6,Pittsburgh,1995,3,false
00-0024334,Brandon Marshall,2015,NYJ,WR,16,21.2,7.4,12.06,0.9801,40.6,UCF,2006,4,false
00-0026498,Matthew Stafford,2025,LA,QB,17,20.61,6.98,12.06,0.9444,40.6,Georgia,2009,1,false
00-0003739,Daunte Culpepper,2003,MIN,QB,14,19.53,5.68,12.05,1,40.6,UCF,1999,1,false
00-0033923,Kareem Hunt,2018,KC,RB,11,20.93,9.68,12.03,0.9247,40.5,Toledo,2017,3,false
00-0026195,Ray Rice,2009,BAL,RB,16,20.26,8.17,12.01,0.9891,40.4,Rutgers,2008,2,false
00-0012478,Terrell Owens,2004,PHI,WR,14,19.89,10.05,12.01,0.9926,40.4,Tennessee-Chattanooga,1996,3,false
00-0017322,Ricky Watters,2000,SEA,RB,16,18.66,8.78,12,0.8941,40.4,Notre Dame,1991,2,false
00-0027029,LeSean McCoy,2013,PHI,RB,16,20.66,7.55,12,0.9785,40.4,Pittsburgh,2009,2,false
00-0023459,Aaron Rodgers,2021,GB,QB,16,20.83,7.79,11.99,0.8438,40.4,California; Butte College,2005,1,false
00-0019596,Tom Brady,2020,TB,QB,16,21.12,9.56,11.99,0.75,40.4,Michigan,2000,6,false
00-0033077,Dak Prescott,2019,DAL,QB,16,21.11,7.84,11.99,0.9412,40.4,Mississippi State,2016,4,false
00-0024275,Maurice Jones-Drew,2009,JAX,RB,16,20.22,9.6,11.98,0.9783,40.3,UCLA,2006,2,false
00-0033040,Tyreek Hill,2018,KC,WR,16,20.88,12.72,11.98,0.9858,40.3,West Alabama; Garden City CC; Oklahoma State,2016,5,false
00-0036389,Jalen Hurts,2021,PHI,QB,15,20.81,6.98,11.97,0.8125,40.3,Oklahoma; Alabama,2020,2,false
00-0029263,Russell Wilson,2014,SEA,QB,16,20.54,9.38,11.96,0.9394,40.3,Wisconsin; N.C. State,2012,3,false
00-0031285,Devonta Freeman,2015,ATL,RB,15,21.09,11.49,11.96,1,40.3,Florida State,2014,4,false
00-0033906,Alvin Kamara,2017,NO,RB,16,20.02,9.49,11.96,0.9684,40.3,Tennessee; Hutchinson CC; Alabama,2017,3,false
00-0030564,DeAndre Hopkins,2018,HOU,WR,16,20.84,7.72,11.94,0.9787,40.2,Clemson,2013,1,false
00-0023459,Aaron Rodgers,2010,GB,QB,15,20.3,9.01,11.94,0.9697,40.2,California; Butte College,2005,1,false
00-0011754,Randy Moss,1999,MIN,WR,16,18.79,10.16,11.94,0.9779,40.2,Marshall; Florida State,1998,1,false
00-0026176,Jordy Nelson,2014,GB,WR,16,20.49,9.69,11.92,0.979,40.1,Kansas State,2008,2,false
00-0029263,Russell Wilson,2015,SEA,QB,16,21.02,7.66,11.88,0.9429,40,Wisconsin; N.C. State,2012,3,false
00-0033873,Patrick Mahomes,2025,KC,QB,14,20.41,8,11.85,0.9167,39.9,Texas Tech,2017,1,false
00-0005741,Rich Gannon,2000,OAK,QB,16,18.51,8.98,11.85,0.9189,39.9,Delaware,1987,4,false
00-0025394,Adrian Peterson,2009,MIN,RB,16,20.09,7.42,11.85,0.9674,39.9,Oklahoma,2007,1,false
00-0033537,Deshaun Watson,2018,HOU,QB,16,20.73,8.79,11.83,0.9143,39.8,Clemson,2017,1,false
00-0023682,Ryan Fitzpatrick,2018,TB,QB,8,20.73,12.56,11.83,0.8857,39.8,Harvard,2005,7,false
00-0019647,Shaun Alexander,2001,SEA,RB,16,18.63,12.75,11.81,0.9694,39.8,Alabama,2000,1,false
00-0033893,Dalvin Cook,2019,MIN,RB,14,20.89,7.33,11.76,0.9895,39.6,Florida State,2017,2,false
00-0001218,Steve Beuerlein,1999,CAR,QB,16,18.62,7.83,11.76,0.9756,39.6,Notre Dame,1987,4,false
00-0010442,Curtis Martin,2001,NYJ,RB,16,18.56,8.11,11.74,0.9592,39.5,Pittsburgh,1995,3,false
00-0015218,Jimmy Smith,2001,JAC,WR,16,18.56,6,11.74,0.9716,39.5,Jackson State University,1992,2,true
00-0005755,Jeff Garcia,2001,SF,QB,16,18.56,7.34,11.73,1,39.5,San Jose State; Gavilan College,,,false
00-0010346,Peyton Manning,2000,IND,QB,16,18.38,6.4,11.73,0.8919,39.5,Tennessee,1998,1,false
00-0030506,Travis Kelce,2020,KC,TE,15,20.85,6.61,11.72,1,39.5,Cincinnati,2013,3,false
00-0036322,Justin Jefferson,2023,MIN,WR,10,20.22,10.42,11.7,0.976,39.4,LSU,2020,1,false
00-0026498,Matthew Stafford,2019,DET,QB,8,20.82,6.87,11.7,0.9118,39.4,Georgia,2009,1,false
00-0011022,Donovan McNabb,2006,PHI,QB,10,19.57,9.51,11.69,1,39.4,Syracuse,1999,1,false
00-0032764,Derrick Henry,2020,TEN,RB,16,20.82,11.65,11.69,0.9798,39.4,Alabama,2016,2,false
00-0006305,Ahman Green,2002,GB,RB,14,19.16,7.75,11.68,0.9091,39.4,Nebraska,1998,3,false
00-0023500,Frank Gore,2009,SF,RB,14,19.9,10.32,11.66,0.9565,39.3,Miami,2005,3,false
00-0033077,Dak Prescott,2023,DAL,QB,17,20.17,9.47,11.65,0.9167,39.3,Mississippi State,2016,4,false
00-0027939,Cam Newton,2012,CAR,QB,16,20.34,9.34,11.64,0.8857,39.2,Auburn; Blinn College; Florida,2011,1,false
00-0020531,Drew Brees,2016,NO,QB,16,20.77,8.74,11.62,0.9032,39.2,Purdue,2001,2,false
00-0039040,De'Von Achane,2025,MIA,RB,16,20.17,7.02,11.62,0.9583,39.2,Texas A&M,2023,3,false
00-0023436,Alex Smith,2017,KC,QB,15,19.68,8.24,11.61,0.9355,39.1,Utah,2005,1,false
00-0029668,Andrew Luck,2018,IND,QB,16,20.49,6.62,11.59,0.8571,39.1,Stanford,2012,1,false
00-0019647,Shaun Alexander,2003,SEA,RB,16,19.06,6.42,11.59,0.9192,39.1,Alabama,2000,1,false
00-0030564,DeAndre Hopkins,2015,HOU,WR,16,20.69,8.68,11.56,0.9735,39,Clemson,2013,1,false
00-0036900,Ja'Marr Chase,2022,CIN,WR,12,20.2,8.47,11.54,0.9867,38.9,LSU,2021,1,false
00-0022921,Larry Fitzgerald,2007,ARI,WR,15,19.75,9.89,11.53,0.9776,38.9,Pittsburgh,2004,1,false
00-0000145,Derrick Alexander,2000,KC,WR,15,18.19,8.05,11.53,0.971,38.9,Michigan,1994,1,false
00-0011022,Donovan McNabb,2004,PHI,QB,15,19.41,10.96,11.52,0.9429,38.9,Syracuse,1999,1,false
00-0006355,Trent Green,2000,STL,QB,8,18.18,10.31,11.52,0.8649,38.8,Indiana,1993,8,false
00-0000745,Tiki Barber,2000,NYG,RB,16,18.16,5.89,11.5,0.8824,38.8,Virginia,1997,2,false
00-0017200,Kurt Warner,2001,STL,QB,16,18.32,8.15,11.5,0.9688,38.8,Northern Iowa,,,false
00-0005883,Eddie George,1999,TEN,RB,16,18.32,9.05,11.47,0.9583,38.7,Ohio State,1996,1,false
00-0027944,Julio Jones,2018,ATL,WR,16,20.37,7.66,11.47,0.9716,38.7,Alabama,2011,1,false
00-0010346,Peyton Manning,2006,IND,QB,16,19.34,6.69,11.47,0.9706,38.7,Tennessee,1998,1,false
00-0005741,Rich Gannon,2002,OAK,QB,16,18.95,8.04,11.46,0.9688,38.7,Delaware,1987,4,false
00-0027029,LeSean McCoy,2010,PHI,RB,15,19.81,7.91,11.46,0.9778,38.6,Pittsburgh,2009,2,false
00-0022044,Andre Johnson,2009,HOU,WR,16,19.68,10.39,11.44,0.993,38.6,Miami,2003,1,false
00-0020531,Drew Brees,2018,NO,QB,15,20.33,10.89,11.43,0.8286,38.6,Purdue,2001,2,false
00-0029263,Russell Wilson,2019,SEA,QB,16,20.54,9.7,11.41,0.8824,38.5,Wisconsin; N.C. State,2012,3,false
00-0033040,Tyreek Hill,2022,MIA,WR,17,20.07,9.82,11.41,0.98,38.5,West Alabama; Garden City CC; Oklahoma State,2016,5,false
00-0011022,Donovan McNabb,2000,PHI,QB,16,18.06,6.65,11.41,0.8378,38.5,Syracuse,1999,1,false
00-0031588,Stefon Diggs,2020,BUF,WR,16,20.54,8.02,11.41,0.987,38.5,Maryland,2015,5,false
00-0011024,Steve McNair,1999,TEN,QB,11,18.26,9.66,11.41,0.9512,38.5,Alcorn State,1995,1,false
00-0023462,Roddy White,2010,ATL,WR,16,19.76,9.05,11.4,1,38.5,UAB,2005,1,false
00-0010650,Ed McCaffrey,2000,DEN,WR,16,18.04,9.65,11.39,0.9638,38.4,Stanford,1991,3,false
00-0022044,Andre Johnson,2010,HOU,WR,13,19.74,10.02,11.38,0.993,38.4,Miami,2003,1,false
00-0033873,Patrick Mahomes,2019,KC,QB,14,20.5,7.29,11.38,0.8529,38.4,Texas Tech,2017,1,false
00-0005720,Joey Galloway,2005,TB,WR,14,19.44,6.85,11.38,0.9774,38.4,Ohio State,1995,1,false
00-0029668,Andrew Luck,2016,IND,QB,15,20.51,6.84,11.37,0.871,38.3,Stanford,2012,1,false
00-0027793,Antonio Brown,2016,PIT,WR,15,20.49,8.76,11.34,1,38.3,Central Michigan,2010,6,false
00-0036971,Trevor Lawrence,2025,JAX,QB,17,19.89,8.79,11.34,0.8889,38.3,Clemson,2021,1,false
00-0020531,Drew Brees,2009,NO,QB,15,19.56,9.23,11.32,0.9744,38.2,Purdue,2001,2,false
00-0029567,Nick Foles,2013,PHI,QB,13,19.98,12.17,11.32,0.9429,38.2,Arizona; Michigan State,2012,3,false
00-0020531,Drew Brees,2019,NO,QB,11,20.43,10.4,11.31,0.8235,38.2,Purdue,2001,2,false
00-0030279,Keenan Allen,2015,LAC,WR,8,20.44,11.38,11.3,0.9669,38.1,California,2013,3,false
00-0002099,Isaac Bruce,2000,STL,WR,16,17.95,9.46,11.3,0.9565,38.1,Memphis; Santa Monica; West Los Angeles College,1994,2,false
00-0027939,Cam Newton,2018,CAR,QB,14,20.19,7.15,11.29,0.8,38.1,Auburn; Blinn College; Florida,2011,1,false
00-0027874,Demaryius Thomas,2013,DEN,WR,16,19.94,8.68,11.27,0.9854,38,Georgia Tech,2010,1,false
00-0003739,Daunte Culpepper,2001,MIN,QB,11,18.1,7.52,11.27,0.9375,38,UCF,1999,1,false
00-0022044,Andre Johnson,2008,HOU,WR,16,20.03,10.62,11.27,0.9926,38,Miami,2003,1,false
00-0038542,Bijan Robinson,2024,ATL,RB,17,20.1,6.64,11.26,0.9796,38,Texas,2023,1,false
00-0027944,Julio Jones,2014,ATL,WR,15,19.83,10.5,11.25,0.972,38,Alabama,2011,1,false
00-0008241,Edgerrin James,2004,IND,RB,16,19.13,7.21,11.25,0.9149,38,Miami,1999,1,false
00-0020245,Mike Vick,2002,ATL,QB,15,18.72,9.24,11.23,0.9375,37.9,Virginia Tech,2001,1,false
00-0033077,Dak Prescott,2021,DAL,QB,16,20.04,9.03,11.2,0.7813,37.8,Mississippi State,2016,4,false
00-0022921,Larry Fitzgerald,2005,ARI,WR,16,19.25,8.17,11.19,0.9699,37.8,Pittsburgh,2004,1,false
00-0027902,Dez Bryant,2014,DAL,WR,16,19.75,8.65,11.18,0.965,37.7,Oklahoma State,2010,1,false
00-0034796,Lamar Jackson,2021,BAL,QB,12,20,10.94,11.16,0.75,37.7,Louisville,2018,1,false
00-0037834,Brock Purdy,2025,SF,QB,9,19.71,10.29,11.16,0.8611,37.7,Iowa State,2022,7,false
00-0020531,Drew Brees,2015,NO,QB,15,20.28,9.47,11.14,0.9143,37.6,Purdue,2001,2,false
00-0031588,Stefon Diggs,2022,BUF,WR,16,19.79,10.08,11.13,0.9733,37.6,Maryland,2015,5,false
00-0020498,Reggie Wayne,2007,IND,WR,16,19.34,7.66,11.12,0.9701,37.6,Miami,2001,1,false
00-0031381,Davante Adams,2022,LV,WR,17,19.74,12.05,11.08,0.9667,37.4,Fresno State,2014,2,false
00-0036945,Justin Fields,2022,CHI,QB,15,19.73,10.61,11.07,0.8824,37.4,Ohio State,2021,1,false
00-0036900,Ja'Marr Chase,2025,CIN,WR,16,19.6,10.26,11.05,0.9876,37.3,LSU,2021,1,false
00-0007024,Marvin Harrison,2003,IND,WR,15,18.5,10.81,11.03,0.9847,37.3,Syracuse,1996,1,false
00-0024275,Maurice Jones-Drew,2011,JAX,RB,16,19.06,8.67,11.02,0.9545,37.3,UCLA,2006,2,false
00-0027793,Antonio Brown,2013,PIT,WR,16,19.68,7.99,11.02,0.9781,37.2,Central Michigan,2010,6,false
00-0034796,Lamar Jackson,2022,BAL,QB,12,19.67,11.49,11.01,0.8529,37.2,Louisville,2018,1,false
00-0007744,Joe Horn,2004,NO,WR,16,18.87,7.61,10.99,0.9852,37.1,Itawamba JC,1996,5,false
00-0007024,Marvin Harrison,2006,IND,WR,16,18.85,10.18,10.97,1,37.1,Syracuse,1996,1,false
00-0010346,Peyton Manning,2014,DEN,QB,16,19.54,8.12,10.97,0.9091,37.1,Tennessee,1998,1,false
00-0011795,Muhsin Muhammad,1999,CAR,WR,15,17.82,9.01,10.97,0.9706,37.1,Michigan State,1996,2,false
00-0032764,Derrick Henry,2024,BAL,RB,17,19.79,8.25,10.94,0.9694,37,Alabama,2016,2,false
00-0021216,Brian Westbrook,2005,PHI,RB,12,19,8.4,10.94,0.9375,37,Villanova,2002,3,false
00-0015242,Lamar Smith,2000,MIA,RB,14,17.56,8.97,10.91,0.8706,36.9,Houston,1994,3,false
00-0015286,Robert Smith,2000,MIN,RB,16,17.56,8.52,10.9,0.8588,36.9,Ohio State,1993,1,false
00-0027005,Hakeem Nicks,2010,NYG,WR,13,19.25,9.3,10.89,0.9859,36.8,North Carolina,2009,1,false
00-0011024,Steve McNair,2001,TEN,QB,15,17.69,8.22,10.87,0.9063,36.8,Alcorn State,1995,1,false
00-0032765,Michael Thomas,2018,NO,WR,16,19.72,10.52,10.82,0.9645,36.6,Ohio State,2016,2,false
00-0036442,Joe Burrow,2021,CIN,QB,16,19.64,8.44,10.8,0.7188,36.6,LSU; Ohio State,2020,1,false
00-0000745,Tiki Barber,2006,NYG,RB,16,18.67,9.23,10.79,0.9485,36.5,Virginia,1997,2,false
00-0029613,Doug Martin,2012,TB,RB,16,19.47,12.14,10.77,0.9895,36.5,Boise State,2012,1,false
00-0027029,LeSean McCoy,2016,BUF,RB,15,19.89,9.73,10.74,0.9688,36.4,Pittsburgh,2009,2,false
00-0010346,Peyton Manning,2012,DEN,QB,16,19.44,5.1,10.74,0.8571,36.4,Tennessee,1998,1,false
00-0007681,Torry Holt,2000,STL,WR,16,17.39,8.23,10.73,0.9493,36.3,N.C. State,1999,1,false
00-0022921,Larry Fitzgerald,2008,ARI,WR,16,19.46,5.35,10.7,0.9852,36.2,Pittsburgh,2004,1,false
00-0015218,Jimmy Smith,2000,JAX,WR,15,17.35,15.83,10.7,0.942,36.2,Jackson State University,1992,2,false
00-0020337,Steve Smith,2006,CAR,WR,14,18.55,8.73,10.68,0.9921,36.2,Utah; Santa Monica,2001,3,false
00-0011754,Randy Moss,2002,MIN,WR,16,18.14,8.22,10.66,0.9792,36.1,Marshall; Florida State,1998,1,false
00-0007744,Joe Horn,2000,NO,WR,16,17.31,9.29,10.66,0.9348,36.1,Itawamba JC,1996,5,false
00-0035700,Josh Jacobs,2022,LV,RB,17,19.31,12.03,10.65,0.9796,36.1,Alabama,2019,1,false
00-0027939,Cam Newton,2017,CAR,QB,16,18.72,8.79,10.65,0.9032,36.1,Auburn; Blinn College; Florida,2011,1,false
00-0023459,Aaron Rodgers,2018,GB,QB,16,19.54,9.11,10.64,0.7714,36,California; Butte College,2005,1,false
00-0011770,Eric Moulds,2002,BUF,WR,16,18.12,6.66,10.64,0.9722,36,Mississippi State,1996,1,false
00-0008300,Patrick Jeffers,1999,CAR,WR,14,17.49,12.67,10.63,0.9632,36,Virginia,1996,5,false
00-0031407,Blake Bortles,2015,JAX,QB,16,19.76,7.84,10.62,0.8857,36,UCF,2014,1,false
00-0006101,Tony Gonzalez,2000,KC,TE,15,17.27,10.11,10.61,1,36,California,1997,1,false
00-0024466,Marques Colston,2006,NO,WR,12,18.48,8.3,10.61,0.9843,36,Hofstra,2006,7,false
00-0033921,Chris Godwin Jr.,2019,TB,WR,14,19.72,10.77,10.6,0.9934,35.9,Penn State,2017,3,false
00-0036322,Justin Jefferson,2021,MIN,WR,17,19.44,8.25,10.6,0.9806,35.9,LSU,2020,1,false
00-0023438,Braylon Edwards,2007,CLE,WR,16,18.81,8.58,10.59,0.9627,35.9,Michigan,2005,1,false
00-0019976,Drew Bennett,2004,TEN,WR,15,18.46,14.39,10.58,0.9778,35.9,UCLA,,,false
00-0022924,Ben Roethlisberger,2014,PIT,QB,16,19.14,10.05,10.56,0.8788,35.8,Miami (Ohio),2004,1,false
00-0026498,Matthew Stafford,2021,LA,QB,17,19.4,6.33,10.56,0.6875,35.8,Georgia,2009,1,false
00-0002721,Cris Carter,2000,MIN,WR,16,17.21,8.75,10.56,0.9275,35.8,Ohio State,1987,4,false
00-0021153,Javon Walker,2004,GB,WR,16,18.44,10.45,10.56,0.9704,35.8,Florida State; Jones County JC,2002,1,false
00-0033293,Aaron Jones,2019,GB,RB,16,19.68,13.41,10.55,0.9789,35.8,Texas-El Paso,2017,5,false
00-0020397,Chad Johnson,2005,CIN,WR,16,18.59,8.12,10.53,0.9624,35.7,Oregon State; Langston University; Santa Monica,2001,2,false
00-0013888,Marcus Robinson,1999,CHI,WR,16,17.38,12.54,10.52,0.9559,35.7,South Carolina,1997,4,false
00-0032764,Derrick Henry,2019,TEN,RB,15,19.64,10.22,10.52,0.9684,35.7,Alabama,2016,2,false
00-0021979,Domanick Williams,2005,HOU,RB,11,18.57,6.71,10.51,0.9271,35.7,LSU,2003,4,false
00-0021216,Brian Westbrook,2008,PHI,RB,14,19.27,13.61,10.51,1,35.7,Villanova,2002,3,false
00-0036963,Amon-Ra St. Brown,2025,DET,WR,17,19.06,10.93,10.51,0.9814,35.6,USC,2021,4,false
00-0027942,A.J. Green,2013,CIN,WR,16,19.16,8.71,10.5,0.9708,35.6,Georgia,2011,1,false
00-0033106,Jared Goff,2018,LA,QB,16,19.39,10.44,10.49,0.7429,35.6,California,2016,1,false
00-0024242,DeAngelo Williams,2008,CAR,RB,16,19.24,10.82,10.48,0.9894,35.6,Memphis,2006,1,false
00-0011022,Donovan McNabb,2001,PHI,QB,15,17.3,6.95,10.48,0.875,35.6,Syracuse,1999,1,false
00-0021547,Antonio Gates,2010,LAC,TE,10,18.82,8.42,10.46,1,35.5,Kent State; Eastern Michigan; Michigan State; College of the Sequoias,,,false
00-0031235,Odell Beckham Jr.,2018,NYG,WR,12,19.36,7.09,10.46,0.9574,35.5,LSU,2014,1,false
00-0022782,Kevin Jones,2006,DET,RB,12,18.32,9.1,10.45,0.9381,35.5,Virginia Tech,2004,1,false
00-0024334,Brandon Marshall,2013,CHI,WR,16,19.09,7.63,10.43,0.9635,35.4,UCF,2006,4,false
00-0020531,Drew Brees,2014,NO,QB,16,19,6.1,10.43,0.8485,35.4,Purdue,2001,2,false
00-0019596,Tom Brady,2017,NE,QB,16,18.49,7.48,10.42,0.871,35.4,Michigan,2000,6,false
00-0011754,Randy Moss,2004,MIN,WR,11,18.29,6.93,10.41,0.963,35.3,Marshall; Florida State,1998,1,false
00-0020438,T.J. Houshmandzadeh,2007,CIN,WR,16,18.61,7.72,10.39,0.9552,35.3,Oregon State; Cerritos College,2001,7,false
00-0033923,Kareem Hunt,2017,KC,RB,16,18.45,11.35,10.38,0.9579,35.3,Toledo,2017,3,false
00-0020471,Travis Henry,2002,BUF,RB,16,17.86,10.1,10.37,0.899,35.2,Tennessee,2001,2,false
00-0020397,Chad Johnson,2003,CIN,WR,16,17.84,8.2,10.37,0.9771,35.2,Oregon State; Langston University; Santa Monica,2001,2,false
00-0033045,Ezekiel Elliott,2019,DAL,RB,16,19.48,6.09,10.36,0.9579,35.2,Ohio State,2016,1,false
00-0026184,Matt Forte,2011,CHI,RB,12,18.39,8.57,10.35,0.9432,35.2,Tulane,2008,2,false
00-0026143,Matt Ryan,2012,ATL,QB,16,19.05,7.96,10.35,0.8286,35.2,Boston College,2008,1,false
00-0022840,Julius Jones,2004,DAL,RB,8,18.23,13.71,10.34,0.9043,35.1,Notre Dame,2004,2,false
00-0027696,Jimmy Graham,2011,NO,TE,16,18.38,5.65,10.34,0.9863,35.1,Miami,2010,3,false
00-0017200,Kurt Warner,2000,STL,QB,11,16.99,9.96,10.33,0.8108,35.1,Northern Iowa,,,false
00-0000745,Tiki Barber,2001,NYG,RB,14,17.16,5.57,10.33,0.949,35.1,Virginia,1997,2,false
00-0026184,Matt Forte,2008,CHI,RB,16,19.09,5.31,10.33,0.9787,35.1,Tulane,2008,2,false
00-0003739,Daunte Culpepper,2002,MIN,QB,16,17.81,9.59,10.33,0.9063,35.1,UCF,1999,1,false
00-0019596,Tom Brady,2010,NE,QB,16,18.69,7.12,10.33,0.9394,35.1,Michigan,2000,6,false
00-0025399,Marshawn Lynch,2014,SEA,RB,16,18.89,9.41,10.32,0.9612,35.1,California,2007,1,false
00-0022084,Anquan Boldin,2003,ARI,WR,16,17.79,10.75,10.32,0.9695,35.1,Florida State,2003,2,false
00-0030035,Adam Thielen,2018,MIN,WR,16,19.21,8.33,10.31,0.9504,35,Minnesota State,,,false
00-0027696,Jimmy Graham,2013,NO,TE,16,18.97,10.04,10.3,1,35,Miami,2010,3,false
00-0027685,Emmanuel Sanders,2014,DEN,WR,16,18.86,8.36,10.29,0.958,35,SMU,2010,3,false
00-0004052,Stephen Davis,2000,WAS,RB,15,16.94,7.6,10.29,0.8471,35,Auburn,1996,4,false
00-0021678,Tony Romo,2007,DAL,QB,16,18.48,9.29,10.27,0.9722,34.9,Eastern Illinois,,,false
00-0032764,Derrick Henry,2022,TEN,RB,16,18.92,8.51,10.26,0.9694,34.9,Alabama,2016,2,false
00-0028118,Tyrod Taylor,2015,BUF,QB,14,19.4,6.57,10.26,0.8571,34.9,Virginia Tech,2011,6,false
00-0036389,Jalen Hurts,2025,PHI,QB,16,18.82,7.58,10.26,0.8333,34.9,Oklahoma; Alabama,2020,2,false
00-0036264,Jordan Love,2023,GB,QB,17,18.77,6.17,10.25,0.8889,34.9,Utah State,2020,1,false
00-0033106,Jared Goff,2024,DET,QB,17,19.09,9.7,10.24,0.8421,34.8,California,2016,1,false
00-0024245,Joseph Addai,2007,IND,RB,15,18.44,8.9,10.23,0.9787,34.8,LSU,2006,1,false
00-0024334,Brandon Marshall,2009,DEN,WR,15,18.46,12.41,10.22,0.986,34.8,UCF,2006,4,false
00-0039067,Rashee Rice,2025,KC,WR,8,18.76,8.11,10.21,0.9752,34.7,SMU,2023,2,false
00-0029604,Kirk Cousins,2023,MIN,QB,8,18.72,6.99,10.2,0.8611,34.7,Michigan State,2012,4,false
00-0007681,Torry Holt,2004,LA,WR,16,18.07,9.9,10.19,0.9556,34.7,N.C. State,1999,1,false
00-0021429,Carson Palmer,2015,ARI,QB,16,19.33,5.07,10.19,0.8286,34.7,USC,2003,1,false
00-0033699,Austin Ekeler,2019,LAC,RB,16,19.31,8.85,10.19,0.9474,34.7,Western State,,,false
00-0026796,Arian Foster,2012,HOU,RB,16,18.88,6.05,10.18,0.9789,34.6,Tennessee,,,false
00-0020438,T.J. Houshmandzadeh,2006,CIN,WR,14,18.05,8.05,10.18,0.9764,34.6,Oregon State; Cerritos College,2001,7,false
00-0002068,Troy Brown,2001,NE,WR,16,17,6.83,10.17,0.9645,34.6,Marshall; Lees-McRae College,1993,8,false
00-0027092,Austin Collie,2010,IND,WR,9,18.52,12.34,10.16,0.9789,34.6,BYU,2009,4,false
00-0039918,Caleb Williams,2025,CHI,QB,17,18.72,8.23,10.16,0.8056,34.6,USC; Oklahoma,2024,1,false
00-0022250,Willie Parker,2006,PIT,RB,16,18.04,10.73,10.16,0.9278,34.6,North Carolina,,,false
00-0023459,Aaron Rodgers,2013,GB,QB,9,18.83,9.17,10.16,0.9143,34.6,California; Butte College,2005,1,false
00-0020531,Drew Brees,2008,NO,QB,16,18.92,6.88,10.15,1,34.6,Purdue,2001,2,false
00-0002058,Tim Brown,2001,OAK,WR,16,16.96,8.58,10.14,0.9574,34.5,Notre Dame,1988,1,false
00-0032144,Melvin Gordon,2016,LAC,RB,13,19.28,9.74,10.13,0.9583,34.5,Wisconsin,2015,1,false
00-0033906,Alvin Kamara,2024,NO,RB,14,18.95,8.8,10.11,0.9592,34.4,Tennessee; Hutchinson CC; Alabama,2017,3,false
00-0006300,Elvis Grbac,2000,KC,QB,14,16.75,5.68,10.1,0.7838,34.4,Michigan,1993,8,false
00-0026367,Peyton Hillis,2010,CLE,RB,16,18.43,10.68,10.07,0.9667,34.3,Arkansas,2008,7,false
00-0011754,Randy Moss,2001,MIN,WR,16,16.89,12.23,10.07,0.9504,34.3,Marshall; Florida State,1998,1,false
00-0023500,Frank Gore,2010,SF,RB,11,18.41,8.11,10.05,0.9556,34.3,Miami,2005,3,false
00-0027942,A.J. Green,2012,CIN,WR,16,18.74,8.19,10.04,0.9865,34.2,Georgia,2011,1,false
00-0025394,Adrian Peterson,2010,MIN,RB,15,18.39,10.23,10.03,0.9444,34.2,Oklahoma,2007,1,false
00-0027150,Julian Edelman,2015,NE,WR,9,19.17,7.91,10.03,0.9603,34.2,Kent State; San Mateo,2009,7,false
00-0037744,Trey McBride,2025,ARI,TE,17,18.58,8.37,10.03,1,34.2,Colorado State,2022,2,false
00-0029604,Kirk Cousins,2020,MIN,QB,16,19.14,7.75,10.01,0.7222,34.1,Michigan State,2012,4,false
00-0020536,LaDainian Tomlinson,2001,SD,RB,16,16.83,6.6,10.01,0.9388,34.1,TCU,2001,1,false
00-0011770,Eric Moulds,2000,BUF,WR,15,16.66,9.15,10.01,0.9203,34.1,Mississippi State,1996,1,false
00-0027902,Dez Bryant,2012,DAL,WR,16,18.66,11.9,9.96,0.9797,34,Oklahoma State,2010,1,false
00-0031503,Jameis Winston,2019,TB,QB,16,19.08,8.21,9.96,0.7941,34,Florida State,2015,1,false
00-0037834,Brock Purdy,2023,SF,QB,16,18.48,7.47,9.96,0.8333,34,Iowa State,2022,7,false
00-0027265,Victor Cruz,2011,NYG,WR,16,17.99,10.51,9.96,0.9865,34,UMass Amherst,,,false
00-0007024,Marvin Harrison,2004,IND,WR,16,17.83,8.82,9.95,0.9481,33.9,Syracuse,1996,1,false
00-0030506,Travis Kelce,2022,KC,TE,17,18.61,7.92,9.95,1,33.9,Cincinnati,2013,3,false
00-0027939,Cam Newton,2013,CAR,QB,16,18.6,7.87,9.94,0.8857,33.9,Auburn; Blinn College; Florida,2011,1,false
00-0039075,Puka Nacua,2024,LA,WR,11,18.78,10.07,9.94,0.9936,33.9,BYU; Washington,2023,5,false
00-0032144,Melvin Gordon,2017,LAC,RB,16,18.01,9.18,9.94,0.9474,33.9,Wisconsin,2015,1,false
00-0029604,Kirk Cousins,2021,MIN,QB,16,18.77,5.74,9.93,0.6563,33.9,Michigan State,2012,4,false
00-0005755,Jeff Garcia,2003,SF,QB,13,17.4,11.76,9.93,0.9706,33.9,San Jose State; Gavilan College,,,false
00-0022736,Steven Jackson,2008,LA,RB,12,18.68,11.13,9.92,0.9681,33.9,Oregon State,2004,1,false
00-0033077,Dak Prescott,2025,DAL,QB,17,18.46,8.28,9.9,0.7778,33.8,Mississippi State,2016,4,false
00-0026176,Jordy Nelson,2016,GB,WR,16,19.04,8.58,9.9,0.9934,33.8,Kansas State,2008,2,false
00-0028002,Randall Cobb,2014,GB,WR,16,18.46,6.73,9.89,0.951,33.8,Kentucky,2011,2,false
00-0026998,Percy Harvin,2012,MIN,WR,9,18.59,8.13,9.89,0.973,33.8,Florida,2009,1,false
00-0033869,Mitchell Trubisky,2018,CHI,QB,14,18.79,11.81,9.89,0.7143,33.8,North Carolina,2017,1,false
00-0020245,Mike Vick,2011,PHI,QB,13,17.92,6.88,9.89,0.8611,33.8,Virginia Tech,2001,1,false
00-0011024,Steve McNair,2003,TEN,QB,14,17.36,7.07,9.89,0.9412,33.8,Alcorn State,1995,1,false
00-0039163,C.J. Stroud,2023,HOU,QB,15,18.4,8.95,9.88,0.8056,33.7,Ohio State,2023,1,false
00-0024217,Reggie Bush,2008,NO,RB,10,18.64,10.53,9.88,0.9574,33.7,USC,2006,1,false
00-0022924,Ben Roethlisberger,2015,PIT,QB,12,19.01,9.79,9.87,0.8,33.7,Miami (Ohio),2004,1,false
00-0026988,Knowshon Moreno,2013,DEN,RB,16,18.54,8.51,9.87,0.9677,33.7,Georgia,2009,1,false
00-0017162,Hines Ward,2003,PIT,WR,16,17.34,9.59,9.86,0.9618,33.7,Georgia,1998,3,false
00-0031428,Allen Robinson,2015,JAX,WR,16,19,9.88,9.86,0.9536,33.7,Penn State,2014,2,false
00-0031408,Mike Evans,2016,TB,WR,16,19.01,9.09,9.86,0.9868,33.7,Texas A&M,2014,1,false
00-0015165,Emmitt Smith,1999,DAL,RB,15,16.71,7.55,9.85,0.9479,33.7,Florida,1990,1,false
00-0007024,Marvin Harrison,2005,IND,WR,15,17.91,9.92,9.85,0.9549,33.6,Syracuse,1996,1,false
00-0036322,Justin Jefferson,2024,MIN,WR,17,18.68,7.78,9.83,0.9873,33.6,LSU,2020,1,false
00-0039732,Bo Nix,2024,DEN,QB,17,18.66,7.47,9.82,0.8158,33.5,Oregon; Auburn,2024,1,false
00-0005741,Rich Gannon,2001,OAK,QB,16,16.64,6.7,9.81,0.8438,33.5,Delaware,1987,4,false
00-0029263,Russell Wilson,2018,SEA,QB,16,18.71,6.14,9.81,0.6857,33.5,Wisconsin; N.C. State,2012,3,false
00-0012478,Terrell Owens,2006,DAL,WR,16,17.69,6.68,9.81,0.9685,33.5,Tennessee-Chattanooga,1996,3,false
00-0016098,Fred Taylor,2003,JAX,RB,16,17.26,7.17,9.79,0.9091,33.5,Florida,1998,1,false
00-0022044,Andre Johnson,2012,HOU,WR,16,18.49,11.42,9.79,0.9662,33.5,Miami,2003,1,false
00-0025394,Adrian Peterson,2007,MIN,RB,14,17.99,14.02,9.78,0.9681,33.4,Oklahoma,2007,1,false
00-0035228,Kyler Murray,2023,ARI,QB,8,18.3,4.1,9.78,0.7778,33.4,Oklahoma; Texas A&M,2019,1,false
00-0017915,Ricky Williams,2001,NO,RB,16,16.6,7.42,9.78,0.9286,33.4,Texas,1999,1,false
00-0028009,DeMarco Murray,2013,DAL,RB,14,18.44,7.27,9.77,0.957,33.4,Oklahoma,2011,3,false
00-0020397,Chad Johnson,2007,CIN,WR,16,17.98,11.14,9.77,0.9478,33.4,Oregon State; Langston University; Santa Monica,2001,2,false
00-0036963,Amon-Ra St. Brown,2024,DET,WR,17,18.6,9.11,9.76,0.9809,33.4,USC,2021,4,false
00-0026176,Jordy Nelson,2011,GB,WR,16,17.77,10.56,9.73,0.9797,33.3,Kansas State,2008,2,false
00-0011754,Randy Moss,2009,NE,WR,16,17.96,11.35,9.72,0.979,33.3,Marshall; Florida State,1998,1,false
00-0010500,Derrick Mason,2001,TEN,WR,15,16.52,10.31,9.7,0.9433,33.2,Michigan State,1997,4,false
00-0023459,Aaron Rodgers,2015,GB,QB,16,18.83,8.1,9.69,0.7714,33.2,California; Butte College,2005,1,false
00-0020494,Santana Moss,2005,WAS,WR,16,17.75,10.53,9.69,0.9474,33.2,Miami,2001,1,false
00-0010500,Derrick Mason,2003,TEN,WR,16,17.15,10.68,9.68,0.9542,33.1,Michigan State,1997,4,false
00-0005779,Charlie Garner,1999,SF,RB,16,16.52,7.98,9.67,0.9375,33.1,Tennessee; Scottsdale CC,1994,2,false
00-0036410,Tee Higgins,2024,CIN,WR,12,18.51,10.41,9.66,0.9745,33.1,Clemson,2020,2,false
00-0033857,JuJu Smith-Schuster,2018,PIT,WR,16,18.56,8.87,9.66,0.9433,33.1,USC,2017,2,false
00-0034844,Saquon Barkley,2019,NYG,RB,13,18.78,10.57,9.65,0.9368,33.1,Penn State,2018,1,false
00-0027973,Andy Dalton,2015,CIN,QB,13,18.78,8.08,9.65,0.7429,33,TCU,2011,2,false
00-0002099,Isaac Bruce,1999,STL,WR,15,16.5,9.59,9.65,0.9485,33,Memphis; Santa Monica; West Los Angeles College,1994,2,false
00-0020337,Steve Smith,2008,CAR,WR,14,18.41,8.4,9.64,0.9778,33,Utah; Santa Monica,2001,3,false
00-0033856,Leonard Fournette,2017,JAX,RB,13,17.71,6.76,9.64,0.9368,33,LSU,2017,1,false
00-0027874,Demaryius Thomas,2012,DEN,WR,16,18.34,7.48,9.64,0.9595,33,Georgia Tech,2010,1,false
00-0020397,Chad Johnson,2004,CIN,WR,16,17.52,9.18,9.64,0.9407,33,Oregon State; Langston University; Santa Monica,2001,2,false
00-0034837,Calvin Ridley,2020,ATL,WR,15,18.77,9.25,9.64,0.9805,33,Alabama,2018,1,false
00-0029668,Andrew Luck,2013,IND,QB,16,18.29,6.7,9.62,0.8571,33,Stanford,2012,1,false
00-0029604,Kirk Cousins,2016,WAS,QB,16,18.77,6.5,9.62,0.8387,33,Michigan State,2012,4,false
00-0027902,Dez Bryant,2013,DAL,WR,16,18.27,8.59,9.61,0.9562,32.9,Oklahoma State,2010,1,false
00-0035228,Kyler Murray,2022,ARI,QB,11,18.23,7.25,9.57,0.8235,32.8,Oklahoma; Texas A&M,2019,1,false
00-0029701,Ryan Tannehill,2019,TEN,QB,12,18.68,9.18,9.56,0.7647,32.8,Texas A&M,2012,1,false
00-0022924,Ben Roethlisberger,2009,PIT,QB,15,17.8,6.59,9.56,0.9487,32.8,Miami (Ohio),2004,1,false
00-0017915,Ricky Williams,2003,MIA,RB,16,17.02,5.54,9.55,0.899,32.7,Texas,1999,1,false
00-0007744,Joe Horn,2001,NO,WR,16,16.37,9.73,9.54,0.9362,32.7,Itawamba JC,1996,5,false
00-0020498,Reggie Wayne,2009,IND,WR,16,17.78,9.83,9.53,0.972,32.7,Miami,2001,1,false
00-0022921,Larry Fitzgerald,2009,ARI,WR,16,17.76,8.13,9.52,0.965,32.7,Pittsburgh,2004,1,false
00-0022097,Brandon Lloyd,2010,DEN,WR,16,17.88,8.78,9.52,0.9718,32.7,Illinois,2003,4,false
00-0022803,Eli Manning,2011,NYG,QB,16,17.55,6.24,9.51,0.8333,32.6,Mississippi,2004,1,false
00-0030506,Travis Kelce,2018,KC,TE,16,18.41,9.47,9.51,1,32.6,Cincinnati,2013,3,false
00-0004304,Corey Dillon,2004,NE,RB,15,17.39,5.4,9.5,0.8936,32.6,Washington; Dixie College (UT); Garden City CC,1997,2,false
00-0010346,Peyton Manning,2010,IND,QB,16,17.86,6.24,9.5,0.9091,32.6,Tennessee,1998,1,false
00-0036355,Justin Herbert,2023,LAC,QB,13,18.01,8.85,9.49,0.75,32.6,Oregon,2020,1,false
00-0027942,A.J. Green,2016,CIN,WR,10,18.64,12.03,9.49,0.9801,32.6,Georgia,2011,1,false
00-0010346,Peyton Manning,2001,IND,QB,16,16.31,7.57,9.48,0.8125,32.6,Tennessee,1998,1,false
00-0024275,Maurice Jones-Drew,2006,JAX,RB,16,17.36,9.88,9.48,0.9175,32.5,UCLA,2006,2,false
00-0005106,Brett Favre,2009,MIN,QB,16,17.72,7.15,9.48,0.9231,32.5,Southern Mississippi,1991,2,false
00-0002058,Tim Brown,1999,OAK,WR,16,16.3,8,9.45,0.9412,32.4,Notre Dame,1988,1,false
00-0011795,Muhsin Muhammad,2000,CAR,WR,16,16.09,9.07,9.44,0.913,32.4,Michigan State,1996,2,false
00-0003700,Germane Crowell,1999,DET,WR,16,16.29,9.9,9.43,0.9338,32.4,Virginia,1998,2,false
00-0010346,Peyton Manning,2003,IND,QB,16,16.9,8.74,9.43,0.9118,32.4,Tennessee,1998,1,false
00-0024466,Marques Colston,2007,NO,WR,16,17.64,9.75,9.43,0.9403,32.4,Hofstra,2006,7,false
00-0027656,Rob Gronkowski,2017,NE,TE,13,17.49,8.01,9.42,1,32.4,Arizona,2010,2,false
00-0033856,Leonard Fournette,2021,TB,RB,14,18.26,9.92,9.42,0.9703,32.4,LSU,2017,1,false
00-0024466,Marques Colston,2011,NO,WR,14,17.46,9.19,9.42,0.973,32.4,Hofstra,2006,7,false
00-0027944,Julio Jones,2016,ATL,WR,14,18.56,12.06,9.42,0.9735,32.4,Alabama,2011,1,false
00-0033906,Alvin Kamara,2023,NO,RB,13,17.92,7.25,9.41,0.9778,32.3,Tennessee; Hutchinson CC; Alabama,2017,3,false
00-0035710,Daniel Jones,2022,NYG,QB,16,18.06,7.16,9.4,0.7941,32.3,Duke,2019,1,false
00-0039337,Malik Nabers,2024,NYG,WR,15,18.24,7.98,9.4,0.9682,32.3,LSU,2024,1,false
00-0031235,Odell Beckham Jr.,2016,NYG,WR,16,18.54,8.72,9.39,0.9669,32.3,LSU,2014,1,false
00-0025389,Calvin Johnson,2010,DET,WR,15,17.75,9.51,9.39,0.9648,32.3,Georgia Tech,2007,1,false
00-0022427,Wes Welker,2012,NE,WR,16,18.09,8.01,9.39,0.9527,32.3,Texas Tech,,,false
00-0013232,Peerless Price,2002,BUF,WR,16,16.87,9.98,9.39,0.9653,32.3,Tennessee,1999,2,false
00-0007681,Torry Holt,2001,STL,WR,16,16.21,7.96,9.38,0.9291,32.3,N.C. State,1999,1,false
00-0039732,Bo Nix,2025,DEN,QB,17,17.93,8.37,9.38,0.75,32.2,Oregon; Auburn,2024,1,false
00-0001477,Marty Booker,2001,CHI,WR,16,16.2,8.91,9.38,0.922,32.2,Louisiana-Monroe,1999,3,false
00-0036355,Justin Herbert,2025,LAC,QB,16,17.93,7.74,9.38,0.7222,32.2,Oregon,2020,1,false
00-0023459,Aaron Rodgers,2008,GB,QB,16,18.14,6.04,9.38,0.9688,32.2,California; Butte College,2005,1,false
00-0033293,Aaron Jones,2020,GB,RB,14,18.49,9.13,9.36,0.9697,32.2,Texas-El Paso,2017,5,false
00-0002058,Tim Brown,2000,OAK,WR,16,16,8.6,9.35,0.9058,32.1,Notre Dame,1988,1,false
00-0022427,Wes Welker,2007,NE,WR,16,17.56,9.82,9.34,0.9328,32.1,Texas Tech,,,false
00-0016098,Fred Taylor,2002,JAC,RB,16,16.83,9.65,9.34,0.8889,32.1,Florida,1998,1,true
00-0027973,Andy Dalton,2013,CIN,QB,16,18,8.71,9.34,0.8286,32.1,TCU,2011,2,false
00-0022924,Ben Roethlisberger,2017,PIT,QB,15,17.4,7.47,9.33,0.8387,32.1,Miami (Ohio),2004,1,false
00-0031687,Raheem Mostert,2023,MIA,RB,15,17.85,10.77,9.33,0.9667,32.1,Purdue,,,false
00-0005106,Brett Favre,2001,GB,QB,16,16.15,6.56,9.33,0.7813,32.1,Southern Mississippi,1991,2,false
00-0004304,Corey Dillon,2001,CIN,RB,16,16.14,10,9.32,0.9184,32.1,Washington; Dixie College (UT); Garden City CC,1997,2,false
00-0030279,Keenan Allen,2017,LAC,WR,16,17.39,9.91,9.32,0.9868,32.1,California,2013,3,false
00-0026189,DeSean Jackson,2009,PHI,WR,15,17.56,9.5,9.32,0.958,32.1,California,2008,2,false
00-0022787,Matt Schaub,2009,HOU,QB,16,17.56,6.85,9.31,0.8974,32.1,Virginia,2004,3,false
00-0023462,Roddy White,2011,ATL,WR,16,17.35,7.82,9.31,0.9662,32.1,UAB,2005,1,false
00-0027966,Mark Ingram,2017,NO,RB,16,17.37,8.67,9.31,0.9263,32,Alabama,2011,1,false
00-0027656,Rob Gronkowski,2012,NE,TE,11,18,9.82,9.3,1,32,Arizona,2010,2,false
00-0024334,Brandon Marshall,2007,DEN,WR,16,17.51,6.78,9.3,0.9254,32,UCF,2006,4,false
00-0023564,Darren Sproles,2011,NO,RB,16,17.34,5.52,9.3,0.9318,32,Kansas State,2005,4,false
00-0022942,Philip Rivers,2013,LAC,QB,16,17.96,6.31,9.3,0.8,32,N.C. State,2004,1,false
00-0026213,Jamaal Charles,2010,KC,RB,16,17.66,6.28,9.3,0.9333,32,Texas,2008,3,false
00-0029604,Kirk Cousins,2017,WAS,QB,16,17.35,7.57,9.28,0.8065,32,Michigan State,2012,4,false
00-0005741,Rich Gannon,1999,OAK,QB,16,16.13,7.46,9.28,0.9268,32,Delaware,1987,4,false
00-0034869,Sam Darnold,2024,MIN,QB,17,18.12,7.57,9.27,0.7895,31.9,USC,2018,1,false
00-0022084,Anquan Boldin,2007,ARI,WR,12,17.48,12.84,9.26,0.9179,31.9,Florida State,2003,2,false
00-0022942,Philip Rivers,2010,LAC,QB,16,17.6,5.53,9.24,0.8788,31.8,N.C. State,2004,1,false
00-0037248,James Cook,2025,BUF,RB,17,17.78,9.2,9.22,0.9479,31.8,Georgia,2022,2,false
00-0030565,Geno Smith,2022,SEA,QB,17,17.88,5.72,9.22,0.7647,31.8,West Virginia,2013,2,false
00-0028009,DeMarco Murray,2016,TEN,RB,16,18.36,6.75,9.22,0.9479,31.8,Oklahoma,2011,3,false
00-0033906,Alvin Kamara,2021,NO,RB,13,18.05,8.52,9.22,0.9604,31.8,Tennessee; Hutchinson CC; Alabama,2017,3,false
00-0005816,Olandis Gary,1999,DEN,RB,12,16.07,6.58,9.21,0.9271,31.8,Georgia; Marshall,1999,4,false
00-0021547,Antonio Gates,2005,LAC,TE,15,17.27,10.02,9.21,1,31.8,Kent State; Eastern Michigan; Michigan State; College of the Sequoias,,,false
00-0027939,Cam Newton,2014,CAR,QB,14,17.78,8.29,9.21,0.8182,31.8,Auburn; Blinn College; Florida,2011,1,false
00-0021678,Tony Romo,2011,DAL,QB,16,17.25,7.14,9.21,0.8056,31.8,Eastern Illinois,,,false
00-0029604,Kirk Cousins,2015,WAS,QB,16,18.34,9.56,9.2,0.7143,31.7,Michigan State,2012,4,false
00-0025394,Adrian Peterson,2011,MIN,RB,12,17.24,9.4,9.2,0.9205,31.7,Oklahoma,2007,1,false
00-0026143,Matt Ryan,2014,ATL,QB,16,17.77,6.82,9.19,0.7879,31.7,Boston College,2008,1,false
00-0036945,Justin Fields,2023,CHI,QB,13,17.71,8.81,9.19,0.7222,31.7,Ohio State,2021,1,false
00-0024217,Reggie Bush,2007,NO,RB,12,17.4,6.5,9.19,0.9574,31.7,USC,2006,1,false
00-0020498,Reggie Wayne,2006,IND,WR,16,17.06,9,9.19,0.9606,31.7,Miami,2001,1,false
00-0027656,Rob Gronkowski,2014,NE,TE,15,17.76,8.22,9.19,1,31.7,Arizona,2010,2,false
00-0023921,Miles Austin,2009,DAL,WR,16,17.42,12.67,9.18,0.951,31.7,Monmouth,,,false
00-0021678,Tony Romo,2014,DAL,QB,15,17.75,6.44,9.18,0.7576,31.7,Eastern Illinois,,,false
00-0010346,Peyton Manning,2009,IND,QB,16,17.42,7,9.18,0.8718,31.7,Tennessee,1998,1,false
00-0015523,Duce Staley,2001,PHI,RB,13,16,9.35,9.18,0.9082,31.7,South Carolina; Itawamba JC,1997,3,false
00-0020498,Reggie Wayne,2010,IND,WR,16,17.53,9.5,9.17,0.9577,31.6,Miami,2001,1,false
00-0022924,Ben Roethlisberger,2007,PIT,QB,15,17.38,7.31,9.17,0.9444,31.6,Miami (Ohio),2004,1,false
00-0004304,Corey Dillon,2005,NE,RB,11,17.22,6.49,9.16,0.9167,31.6,Washington; Dixie College (UT); Garden City CC,1997,2,false
00-0033897,Joe Mixon,2021,CIN,RB,16,17.99,9.12,9.16,0.9505,31.6,Oklahoma,2017,2,false
00-0027944,Julio Jones,2019,ATL,WR,15,18.27,8.74,9.15,0.9868,31.6,Alabama,2011,1,false
00-0021547,Antonio Gates,2004,LAC,TE,15,17.03,8.68,9.14,1,31.6,Kent State; Eastern Michigan; Michigan State; College of the Sequoias,,,false
00-0022924,Ben Roethlisberger,2010,PIT,QB,12,17.47,7.92,9.11,0.8485,31.5,Miami (Ohio),2004,1,false
00-0036212,Tua Tagovailoa,2022,MIA,QB,13,17.76,9.29,9.1,0.7353,31.4,Alabama,2020,1,false
00-0013013,Michael Pittman,2004,TB,RB,13,16.98,8.91,9.1,0.883,31.4,Fresno State,1998,4,false
00-0034844,Saquon Barkley,2022,NYG,RB,16,17.75,7.52,9.09,0.9592,31.4,Penn State,2018,1,false
00-0036358,CeeDee Lamb,2022,DAL,WR,17,17.74,8.66,9.08,0.96,31.4,Oklahoma,2020,1,false
00-0036900,Ja'Marr Chase,2021,CIN,WR,17,17.92,12.96,9.08,0.9742,31.4,LSU,2021,1,false
00-0027974,Colin Kaepernick,2016,SF,QB,11,18.22,8.31,9.08,0.8065,31.4,Nevada,2011,2,false
00-0010346,Peyton Manning,2002,IND,QB,16,16.55,5.61,9.07,0.875,31.3,Tennessee,1998,1,false
00-0010346,Peyton Manning,1999,IND,QB,16,15.92,5.56,9.07,0.9024,31.3,Tennessee,1998,1,false
00-0004640,Warrick Dunn,2000,TB,RB,16,15.72,10.83,9.06,0.8353,31.3,Florida State,1997,1,false
00-0029137,Alshon Jeffery,2013,CHI,WR,16,17.73,11.72,9.06,0.9489,31.3,South Carolina,2012,2,false
00-0008561,Keyshawn Johnson,1999,NYJ,WR,16,15.91,9.65,9.06,0.9265,31.3,USC; West Los Angeles College,1996,1,false
00-0026143,Matt Ryan,2011,ATL,QB,16,17.09,5.59,9.05,0.7778,31.3,Boston College,2008,1,false
00-0025410,Dwayne Bowe,2010,KC,WR,16,17.41,14.64,9.05,0.9507,31.3,LSU,2007,1,false
00-0016550,Amani Toomer,2002,NYG,WR,16,16.53,10.92,9.05,0.9583,31.3,Michigan,1996,2,false
00-0039075,Puka Nacua,2023,LA,WR,17,17.56,8.89,9.04,0.9701,31.3,BYU; Washington,2023,5,false
00-0026498,Matthew Stafford,2015,DET,QB,16,18.17,8.33,9.04,0.6857,31.3,Georgia,2009,1,false
00-0026498,Matthew Stafford,2017,DET,QB,16,17.1,5.2,9.03,0.7742,31.2,Georgia,2009,1,false
00-0011022,Donovan McNabb,2005,PHI,QB,9,17.09,8.67,9.03,1,31.2,Syracuse,1999,1,false
00-0006101,Tony Gonzalez,2004,KC,TE,16,16.89,10.32,9.01,0.9836,31.2,California,1997,1,false
00-0033873,Patrick Mahomes,2023,KC,QB,16,17.51,6.32,9,0.6944,31.1,Texas Tech,2017,1,false
00-0026195,Ray Rice,2012,BAL,RB,16,17.69,7.46,8.99,0.9684,31.1,Rutgers,2008,2,false
00-0001823,Aaron Brooks,2001,NO,QB,16,15.82,8.04,8.99,0.75,31.1,Virginia,1999,4,false
00-0007681,Torry Holt,2006,LA,WR,16,16.86,9.08,8.99,0.9528,31.1,N.C. State,1999,1,false
00-0010346,Peyton Manning,2007,IND,QB,16,17.19,7.04,8.98,0.9167,31.1,Tennessee,1998,1,false
00-0007744,Joe Horn,2002,NO,WR,16,16.46,5.65,8.98,0.9514,31.1,Itawamba JC,1996,5,false
00-0033077,Dak Prescott,2018,DAL,QB,16,17.87,7.81,8.97,0.6571,31.1,Mississippi State,2016,4,false
00-0020498,Reggie Wayne,2004,IND,WR,16,16.85,9.79,8.97,0.9333,31.1,Miami,2001,1,false
00-0035676,A.J. Brown,2022,PHI,WR,17,17.62,9.34,8.97,0.9533,31,Mississippi,2019,2,false
00-0004541,Donald Driver,2006,GB,WR,16,16.84,8.29,8.96,0.9449,31,Alcorn State,1999,7,false
00-0008561,Keyshawn Johnson,2001,TB,WR,15,15.77,6.06,8.95,0.9149,31,USC; West Los Angeles College,1996,1,false
00-0033106,Jared Goff,2017,LA,QB,15,17.02,6.68,8.95,0.7419,31,California,2016,1,false
00-0037834,Brock Purdy,2024,SF,QB,15,17.79,8.16,8.95,0.7632,31,Iowa State,2022,7,false
00-0019663,Darrell Jackson,2006,SEA,WR,13,16.82,5.92,8.94,0.937,31,Florida,2000,3,false
00-0019599,Marc Bulger,2004,LA,QB,14,16.82,7.18,8.94,0.9143,31,West Virginia,2000,6,false
00-0021179,Clinton Portis,2005,WAS,RB,16,16.99,7.51,8.93,0.9063,30.9,Miami,2002,2,false
00-0026195,Ray Rice,2010,BAL,RB,16,17.29,9.77,8.93,0.9222,30.9,Rutgers,2008,2,false
00-0033106,Jared Goff,2025,DET,QB,17,17.47,7.52,8.92,0.6944,30.9,California,2016,1,false
00-0028118,Tyrod Taylor,2016,BUF,QB,15,18.06,6.66,8.92,0.7742,30.9,Virginia Tech,2011,6,false
00-0022942,Philip Rivers,2018,LAC,QB,16,17.81,6.31,8.91,0.6286,30.9,N.C. State,2004,1,false
00-0034857,Josh Allen,2019,BUF,QB,16,18.04,7.47,8.91,0.7353,30.9,Wyoming; Reedley,2018,1,false
00-0031503,Jameis Winston,2018,TB,QB,11,17.8,8.83,8.9,0.6,30.8,Florida State,2015,1,false
00-0029701,Ryan Tannehill,2014,MIA,QB,16,17.47,6.5,8.9,0.7273,30.8,Texas A&M,2012,1,false
00-0012478,Terrell Owens,2010,CIN,WR,13,17.25,11.17,8.9,0.9437,30.8,Tennessee-Chattanooga,1996,3,false
00-0005883,Eddie George,2002,TEN,RB,16,16.38,6.59,8.89,0.8788,30.8,Ohio State,1996,1,false
00-0031408,Mike Evans,2018,TB,WR,16,17.77,8.28,8.87,0.9362,30.8,Texas A&M,2014,1,false
00-0034753,Mark Andrews,2021,BAL,TE,17,17.71,10,8.87,1,30.8,Oklahoma,2018,3,false
00-0021678,Tony Romo,2009,DAL,QB,16,17.11,6.7,8.87,0.8462,30.8,Eastern Illinois,,,false
00-0025389,Calvin Johnson,2014,DET,WR,13,17.44,11.45,8.87,0.9441,30.8,Georgia Tech,2007,1,false
00-0035710,Daniel Jones,2025,IND,QB,13,17.42,7.08,8.87,0.6667,30.8,Duke,2019,1,false
00-0022924,Ben Roethlisberger,2016,PIT,QB,14,18.01,8.95,8.87,0.7419,30.8,Miami (Ohio),2004,1,false
00-0027864,Ryan Mathews,2011,LAC,RB,14,16.9,7.23,8.86,0.9091,30.7,Fresno State,2010,1,false
00-0030564,DeAndre Hopkins,2020,ARI,WR,16,17.99,8.18,8.86,0.974,30.7,Clemson,2013,1,false
00-0013639,Jerry Rice,2001,OAK,WR,16,15.68,9.2,8.86,0.9078,30.7,Mississippi Valley State University,1985,1,false
00-0031588,Stefon Diggs,2018,MIN,WR,15,17.75,9.23,8.85,0.9291,30.7,Maryland,2015,5,false
00-0036893,Najee Harris,2021,PIT,RB,17,17.69,7.55,8.85,0.9406,30.7,Alabama,2021,1,false
00-0024217,Reggie Bush,2006,NO,RB,16,16.72,11.46,8.85,0.9072,30.7,USC,2006,1,false
00-0033873,Patrick Mahomes,2024,KC,QB,16,17.69,5.16,8.84,0.7368,30.7,Texas Tech,2017,1,false
00-0036554,Nico Collins,2023,HOU,WR,15,17.36,11.09,8.84,0.9641,30.7,Michigan,2021,3,false
00-0021179,Clinton Portis,2007,WAS,RB,16,17.04,6.46,8.83,0.9468,30.7,Miami,2002,2,false
00-0022942,Philip Rivers,2017,LAC,QB,16,16.9,6.52,8.83,0.7097,30.7,N.C. State,2004,1,false
00-0022803,Eli Manning,2015,NYG,QB,16,17.96,8.72,8.83,0.6571,30.6,Mississippi,2004,1,false
00-0027690,Eric Decker,2013,DEN,WR,16,17.49,12.79,8.82,0.9416,30.6,Minnesota,2010,3,false
00-0039040,De'Von Achane,2023,MIA,RB,11,17.34,14.64,8.82,0.9556,30.6,Texas A&M,2023,3,false
00-0022044,Andre Johnson,2013,HOU,WR,16,17.48,11.21,8.82,0.9343,30.6,Miami,2003,1,false
00-0019596,Tom Brady,2014,NE,QB,16,17.38,8.78,8.81,0.697,30.6,Michigan,2000,6,false
00-0025389,Calvin Johnson,2008,DET,WR,16,17.56,7.8,8.8,0.9704,30.6,Georgia Tech,2007,1,false
00-0039040,De'Von Achane,2024,MIA,RB,17,17.64,9.23,8.8,0.949,30.6,Texas A&M,2023,3,false
00-0019641,Thomas Jones,2004,CHI,RB,14,16.68,8.28,8.8,0.8723,30.6,Virginia,2000,1,false
00-0021678,Tony Romo,2012,DAL,QB,16,17.5,7.35,8.8,0.8,30.6,Eastern Illinois,,,false
00-0029604,Kirk Cousins,2018,MIN,QB,16,17.7,8.04,8.79,0.5714,30.6,Michigan State,2012,4,false
00-0024275,Maurice Jones-Drew,2008,JAX,RB,16,17.56,8.14,8.79,0.9468,30.5,UCLA,2006,2,false
00-0012478,Terrell Owens,2003,SF,WR,15,16.27,8.58,8.79,0.9466,30.5,Tennessee-Chattanooga,1996,3,false
00-0024267,Greg Jennings,2010,GB,WR,16,17.15,9.27,8.79,0.9366,30.5,Western Michigan,2006,2,false
00-0015698,James Stewart,2000,DET,RB,16,15.44,6.92,8.79,0.8235,30.5,Tennessee,,,false
00-0033077,Dak Prescott,2016,DAL,QB,16,17.93,7.01,8.78,0.7097,30.5,Mississippi State,2016,4,false
00-0022921,Larry Fitzgerald,2011,ARI,WR,16,16.82,7.8,8.78,0.9595,30.5,Pittsburgh,2004,1,false
00-0030564,DeAndre Hopkins,2019,HOU,WR,15,17.9,7.4,8.78,0.9803,30.5,Clemson,2013,1,false
00-0031408,Mike Evans,2019,TB,WR,13,17.9,14.44,8.78,0.9737,30.5,Texas A&M,2014,1,false
00-0020397,Chad Johnson,2006,CIN,WR,16,16.65,12.8,8.78,0.9291,30.5,Oregon State; Langston University; Santa Monica,2001,2,false
00-0026498,Matthew Stafford,2013,DET,QB,16,17.43,6.53,8.77,0.7714,30.5,Georgia,2009,1,false
00-0035831,James Robinson,2020,JAX,RB,14,17.89,7.49,8.76,0.9596,30.4,Illinois State,,,false
00-0021979,Domanick Williams,2003,HOU,RB,14,16.23,9.71,8.76,0.8889,30.4,LSU,2003,4,false
00-0031280,Derek Carr,2016,LV,QB,15,17.9,8.16,8.75,0.6774,30.4,Fresno State,2014,2,false
00-0022165,Dallas Clark,2009,IND,TE,16,16.98,8.16,8.74,1,30.4,Iowa,2003,1,false
00-0036971,Trevor Lawrence,2022,JAX,QB,17,17.39,8.18,8.73,0.7059,30.4,Clemson,2021,1,false
00-0021678,Tony Romo,2013,DAL,QB,15,17.39,7.53,8.73,0.7429,30.4,Eastern Illinois,,,false
00-0026995,Jeremy Maclin,2014,PHI,WR,16,17.3,10.66,8.73,0.9371,30.4,Missouri,2009,1,false
00-0026998,Percy Harvin,2011,MIN,WR,16,16.76,9.59,8.72,0.9527,30.4,Florida,2009,1,false
00-0035289,Gardner Minshew,2020,JAX,QB,9,17.85,4.39,8.72,0.6944,30.3,Washington State,2019,6,false
00-0036358,CeeDee Lamb,2024,DAL,WR,15,17.56,8.36,8.72,0.9618,30.3,Oklahoma,2020,1,false
00-0035228,Kyler Murray,2019,ARI,QB,16,17.83,6.8,8.71,0.7059,30.3,Oklahoma; Texas A&M,2019,1,false
00-0036554,Nico Collins,2024,HOU,WR,12,17.55,7.07,8.71,0.9554,30.3,Michigan,2021,3,false
00-0032950,Carson Wentz,2018,PHI,QB,11,17.61,6.83,8.71,0.5429,30.3,North Dakota State,2016,1,false
00-0040691,Jaxson Dart,2025,NYG,QB,14,17.26,10.23,8.7,0.6389,30.3,Mississippi; USC,2025,1,false
00-0026143,Matt Ryan,2019,ATL,QB,15,17.82,7.45,8.7,0.6765,30.3,Boston College,2008,1,false
00-0026164,Chris Johnson,2010,TEN,RB,16,17.06,9.11,8.7,0.9111,30.3,East Carolina,2008,1,false
00-0025438,Steve Smith,2009,NYG,WR,16,16.94,7.18,8.69,0.9441,30.3,USC,2007,2,false
00-0023682,Ryan Fitzpatrick,2015,NYJ,QB,16,17.82,6.71,8.69,0.6286,30.3,Harvard,2005,7,false
00-0022924,Ben Roethlisberger,2020,PIT,QB,15,17.81,6.14,8.68,0.6667,30.2,Miami (Ohio),2004,1,false
00-0019596,Tom Brady,2018,NE,QB,16,17.58,6.55,8.68,0.5143,30.2,Michigan,2000,6,false
00-0026345,Pierre Garcon,2013,WAS,WR,16,17.34,7.15,8.68,0.927,30.2,Mount Union College; Norwich University,2008,6,false
00-0029608,T.Y. Hilton,2014,IND,WR,15,17.23,10.28,8.66,0.9301,30.2,Florida International,2012,3,false
00-0008560,Kevin Johnson,2001,CLE,WR,16,15.48,5.93,8.66,0.9007,30.2,Syracuse,1999,2,false
00-0019596,Tom Brady,2009,NE,QB,16,16.9,9.15,8.65,0.8205,30.1,Michigan,2000,6,false
00-0022942,Philip Rivers,2008,LAC,QB,16,17.41,7.19,8.65,0.9375,30.1,N.C. State,2004,1,false
00-0022942,Philip Rivers,2015,LAC,QB,16,17.78,7.62,8.64,0.6,30.1,N.C. State,2004,1,false
00-0015523,Duce Staley,2002,PHI,RB,16,16.13,6.67,8.64,0.8687,30.1,South Carolina; Itawamba JC,1997,3,false
00-0035228,Kyler Murray,2024,ARI,QB,17,17.48,7.16,8.64,0.7105,30.1,Oklahoma; Texas A&M,2019,1,false
00-0036223,Jonathan Taylor,2024,IND,RB,14,17.48,9.76,8.63,0.9388,30.1,Wisconsin,2020,2,false
00-0033906,Alvin Kamara,2019,NO,RB,14,17.75,8.38,8.63,0.9263,30.1,Tennessee; Hutchinson CC; Alabama,2017,3,false
00-0020245,Mike Vick,2006,ATL,QB,16,16.5,7.87,8.62,0.9412,30.1,Virginia Tech,2001,1,false
00-0001477,Marty Booker,2002,CHI,WR,16,16.1,8.56,8.62,0.9444,30.1,Louisiana-Monroe,1999,3,false
00-0030061,Zach Ertz,2018,PHI,TE,16,17.52,10.64,8.62,0.9868,30.1,Stanford,2013,2,false
00-0037247,George Pickens,2025,DAL,WR,17,17.17,9.65,8.62,0.9689,30,Georgia,2022,2,false
00-0022821,Michael Turner,2008,ATL,RB,16,17.38,10.24,8.61,0.9362,30,Northern Illinois,2004,5,false
00-0031285,Devonta Freeman,2016,ATL,RB,16,17.76,9.06,8.61,0.9375,30,Florida State,2014,4,false
00-0029263,Russell Wilson,2023,DEN,QB,15,17.13,4.54,8.61,0.6667,30,Wisconsin; N.C. State,2012,3,false
00-0033040,Tyreek Hill,2021,KC,WR,17,17.44,13.23,8.6,0.9677,30,West Alabama; Garden City CC; Oklahoma State,2016,5,false
00-0010442,Curtis Martin,1999,NYJ,RB,16,15.46,5.92,8.6,0.9167,30,Pittsburgh,1995,3,false
00-0031381,Davante Adams,2019,GB,WR,12,17.73,6.97,8.6,0.9671,30,Fresno State,2014,2,false
00-0004640,Warrick Dunn,2001,TB,RB,13,15.42,7.4,8.59,0.898,30,Florida State,1997,1,false
00-0026498,Matthew Stafford,2012,DET,QB,16,17.29,6.72,8.59,0.7714,30,Georgia,2009,1,false
00-0022942,Philip Rivers,2009,LAC,QB,16,16.82,5.03,8.58,0.7949,29.9,N.C. State,2004,1,false
00-0029668,Andrew Luck,2012,IND,QB,16,17.28,6.91,8.58,0.7429,29.9,Stanford,2012,1,false
00-0024334,Brandon Marshall,2008,DEN,WR,15,17.34,9.87,8.58,0.963,29.9,UCF,2006,4,false
00-0038120,Breece Hall,2023,NYJ,RB,17,17.09,11.29,8.57,0.9444,29.9,Iowa State,2022,2,false
00-0024267,Greg Jennings,2011,GB,WR,13,16.61,7.32,8.57,0.9459,29.9,Western Michigan,2006,2,false
00-0022736,Steven Jackson,2007,LA,RB,12,16.78,7.47,8.57,0.9362,29.9,Oregon State,2004,1,false
00-0011022,Donovan McNabb,2009,PHI,QB,14,16.81,5.86,8.57,0.7692,29.9,Syracuse,1999,1,false
00-0020536,LaDainian Tomlinson,2008,LAC,RB,16,17.32,6.21,8.56,0.9255,29.9,TCU,2001,1,false
00-0021429,Carson Palmer,2005,CIN,QB,16,16.62,6,8.56,0.9722,29.9,USC,2003,1,false
00-0024226,Jay Cutler,2008,DEN,QB,16,17.31,7.24,8.55,0.9063,29.9,Vanderbilt,2006,1,false
00-0035676,A.J. Brown,2020,TEN,WR,14,17.68,8.26,8.55,0.9675,29.9,Mississippi,2019,2,false
00-0025399,Marshawn Lynch,2013,SEA,RB,16,17.21,9.23,8.54,0.9462,29.8,California,2007,1,false
00-0027942,A.J. Green,2014,CIN,WR,12,17.11,10.39,8.54,0.9231,29.8,Georgia,2011,1,false
00-0020531,Drew Brees,2010,NO,QB,16,16.89,4.69,8.53,0.8182,29.8,Purdue,2001,2,false
00-0001823,Aaron Brooks,2002,NO,QB,16,16.01,7.52,8.53,0.8438,29.8,Virginia,1999,4,false
00-0029263,Russell Wilson,2012,SEA,QB,16,17.23,9.7,8.53,0.7143,29.8,Wisconsin; N.C. State,2012,3,false
00-0035685,David Montgomery,2020,CHI,RB,15,17.65,8.16,8.52,0.9495,29.8,Iowa State,2019,3,false
00-0006355,Trent Green,2002,KC,QB,16,16.01,8.26,8.52,0.8125,29.8,Indiana,1993,8,false
00-0026143,Matt Ryan,2020,ATL,QB,16,17.65,8.12,8.52,0.6389,29.8,Boston College,2008,1,false
00-0035676,A.J. Brown,2023,PHI,WR,17,17.04,10.23,8.52,0.9581,29.8,Mississippi,2019,2,false
00-0022924,Ben Roethlisberger,2012,PIT,QB,13,17.22,6.24,8.52,0.6857,29.8,Miami (Ohio),2004,1,false
00-0029263,Russell Wilson,2021,SEA,QB,14,17.34,7.79,8.51,0.625,29.7,Wisconsin; N.C. State,2012,3,false
00-0020446,Chris Chambers,2005,MIA,WR,16,16.56,10.25,8.5,0.9398,29.7,Wisconsin,2001,2,false
00-0016550,Amani Toomer,2000,NYG,WR,16,15.16,10.9,8.5,0.8986,29.7,Michigan,1996,2,false
00-0029137,Alshon Jeffery,2015,CHI,WR,9,17.63,8.66,8.5,0.947,29.7,South Carolina,2012,2,false
00-0029604,Kirk Cousins,2022,MIN,QB,17,17.15,7.42,8.49,0.6765,29.7,Michigan State,2012,4,false
00-0033106,Jared Goff,2023,DET,QB,17,17.01,6.79,8.49,0.6389,29.7,California,2016,1,false
00-0033897,Joe Mixon,2018,CIN,RB,14,17.39,7.41,8.49,0.914,29.7,Oklahoma,2017,2,false
00-0019641,Thomas Jones,2008,NYJ,RB,16,17.24,8.55,8.48,0.9149,29.7,Virginia,2000,1,false
00-0024267,Greg Jennings,2007,GB,WR,13,16.69,6.26,8.48,0.9104,29.7,Western Michigan,2006,2,false
00-0033921,Chris Godwin Jr.,2021,TB,WR,14,17.31,7.71,8.48,0.9613,29.6,Penn State,2017,3,false
00-0024226,Jay Cutler,2014,CHI,QB,15,17.04,6.37,8.47,0.6667,29.6,Vanderbilt,2006,1,false
00-0030485,Eddie Lacy,2014,GB,RB,16,17.04,8.59,8.46,0.9515,29.6,Alabama,2013,2,false
00-0020337,Steve Smith,2011,CAR,WR,16,16.5,9.07,8.46,0.9392,29.6,Utah; Santa Monica,2001,3,false
00-0013639,Jerry Rice,2002,OAK,WR,16,15.94,8.58,8.46,0.9375,29.6,Mississippi Valley State University,1985,1,false
00-0032268,Marcus Mariota,2015,TEN,QB,12,17.59,10.95,8.45,0.5714,29.6,Oregon,2015,1,false
00-0033897,Joe Mixon,2022,CIN,RB,14,17.11,11.7,8.45,0.949,29.6,Oklahoma,2017,2,false
00-0030279,Keenan Allen,2018,LAC,WR,15,17.34,7.61,8.44,0.922,29.5,California,2013,3,false
00-0024217,Reggie Bush,2013,DET,RB,14,17.09,8.25,8.42,0.9355,29.5,USC,2006,1,false
00-0023462,Roddy White,2009,ATL,WR,16,16.66,10.1,8.41,0.9371,29.5,UAB,2005,1,false
00-0027029,LeSean McCoy,2017,BUF,RB,16,16.47,8.06,8.41,0.9158,29.4,Pittsburgh,2009,2,false
00-0035700,Josh Jacobs,2024,GB,RB,17,17.24,6.47,8.4,0.9286,29.4,Alabama,2019,1,false
00-0022921,Larry Fitzgerald,2015,ARI,WR,16,17.53,8.4,8.4,0.9404,29.4,Pittsburgh,2004,1,false
00-0031381,Davante Adams,2024,NYJ,WR,14,17.24,10,8.39,0.949,29.4,Fresno State,2014,2,true
00-0031062,James White,2018,NE,RB,16,17.29,8.23,8.39,0.9032,29.4,Wisconsin,2014,4,false
00-0027150,Julian Edelman,2018,NE,WR,12,17.29,3.93,8.38,0.9149,29.4,Kent State; San Mateo,2009,7,false
00-0020531,Drew Brees,2006,NO,QB,16,16.26,8.57,8.38,0.9118,29.4,Purdue,2001,2,false
00-0030279,Keenan Allen,2020,LAC,WR,14,17.51,8.85,8.38,0.961,29.4,California,2013,3,false
00-0006355,Trent Green,2004,KC,QB,16,16.25,6.75,8.37,0.8857,29.4,Indiana,1993,8,false
00-0024275,Maurice Jones-Drew,2010,JAX,RB,14,16.72,7.45,8.36,0.9,29.3,UCLA,2006,2,false
00-0020531,Drew Brees,2004,LAC,QB,15,16.24,8.85,8.36,0.8571,29.3,Purdue,2001,2,false
00-0011024,Steve McNair,2002,TEN,QB,16,15.84,5.94,8.36,0.7813,29.3,Alcorn State,1995,1,false
00-0007744,Joe Horn,2003,NO,WR,15,15.82,11.72,8.35,0.9389,29.3,Itawamba JC,1996,5,false
00-0021206,Josh McCown,2013,CHI,QB,8,17.01,11.69,8.34,0.7143,29.3,Sam Houston State; SMU,2002,3,false
00-0033553,James Conner,2021,ARI,RB,15,17.18,10.4,8.34,0.9307,29.3,Pittsburgh,2017,3,false
00-0020531,Drew Brees,2017,NO,QB,16,16.41,3.6,8.34,0.6774,29.3,Purdue,2001,2,false
00-0026498,Matthew Stafford,2016,DET,QB,16,17.49,6.06,8.34,0.6452,29.3,Georgia,2009,1,false
00-0034857,Josh Allen,2018,BUF,QB,12,17.24,11.71,8.34,0.4857,29.3,Wyoming; Reedley,2018,1,false
00-0034827,DJ Moore,2023,CHI,WR,17,16.85,11.7,8.34,0.9521,29.3,Maryland,2018,1,false
00-0033897,Joe Mixon,2024,HOU,RB,14,17.18,9.78,8.33,0.9184,29.2,Oklahoma,2017,2,false
00-0031408,Mike Evans,2024,TB,WR,14,17.17,10.02,8.33,0.9427,29.2,Texas A&M,2014,1,false
00-0020531,Drew Brees,2020,NO,QB,12,17.46,5.64,8.33,0.6111,29.2,Purdue,2001,2,false
00-0022910,Lee Evans,2006,BUF,WR,16,16.19,11.25,8.32,0.9213,29.2,Wisconsin,2004,1,false
00-0035216,Diontae Johnson,2021,PIT,WR,16,17.15,5.27,8.31,0.9548,29.2,Toledo,2019,3,false
00-0024245,Joseph Addai,2009,IND,RB,15,16.55,6.42,8.31,0.9457,29.2,LSU,2006,1,false
00-0030472,Jordan Reed,2015,WAS,TE,14,17.44,9.13,8.31,1,29.2,Florida,2013,3,false
00-0019642,Plaxico Burress,2002,PIT,WR,16,15.78,10.81,8.3,0.9306,29.1,Michigan State,2000,1,false
00-0023436,Alex Smith,2013,KC,QB,15,16.95,7.59,8.28,0.6857,29.1,Utah,2005,1,false
00-0031610,Darren Waller,2020,LV,TE,16,17.41,10.87,8.28,0.9868,29.1,Georgia Tech,2015,6,false
00-0029675,Trent Richardson,2012,CLE,RB,15,16.98,7.28,8.28,0.9579,29.1,Alabama,2012,1,false
00-0033040,Tyreek Hill,2017,KC,WR,15,16.35,8.51,8.28,0.9803,29.1,West Alabama; Garden City CC; Oklahoma State,2016,5,false
00-0023459,Aaron Rodgers,2019,GB,QB,16,17.4,9.48,8.28,0.6471,29.1,California; Butte College,2005,1,false
00-0037238,Drake London,2025,ATL,WR,12,16.82,11.45,8.27,0.9627,29.1,USC,2022,1,false
00-0022803,Eli Manning,2014,NYG,QB,16,16.84,7.92,8.27,0.6364,29.1,Mississippi,2004,1,false
00-0022921,Larry Fitzgerald,2017,ARI,WR,16,16.34,9.06,8.27,0.9737,29.1,Pittsburgh,2004,1,false
00-0027939,Cam Newton,2020,NE,QB,15,17.4,10.98,8.27,0.5833,29.1,Auburn; Blinn College; Florida,2011,1,false
00-0006355,Trent Green,2003,KC,QB,16,15.74,7.94,8.27,0.8824,29.1,Indiana,1993,8,false
00-0010668,Keenan McCardell,2000,JAX,WR,16,14.92,8.24,8.26,0.8913,29.1,UNLV,1991,12,false
00-0019693,Jamal Lewis,2007,CLE,RB,15,16.47,10.38,8.26,0.9255,29,Tennessee,2000,1,false
00-0019693,Jamal Lewis,2002,BAL,RB,16,15.74,7.4,8.26,0.8586,29,Tennessee,2000,1,false
00-0036442,Joe Burrow,2025,CIN,QB,8,16.81,8.58,8.25,0.6111,29,LSU; Ohio State,2020,1,false
00-0034855,Baker Mayfield,2018,CLE,QB,14,17.15,5.2,8.25,0.4571,29,Oklahoma; Texas Tech,2018,1,false
00-0017470,Michael Westbrook,1999,WAS,WR,16,15.1,9.75,8.25,0.9191,29,Colorado,1995,1,false
00-0036442,Joe Burrow,2020,CIN,QB,10,17.37,7.92,8.24,0.5556,29,LSU; Ohio State,2020,1,false
00-0026229,Steve Slaton,2008,HOU,RB,16,16.99,7.6,8.23,0.9043,29,West Virginia,2008,3,false
00-0020337,Steve Smith,2003,CAR,WR,16,15.7,7.48,8.23,0.9313,28.9,Utah; Santa Monica,2001,3,false
00-0018958,Laveranues Coles,2002,NYJ,WR,16,15.71,7.36,8.22,0.9236,28.9,Florida State,2000,3,false
00-0033077,Dak Prescott,2017,DAL,QB,16,16.29,9.57,8.22,0.6452,28.9,Mississippi State,2016,4,false
00-0029263,Russell Wilson,2013,SEA,QB,16,16.89,5.7,8.22,0.6571,28.9,Wisconsin; N.C. State,2012,3,false
00-0001361,Drew Bledsoe,2002,BUF,QB,16,15.69,9.45,8.21,0.7188,28.9,Washington State,1993,1,false
00-0005755,Jeff Garcia,2002,SF,QB,16,15.69,9.31,8.21,0.7188,28.9,San Jose State; Gavilan College,,,false
00-0025399,Marshawn Lynch,2011,SEA,RB,15,16.24,7.69,8.2,0.8977,28.9,California,2007,1,false
00-0020471,Travis Henry,2003,BUF,RB,15,15.67,8.58,8.2,0.8788,28.9,Tennessee,2001,2,false
00-0030564,DeAndre Hopkins,2022,ARI,WR,9,16.86,8.63,8.2,0.9467,28.9,Clemson,2013,1,false
00-0037239,Chris Olave,2025,NO,WR,16,16.75,7.91,8.2,0.9565,28.9,Ohio State,2022,1,false
00-0004541,Donald Driver,2004,GB,WR,16,16.07,9.96,8.19,0.9259,28.9,Alcorn State,1999,7,false
00-0008060,Raghib Ismail,1999,DAL,WR,16,15.04,7.12,8.19,0.9118,28.8,Notre Dame,,,false
00-0013042,Jake Plummer,2004,DEN,QB,16,16.07,7.3,8.18,0.8286,28.8,Arizona State,1997,2,false
00-0032268,Marcus Mariota,2016,TEN,QB,15,17.33,8.81,8.18,0.6129,28.8,Oregon,2015,1,false
00-0031382,Jarvis Landry,2017,MIA,WR,16,16.25,5.49,8.18,0.9671,28.8,LSU,2014,2,false
00-0026184,Matt Forte,2010,CHI,RB,16,16.54,9.36,8.18,0.8889,28.8,Tulane,2008,2,false
00-0034791,Nick Chubb,2020,CLE,RB,12,17.31,7.46,8.18,0.9394,28.8,Georgia,2018,2,false
00-0019599,Marc Bulger,2005,LA,QB,8,16.24,5.21,8.18,0.9444,28.8,West Virginia,2000,6,false
00-0010668,Keenan McCardell,2001,JAC,WR,16,15,6.5,8.17,0.8936,28.8,UNLV,1991,12,true
00-0026189,DeSean Jackson,2013,PHI,WR,16,16.84,10.29,8.17,0.9197,28.8,California,2008,2,false
00-0029608,T.Y. Hilton,2018,IND,WR,14,17.07,8.36,8.17,0.9078,28.8,Florida International,2012,3,false
00-0033856,Leonard Fournette,2019,JAX,RB,15,17.29,7.24,8.17,0.9158,28.8,LSU,2017,1,false
00-0007091,Matt Hasselbeck,2003,SEA,QB,16,15.64,7.19,8.17,0.8529,28.8,Boston College,1998,6,false
00-0021179,Clinton Portis,2006,WAS,RB,8,16.04,9.01,8.16,0.8969,28.8,Miami,2002,2,false
00-0037840,Kyren Williams,2024,LA,RB,16,17.01,5.92,8.16,0.9082,28.8,Notre Dame,2022,5,false
00-0025399,Marshawn Lynch,2012,SEA,RB,16,16.85,7.22,8.15,0.9474,28.7,California,2007,1,false
00-0027994,Shane Vereen,2013,NE,RB,8,16.81,9.03,8.15,0.9247,28.7,California,2011,2,false
00-0017892,Moe Williams,2003,MIN,RB,16,15.62,8.75,8.15,0.8687,28.7,Kentucky,1996,3,false
00-0006101,Tony Gonzalez,1999,KC,TE,15,14.99,7.65,8.14,1,28.7,California,1997,1,false
00-0027690,Eric Decker,2012,DEN,WR,16,16.84,8.43,8.14,0.9459,28.7,Minnesota,2010,3,false
00-0026213,Jamaal Charles,2014,KC,RB,15,16.69,9.1,8.12,0.9417,28.7,Texas,2008,3,false
00-0023462,Roddy White,2012,ATL,WR,16,16.82,10.21,8.12,0.9392,28.6,UAB,2005,1,false
00-0032950,Carson Wentz,2019,PHI,QB,16,17.24,5.28,8.12,0.6176,28.6,North Dakota State,2016,1,false
00-0020498,Reggie Wayne,2012,IND,WR,16,16.81,7.94,8.11,0.9324,28.6,Miami,2001,1,false
00-0019663,Darrell Jackson,2003,SEA,WR,15,15.58,8.97,8.11,0.9237,28.6,Florida,2000,3,false
00-0031408,Mike Evans,2023,TB,WR,17,16.62,8.64,8.1,0.9461,28.6,Texas A&M,2014,1,false
00-0036973,Travis Etienne,2023,JAX,RB,17,16.61,8.53,8.09,0.9333,28.6,Clemson,2021,1,false
00-0032765,Michael Thomas,2017,NO,WR,16,16.16,6.16,8.09,0.9605,28.6,Ohio State,2016,2,false
00-0025431,Sidney Rice,2009,MIN,WR,16,16.32,8.07,8.08,0.9301,28.5,South Carolina,2007,2,false
00-0031382,Jarvis Landry,2015,MIA,WR,16,17.21,7.34,8.07,0.9338,28.5,LSU,2014,2,false
00-0038597,Chase Brown,2025,CIN,RB,17,16.62,7.35,8.07,0.9375,28.5,Illinois; Western Michigan,2023,5,false
00-0020438,T.J. Houshmandzadeh,2005,CIN,WR,14,16.13,7.34,8.07,0.9323,28.5,Oregon State; Cerritos College,2001,7,false
00-0036963,Amon-Ra St. Brown,2022,DET,WR,16,16.72,10.08,8.07,0.94,28.5,USC,2021,4,false
00-0033106,Jared Goff,2022,DET,QB,17,16.72,8.45,8.07,0.6471,28.5,California,2016,1,false
00-0005106,Brett Favre,2004,GB,QB,16,15.94,7.35,8.06,0.8,28.5,Southern Mississippi,1991,2,false
00-0031503,Jameis Winston,2015,TB,QB,16,17.19,4.33,8.05,0.5429,28.5,Florida State,2015,1,false
00-0019041,Billy Volek,2004,TEN,QB,10,15.93,13.75,8.05,0.7714,28.5,Fresno State,,,false
00-0006305,Ahman Green,2006,GB,RB,14,15.92,6.52,8.05,0.8866,28.4,Nebraska,1998,3,false
00-0015698,James Stewart,2002,DET,RB,14,15.53,8.45,8.05,0.8485,28.4,Tennessee,,,false
00-0033127,Will Fuller,2020,HOU,WR,11,17.17,9.08,8.04,0.9545,28.4,Notre Dame,2016,1,false
00-0022942,Philip Rivers,2014,LAC,QB,16,16.6,8.54,8.03,0.6061,28.4,N.C. State,2004,1,false
00-0010500,Derrick Mason,2004,TEN,WR,16,15.91,6.25,8.02,0.9185,28.4,Michigan State,1997,4,false
00-0010668,Keenan McCardell,2003,TB,WR,16,15.49,6.98,8.02,0.916,28.4,UNLV,1991,12,false
00-0030496,Le'Veon Bell,2013,PIT,RB,13,16.68,5.33,8.02,0.914,28.4,Michigan State,2013,2,false
00-0025637,Ahmad Bradshaw,2011,NYG,RB,12,16.05,8.04,8.01,0.8864,28.4,Marshall,2007,7,false
00-0022736,Steven Jackson,2009,LA,RB,15,16.25,7.31,8.01,0.9348,28.3,Oregon State,2004,1,false
00-0036322,Justin Jefferson,2020,MIN,WR,16,17.14,10.21,8.01,0.9481,28.3,LSU,2020,1,false
00-0020531,Drew Brees,2007,NO,QB,16,16.21,8.71,7.99,0.8889,28.3,Purdue,2001,2,false
00-0033908,Cooper Kupp,2018,LA,WR,8,16.89,10.49,7.99,0.9007,28.3,Eastern Washington,2017,3,false
00-0038977,Tank Dell,2023,HOU,WR,10,16.5,9.79,7.98,0.9401,28.3,Houston; Independence Comm. College; Alabama A&M,2023,3,false
00-0020494,Santana Moss,2003,NYJ,WR,16,15.45,9.84,7.98,0.9084,28.3,Miami,2001,1,false
00-0004052,Stephen Davis,2003,CAR,RB,14,15.45,7.91,7.98,0.8586,28.3,Auburn,1996,4,false
00-0008442,Brad Johnson,2002,TB,QB,13,15.46,8.3,7.98,0.6875,28.3,Florida State,1992,9,false
00-0003396,Curtis Conway,2002,SD,WR,12,15.46,8.23,7.98,0.9167,28.3,USC; El Camino,1993,1,false
00-0034796,Lamar Jackson,2025,BAL,QB,13,16.53,9.08,7.97,0.5833,28.2,Louisville,2018,1,false
00-0027942,A.J. Green,2015,CIN,WR,16,17.11,10.07,7.97,0.9272,28.2,Georgia,2011,1,false
00-0029608,T.Y. Hilton,2016,IND,WR,16,17.11,9.1,7.97,0.9603,28.2,Florida International,2012,3,false
00-0025394,Adrian Peterson,2013,MIN,RB,14,16.62,9.35,7.96,0.9032,28.2,Oklahoma,2007,1,false
00-0031588,Stefon Diggs,2021,BUF,WR,17,16.79,5.71,7.96,0.9484,28.2,Maryland,2015,5,false
00-0023682,Ryan Fitzpatrick,2020,MIA,QB,9,17.08,8.75,7.95,0.5278,28.2,Harvard,2005,7,false
00-0036355,Justin Herbert,2024,LAC,QB,17,16.79,6.22,7.94,0.6842,28.2,Oregon,2020,1,false
00-0023564,Darren Sproles,2012,NO,RB,13,16.62,6.06,7.92,0.9368,28.1,Kansas State,2005,4,false
00-0027029,LeSean McCoy,2012,PHI,RB,12,16.61,2.99,7.91,0.9263,28.1,Pittsburgh,2009,2,false
00-0021191,Antonio Bryant,2008,TB,WR,15,16.67,10.05,7.9,0.9556,28.1,Pittsburgh,2002,2,false
00-0027656,Rob Gronkowski,2015,NE,TE,15,17.04,8.19,7.9,0.9873,28.1,Arizona,2010,2,false
00-0019599,Marc Bulger,2006,LA,QB,16,15.78,8.62,7.9,0.8824,28.1,West Virginia,2000,6,false
00-0036900,Ja'Marr Chase,2023,CIN,WR,16,16.42,12.51,7.9,0.9341,28.1,LSU,2021,1,false
00-0032765,Michael Thomas,2016,NO,WR,15,17.05,8.11,7.9,0.9536,28,Ohio State,2016,2,false
00-0023462,Roddy White,2008,ATL,WR,16,16.66,8,7.9,0.9481,28,UAB,2005,1,false
00-0013013,Michael Pittman,2000,ARI,RB,16,14.55,7.66,7.9,0.8118,28,Fresno State,1998,4,false
00-0034791,Nick Chubb,2022,CLE,RB,17,16.55,7.23,7.89,0.9388,28,Georgia,2018,2,false
00-0033077,Dak Prescott,2022,DAL,QB,12,16.55,6.66,7.89,0.6176,28,Mississippi State,2016,4,false
00-0036971,Trevor Lawrence,2023,JAX,QB,16,16.41,6.91,7.89,0.6111,28,Clemson,2021,1,false
00-0026164,Chris Johnson,2008,TEN,RB,15,16.65,8.28,7.89,0.8936,28,East Carolina,2008,1,false
00-0032764,Derrick Henry,2025,BAL,RB,17,16.44,10,7.89,0.9271,28,Alabama,2016,2,false
00-0036355,Justin Herbert,2022,LAC,QB,17,16.54,6.13,7.89,0.5882,28,Oregon,2020,1,false
00-0031280,Derek Carr,2020,LV,QB,16,17.01,8.4,7.88,0.5,28,Fresno State,2014,2,false
00-0022942,Philip Rivers,2011,LAC,QB,16,15.91,5.44,7.87,0.75,28,N.C. State,2004,1,false
00-0003396,Curtis Conway,2001,SD,WR,16,14.69,6.89,7.87,0.8865,28,USC; El Camino,1993,1,false
00-0019596,Tom Brady,2002,NE,QB,16,15.35,7.63,7.86,0.6563,27.9,Michigan,2000,6,false
00-0039893,Brian Thomas Jr.,2024,JAX,WR,17,16.71,8.07,7.86,0.9363,27.9,LSU,2024,1,false
00-0026176,Jordy Nelson,2013,GB,WR,16,16.52,7.5,7.86,0.9124,27.9,Kansas State,2008,2,false
00-0027974,Colin Kaepernick,2013,SF,QB,16,16.52,8.25,7.85,0.6286,27.9,Nevada,2011,2,false
00-0008442,Brad Johnson,1999,WAS,QB,16,14.71,8.6,7.85,0.878,27.9,Florida State,1992,9,false
00-0035676,A.J. Brown,2024,PHI,WR,13,16.68,6.63,7.84,0.9299,27.9,Mississippi,2019,2,false
00-0009163,Eddie Kennison,2004,KC,WR,14,15.72,8.8,7.84,0.9111,27.9,LSU,1996,1,false
00-0026158,Joe Flacco,2014,BAL,QB,16,16.4,7.26,7.83,0.5758,27.9,Delaware; Pittsburgh,2008,1,false
00-0007681,Torry Holt,2002,STL,WR,16,15.31,6.39,7.83,0.9097,27.9,N.C. State,1999,1,false
00-0035640,DK Metcalf,2020,SEA,WR,16,16.96,9.62,7.83,0.9416,27.8,Mississippi,2019,2,false
00-0022909,Roy Williams,2006,DET,WR,16,15.7,9.46,7.83,0.9134,27.8,Texas,2004,1,false
00-0037248,James Cook,2024,BUF,RB,16,16.67,7.94,7.82,0.898,27.8,Georgia,2022,2,false
00-0031381,Davante Adams,2017,GB,WR,14,15.89,7.9,7.82,0.9539,27.8,Fresno State,2014,2,false
00-0031280,Derek Carr,2015,LV,QB,16,16.95,7.55,7.82,0.5143,27.8,Fresno State,2014,2,false
00-0023436,Alex Smith,2015,KC,QB,16,16.95,5.45,7.82,0.4857,27.8,Utah,2005,1,false
00-0000745,Tiki Barber,2003,NYG,RB,16,15.29,5.73,7.81,0.8485,27.8,Virginia,1997,2,false
00-0027966,Mark Ingram,2015,NO,RB,12,16.95,4.17,7.81,0.9896,27.8,Alabama,2011,1,false
00-0024267,Greg Jennings,2008,GB,WR,16,16.57,6.67,7.81,0.9407,27.8,Western Michigan,2006,2,false
00-0027939,Cam Newton,2016,CAR,QB,15,16.95,6.39,7.8,0.5806,27.8,Auburn; Blinn College; Florida,2011,1,false
00-0015700,Kordell Stewart,2001,PIT,QB,16,14.63,9.59,7.8,0.7188,27.8,Colorado,1995,2,false
00-0030035,Adam Thielen,2020,MIN,WR,15,16.93,9.86,7.8,0.9351,27.8,Minnesota State,,,false
00-0031407,Blake Bortles,2016,JAX,QB,16,16.94,6.51,7.8,0.5484,27.8,UCF,2014,1,false
00-0026993,Josh Freeman,2010,TB,QB,16,16.15,5.1,7.79,0.7879,27.8,Kansas State,2009,1,false
00-0028986,Case Keenum,2017,MIN,QB,15,15.86,7.06,7.79,0.6129,27.7,Houston,,,false
00-0023541,Kyle Orton,2010,DEN,QB,13,16.14,8.28,7.79,0.7576,27.7,Purdue,2005,4,false
00-0033908,Cooper Kupp,2019,LA,WR,16,16.91,9.83,7.78,0.9605,27.7,Eastern Washington,2017,3,false
00-0013042,Jake Plummer,2003,DEN,QB,11,15.26,8.03,7.78,0.8235,27.7,Arizona State,1997,2,false
00-0029137,Alshon Jeffery,2014,CHI,WR,16,16.35,7.54,7.78,0.9161,27.7,South Carolina,2012,2,false
00-0027005,Hakeem Nicks,2011,NYG,WR,15,15.81,7.81,7.78,0.9324,27.7,North Carolina,2009,1,false
00-0022787,Matt Schaub,2011,HOU,QB,10,15.81,5.53,7.77,0.7222,27.7,Virginia,2004,3,false
00-0031408,Mike Evans,2014,TB,WR,15,16.34,9.4,7.77,0.9091,27.7,Texas A&M,2014,1,false
00-0027150,Julian Edelman,2014,NE,WR,14,16.33,8.12,7.76,0.9021,27.7,Kent State; San Mateo,2009,7,false
00-0011770,Eric Moulds,1999,BUF,WR,14,14.61,6,7.75,0.9044,27.6,Mississippi State,1996,1,false
00-0016550,Amani Toomer,1999,NYG,WR,16,14.61,9.65,7.75,0.8971,27.6,Michigan,1996,2,false
00-0017322,Ricky Watters,1999,SEA,RB,16,14.61,8.95,7.75,0.9063,27.6,Notre Dame,1991,2,false
00-0023496,Vincent Jackson,2009,LAC,WR,15,15.99,8.09,7.74,0.9231,27.6,Northern Colorado,2005,2,false
00-0004640,Warrick Dunn,2002,ATL,RB,15,15.23,9.17,7.74,0.8384,27.6,Florida State,1997,1,false
00-0030279,Keenan Allen,2022,LAC,WR,10,16.4,7.5,7.74,0.9333,27.6,California,2013,3,false
00-0021206,Josh McCown,2017,NYJ,QB,13,15.8,8.65,7.73,0.5806,27.6,Sam Houston State; SMU,2002,3,false
00-0029263,Russell Wilson,2016,SEA,QB,16,16.88,8.06,7.73,0.5161,27.6,Wisconsin; N.C. State,2012,3,false
00-0035719,Deebo Samuel Sr.,2023,SF,WR,15,16.25,10.77,7.73,0.9281,27.6,South Carolina,2019,2,false
00-0019663,Darrell Jackson,2004,SEA,WR,16,15.61,8.46,7.72,0.9037,27.6,Florida,2000,3,false
00-0036223,Jonathan Taylor,2020,IND,RB,15,16.85,8.88,7.72,0.9293,27.6,Wisconsin,2020,2,false
00-0029665,Robert Griffin III,2013,WAS,QB,13,16.39,7.6,7.72,0.6,27.6,Baylor,2012,1,false
00-0027690,Eric Decker,2015,NYJ,WR,15,16.85,3.39,7.71,0.9205,27.5,Minnesota,2010,3,false
00-0005885,Jeff George,1999,MIN,QB,12,14.56,7.55,7.71,0.8537,27.5,Illinois; Purdue,1990,1,false
00-0030431,Robert Woods,2018,LA,WR,16,16.6,7.19,7.7,0.8936,27.5,USC,2013,2,false
00-0027942,A.J. Green,2018,CIN,WR,9,16.6,7.51,7.7,0.8865,27.5,Georgia,2011,1,false
00-0015754,Brandon Stokley,2004,IND,WR,15,15.58,10.93,7.7,0.8963,27.5,Louisiana-Lafayette,1999,4,false
00-0006043,Terry Glenn,1999,NE,WR,14,14.55,9.15,7.7,0.8897,27.5,Ohio State,1996,1,false
00-0031325,Sammy Watkins,2015,BUF,WR,13,16.83,10.73,7.69,0.9139,27.5,Clemson,2014,1,false
00-0022044,Andre Johnson,2006,HOU,WR,16,15.57,7.98,7.69,0.9055,27.5,Miami,2003,1,false
00-0033119,Jacoby Brissett,2025,ARI,QB,14,16.25,7.57,7.69,0.5556,27.5,N.C. State; Florida,2016,3,false
00-0021179,Clinton Portis,2004,WAS,RB,15,15.57,8.44,7.69,0.8617,27.5,Miami,2002,2,false
00-0026498,Matthew Stafford,2023,LA,QB,15,16.21,4.64,7.69,0.5833,27.5,Georgia,2009,1,false
00-0013888,Marcus Robinson,2000,CHI,WR,11,14.34,8.22,7.68,0.8841,27.4,South Carolina,1997,4,false
00-0027944,Julio Jones,2017,ATL,WR,16,15.74,10.75,7.67,0.9474,27.4,Alabama,2011,1,false
00-0037238,Drake London,2024,ATL,WR,17,16.52,9.03,7.67,0.9236,27.4,USC,2022,1,false
00-0002110,Mark Brunell,2000,JAX,QB,16,14.32,7.14,7.67,0.7568,27.4,Washington,1993,5,false
00-0018958,Laveranues Coles,2003,WAS,WR,16,15.14,8.59,7.67,0.9008,27.4,Florida State,2000,3,false
00-0028434,Doug Baldwin,2015,SEA,WR,16,16.81,10.66,7.67,0.9073,27.4,Stanford,,,false
00-0036212,Tua Tagovailoa,2024,MIA,QB,11,16.51,8.33,7.66,0.6579,27.4,Alabama,2020,1,false
00-0027944,Julio Jones,2012,ATL,WR,16,16.36,8.48,7.66,0.9257,27.4,Alabama,2011,1,false
00-0007681,Torry Holt,2007,LA,WR,16,15.87,5.74,7.66,0.903,27.4,N.C. State,1999,1,false
00-0004161,Jake Delhomme,2004,CAR,QB,16,15.53,6.04,7.65,0.7429,27.4,Louisiana-Lafayette,,,false
00-0004304,Corey Dillon,2002,CIN,RB,16,15.12,8.26,7.64,0.8283,27.3,Washington; Dixie College (UT); Garden City CC,1997,2,false
00-0038134,Kenneth Walker III,2024,SEA,RB,11,16.47,7.49,7.63,0.8878,27.3,Michigan State; Wake Forest,2022,2,false
00-0039139,Jahmyr Gibbs,2023,DET,RB,15,16.14,8.67,7.62,0.9222,27.3,Alabama; Georgia Tech,2023,1,false
00-0027891,Golden Tate,2014,DET,WR,16,16.19,7.54,7.62,0.8951,27.3,Notre Dame,2010,2,false
00-0027685,Emmanuel Sanders,2018,DEN,WR,12,16.52,7.72,7.62,0.8794,27.3,SMU,2010,3,false
00-0020403,Anthony Thomas,2001,CHI,RB,14,14.44,9.4,7.61,0.8878,27.3,Michigan,2001,2,false
00-0008241,Edgerrin James,2002,IND,RB,14,15.09,7.27,7.61,0.8182,27.3,Miami,1999,1,false
00-0023645,Derek Anderson,2007,CLE,QB,16,15.82,6.97,7.61,0.8611,27.3,Oregon State,2005,6,false
00-0034855,Baker Mayfield,2023,TB,QB,17,16.12,6.07,7.6,0.5556,27.2,Oklahoma; Texas Tech,2018,1,false
00-0021976,Larry Johnson,2007,KC,RB,8,15.81,7.72,7.6,0.9149,27.2,Penn State,2003,1,false
00-0006101,Tony Gonzalez,2008,KC,TE,16,16.36,7.1,7.6,1,27.2,California,1997,1,false
00-0004640,Warrick Dunn,2003,ATL,RB,11,15.07,8.07,7.6,0.8384,27.2,Florida State,1997,1,false
00-0031588,Stefon Diggs,2023,BUF,WR,17,16.11,8.39,7.59,0.9222,27.2,Maryland,2015,5,false
00-0030506,Travis Kelce,2021,KC,TE,16,16.43,9.2,7.59,0.987,27.2,Cincinnati,2013,3,false
00-0001823,Aaron Brooks,2004,NO,QB,16,15.46,4.06,7.58,0.7143,27.2,Virginia,1999,4,false
00-0027874,Demaryius Thomas,2015,DEN,WR,16,16.71,5.62,7.58,0.9007,27.2,Georgia Tech,2010,1,false
00-0005363,Doug Flutie,1999,BUF,QB,15,14.43,4.92,7.58,0.8293,27.2,Boston College,1985,11,false
00-0023496,Vincent Jackson,2012,TB,WR,16,16.27,8.48,7.57,0.9189,27.2,Northern Colorado,2005,2,false
00-0023500,Frank Gore,2007,SF,RB,15,15.79,9.29,7.57,0.9043,27.2,Miami,2005,3,false
00-0031408,Mike Evans,2021,TB,WR,16,16.41,9.07,7.57,0.9419,27.1,Texas A&M,2014,1,false
00-0019455,Peter Warrick,2003,CIN,WR,15,15.04,7.57,7.57,0.8931,27.1,Florida State,2000,1,false
00-0001532,David Boston,2000,ARI,WR,16,14.22,10.72,7.56,0.8768,27.1,Ohio State,1999,1,false
00-0025394,Adrian Peterson,2008,MIN,RB,16,16.32,7.54,7.56,0.883,27.1,Oklahoma,2007,1,false
00-0017200,Kurt Warner,2008,ARI,QB,16,16.32,6.2,7.55,0.875,27.1,Northern Iowa,,,false
00-0020407,Rudi Johnson,2005,CIN,RB,16,15.61,7.73,7.55,0.8958,27.1,Auburn; Butler County JC,2001,4,false
00-0022427,Wes Welker,2013,DEN,WR,13,16.22,7.04,7.55,0.9051,27.1,Texas Tech,,,false
00-0022770,Derrick Ward,2007,NYG,RB,8,15.76,5.85,7.55,0.8936,27.1,University of Ottawa (Kans.); Fresno State,2004,7,false
00-0003378,Albert Connell,1999,WAS,WR,15,14.4,7.59,7.55,0.8824,27.1,Texas A&M; Trinity Valley CC,1997,4,false
00-0024221,Vernon Davis,2009,SF,TE,16,15.78,8.63,7.54,0.9853,27.1,Maryland,2006,1,false
00-0031407,Blake Bortles,2017,JAX,QB,16,15.6,7.66,7.54,0.5484,27.1,UCF,2014,1,false
00-0019693,Jamal Lewis,2000,BAL,RB,16,14.19,8.58,7.53,0.8,27,Tennessee,2000,1,false
00-0035100,Jake Browning,2023,CIN,QB,9,16.05,8.07,7.53,0.5278,27,Washington,,,false
00-0019596,Tom Brady,2005,NE,QB,16,15.58,6.28,7.52,0.9167,27,Michigan,2000,6,false
00-0022092,Chris Brown,2004,TEN,RB,11,15.4,9.11,7.52,0.8511,27,Colorado; Northwestern; Fort Scott CC,2003,3,false
00-0023500,Frank Gore,2008,SF,RB,14,16.28,7.02,7.52,0.8723,27,Miami,2005,3,false
00-0022736,Steven Jackson,2005,LA,RB,15,15.57,8.05,7.51,0.8854,27,Oregon State,2004,1,false
00-0022924,Ben Roethlisberger,2013,PIT,QB,16,16.18,6.91,7.51,0.5714,27,Miami (Ohio),2004,1,false
00-0002099,Isaac Bruce,2004,LA,WR,16,15.39,7.6,7.51,0.8889,27,Memphis; Santa Monica; West Los Angeles College,1994,2,false
00-0030485,Eddie Lacy,2013,GB,RB,15,16.17,7.64,7.5,0.8925,27,Alabama,2013,2,false
00-0021231,David Garrard,2007,JAX,QB,12,15.71,4.72,7.5,0.8333,27,East Carolina,2002,4,false
00-0030506,Travis Kelce,2017,KC,TE,15,15.57,7.61,7.5,0.987,27,Cincinnati,2013,3,false
00-0019863,Dominic Rhodes,2001,IND,RB,15,14.32,10.95,7.49,0.8776,26.9,Midwestern State; Tyler JC,,,false
00-0028002,Randall Cobb,2012,GB,WR,15,16.17,7.17,7.47,0.9122,26.9,Kentucky,2011,2,false
00-0030404,Chris Thompson,2017,WAS,RB,10,15.54,8.29,7.47,0.9053,26.9,Florida State,2013,5,false
00-0010650,Ed McCaffrey,1999,DEN,WR,15,14.32,8.68,7.47,0.875,26.9,Stanford,1991,3,false
00-0027944,Julio Jones,2011,ATL,WR,13,15.5,10.32,7.46,0.9257,26.9,Alabama,2011,1,false
00-0032211,Tyler Lockett,2020,SEA,WR,16,16.59,13.59,7.46,0.9286,26.8,Kansas State,2015,3,false
00-0022127,Jason Witten,2007,DAL,TE,16,15.66,8.19,7.44,1,26.8,Tennessee,2003,3,false
00-0031503,Jameis Winston,2017,TB,QB,13,15.51,8.38,7.44,0.5161,26.8,Florida State,2015,1,false
00-0034855,Baker Mayfield,2025,TB,QB,17,16,6.24,7.44,0.5278,26.8,Oklahoma; Texas Tech,2018,1,false
00-0024242,DeAngelo Williams,2009,CAR,RB,13,15.68,8.48,7.44,0.9239,26.8,Memphis,2006,1,false
00-0010442,Curtis Martin,2002,NYJ,RB,16,14.91,6.77,7.43,0.8081,26.8,Pittsburgh,1995,3,false
00-0034844,Saquon Barkley,2023,NYG,RB,14,15.94,8.02,7.43,0.9111,26.8,Penn State,2018,1,false
00-0014489,Bill Schroeder,2001,GB,WR,14,14.24,7.3,7.42,0.8794,26.7,Wisconsin La Crosse,,,false
00-0026143,Matt Ryan,2010,ATL,QB,16,15.78,5.11,7.42,0.7273,26.7,Boston College,2008,1,false
00-0027006,Kenny Britt,2010,TEN,WR,11,15.77,12.17,7.41,0.9296,26.7,Rutgers,2009,1,false
00-0035710,Daniel Jones,2019,NYG,QB,13,16.54,11.58,7.41,0.5882,26.7,Duke,2019,1,false
00-0040715,Cam Skattebo,2025,NYG,RB,8,15.96,8.62,7.41,0.9167,26.7,Arizona State; Sacramento State,2025,4,false
00-0005779,Charlie Garner,2001,OAK,RB,16,14.23,4.77,7.41,0.8673,26.7,Tennessee; Scottsdale CC,1994,2,false
00-0032950,Carson Wentz,2020,PHI,QB,12,16.53,7.62,7.4,0.4722,26.7,North Dakota State,2016,1,false
00-0022921,Larry Fitzgerald,2006,ARI,WR,13,15.28,6.39,7.4,0.8976,26.7,Pittsburgh,2004,1,false
00-0033699,Austin Ekeler,2020,LAC,RB,10,16.53,8.36,7.4,0.9192,26.7,Western State,,,false
00-0010500,Derrick Mason,2002,TEN,WR,14,14.87,7.95,7.39,0.9028,26.7,Michigan State,1997,4,false
00-0022725,Michael Clayton,2004,TB,WR,16,15.27,6.9,7.39,0.8815,26.7,LSU,2004,1,false
00-0036212,Tua Tagovailoa,2023,MIA,QB,17,15.9,6.24,7.39,0.5,26.7,Alabama,2020,1,false
00-0021206,Josh McCown,2015,CLE,QB,8,16.52,9.98,7.38,0.4571,26.6,Sam Houston State; SMU,2002,3,false
00-0021231,David Garrard,2010,JAX,QB,14,15.74,9,7.38,0.697,26.6,East Carolina,2002,4,false
00-0026184,Matt Forte,2015,CHI,RB,13,16.52,6.66,7.38,0.9792,26.6,Tulane,2008,2,false
00-0020337,Steve Smith,2007,CAR,WR,15,15.59,11.21,7.37,0.8955,26.6,Utah; Santa Monica,2001,3,false
00-0017162,Hines Ward,2005,PIT,WR,15,15.43,9.82,7.37,0.9248,26.6,Georgia,1998,3,false
00-0009311,Jon Kitna,2010,DAL,QB,10,15.73,6.97,7.37,0.6667,26.6,Central Washington University,,,false
00-0031381,Davante Adams,2025,LA,WR,14,15.92,6.84,7.37,0.9503,26.6,Fresno State,2014,2,false
00-0020490,Koren Robinson,2002,SEA,WR,16,14.85,8.87,7.37,0.8958,26.6,N.C. State,2001,1,false
00-0019663,Darrell Jackson,2001,SEA,WR,16,14.19,7.76,7.36,0.8723,26.6,Florida,2000,3,false
00-0006305,Ahman Green,2004,GB,RB,15,15.24,9.65,7.36,0.8404,26.6,Nebraska,1998,3,false
00-0019596,Tom Brady,2019,NE,QB,16,16.48,6.57,7.36,0.5588,26.6,Michigan,2000,6,false
00-0021153,Javon Walker,2006,DEN,WR,16,15.23,9.76,7.36,0.8898,26.6,Florida State; Jones County JC,2002,1,false
00-0026213,Jamaal Charles,2009,KC,RB,15,15.58,10.81,7.34,0.913,26.5,Texas,2008,3,false
00-0019596,Tom Brady,2022,TB,QB,17,15.98,7.12,7.32,0.5588,26.5,Michigan,2000,6,false
00-0010137,Ray Lucas,1999,NYJ,QB,9,14.17,7.69,7.32,0.8049,26.5,Rutgers,,,false
00-0031236,Brandin Cooks,2018,LA,WR,15,16.21,7.01,7.31,0.8723,26.5,Oregon State,2014,1,false
00-0031428,Allen Robinson,2020,CHI,WR,16,16.43,7.44,7.3,0.9221,26.4,Penn State,2014,2,false
00-0036945,Justin Fields,2025,NYJ,QB,9,15.85,10.8,7.3,0.5,26.4,Ohio State,2021,1,false
00-0001823,Aaron Brooks,2000,NO,QB,8,13.94,10.33,7.29,0.7297,26.4,Virginia,1999,4,false
00-0035311,Myles Gaskin,2020,MIA,RB,10,16.42,6.92,7.29,0.9091,26.4,Washington,2019,7,false
00-0027713,Aaron Hernandez,2011,NE,TE,14,15.32,7.56,7.28,0.9726,26.4,Florida,2010,4,false
00-0027876,Tim Tebow,2011,DEN,QB,13,15.32,8.03,7.28,0.6944,26.4,Florida,2010,1,false
00-0004304,Corey Dillon,1999,CIN,RB,15,14.13,11.09,7.28,0.8958,26.4,Washington; Dixie College (UT); Garden City CC,1997,2,false
00-0030279,Keenan Allen,2021,LAC,WR,16,16.11,4.62,7.27,0.9355,26.4,California,2013,3,false
00-0031236,Brandin Cooks,2016,NO,WR,15,16.42,10.11,7.27,0.947,26.4,Oregon State,2014,1,false
00-0033288,George Kittle,2018,SF,TE,16,16.17,8.12,7.27,0.9737,26.3,Iowa,2017,5,false
00-0036555,Chuba Hubbard,2024,CAR,RB,15,16.11,8.96,7.26,0.8776,26.3,Oklahoma State,2021,4,false
00-0027861,C.J. Spiller,2012,BUF,RB,16,15.96,7.64,7.26,0.9158,26.3,Clemson,2010,1,false
00-0023437,Ronnie Brown,2009,MIA,RB,9,15.5,7.65,7.25,0.9022,26.3,Auburn,2005,1,false
00-0035700,Josh Jacobs,2025,GB,RB,15,15.81,9.02,7.25,0.9063,26.3,Alabama,2019,1,false
00-0015523,Duce Staley,1999,PHI,RB,16,14.11,6.1,7.25,0.8854,26.3,South Carolina; Itawamba JC,1997,3,false
00-0035289,Gardner Minshew,2019,JAX,QB,14,16.37,5.77,7.25,0.5294,26.3,Washington State,2019,6,false
00-0027265,Victor Cruz,2012,NYG,WR,16,15.95,9.61,7.25,0.9054,26.3,UMass Amherst,,,false
00-0036252,Michael Pittman,2023,IND,WR,16,15.76,5.9,7.24,0.9162,26.3,USC,2020,2,false
00-0026901,Mike Wallace,2010,PIT,WR,16,15.6,8.26,7.24,0.9225,26.3,Mississippi,2009,3,false
00-0037256,Rachaad White,2023,TB,RB,17,15.76,6.19,7.24,0.9,26.3,Arizona State; Mt. San Antonio; Kearney State,2022,3,false
00-0036275,D'Andre Swift,2021,DET,RB,13,16.07,7.92,7.23,0.9208,26.2,Georgia,2020,2,false
00-0004541,Donald Driver,2002,GB,WR,16,14.71,7.15,7.23,0.8889,26.2,Alcorn State,1999,7,false
00-0017915,Ricky Williams,2009,MIA,RB,16,15.47,7.33,7.23,0.8913,26.2,Texas,1999,1,false
00-0009266,Shaun King,2000,TB,QB,16,13.88,7.11,7.22,0.7027,26.2,Tulane,1999,2,false
00-0030279,Keenan Allen,2019,LAC,WR,16,16.34,9.58,7.22,0.9539,26.2,California,2013,3,false
00-0017486,Tyrone Wheatley,2000,OAK,RB,14,13.87,7.04,7.22,0.7882,26.2,Michigan,1995,1,false
00-0017162,Hines Ward,2001,PIT,WR,16,14.04,6.45,7.21,0.8652,26.2,Georgia,1998,3,false
00-0015698,James Stewart,1999,JAX,RB,14,14.06,8.85,7.21,0.875,26.2,Tennessee,,,false
00-0025389,Calvin Johnson,2015,DET,WR,16,16.34,9.43,7.2,0.894,26.2,Georgia Tech,2007,1,false
00-0024466,Marques Colston,2012,NO,WR,16,15.9,9.37,7.2,0.8986,26.2,Hofstra,2006,7,false
00-0023545,Brandon Jacobs,2007,NYG,RB,11,15.41,7.37,7.2,0.883,26.1,Southern Illinois; Auburn; Coffeyville CC,2005,4,false
00-0007180,Garrison Hearst,2001,SF,RB,16,14.02,6.3,7.19,0.8571,26.1,Georgia,1993,1,false
00-0007091,Matt Hasselbeck,2004,SEA,QB,14,15.07,7.69,7.19,0.6857,26.1,Boston College,1998,6,false
00-0033897,Joe Mixon,2023,CIN,RB,17,15.71,6.23,7.19,0.8889,26.1,Oklahoma,2017,2,false
00-0002068,Troy Brown,2002,NE,WR,14,14.67,9.24,7.19,0.8819,26.1,Marshall; Lees-McRae College,1993,8,false
00-0007091,Matt Hasselbeck,2007,SEA,QB,16,15.4,5.56,7.18,0.8056,26.1,Boston College,1998,6,false
00-0006101,Tony Gonzalez,2007,KC,TE,16,15.39,8.21,7.17,0.9841,26.1,California,1997,1,false
00-0029604,Kirk Cousins,2019,MIN,QB,15,16.29,6.95,7.17,0.5,26.1,Michigan State,2012,4,false
00-0015091,Antowain Smith,2001,NE,RB,16,13.99,8.9,7.17,0.8469,26.1,Houston; East Mississippi JC,1997,1,false
00-0005720,Joey Galloway,2006,TB,WR,14,15.04,7.32,7.17,0.8819,26.1,Ohio State,1995,1,false
00-0022178,Willis McGahee,2004,BUF,RB,15,15.05,11.06,7.16,0.8298,26.1,Miami,2003,1,false
00-0019281,Mike Furrey,2006,DET,WR,16,15.04,8.98,7.16,0.874,26.1,Northern Iowa; Ohio State,,,false
00-0025394,Adrian Peterson,2015,MIN,RB,16,16.29,8.08,7.16,0.9688,26,Oklahoma,2007,1,false
00-0024389,Delanie Walker,2015,TEN,TE,15,16.29,6,7.16,0.9747,26,Central Missouri; Mt. San Antonio,2006,6,false
00-0026498,Matthew Stafford,2020,DET,QB,16,16.29,6.66,7.15,0.4444,26,Georgia,2009,1,false
00-0022127,Jason Witten,2010,DAL,TE,16,15.51,8.31,7.15,0.9863,26,Tennessee,2003,3,false
00-0026498,Matthew Stafford,2014,DET,QB,16,15.72,7.75,7.15,0.5455,26,Georgia,2009,1,false
00-0026901,Mike Wallace,2011,PIT,WR,16,15.19,6.7,7.15,0.9189,26,Mississippi,2009,3,false
00-0027973,Andy Dalton,2016,CIN,QB,16,16.29,4.22,7.14,0.4839,26,TCU,2011,2,false
00-0020527,Deuce McAllister,2004,NO,RB,14,15.01,8.96,7.13,0.8191,26,Mississippi,2001,1,false
00-0010346,Peyton Manning,2008,IND,QB,16,15.89,7.13,7.12,0.8438,26,Tennessee,1998,1,false
00-0036264,Jordan Love,2025,GB,QB,15,15.68,7.41,7.12,0.4722,26,Utah State,2020,1,false
00-0036223,Jonathan Taylor,2023,IND,RB,10,15.64,6.73,7.12,0.8778,26,Wisconsin,2020,2,false
00-0023545,Brandon Jacobs,2008,NYG,RB,13,15.88,7.46,7.12,0.8617,26,Southern Illinois; Auburn; Coffeyville CC,2005,4,false
00-0036410,Tee Higgins,2022,CIN,WR,14,15.78,7.53,7.12,0.9267,25.9,Clemson,2020,2,false
00-0017162,Hines Ward,2009,PIT,WR,16,15.36,8.38,7.11,0.9161,25.9,Georgia,1998,3,false
00-0027696,Jimmy Graham,2012,NO,TE,15,15.81,7.93,7.11,0.9863,25.9,Miami,2010,3,false
00-0027944,Julio Jones,2020,ATL,WR,9,16.23,9.54,7.1,0.9156,25.9,Alabama,2011,1,false
00-0022787,Matt Schaub,2008,HOU,QB,11,15.87,8.67,7.1,0.8125,25.9,Virginia,2004,3,false
00-0026364,Steve Johnson,2010,BUF,WR,16,15.46,9.59,7.1,0.9155,25.9,Kentucky; Chabot College,2008,7,false
00-0031381,Davante Adams,2023,LV,WR,17,15.61,11.11,7.09,0.9102,25.9,Fresno State,2014,2,false
00-0038597,Chase Brown,2024,CIN,RB,16,15.94,7.51,7.09,0.8673,25.9,Illinois; Western Michigan,2023,5,false
00-0027974,Colin Kaepernick,2014,SF,QB,16,15.67,6.88,7.09,0.5152,25.9,Nevada,2011,2,false
00-0010346,Peyton Manning,2005,IND,QB,16,15.15,8.34,7.09,0.8889,25.9,Tennessee,1998,1,false
00-0027948,Blaine Gabbert,2015,SF,QB,8,16.22,4.19,7.08,0.4286,25.8,Missouri,2011,1,false
00-0011727,Johnnie Morton,1999,DET,WR,16,13.93,7.78,7.08,0.8676,25.8,USC,1994,1,false
00-0026995,Jeremy Maclin,2015,KC,WR,15,16.21,8.55,7.08,0.8874,25.8,Missouri,2009,1,false
00-0019642,Plaxico Burress,2007,NYG,WR,16,15.28,10.59,7.07,0.8881,25.8,Michigan State,2000,1,false
00-0021755,Earnest Graham,2007,TB,RB,15,15.28,10.17,7.07,0.8723,25.8,Florida,,,false
00-0027150,Julian Edelman,2013,NE,WR,16,15.73,9.63,7.07,0.8978,25.8,Kent State; San Mateo,2009,7,false
00-0021429,Carson Palmer,2016,ARI,QB,15,16.21,5.72,7.06,0.4516,25.8,USC,2003,1,false
00-0005562,Antonio Freeman,2000,GB,WR,15,13.71,8,7.06,0.8696,25.8,Virginia Tech,1995,3,false
00-0026158,Joe Flacco,2015,BAL,QB,10,16.19,7.61,7.06,0.4,25.8,Delaware; Pittsburgh,2008,1,false
00-0036261,Brandon Aiyuk,2023,SF,WR,16,15.57,7.57,7.06,0.9042,25.8,Arizona State; Sierra JC,2020,1,false
00-0019596,Tom Brady,2013,NE,QB,16,15.72,7.46,7.06,0.5429,25.8,Michigan,2000,6,false
00-0029141,Alfred Morris,2012,WAS,RB,16,15.75,8.39,7.05,0.9053,25.8,Florida Atlantic,2012,6,false
00-0008059,Qadry Ismail,2001,BAL,WR,16,13.87,6.37,7.04,0.8582,25.7,Syracuse,1993,2,false
00-0027966,Mark Ingram,2019,BAL,RB,15,16.17,8.27,7.04,0.9053,25.7,Alabama,2011,1,false
00-0022178,Willis McGahee,2007,BAL,RB,15,15.25,5.86,7.04,0.8617,25.7,Miami,2003,1,false
00-0022942,Philip Rivers,2016,LAC,QB,16,16.18,4.8,7.04,0.4194,25.7,N.C. State,2004,1,false
00-0015290,Rod Smith,2004,DEN,WR,16,14.92,7.33,7.04,0.8741,25.7,Missouri Southern,,,false
00-0030107,Theo Riddick,2016,DET,RB,10,16.18,7.82,7.03,0.9271,25.7,Notre Dame,2013,6,false
00-0033893,Dalvin Cook,2021,MIN,RB,13,15.87,8.48,7.03,0.9109,25.7,Florida State,2017,2,false
00-0019559,Chad Pennington,2002,NYJ,QB,15,14.51,7.78,7.03,0.625,25.7,Marshall,2000,1,false
00-0033553,James Conner,2024,ARI,RB,16,15.86,7.85,7.02,0.8571,25.7,Pittsburgh,2017,3,false
00-0017162,Hines Ward,2006,PIT,WR,14,14.89,9.53,7.02,0.8661,25.7,Georgia,1998,3,false
00-0019599,Marc Bulger,2003,LA,QB,15,14.49,6.46,7.01,0.7941,25.7,West Virginia,2000,6,false
00-0018958,Laveranues Coles,2006,NYJ,WR,16,14.89,9.31,7.01,0.8583,25.7,Florida State,2000,3,false
00-0024240,Santonio Holmes,2007,PIT,WR,13,15.22,7.97,7.01,0.8806,25.7,Ohio State,2006,1,false
00-0029701,Ryan Tannehill,2015,MIA,QB,16,16.14,5.58,7.01,0.3714,25.7,Texas A&M,2012,1,false
00-0005106,Brett Favre,2007,GB,QB,16,15.22,8.92,7,0.7778,25.6,Southern Mississippi,1991,2,false
00-0020514,Michael Bennett,2002,MIN,RB,16,14.48,7.23,7,0.798,25.6,Wisconsin,2001,1,false
00-0024313,Owen Daniels,2009,HOU,TE,8,15.24,8.61,6.99,0.9706,25.6,Wisconsin,2006,4,false
00-0035685,David Montgomery,2024,DET,RB,14,15.84,4.79,6.99,0.8469,25.6,Iowa State,2019,3,false
00-0022787,Matt Schaub,2010,HOU,QB,16,15.35,7.23,6.99,0.6364,25.6,Virginia,2004,3,false
00-0033553,James Conner,2023,ARI,RB,13,15.5,8.44,6.98,0.8667,25.6,Pittsburgh,2017,3,false
00-0023682,Ryan Fitzpatrick,2019,MIA,QB,15,16.1,9.39,6.97,0.4706,25.6,Harvard,2005,7,false
00-0027973,Andy Dalton,2012,CIN,QB,16,15.67,7.07,6.97,0.6571,25.6,TCU,2011,2,false
00-0027973,Andy Dalton,2018,CIN,QB,11,15.87,6.66,6.97,0.4286,25.5,TCU,2011,2,false
00-0002110,Mark Brunell,2001,JAC,QB,15,13.78,6.24,6.96,0.6875,25.5,Washington,1993,5,true
00-0004915,Bobby Engram,2007,SEA,WR,16,15.17,6.35,6.96,0.8731,25.5,Penn State,1996,2,false
00-0031237,Teddy Bridgewater,2020,CAR,QB,15,16.08,6.84,6.95,0.4167,25.5,Louisville,2014,1,false
00-0029701,Ryan Tannehill,2021,TEN,QB,17,15.79,4.91,6.95,0.5938,25.5,Texas A&M,2012,1,false
00-0026986,Michael Crabtree,2012,SF,WR,16,15.64,9.4,6.94,0.8919,25.5,Texas Tech,2009,1,false
00-0021314,Chester Taylor,2006,MIN,RB,15,14.81,7.25,6.94,0.8763,25.5,Toledo,2002,6,false
00-0037840,Kyren Williams,2025,LA,RB,17,15.49,6.11,6.94,0.8958,25.5,Notre Dame,2022,5,false
00-0021429,Carson Palmer,2006,CIN,QB,16,14.81,6.5,6.93,0.8529,25.5,USC,2003,1,false
00-0021678,Tony Romo,2008,DAL,QB,13,15.69,7.27,6.93,0.7813,25.4,Eastern Illinois,,,false
00-0021184,Ladell Betts,2006,WAS,RB,16,14.81,8.3,6.93,0.866,25.4,Iowa,2002,2,false
00-0033288,George Kittle,2024,SF,TE,15,15.77,6.86,6.93,1,25.4,Iowa,2017,5,false
00-0005180,Jay Fiedler,2001,MIA,QB,16,13.75,7.28,6.93,0.6563,25.4,Dartmouth,,,false
00-0021547,Antonio Gates,2009,LAC,TE,16,15.17,7.78,6.93,0.9559,25.4,Kent State; Eastern Michigan; Michigan State; College of the Sequoias,,,false
00-0026898,Mark Sanchez,2014,PHI,QB,9,15.49,5.61,6.92,0.4848,25.4,USC,2009,1,false
00-0033949,Joshua Dobbs,2023,ARI,QB,13,15.44,8.77,6.92,0.4722,25.4,Tennessee,2017,4,true
00-0023662,Matt Cassel,2010,KC,QB,15,15.28,9.3,6.92,0.6061,25.4,USC,2005,7,false
00-0023682,Ryan Fitzpatrick,2010,BUF,QB,13,15.28,7.7,6.92,0.5758,25.4,Harvard,2005,7,false
00-0002099,Isaac Bruce,2003,LA,WR,14,14.39,5.25,6.92,0.8855,25.4,Memphis; Santa Monica; West Los Angeles College,1994,2,false
00-0030035,Adam Thielen,2017,MIN,WR,16,14.98,7.86,6.91,0.9408,25.4,Minnesota State,,,false
00-0001823,Aaron Brooks,2003,NO,QB,16,14.38,7.8,6.91,0.7647,25.4,Virginia,1999,4,false
00-0035659,Terry McLaurin,2024,WAS,WR,17,15.75,7.83,6.91,0.9172,25.4,Ohio State,2019,3,false
00-0004541,Donald Driver,2005,GB,WR,16,14.96,6.61,6.9,0.9173,25.4,Alcorn State,1999,7,false
00-0036358,CeeDee Lamb,2025,DAL,WR,13,15.45,5.98,6.9,0.9441,25.4,Oklahoma,2020,1,false
00-0008059,Qadry Ismail,1999,BAL,WR,15,13.75,11.15,6.9,0.8603,25.4,Syracuse,1993,2,false
00-0016098,Fred Taylor,2004,JAX,RB,14,14.78,6.46,6.9,0.8085,25.4,Florida,1998,1,false
00-0032241,Todd Gurley,2015,LA,RB,13,16.03,9.05,6.89,0.9583,25.4,Georgia,2015,1,false
00-0027150,Julian Edelman,2019,NE,WR,16,16.02,7.14,6.89,0.9474,25.4,Kent State; San Mateo,2009,7,false
00-0033009,Tyler Boyd,2018,CIN,WR,14,15.79,7.95,6.89,0.8652,25.3,Pittsburgh,2016,2,false
00-0035261,Tony Pollard,2022,DAL,RB,16,15.55,10.44,6.89,0.9286,25.3,Memphis,2019,4,false
00-0022736,Steven Jackson,2011,LA,RB,15,14.92,7.99,6.88,0.875,25.3,Oregon State,2004,1,false
00-0023544,Marion Barber,2007,DAL,RB,16,15.09,9.86,6.88,0.8511,25.3,Minnesota,2005,4,false
00-0025637,Ahmad Bradshaw,2014,IND,RB,10,15.45,6.38,6.88,0.932,25.3,Marshall,2007,7,false
00-0033106,Jared Goff,2020,LA,QB,15,16,7.08,6.87,0.3889,25.3,California,2016,1,false
00-0024466,Marques Colston,2010,NO,WR,15,15.23,7.46,6.87,0.9085,25.3,Hofstra,2006,7,false
00-0029263,Russell Wilson,2024,PIT,QB,11,15.71,6.2,6.86,0.6316,25.3,Wisconsin; N.C. State,2012,3,false
00-0031503,Jameis Winston,2016,TB,QB,16,16.01,5.9,6.86,0.3871,25.3,Florida State,2015,1,false
00-0019641,Thomas Jones,2005,CHI,RB,15,14.92,6.66,6.86,0.875,25.3,Virginia,2000,1,false
00-0026373,Justin Forsett,2014,BAL,RB,16,15.43,6.89,6.86,0.9223,25.3,California,2008,7,false
00-0020407,Rudi Johnson,2003,CIN,RB,13,14.33,10.67,6.86,0.8283,25.3,Auburn; Butler County JC,2001,4,false
00-0026143,Matt Ryan,2013,ATL,QB,16,15.51,5,6.84,0.5143,25.2,Boston College,2008,1,false
00-0021999,Nate Burleson,2004,MIN,WR,16,14.72,7.94,6.84,0.8667,25.2,Nevada,2003,3,false
00-0026993,Josh Freeman,2012,TB,QB,16,15.53,7,6.83,0.6286,25.2,Kansas State,2009,1,false
00-0034791,Nick Chubb,2019,CLE,RB,16,15.95,9.37,6.83,0.8947,25.2,Georgia,2018,2,false
00-0026998,Percy Harvin,2010,MIN,WR,14,15.18,6.86,6.82,0.9014,25.2,Florida,2009,1,false
00-0024334,Brandon Marshall,2011,MIA,WR,16,14.86,6.83,6.82,0.9122,25.2,UCF,2006,4,false
00-0025399,Marshawn Lynch,2008,BUF,RB,15,15.58,8.13,6.82,0.8511,25.2,California,2007,1,false
00-0036410,Tee Higgins,2021,CIN,WR,14,15.65,10.5,6.81,0.929,25.1,Clemson,2020,2,false
00-0010539,Terance Mathis,1999,ATL,WR,16,13.66,7.74,6.81,0.8529,25.1,New Mexico,1990,6,false
00-0031428,Allen Robinson,2019,CHI,WR,16,15.93,7.55,6.81,0.9408,25.1,Penn State,2014,2,false
00-0022427,Wes Welker,2008,NE,WR,16,15.57,5.78,6.81,0.9333,25.1,Texas Tech,,,false
00-0030565,Geno Smith,2024,SEA,QB,17,15.65,6.01,6.8,0.6053,25.1,West Virginia,2013,2,false
00-0001532,David Boston,2003,LAC,WR,14,14.27,12.26,6.8,0.8779,25.1,Ohio State,1999,1,false
00-0006043,Terry Glenn,2000,NE,WR,16,13.45,5.37,6.8,0.8623,25.1,Ohio State,1996,1,false
00-0022736,Steven Jackson,2010,LA,RB,16,15.15,5.31,6.79,0.8778,25.1,Oregon State,2004,1,false
00-0026898,Mark Sanchez,2011,NYJ,QB,16,14.83,7.53,6.79,0.6667,25.1,USC,2009,1,false
00-0033921,Chris Godwin Jr.,2020,TB,WR,12,15.92,7.06,6.79,0.9091,25.1,Penn State,2017,3,false
00-0020527,Deuce McAllister,2006,NO,RB,15,14.66,5.17,6.78,0.8557,25.1,Mississippi,2001,1,false
00-0025604,Tyler Thigpen,2008,KC,QB,14,15.54,7.49,6.78,0.75,25.1,Coastal Carolina,2007,7,false
00-0004052,Stephen Davis,2001,WAS,RB,16,13.61,5.95,6.78,0.8367,25.1,Auburn,1996,4,false
00-0019642,Plaxico Burress,2006,NYG,WR,15,14.65,6.32,6.78,0.8504,25.1,Michigan State,2000,1,false
00-0019642,Plaxico Burress,2005,NYG,WR,16,14.84,9.6,6.78,0.9098,25,Michigan State,2000,1,false
00-0003292,Kerry Collins,2000,NYG,QB,16,13.43,6.71,6.78,0.6757,25,Penn State,1995,1,false
00-0008210,Willie Jackson,2001,NO,WR,16,13.6,8.65,6.77,0.8511,25,Florida,1994,4,false
00-0028118,Tyrod Taylor,2017,BUF,QB,15,14.84,6.59,6.77,0.4839,25,Virginia Tech,2011,6,false
00-0030506,Travis Kelce,2019,KC,TE,16,15.89,5.61,6.77,1,25,Cincinnati,2013,3,false
00-0033288,George Kittle,2019,SF,TE,14,15.89,6.65,6.77,0.9857,25,Iowa,2017,5,false
00-0010500,Derrick Mason,2007,BAL,WR,16,14.98,4.9,6.77,0.8657,25,Michigan State,1997,4,false
00-0020407,Rudi Johnson,2006,CIN,RB,16,14.64,6.32,6.76,0.8454,25,Auburn; Butler County JC,2001,4,false
00-0037197,Isiah Pacheco,2023,KC,RB,14,15.28,7.5,6.76,0.8556,25,Rutgers,2022,7,false
00-0019641,Thomas Jones,2009,NYJ,RB,16,15,7.25,6.76,0.8804,25,Virginia,2000,1,false
00-0027696,Jimmy Graham,2014,NO,TE,15,15.33,9.31,6.75,0.9868,25,Miami,2010,3,false
00-0028067,Julius Thomas,2013,DEN,TE,14,15.41,7.64,6.75,0.9851,25,Portland State,2011,4,false
00-0022921,Larry Fitzgerald,2010,ARI,WR,16,15.11,6.98,6.75,0.8944,25,Pittsburgh,2004,1,false
00-0036264,Jordan Love,2024,GB,QB,15,15.59,6.56,6.75,0.5789,25,Utah State,2020,1,false
00-0001215,Jerome Bettis,2001,PIT,RB,11,13.57,6.69,6.75,0.8265,25,Notre Dame,1993,1,false
00-0033553,James Conner,2022,ARI,RB,13,15.4,6.37,6.74,0.9184,25,Pittsburgh,2017,3,false
00-0020446,Chris Chambers,2003,MIA,WR,16,14.21,9.64,6.73,0.8702,24.9,Wisconsin,2001,2,false
00-0025399,Marshawn Lynch,2007,BUF,RB,13,14.94,5.56,6.73,0.8404,24.9,California,2007,1,false
00-0026988,Knowshon Moreno,2010,DEN,RB,13,15.08,9.04,6.73,0.8667,24.9,Georgia,2009,1,false
00-0005562,Antonio Freeman,1999,GB,WR,16,13.58,8.9,6.72,0.8456,24.9,Virginia Tech,1995,3,false
00-0020679,Shaun Hill,2008,SF,QB,9,15.48,4.27,6.72,0.7188,24.9,Maryland; Hutchinson CC,,,false
00-0031236,Brandin Cooks,2015,NO,WR,16,15.85,8.22,6.71,0.8808,24.9,Oregon State,2014,1,false
00-0022084,Anquan Boldin,2013,SF,WR,16,15.38,10.47,6.71,0.8905,24.9,Florida State,2003,2,false
00-0026163,Rashard Mendenhall,2010,PIT,RB,16,15.06,5.95,6.7,0.8556,24.9,Illinois,2008,1,false
00-0028434,Doug Baldwin,2016,SEA,WR,16,15.85,9.51,6.7,0.9404,24.9,Stanford,,,false
00-0020245,Mike Vick,2004,ATL,QB,15,14.58,9,6.7,0.6571,24.8,Virginia Tech,2001,1,false
00-0007180,Garrison Hearst,2002,SF,RB,16,14.18,8.47,6.7,0.7879,24.8,Georgia,1993,1,false
00-0015218,Jimmy Smith,2002,JAC,WR,16,14.18,7.04,6.7,0.875,24.8,Jackson State University,1992,2,true
00-0020407,Rudi Johnson,2004,CIN,RB,16,14.57,7.47,6.69,0.7979,24.8,Auburn; Butler County JC,2001,4,false
00-0011022,Donovan McNabb,2007,PHI,QB,14,14.9,8.42,6.68,0.75,24.8,Syracuse,1999,1,false
00-0015290,Rod Smith,1999,DEN,WR,15,13.53,6.39,6.68,0.8382,24.8,Missouri Southern,,,false
00-0004304,Corey Dillon,2000,CIN,RB,16,13.33,9.74,6.68,0.7765,24.8,Washington; Dixie College (UT); Garden City CC,1997,2,false
00-0024226,Jay Cutler,2013,CHI,QB,11,15.33,6.43,6.67,0.4857,24.8,Vanderbilt,2006,1,false
00-0025462,Laurent Robinson,2011,DAL,WR,14,14.7,7.93,6.66,0.9054,24.8,Illinois State,2007,3,false
00-0002099,Isaac Bruce,2002,STL,WR,16,14.14,8.3,6.66,0.8681,24.7,Memphis; Santa Monica; West Los Angeles College,1994,2,false
00-0036613,Jaylen Waddle,2021,MIA,WR,16,15.49,7.6,6.65,0.9226,24.7,Alabama,2021,1,false
00-0021179,Clinton Portis,2008,WAS,RB,16,15.41,6.91,6.64,0.8404,24.7,Miami,2002,2,false
00-0025637,Ahmad Bradshaw,2010,NYG,RB,16,14.99,6.69,6.64,0.8444,24.7,Marshall,2007,7,false
00-0030565,Geno Smith,2023,SEA,QB,15,15.15,7.12,6.63,0.4444,24.7,West Virginia,2013,2,false
00-0000316,Jamal Anderson,2000,ATL,RB,16,13.29,7.4,6.63,0.7647,24.7,Utah; Moorpark College,1994,7,false
00-0037077,Sam Howell,2023,WAS,QB,17,15.15,8.83,6.63,0.4167,24.7,North Carolina,2022,5,false
00-0006423,Brian Griese,2004,TB,QB,11,14.51,5.33,6.63,0.6286,24.7,Michigan,1998,3,false
00-0036997,Javonte Williams,2025,DAL,RB,16,15.18,6.02,6.62,0.8854,24.6,North Carolina,2021,2,false
00-0031544,Amari Cooper,2023,CLE,WR,15,15.13,12.44,6.62,0.8982,24.6,Alabama,2015,1,false
00-0011727,Johnnie Morton,2001,DET,WR,16,13.44,7.46,6.61,0.844,24.6,USC,1994,1,false
00-0039338,Brock Bowers,2024,LV,TE,17,15.45,7.89,6.61,0.9872,24.6,Georgia,2024,1,false
00-0007091,Matt Hasselbeck,2002,SEA,QB,13,14.09,10.56,6.61,0.5938,24.6,Boston College,1998,6,false
00-0017109,Wesley Walls,1999,CAR,TE,16,13.45,5.21,6.6,0.9846,24.6,Mississippi,1989,2,false
00-0036613,Jaylen Waddle,2022,MIA,WR,17,15.25,9.94,6.59,0.92,24.6,Alabama,2021,1,false
00-0023544,Marion Barber,2008,DAL,RB,15,15.35,10.28,6.58,0.8298,24.6,Minnesota,2005,4,false
00-0023682,Ryan Fitzpatrick,2013,TEN,QB,11,15.24,8.55,6.58,0.4571,24.5,Harvard,2005,7,false
00-0023462,Roddy White,2014,ATL,WR,14,15.15,5.8,6.58,0.8881,24.5,UAB,2005,1,false
00-0024217,Reggie Bush,2011,MIA,RB,15,14.61,7.53,6.58,0.8636,24.5,USC,2006,1,false
00-0033536,Mike Williams,2021,LAC,WR,16,15.41,10.6,6.57,0.9161,24.5,Clemson,2017,1,false
00-0001224,Tim Biakabutuka,1999,CAR,RB,11,13.43,9.86,6.57,0.8646,24.5,Michigan,1996,1,false
00-0026189,DeSean Jackson,2010,PHI,WR,14,14.93,9.47,6.57,0.8873,24.5,California,2008,2,false
00-0033040,Tyreek Hill,2019,KC,WR,12,15.69,9.7,6.57,0.9342,24.5,West Alabama; Garden City CC; Oklahoma State,2016,5,false
00-0026182,Eddie Royal,2008,DEN,WR,15,15.33,7.92,6.56,0.9259,24.5,Virginia Tech,2008,2,false
00-0021216,Brian Westbrook,2003,PHI,RB,15,14.03,9.69,6.56,0.8182,24.5,Villanova,2002,3,false
00-0020245,Mike Vick,2005,ATL,QB,15,14.61,7.01,6.55,0.8611,24.5,Virginia Tech,2001,1,false
00-0031045,Carlos Hyde,2017,SF,RB,16,14.61,6.26,6.54,0.8947,24.4,Ohio State,2014,2,false
00-0027973,Andy Dalton,2019,CIN,QB,13,15.67,7.98,6.54,0.4412,24.4,TCU,2011,2,false
00-0034791,Nick Chubb,2021,CLE,RB,14,15.38,8.53,6.54,0.901,24.4,Georgia,2018,2,false
00-0023662,Matt Cassel,2008,NE,QB,16,15.3,10.69,6.54,0.6875,24.4,USC,2005,7,false
00-0024466,Marques Colston,2008,NO,WR,10,15.3,9.06,6.54,0.9185,24.4,Hofstra,2006,7,false
00-0033319,Nick Mullens,2018,SF,QB,8,15.44,6.02,6.54,0.4,24.4,Southern Mississippi,,,false
00-0030035,Adam Thielen,2021,MIN,WR,13,15.37,9.33,6.53,0.9097,24.4,Minnesota State,,,false
00-0036554,Nico Collins,2025,HOU,WR,15,15.08,6.5,6.53,0.9379,24.4,Michigan,2021,3,false
00-0040666,Omarion Hampton,2025,LAC,RB,9,15.08,8.08,6.52,0.875,24.4,North Carolina,2025,1,false
00-0029854,C.J. Anderson,2014,DEN,RB,14,15.09,12.27,6.52,0.9126,24.4,California; Laney College,,,false
00-0033594,Chris Carson,2020,SEA,RB,12,15.65,6.52,6.52,0.899,24.4,Oklahoma State; Butler County JC,2017,7,false
00-0022929,Devery Henderson,2006,NO,WR,10,14.39,9,6.51,0.8425,24.4,LSU,2004,2,false
00-0032187,David Johnson,2018,ARI,RB,16,15.41,7.14,6.51,0.8925,24.4,Northern Iowa,2015,3,false
00-0005106,Brett Favre,1999,GB,QB,16,13.36,7.86,6.51,0.7805,24.4,Southern Mississippi,1991,2,false
00-0033288,George Kittle,2020,SF,TE,8,15.64,11.27,6.51,0.9737,24.4,Iowa,2017,5,false
00-0020498,Reggie Wayne,2005,IND,WR,15,14.57,6.2,6.51,0.9023,24.4,Miami,2001,1,false
00-0022084,Anquan Boldin,2006,ARI,WR,16,14.38,7.68,6.51,0.8346,24.4,Florida State,2003,2,false
00-0027942,A.J. Green,2011,CIN,WR,15,14.53,6.26,6.5,0.8986,24.3,Georgia,2011,1,false
00-0002962,Wayne Chrebet,2000,NYJ,WR,16,13.15,7.67,6.5,0.8551,24.3,Hofstra,,,false
00-0036912,DeVonta Smith,2024,PHI,WR,13,15.34,8.6,6.49,0.9108,24.3,Alabama,2021,1,false
00-0017200,Kurt Warner,2007,ARI,QB,14,14.7,7.45,6.49,0.7222,24.3,Northern Iowa,,,false
00-0010477,Tony Martin,1999,MIA,WR,15,13.34,9.17,6.49,0.8309,24.3,Mesa State College; Bishop,1989,5,false
00-0023496,Vincent Jackson,2013,TB,WR,16,15.15,10.46,6.49,0.8832,24.3,Northern Colorado,2005,2,false
00-0023462,Roddy White,2007,ATL,WR,16,14.69,8.55,6.47,0.8582,24.3,UAB,2005,1,false
00-0002068,Troy Brown,2000,NE,WR,16,13.13,8.56,6.47,0.8478,24.3,Marshall; Lees-McRae College,1993,8,false
00-0020245,Mike Vick,2012,PHI,QB,10,15.17,5.55,6.47,0.6,24.3,Virginia Tech,2001,1,false
00-0011022,Donovan McNabb,2008,PHI,QB,16,15.23,7.93,6.47,0.6563,24.2,Syracuse,1999,1,false
00-0032268,Marcus Mariota,2022,ATL,QB,13,15.12,5.77,6.46,0.5294,24.2,Oregon,2015,1,false
00-0007468,Ike Hilliard,2000,NYG,WR,14,13.11,7.98,6.46,0.8406,24.2,Florida,1997,1,false
00-0036912,DeVonta Smith,2022,PHI,WR,17,15.09,8.52,6.44,0.9133,24.2,Alabama,2021,1,false
00-0006101,Tony Gonzalez,2003,KC,TE,16,13.91,6.91,6.43,1,24.2,California,1997,1,false
00-0001335,Jeff Blake,1999,CIN,QB,14,13.29,8.91,6.43,0.7561,24.2,East Carolina,1992,6,false
00-0020022,Marcel Shipp,2002,ARI,RB,15,13.91,9.97,6.43,0.7778,24.2,UMass Amherst,,,false
00-0026229,Steve Slaton,2009,HOU,RB,11,14.67,7.19,6.43,0.8696,24.2,West Virginia,2008,3,false
00-0033293,Aaron Jones,2021,GB,RB,15,15.27,9.64,6.43,0.8911,24.2,Texas-El Paso,2017,5,false
00-0023074,Samkon Gado,2005,GB,RB,8,14.49,10.8,6.43,0.8646,24.1,Liberty,,,false
00-0017162,Hines Ward,2007,PIT,WR,13,14.64,8.8,6.43,0.8507,24.1,Georgia,1998,3,false
00-0014544,Darnay Scott,1999,CIN,WR,16,13.26,7.24,6.41,0.8235,24.1,San Diego State,1994,2,false
00-0034855,Baker Mayfield,2020,CLE,QB,16,15.54,8.47,6.41,0.3611,24.1,Oklahoma; Texas Tech,2018,1,false
00-0031408,Mike Evans,2020,TB,WR,16,15.54,9.27,6.41,0.9026,24.1,Texas A&M,2014,1,false
00-0030431,Robert Woods,2021,LA,WR,9,15.24,5.92,6.41,0.9032,24.1,USC,2013,2,false
00-0023682,Ryan Fitzpatrick,2014,HOU,QB,12,14.98,9.18,6.4,0.4545,24.1,Harvard,2005,7,false
00-0030431,Robert Woods,2019,LA,WR,15,15.53,8.35,6.4,0.9276,24.1,USC,2013,2,false
00-0034983,Hunter Renfrow,2021,LV,WR,17,15.24,5.92,6.4,0.8968,24.1,Clemson,2019,5,false
00-0006210,Jeff Graham,2000,SD,WR,13,13.05,8.46,6.4,0.8333,24.1,Ohio State,,,false
00-0005106,Brett Favre,2003,GB,QB,16,13.87,7.2,6.4,0.7353,24.1,Southern Mississippi,1991,2,false
00-0008560,Kevin Johnson,1999,CLE,WR,16,13.25,7.12,6.4,0.8162,24.1,Syracuse,1999,2,false
00-0031588,Stefon Diggs,2024,HOU,WR,8,15.24,5.66,6.4,0.9045,24.1,Maryland,2015,5,false
00-0009311,Jon Kitna,2003,CIN,QB,16,13.87,7.16,6.4,0.7059,24.1,Central Washington University,,,false
00-0037744,Trey McBride,2024,ARI,TE,16,15.24,7.13,6.39,0.9744,24.1,Colorado State,2022,2,false
00-0025465,James Jones,2012,GB,WR,15,15.09,7.54,6.39,0.8851,24.1,San Jose State,2007,3,false
00-0022044,Andre Johnson,2004,HOU,WR,16,14.28,9.02,6.39,0.8593,24.1,Miami,2003,1,false
00-0029263,Russell Wilson,2022,DEN,QB,15,15.05,6.75,6.39,0.5,24.1,Wisconsin; N.C. State,2012,3,false
00-0035710,Daniel Jones,2021,NYG,QB,11,15.23,8.5,6.39,0.5625,24.1,Duke,2019,1,false
00-0030061,Zach Ertz,2017,PHI,TE,14,14.46,6.57,6.39,0.974,24,Stanford,2013,2,false
00-0020494,Santana Moss,2010,WAS,WR,16,14.74,7.23,6.39,0.8803,24,Miami,2001,1,false
00-0033594,Chris Carson,2019,SEA,RB,15,15.51,6.88,6.38,0.8842,24,Oklahoma State; Butler County JC,2017,7,false
00-0036973,Travis Etienne,2025,JAX,RB,17,14.94,6.94,6.38,0.8646,24,Clemson,2021,1,false
00-0022984,Ryan Grant,2009,GB,RB,16,14.62,6.21,6.38,0.8587,24,Notre Dame,,,false
00-0017200,Kurt Warner,2009,ARI,QB,15,14.62,8.04,6.38,0.7436,24,Northern Iowa,,,false
00-0033932,Kenny Golladay,2019,DET,WR,16,15.5,8.4,6.38,0.9211,24,Northern Illinois; North Dakota,2017,3,false
00-0016440,James Thrash,2001,PHI,WR,15,13.2,11.33,6.38,0.8369,24,Missouri Southern,,,false
00-0031408,Mike Evans,2022,TB,WR,15,15.03,11.35,6.37,0.9067,24,Texas A&M,2014,1,false
00-0005106,Brett Favre,2002,GB,QB,16,13.85,6.7,6.37,0.5625,24,Southern Mississippi,1991,2,false
00-0022924,Ben Roethlisberger,2011,PIT,QB,15,14.41,6.65,6.37,0.6389,24,Miami (Ohio),2004,1,false
00-0019647,Shaun Alexander,2006,SEA,RB,10,14.24,7.05,6.36,0.8351,24,Alabama,2000,1,false
00-0023437,Ronnie Brown,2006,MIA,RB,13,14.24,6.42,6.36,0.8247,24,Auburn,2005,1,false
00-0007091,Matt Hasselbeck,2005,SEA,QB,16,14.41,5.8,6.35,0.8333,24,Boston College,1998,6,false
00-0026164,Chris Johnson,2013,TEN,RB,16,15.01,7.4,6.35,0.8817,23.9,East Carolina,2008,1,false
00-0033106,Jared Goff,2019,LA,QB,16,15.47,8.22,6.35,0.4118,23.9,California,2016,1,false
00-0022909,Roy Williams,2007,DET,WR,12,14.56,8.92,6.35,0.8433,23.9,Texas,2004,1,false
00-0039163,C.J. Stroud,2025,HOU,QB,14,14.9,6.52,6.34,0.4444,23.9,Ohio State,2023,1,false
00-0029567,Nick Foles,2014,PHI,QB,8,14.92,7.24,6.34,0.4242,23.9,Arizona; Michigan State,2012,3,false
00-0032950,Carson Wentz,2021,IND,QB,17,15.18,5.66,6.34,0.5313,23.9,North Dakota State,2016,1,false
00-0031373,Martavis Bryant,2015,PIT,WR,11,15.47,9.79,6.34,0.8742,23.9,Clemson,2014,4,false
00-0031236,Brandin Cooks,2020,HOU,WR,15,15.47,10.45,6.34,0.8961,23.9,Oregon State,2014,1,false
00-0031345,Jimmy Garoppolo,2019,SF,QB,16,15.46,7.68,6.33,0.3824,23.9,Eastern Illinois,2014,2,false
00-0026158,Joe Flacco,2018,BAL,QB,9,15.23,5.37,6.33,0.3714,23.9,Delaware; Pittsburgh,2008,1,false
00-0031345,Jimmy Garoppolo,2021,SF,QB,15,15.17,5.2,6.33,0.5,23.9,Eastern Illinois,2014,2,false
00-0010261,Tommy Maddox,2002,PIT,QB,12,13.81,7.54,6.33,0.5313,23.9,UCLA,1992,1,false
00-0022821,Michael Turner,2011,ATL,RB,16,14.36,7.74,6.32,0.8523,23.9,Northern Illinois,2004,5,false
00-0031345,Jimmy Garoppolo,2022,SF,QB,11,14.98,5.87,6.32,0.4706,23.9,Eastern Illinois,2014,2,false
00-0023496,Vincent Jackson,2011,LAC,WR,16,14.36,11.96,6.32,0.8919,23.9,Northern Colorado,2005,2,false
00-0023439,Cedric Benson,2009,CIN,RB,13,14.55,5.99,6.31,0.8478,23.9,Texas,2005,1,false
00-0020494,Santana Moss,2008,WAS,WR,15,15.07,9.56,6.31,0.9111,23.9,Miami,2001,1,false
00-0015290,Rod Smith,2002,DEN,WR,16,13.79,4.85,6.3,0.8611,23.8,Missouri Southern,,,false
00-0032211,Tyler Lockett,2022,SEA,WR,16,14.96,6.91,6.3,0.9,23.8,Kansas State,2015,3,false
00-0035700,Josh Jacobs,2020,LV,RB,15,15.42,8.83,6.29,0.8889,23.8,Alabama,2019,1,false
00-0031544,Amari Cooper,2019,DAL,WR,16,15.41,11.1,6.28,0.9145,23.8,Alabama,2015,1,false
00-0035685,David Montgomery,2023,DET,RB,14,14.8,6.85,6.28,0.8444,23.8,Iowa State,2019,3,false
00-0023921,Miles Austin,2011,DAL,WR,10,14.32,11.08,6.28,0.8851,23.8,Monmouth,,,false
00-0024240,Santonio Holmes,2009,PIT,WR,16,14.53,7.19,6.28,0.9091,23.8,Ohio State,2006,1,false
00-0031280,Derek Carr,2021,LV,QB,17,15.12,5.85,6.28,0.4688,23.8,Fresno State,2014,2,false
00-0031381,Davante Adams,2016,GB,WR,16,15.42,9.86,6.27,0.9338,23.8,Fresno State,2014,2,false
00-0026213,Jamaal Charles,2012,KC,RB,16,14.97,9.9,6.27,0.8947,23.7,Texas,2008,3,false
00-0031547,DeVante Parker,2019,MIA,WR,16,15.39,8.22,6.26,0.9079,23.7,Louisville,2015,1,false
00-0021429,Carson Palmer,2012,LV,QB,15,14.95,6.88,6.25,0.5714,23.7,USC,2003,1,false
00-0032211,Tyler Lockett,2021,SEA,WR,16,15.09,9.79,6.25,0.8903,23.7,Kansas State,2015,3,false
00-0023459,Aaron Rodgers,2024,NYJ,QB,17,15.09,7.14,6.25,0.5526,23.7,California; Butte College,2005,1,false
00-0020525,Rod Gardner,2002,WAS,WR,16,13.73,6.37,6.25,0.8542,23.7,Clemson,2001,1,false
00-0019594,Mike Anderson,2005,DEN,RB,15,14.31,9.06,6.25,0.8542,23.7,Utah; Mount San Jacinto College,2000,6,false
00-0031280,Derek Carr,2024,NO,QB,10,15.09,5.22,6.25,0.5263,23.7,Fresno State,2014,2,false
00-0036261,Brandon Aiyuk,2020,SF,WR,12,15.38,7.33,6.24,0.8896,23.7,Arizona State; Sierra JC,2020,1,false
00-0006043,Terry Glenn,2006,DAL,WR,15,14.12,6.7,6.24,0.8268,23.7,Ohio State,1996,1,false
00-0034827,DJ Moore,2019,CAR,WR,15,15.37,6.94,6.24,0.9013,23.7,Maryland,2018,1,false
00-0033869,Mitchell Trubisky,2020,CHI,QB,10,15.37,7.68,6.24,0.3333,23.7,North Carolina,2017,1,false
00-0002099,Isaac Bruce,2001,STL,WR,16,13.06,9.43,6.23,0.8298,23.7,Memphis; Santa Monica; West Los Angeles College,1994,2,false
00-0031285,Devonta Freeman,2017,ATL,RB,14,14.3,8.58,6.23,0.8842,23.7,Florida State,2014,4,false
00-0029701,Ryan Tannehill,2013,MIA,QB,16,14.89,5.42,6.23,0.4286,23.7,Texas A&M,2012,1,false
00-0035700,Josh Jacobs,2021,LV,RB,15,15.07,4.56,6.23,0.8812,23.6,Alabama,2019,1,false
00-0013013,Michael Pittman,2003,TB,RB,16,13.7,6.1,6.23,0.8081,23.6,Fresno State,1998,4,false
00-0011022,Donovan McNabb,2003,PHI,QB,16,13.7,7.79,6.22,0.6765,23.6,Syracuse,1999,1,false
00-0030287,Andre Ellington,2014,ARI,RB,12,14.79,7.58,6.22,0.9029,23.6,Clemson,2013,6,false
00-0025410,Dwayne Bowe,2011,KC,WR,16,14.26,6.87,6.22,0.8784,23.6,LSU,2007,1,false
00-0033280,Christian McCaffrey,2017,CAR,RB,16,14.29,5.79,6.22,0.8737,23.6,Stanford,2017,1,false
00-0022803,Eli Manning,2009,NYG,QB,16,14.46,7.2,6.22,0.7179,23.6,Mississippi,2004,1,false
00-0038120,Breece Hall,2024,NYJ,RB,16,15.06,8,6.21,0.8367,23.6,Iowa State,2022,2,false
00-0039915,Ladd McConkey,2024,LAC,WR,16,15.06,7.2,6.21,0.8981,23.6,Georgia,2024,2,false
00-0015290,Rod Smith,2005,DEN,WR,16,14.26,7.03,6.2,0.8947,23.6,Missouri Southern,,,false
00-0036442,Joe Burrow,2023,CIN,QB,10,14.72,8.43,6.2,0.3889,23.6,LSU; Ohio State,2020,1,false
00-0033921,Chris Godwin Jr.,2022,TB,WR,15,14.85,5.8,6.2,0.8933,23.6,Penn State,2017,3,false
00-0032780,Jordan Howard,2016,CHI,RB,15,15.34,8.2,6.19,0.9167,23.6,Indiana; UAB,2016,5,false
00-0015218,Jimmy Smith,2004,JAX,WR,16,14.07,7.24,6.19,0.8519,23.6,Jackson State University,1992,2,false
00-0008561,Keyshawn Johnson,2002,TB,WR,16,13.68,8.67,6.19,0.8472,23.6,USC; West Los Angeles College,1996,1,false
00-0024334,Brandon Marshall,2010,MIA,WR,14,14.55,7.87,6.19,0.8732,23.6,UCF,2006,4,false
00-0027966,Mark Ingram,2014,NO,RB,13,14.76,6.41,6.19,0.8932,23.5,Alabama,2011,1,false
00-0030431,Robert Woods,2020,LA,WR,16,15.32,7.5,6.19,0.8831,23.5,USC,2013,2,false
00-0016550,Amani Toomer,2001,NYG,WR,16,13.01,6.39,6.19,0.8227,23.5,Michigan,1996,2,false
00-0026143,Matt Ryan,2017,ATL,QB,16,14.26,3.81,6.19,0.4516,23.5,Boston College,2008,1,false
00-0033118,Kenyan Drake,2019,ARI,RB,14,15.3,10.67,6.18,0.8737,23.5,Alabama,2016,3,true
00-0005106,Brett Favre,2000,GB,QB,16,12.83,6.91,6.18,0.6486,23.5,Southern Mississippi,1991,2,false
00-0034348,Courtland Sutton,2024,DEN,WR,16,15.02,6.61,6.17,0.8917,23.5,SMU,2018,2,false
00-0020679,Shaun Hill,2010,DET,QB,11,14.52,7,6.16,0.5455,23.5,Maryland; Hutchinson CC,,,false
00-0024245,Joseph Addai,2006,IND,RB,16,14.04,10.35,6.16,0.8144,23.5,LSU,2006,1,false
00-0035685,David Montgomery,2021,CHI,RB,13,15,6.81,6.16,0.8713,23.5,Iowa State,2019,3,false
00-0036567,Elijah Mitchell,2021,SF,RB,11,15,6.48,6.16,0.8614,23.5,Louisiana-Lafayette,2021,6,false
00-0009288,Terry Kirby,1999,CLE,RB,16,13.01,6.72,6.15,0.8542,23.5,Virginia,1993,3,false
00-0033856,Leonard Fournette,2018,JAX,RB,8,15.05,9.24,6.15,0.8817,23.4,LSU,2017,1,false
00-0031280,Derek Carr,2019,LV,QB,16,15.27,5.42,6.15,0.3529,23.4,Fresno State,2014,2,false
00-0019596,Tom Brady,2004,NE,QB,16,14.03,4.57,6.14,0.6,23.4,Michigan,2000,6,false
00-0004915,Bobby Engram,1999,CHI,WR,16,12.99,8.95,6.13,0.8088,23.4,Penn State,1996,2,false
00-0035676,A.J. Brown,2025,PHI,WR,15,14.69,9.75,6.13,0.9317,23.4,Mississippi,2019,2,false
00-0039338,Brock Bowers,2025,LV,TE,12,14.68,10.12,6.13,0.9884,23.4,Georgia,2024,1,false
00-0039918,Caleb Williams,2024,CHI,QB,17,14.97,7.8,6.13,0.5,23.4,USC; Oklahoma,2024,1,false
00-0033288,George Kittle,2025,SF,TE,11,14.68,8.26,6.13,0.9767,23.4,Iowa,2017,5,false
00-0020397,Chad Johnson,2009,CIN,WR,16,14.37,8.39,6.13,0.9021,23.4,Oregon State; Langston University; Santa Monica,2001,2,false
00-0008612,Rob Johnson,2000,BUF,QB,11,12.78,9.78,6.13,0.6216,23.4,USC,1995,4,false
00-0004673,Tim Dwight,1999,ATL,WR,12,12.97,10.8,6.12,0.8015,23.4,Iowa,1998,4,false
00-0009311,Jon Kitna,2002,CIN,QB,13,13.6,8.05,6.12,0.5,23.4,Central Washington University,,,false
00-0030279,Keenan Allen,2013,LAC,WR,15,14.77,7.82,6.11,0.8759,23.3,California,2013,3,false
00-0030506,Travis Kelce,2023,KC,TE,15,14.63,8,6.11,1,23.3,Cincinnati,2013,3,false
00-0027942,A.J. Green,2017,CIN,WR,16,14.17,8.56,6.11,0.9342,23.3,Georgia,2011,1,false
00-0023541,Kyle Orton,2014,BUF,QB,12,14.68,6.57,6.1,0.3939,23.3,Purdue,2005,4,false
00-0021547,Antonio Gates,2011,LAC,TE,13,14.14,7.32,6.1,0.9589,23.3,Kent State; Eastern Michigan; Michigan State; College of the Sequoias,,,false
00-0022138,Onterrio Smith,2004,MIN,RB,11,13.98,6.16,6.1,0.7872,23.3,Oregon; Tennessee,2003,4,false
00-0022921,Larry Fitzgerald,2013,ARI,WR,16,14.76,8.1,6.1,0.8686,23.3,Pittsburgh,2004,1,false
00-0022803,Eli Manning,2018,NYG,QB,16,15,5.16,6.1,0.3429,23.3,Mississippi,2004,1,false
00-0038996,Tucker Kraft,2025,GB,TE,8,14.65,9.87,6.1,0.9651,23.3,South Dakota State,2023,3,false
00-0026158,Joe Flacco,2010,BAL,QB,16,14.46,5.95,6.1,0.5152,23.3,Delaware; Pittsburgh,2008,1,false
00-0023436,Alex Smith,2014,KC,QB,15,14.67,4.87,6.09,0.3636,23.3,Utah,2005,1,false
00-0022921,Larry Fitzgerald,2016,ARI,WR,16,15.24,6.84,6.09,0.9272,23.3,Pittsburgh,2004,1,false
00-0014489,Bill Schroeder,1999,GB,WR,16,12.94,5.48,6.09,0.7941,23.3,Wisconsin La Crosse,,,false
00-0031588,Stefon Diggs,2017,MIN,WR,14,14.16,9.54,6.09,0.9276,23.3,Maryland,2015,5,false
00-0022803,Eli Manning,2010,NYG,QB,16,14.44,6.85,6.08,0.4848,23.3,Mississippi,2004,1,false
00-0035229,T.J. Hockenson,2023,MIN,TE,15,14.6,6.85,6.08,0.9875,23.3,Iowa,2019,1,false
00-0034764,Michael Gallup,2019,DAL,WR,14,15.19,8.43,6.07,0.8947,23.2,Colorado State; Butler County JC,2018,3,false
00-0022084,Anquan Boldin,2009,ARI,WR,15,14.31,7.35,6.06,0.8951,23.2,Florida State,2003,2,false
00-0026184,Matt Forte,2012,CHI,RB,15,14.76,6.03,6.06,0.8842,23.2,Tulane,2008,2,false
00-0026019,Danny Woodhead,2015,LAC,RB,16,15.19,9.67,6.06,0.9479,23.2,Chadron State,,,false
00-0026164,Chris Johnson,2011,TEN,RB,16,14.09,6.68,6.06,0.8409,23.2,East Carolina,2008,1,false
00-0020536,LaDainian Tomlinson,2010,NYJ,RB,15,14.41,6.25,6.05,0.8333,23.2,TCU,2001,1,false
00-0033857,JuJu Smith-Schuster,2017,PIT,WR,14,14.12,10.11,6.05,0.9211,23.2,USC,2017,2,false
00-0021429,Carson Palmer,2007,CIN,QB,16,14.26,8.03,6.05,0.6944,23.2,USC,2003,1,false
00-0020438,T.J. Houshmandzadeh,2008,CIN,WR,14,14.81,9.47,6.04,0.9037,23.2,Oregon State; Cerritos College,2001,7,false
00-0038543,Jaxon Smith-Njigba,2024,SEA,WR,17,14.88,8.8,6.04,0.8854,23.2,Ohio State,2023,1,false
00-0008442,Brad Johnson,2003,TB,QB,16,13.51,7.77,6.04,0.6471,23.2,Florida State,1992,9,false
00-0034837,Calvin Ridley,2019,ATL,WR,13,15.15,7.83,6.03,0.8882,23.2,Alabama,2018,1,false
00-0006423,Brian Griese,2001,DEN,QB,15,12.85,6.2,6.03,0.625,23.1,Michigan,1998,3,false
00-0008561,Keyshawn Johnson,2000,TB,WR,16,12.68,8.01,6.03,0.8261,23.1,USC; West Los Angeles College,1996,1,false
00-0024275,Maurice Jones-Drew,2007,JAX,RB,15,14.23,8.36,6.02,0.8298,23.1,UCLA,2006,2,false
00-0001215,Jerome Bettis,2000,PIT,RB,16,12.67,6.22,6.02,0.7529,23.1,Notre Dame,1993,1,false
00-0026625,Brian Hoyer,2015,HOU,QB,11,15.15,7.03,6.01,0.3429,23.1,Michigan State,,,false
00-0023367,Nate Washington,2011,TEN,WR,16,14.05,8.66,6.01,0.8716,23.1,Tiffin,,,false
00-0020446,Chris Chambers,2004,MIA,WR,15,13.89,7.81,6.01,0.8444,23.1,Wisconsin,2001,2,false
00-0001335,Jeff Blake,2000,NO,QB,11,12.66,7.62,6.01,0.5946,23.1,East Carolina,1992,6,false
00-0026158,Joe Flacco,2016,BAL,QB,16,15.15,5.68,6.01,0.3548,23.1,Delaware; Pittsburgh,2008,1,false
00-0015242,Lamar Smith,2002,CAR,RB,11,13.49,9.63,6.01,0.7677,23.1,Houston,1994,3,false
00-0039164,Anthony Richardson,2024,IND,QB,11,14.85,7.97,6.01,0.4737,23.1,Florida,2023,1,false
00-0024466,Marques Colston,2009,NO,WR,16,14.25,8.67,6.01,0.8881,23.1,Hofstra,2006,7,false
00-0011770,Eric Moulds,2004,BUF,WR,16,13.89,5.68,6.01,0.837,23.1,Mississippi State,1996,1,false
00-0024204,Fred Jackson,2013,BUF,RB,16,14.67,5.77,6,0.871,23.1,Coe College,,,false
00-0021547,Antonio Gates,2007,LAC,TE,16,14.21,9.53,6,0.9683,23.1,Kent State; Eastern Michigan; Michigan State; College of the Sequoias,,,false
00-0006101,Tony Gonzalez,2001,KC,TE,16,12.82,6.6,6,1,23.1,California,1997,1,false
00-0029293,Marvin Jones,2017,DET,WR,16,14.07,7.89,6,0.9145,23.1,California,2012,5,false
00-0019610,Reuben Droughns,2004,DEN,RB,16,13.88,10.52,6,0.7766,23.1,Oregon; Merced College,2000,3,false
00-0006423,Brian Griese,2002,DEN,QB,13,13.48,6.29,6,0.4688,23.1,Michigan,1998,3,false
00-0024226,Jay Cutler,2009,CHI,QB,16,14.24,8.43,6,0.6923,23.1,Vanderbilt,2006,1,false
00-0036875,Rhamondre Stevenson,2022,NE,RB,17,14.65,7.61,5.99,0.9082,23.1,Oklahoma; Cerritos College,2021,4,false
00-0032764,Derrick Henry,2023,TEN,RB,17,14.51,7.95,5.99,0.8333,23.1,Alabama,2016,2,false
00-0020397,Chad Johnson,2002,CIN,WR,16,13.47,7.28,5.99,0.8403,23.1,Oregon State; Langston University; Santa Monica,2001,2,false
00-0027966,Mark Ingram,2016,NO,RB,16,15.14,9.73,5.99,0.9063,23.1,Alabama,2011,1,false
00-0033045,Ezekiel Elliott,2021,DAL,RB,17,14.83,6.57,5.99,0.8515,23,Ohio State,2016,1,false
00-0004916,Curtis Enis,1999,CHI,RB,15,12.84,6.67,5.99,0.8438,23,Penn State,1998,1,false
00-0026158,Joe Flacco,2012,BAL,QB,16,14.68,8.26,5.98,0.5429,23,Delaware; Pittsburgh,2008,1,false
00-0004640,Warrick Dunn,1999,TB,RB,15,12.83,5.29,5.98,0.8333,23,Florida State,1997,1,false
00-0037740,Garrett Wilson,2024,NYJ,WR,17,14.82,7.24,5.97,0.879,23,Ohio State,2022,1,false
00-0009163,Eddie Kennison,2005,KC,WR,15,14.03,7.79,5.97,0.8872,23,LSU,1996,1,false
00-0038542,Bijan Robinson,2023,ATL,RB,17,14.49,7.85,5.97,0.8222,23,Texas,2023,1,false
00-0019596,Tom Brady,2003,NE,QB,16,13.44,7.26,5.97,0.6176,23,Michigan,2000,6,false
00-0022803,Eli Manning,2005,NYG,QB,16,14.03,6.9,5.97,0.8056,23,Mississippi,2004,1,false
00-0034844,Saquon Barkley,2025,PHI,RB,16,14.52,7.19,5.97,0.8542,23,Penn State,2018,1,false
00-0033293,Aaron Jones,2022,GB,RB,17,14.62,8.09,5.97,0.898,23,Texas-El Paso,2017,5,false
00-0022924,Ben Roethlisberger,2005,PIT,QB,12,14.03,4.69,5.96,0.7778,23,Miami (Ohio),2004,1,false
00-0032268,Marcus Mariota,2017,TEN,QB,15,14.03,4.58,5.96,0.4194,23,Oregon,2015,1,false
00-0027891,Golden Tate,2017,DET,WR,16,14.03,7.51,5.96,0.9079,23,Notre Dame,2010,2,false
00-0024226,Jay Cutler,2015,CHI,QB,15,15.1,4.74,5.96,0.3143,23,Vanderbilt,2006,1,false
00-0027685,Emmanuel Sanders,2015,DEN,WR,15,15.09,9.81,5.96,0.8675,23,SMU,2010,3,false
00-0012478,Terrell Owens,2008,DAL,WR,16,14.72,8.12,5.96,0.8963,23,Tennessee-Chattanooga,1996,3,false
00-0034109,Phillip Lindsay,2018,DEN,RB,15,14.85,7.01,5.95,0.871,23,Colorado,,,false
00-0010599,Derrick Mayes,1999,SEA,WR,16,12.81,7.37,5.95,0.7868,23,Notre Dame,1996,2,false
00-0025389,Calvin Johnson,2009,DET,WR,14,14.19,8.15,5.95,0.8811,23,Georgia Tech,2007,1,false
00-0022840,Julius Jones,2005,DAL,RB,13,14.01,9.76,5.95,0.8438,22.9,Notre Dame,2004,2,false
00-0031280,Derek Carr,2022,LV,QB,15,14.61,6.33,5.95,0.4412,22.9,Fresno State,2014,2,false
00-0032144,Melvin Gordon,2019,LAC,RB,12,15.07,6.97,5.94,0.8632,22.9,Wisconsin,2015,1,false
00-0033951,Marlon Mack,2018,IND,RB,12,14.84,9.4,5.94,0.8602,22.9,University of South Florida,2017,4,false
00-0028009,DeMarco Murray,2012,DAL,RB,10,14.64,3.59,5.94,0.8737,22.9,Oklahoma,2011,3,false
00-0037239,Chris Olave,2023,NO,WR,16,14.46,5.78,5.94,0.8922,22.9,Ohio State,2022,1,false
00-0018958,Laveranues Coles,2007,NYJ,WR,11,14.15,9.26,5.93,0.8358,22.9,Florida State,2000,3,false
00-0022127,Jason Witten,2004,DAL,TE,16,13.81,8.67,5.93,0.9672,22.9,Tennessee,2003,3,false
00-0034777,DJ Chark,2019,JAX,WR,15,15.05,9.59,5.93,0.8816,22.9,LSU,2018,2,false
00-0006101,Tony Gonzalez,2012,ATL,TE,16,14.63,9.28,5.93,0.9726,22.9,California,1997,1,false
00-0023921,Miles Austin,2010,DAL,WR,16,14.28,9.31,5.92,0.8662,22.9,Monmouth,,,false
00-0036158,J.K. Dobbins,2024,LAC,RB,13,14.75,5.86,5.91,0.8265,22.9,Ohio State,2020,2,false
00-0016098,Fred Taylor,1999,JAX,RB,10,12.75,8.19,5.9,0.8229,22.8,Florida,1998,1,false
00-0020498,Reggie Wayne,2008,IND,WR,16,14.66,8.1,5.89,0.8889,22.8,Miami,2001,1,false
00-0002110,Mark Brunell,1999,JAX,QB,15,12.75,6.93,5.89,0.7317,22.8,Washington,1993,5,false
00-0026995,Jeremy Maclin,2010,PHI,WR,16,14.25,9.01,5.89,0.8592,22.8,Missouri,2009,1,false
00-0006043,Terry Glenn,2005,DAL,WR,16,13.95,9.08,5.89,0.8797,22.8,Ohio State,1996,1,false
00-0028434,Doug Baldwin,2017,SEA,WR,16,13.96,7.53,5.89,0.9013,22.8,Stanford,,,false
00-0023682,Ryan Fitzpatrick,2011,BUF,QB,16,13.92,6.48,5.89,0.6111,22.8,Harvard,2005,7,false
00-0030564,DeAndre Hopkins,2021,ARI,WR,10,14.72,6.61,5.88,0.8839,22.8,Clemson,2013,1,false
00-0030456,Giovani Bernard,2014,CIN,RB,13,14.45,7.56,5.88,0.8835,22.8,North Carolina,2013,2,false
00-0030821,Allen Hurns,2015,JAX,WR,15,15.01,8.38,5.87,0.8609,22.8,Miami,,,false
00-0025487,Michael Bush,2011,LV,RB,16,13.91,8.3,5.87,0.8295,22.7,Louisville,2007,4,false
00-0022942,Philip Rivers,2020,IND,QB,16,15,5.51,5.87,0.3056,22.7,N.C. State,2004,1,false
00-0030564,DeAndre Hopkins,2014,HOU,WR,16,14.44,9.84,5.86,0.8811,22.7,Clemson,2013,1,false
00-0040122,Ashton Jeanty,2025,LV,RB,17,14.42,8.69,5.86,0.8438,22.7,Boise State,2025,1,false
00-0022803,Eli Manning,2012,NYG,QB,16,14.56,8.28,5.86,0.5143,22.7,Mississippi,2004,1,false
00-0019642,Plaxico Burress,2001,PIT,WR,16,12.68,9.2,5.85,0.8156,22.7,Michigan State,2000,1,false
00-0027902,Dez Bryant,2011,DAL,WR,15,13.89,4.95,5.85,0.8649,22.7,Oklahoma State,2010,1,false
00-0019596,Tom Brady,2006,NE,QB,16,13.72,6.99,5.84,0.8235,22.7,Michigan,2000,6,false
00-0011754,Randy Moss,2005,LV,WR,15,13.9,7.89,5.84,0.8722,22.7,Marshall; Florida State,1998,1,false
00-0023436,Alex Smith,2016,KC,QB,15,14.99,6.62,5.84,0.3226,22.7,Utah,2005,1,false
00-0022427,Wes Welker,2010,NE,WR,15,14.19,7.61,5.83,0.8521,22.6,Texas Tech,,,false
00-0032187,David Johnson,2020,HOU,RB,12,14.96,7.6,5.83,0.8788,22.6,Northern Iowa,2015,3,false
00-0013042,Jake Plummer,2001,ARI,QB,16,12.65,5.58,5.83,0.5938,22.6,Arizona State,1997,2,false
00-0030578,Cordarrelle Patterson,2021,ATL,RB,16,14.66,8.93,5.82,0.8416,22.6,Tennessee; Hutchinson CC,2013,1,false
00-0003292,Kerry Collins,2005,LV,QB,15,13.88,5.65,5.82,0.75,22.6,Penn State,1995,1,false
00-0031544,Amari Cooper,2022,CLE,WR,17,14.47,8.73,5.81,0.8867,22.6,Alabama,2015,1,false
00-0026986,Michael Crabtree,2016,LV,WR,16,14.96,8.2,5.81,0.9205,22.6,Texas Tech,2009,1,false
00-0040743,Tyler Shough,2025,NO,QB,11,14.36,7.66,5.81,0.4167,22.6,Louisville; Texas Tech; Oregon,2025,2,false
00-0023518,Chris Henry,2006,CIN,WR,11,13.68,7.55,5.81,0.8189,22.6,West Virginia,2005,3,false
00-0019693,Jamal Lewis,2004,BAL,RB,12,13.68,8.07,5.8,0.766,22.6,Tennessee,2000,1,false
00-0004640,Warrick Dunn,2004,ATL,RB,16,13.68,5.89,5.8,0.7553,22.6,Florida State,1997,1,false
00-0022127,Jason Witten,2012,DAL,TE,16,14.49,8.28,5.79,0.9589,22.6,Tennessee,2003,3,false
00-0029293,Marvin Jones,2019,DET,WR,13,14.92,10.79,5.79,0.875,22.6,California,2012,5,false
00-0035659,Terry McLaurin,2020,WAS,WR,15,14.92,6.89,5.79,0.8766,22.6,Ohio State,2019,3,false
00-0035216,Diontae Johnson,2020,PIT,WR,15,14.92,9.1,5.79,0.8701,22.6,Toledo,2019,3,false
00-0011044,Cade McNown,2000,CHI,QB,10,12.44,11.17,5.79,0.5676,22.6,UCLA,1999,1,false
00-0022001,Kevin Curtis,2007,PHI,WR,16,14,11.52,5.79,0.8284,22.5,Utah State; Snow,2003,3,false
00-0033045,Ezekiel Elliott,2020,DAL,RB,15,14.91,7.17,5.78,0.8687,22.5,Ohio State,2016,1,false
00-0004052,Stephen Davis,2002,WAS,RB,12,13.27,8.57,5.78,0.7576,22.5,Auburn,1996,4,false
00-0027912,Danario Alexander,2012,LAC,WR,10,14.48,10.27,5.78,0.8784,22.5,Missouri,,,false
00-0009311,Jon Kitna,1999,SEA,QB,15,12.63,5.63,5.78,0.7073,22.5,Central Washington University,,,false
00-0039064,Zay Flowers,2025,BAL,WR,17,14.31,7.48,5.76,0.9255,22.5,Boston College,2023,1,false
00-0031236,Brandin Cooks,2017,NE,WR,16,13.82,8.23,5.76,0.8947,22.5,Oregon State,2014,1,false
00-0027029,LeSean McCoy,2015,BUF,RB,12,14.89,5.42,5.76,0.9375,22.5,Pittsburgh,2009,2,false
00-0001224,Tim Biakabutuka,2000,CAR,RB,12,12.4,8.67,5.75,0.7412,22.4,Michigan,1996,1,false
00-0009311,Jon Kitna,2006,DET,QB,16,13.62,6.59,5.75,0.7941,22.4,Central Washington University,,,false
00-0022177,Byron Leftwich,2004,JAX,QB,14,13.62,7.52,5.74,0.5714,22.4,Marshall,2003,1,false
00-0022821,Michael Turner,2010,ATL,RB,16,14.1,8.7,5.74,0.8222,22.4,Northern Illinois,2004,5,false
00-0033908,Cooper Kupp,2024,LA,WR,12,14.58,10.29,5.74,0.8726,22.4,Eastern Washington,2017,3,false
00-0015218,Jimmy Smith,2003,JAX,WR,12,13.21,7.74,5.74,0.8626,22.4,Jackson State University,1992,2,false
00-0036275,D'Andre Swift,2025,CHI,RB,16,14.29,6.67,5.73,0.8333,22.4,Georgia,2020,2,false
00-0026204,Kevin Smith,2009,DET,RB,13,13.97,5.69,5.73,0.837,22.4,UCF,2008,3,false
00-0030513,Latavius Murray,2016,LV,RB,14,14.87,8.12,5.73,0.8958,22.4,UCF,2013,6,false
00-0011754,Randy Moss,2008,NE,WR,16,14.49,9.61,5.72,0.8815,22.4,Marshall; Florida State,1998,1,false
00-0031588,Stefon Diggs,2016,MIN,WR,13,14.87,9.38,5.72,0.9139,22.4,Maryland,2015,5,false
00-0033556,Tarik Cohen,2018,CHI,RB,16,14.62,9.64,5.72,0.8495,22.4,North Carolina A&T,2017,4,false
00-0033077,Dak Prescott,2024,DAL,QB,8,14.57,7.45,5.72,0.4474,22.4,Mississippi State,2016,4,false
00-0020337,Steve Smith,2009,CAR,WR,15,13.96,7.9,5.72,0.8741,22.4,Utah; Santa Monica,2001,3,false
00-0031382,Jarvis Landry,2019,CLE,WR,16,14.84,8,5.71,0.8684,22.4,LSU,2014,2,false
00-0021547,Antonio Gates,2006,LAC,TE,16,13.59,7.25,5.71,1,22.4,Kent State; Eastern Michigan; Michigan State; College of the Sequoias,,,false
00-0036358,CeeDee Lamb,2021,DAL,WR,16,14.55,9.28,5.71,0.8774,22.4,Oklahoma,2020,1,false
00-0036912,DeVonta Smith,2023,PHI,WR,16,14.22,7.05,5.71,0.8862,22.4,Alabama,2021,1,false
00-0027854,Sam Bradford,2012,LA,QB,16,14.41,6.36,5.71,0.4857,22.3,Oklahoma,2010,1,false
00-0022811,Jerricho Cotchery,2007,NYJ,WR,15,13.91,7.02,5.7,0.8209,22.3,N.C. State,2004,4,false
00-0022922,Kellen Winslow,2007,CLE,TE,16,13.91,5.85,5.7,0.9524,22.3,Miami,2004,1,false
00-0021192,Deion Branch,2007,SEA,WR,10,13.91,7.25,5.7,0.8134,22.3,Louisville; Jones County JC,2002,2,false
00-0026281,Gary Barnidge,2015,CLE,TE,16,14.83,6.79,5.7,0.962,22.3,Louisville,2008,5,false
00-0031280,Derek Carr,2017,LV,QB,15,13.76,6.53,5.69,0.3871,22.3,Fresno State,2014,2,false
00-0034960,Jakobi Meyers,2024,LV,WR,15,14.53,6.1,5.69,0.8662,22.3,N.C. State,,,false
00-0005180,Jay Fiedler,2002,MIA,QB,11,13.17,7.7,5.69,0.4375,22.3,Dartmouth,,,false
00-0003292,Kerry Collins,2002,NYG,QB,16,13.16,6.4,5.68,0.4063,22.3,Penn State,1995,1,false
00-0036971,Trevor Lawrence,2024,JAX,QB,10,14.52,6.64,5.68,0.4211,22.3,Clemson,2021,1,false
00-0024218,Vince Young,2006,TEN,QB,15,13.55,8.33,5.68,0.7647,22.3,Texas,2006,1,false
00-0031544,Amari Cooper,2020,DAL,WR,16,14.8,7.97,5.67,0.8636,22.3,Alabama,2015,1,false
00-0036613,Jaylen Waddle,2023,MIA,WR,14,14.19,6.43,5.67,0.8802,22.3,Alabama,2021,1,false
00-0031280,Derek Carr,2023,NO,QB,17,14.18,6.64,5.67,0.3611,22.3,Fresno State,2014,2,false
00-0022811,Jerricho Cotchery,2006,NYJ,WR,16,13.54,6.61,5.66,0.811,22.2,N.C. State,2004,4,false
00-0024226,Jay Cutler,2010,CHI,QB,15,14.01,9.11,5.65,0.4545,22.2,Vanderbilt,2006,1,false
00-0024813,Pierre Thomas,2009,NO,RB,14,13.89,7.31,5.65,0.8261,22.2,Illinois,,,false
00-0031236,Brandin Cooks,2021,HOU,WR,16,14.49,7.41,5.65,0.871,22.2,Oregon State,2014,1,false
00-0027854,Sam Bradford,2016,MIN,QB,15,14.79,5.78,5.65,0.2903,22.2,Oklahoma,2010,1,false
00-0023459,Aaron Rodgers,2025,PIT,QB,16,14.19,6.24,5.64,0.3889,22.2,California; Butte College,2005,1,false
00-0031237,Teddy Bridgewater,2021,DEN,QB,14,14.48,5.32,5.64,0.4375,22.2,Louisville,2014,1,false
00-0026993,Josh Freeman,2011,TB,QB,15,13.67,5.24,5.63,0.5833,22.2,Kansas State,2009,1,false
00-0031045,Carlos Hyde,2016,SF,RB,13,14.78,8.53,5.63,0.8854,22.2,Ohio State,2014,2,false
00-0021429,Carson Palmer,2010,CIN,QB,16,13.99,6.98,5.63,0.4242,22.2,USC,2003,1,false
00-0016214,Yancey Thigpen,1999,TEN,WR,10,12.48,7.32,5.63,0.7794,22.2,Winston Salem State University,1991,4,false
00-0025410,Dwayne Bowe,2008,KC,WR,16,14.39,4.8,5.63,0.8741,22.2,LSU,2007,1,false
00-0032392,Austin Hooper,2019,ATL,TE,13,14.75,6.76,5.62,0.9714,22.1,Stanford,2016,3,false
00-0020471,Travis Henry,2006,TEN,RB,14,13.49,7.2,5.62,0.8041,22.1,Tennessee,2001,2,false
00-0023496,Vincent Jackson,2008,LAC,WR,15,14.38,6.02,5.62,0.8667,22.1,Northern Colorado,2005,2,false
00-0035700,Josh Jacobs,2019,LV,RB,13,14.74,7.6,5.62,0.8526,22.1,Alabama,2019,1,false
00-0026364,Steve Johnson,2011,BUF,WR,16,13.65,6.14,5.61,0.8581,22.1,Kentucky; Chabot College,2008,7,false
00-0027702,Mike Williams,2010,TB,WR,16,13.96,5.93,5.6,0.8451,22.1,Syracuse,2010,4,false
00-0023310,Lance Moore,2008,NO,WR,16,14.36,9.49,5.6,0.8593,22.1,Toledo,,,false
00-0000865,Charlie Batch,1999,DET,QB,11,12.45,5.2,5.6,0.6829,22.1,Eastern Michigan,1998,2,false
00-0022942,Philip Rivers,2019,LAC,QB,16,14.72,5.9,5.6,0.3235,22.1,N.C. State,2004,1,false
00-0030549,Tyler Eifert,2015,CIN,TE,13,14.73,9.67,5.59,0.9494,22.1,Notre Dame,2013,1,false
00-0019663,Darrell Jackson,2002,SEA,WR,13,13.08,8.59,5.59,0.8333,22.1,Florida,2000,3,false
00-0010668,Keenan McCardell,1999,JAX,WR,16,12.44,7.59,5.59,0.7721,22.1,UNLV,1991,12,false
00-0005589,Gus Frerotte,1999,DET,QB,9,12.44,7.52,5.59,0.6585,22.1,Tulsa,1994,7,false
00-0024226,Jay Cutler,2011,CHI,QB,10,13.63,6.67,5.59,0.5556,22.1,Vanderbilt,2006,1,false
00-0018958,Laveranues Coles,2001,NYJ,WR,16,12.41,6.25,5.59,0.8085,22.1,Florida State,2000,3,false
00-0028040,Jordan Cameron,2013,CLE,TE,15,14.25,9.07,5.58,0.9701,22,USC; Ventura; BYU,2011,4,false
00-0013042,Jake Plummer,2005,DEN,QB,16,13.64,6.27,5.58,0.7222,22,Arizona State,1997,2,false
00-0026995,Jeremy Maclin,2011,PHI,WR,13,13.62,10.33,5.58,0.8514,22,Missouri,2009,1,false
00-0032211,Tyler Lockett,2019,SEA,WR,16,14.7,10.8,5.58,0.8618,22,Kansas State,2015,3,false
00-0025549,Brent Celek,2009,PHI,TE,16,13.82,5.59,5.58,0.9412,22,Cincinnati,2007,5,false
00-0021429,Carson Palmer,2011,LV,QB,10,13.61,7.29,5.57,0.5278,22,USC,2003,1,false
00-0034775,Christian Kirk,2022,JAX,WR,17,14.23,8.21,5.57,0.88,22,Texas A&M,2018,2,false
00-0035640,DK Metcalf,2023,SEA,WR,16,14.09,7.75,5.57,0.8743,22,Mississippi,2019,2,false
00-0039065,Sam LaPorta,2023,DET,TE,17,14.08,7.7,5.56,0.975,22,Iowa,2023,2,false
00-0032058,Tevin Coleman,2016,ATL,RB,13,14.7,8.32,5.55,0.875,22,Indiana,2015,3,false
00-0036410,Tee Higgins,2025,CIN,WR,15,14.11,8.23,5.55,0.9193,22,Clemson,2020,2,false
00-0015290,Rod Smith,2003,DEN,WR,15,13.02,7.64,5.55,0.855,22,Missouri Southern,,,false
00-0031359,Kelvin Benjamin,2014,CAR,WR,16,14.11,7.66,5.54,0.8741,21.9,Florida State,2014,1,false
00-0030431,Robert Woods,2017,LA,WR,12,13.61,9.55,5.54,0.8882,21.9,USC,2013,2,false
00-0022821,Michael Turner,2009,ATL,RB,11,13.78,9.76,5.54,0.8152,21.9,Northern Illinois,2004,5,false
00-0024221,Vernon Davis,2013,SF,TE,15,14.2,9.68,5.54,0.9552,21.9,Maryland,2006,1,false
00-0021678,Tony Romo,2006,DAL,QB,13,13.41,8.35,5.53,0.7353,21.9,Eastern Illinois,,,false
00-0035640,DK Metcalf,2021,SEA,WR,17,14.37,7.69,5.53,0.8645,21.9,Mississippi,2019,2,false
00-0039361,Bucky Irving,2024,TB,RB,17,14.38,7.6,5.53,0.8163,21.9,Oregon; Minnesota,2024,4,false
00-0031051,John Brown,2019,BUF,WR,15,14.65,7.18,5.53,0.8553,21.9,Pittsburg State (KS); Coffeyville CC; Mars Hill,2014,3,false
00-0017162,Hines Ward,2008,PIT,WR,16,14.29,7.79,5.53,0.8519,21.9,Georgia,1998,3,false
00-0027973,Andy Dalton,2014,CIN,QB,16,14.1,7.18,5.53,0.3333,21.9,TCU,2011,2,false
00-0021231,David Garrard,2009,JAX,QB,16,13.76,6.5,5.52,0.6667,21.9,East Carolina,2002,4,false
00-0029615,Lamar Miller,2014,MIA,RB,16,14.09,6.32,5.51,0.8738,21.9,Miami,2012,4,false
00-0026279,Ryan Torain,2010,WAS,RB,10,13.87,6.16,5.51,0.8111,21.9,Arizona State; Butler County JC,2008,5,false
00-0027793,Antonio Brown,2020,TB,WR,8,14.64,10.38,5.51,0.8571,21.9,Central Michigan,2010,6,false
00-0032241,Todd Gurley,2019,LA,RB,15,14.63,6.47,5.5,0.8421,21.9,Georgia,2015,1,false
00-0033857,JuJu Smith-Schuster,2020,PIT,WR,16,14.63,7.39,5.5,0.8506,21.9,USC,2017,2,false
00-0001361,Drew Bledsoe,1999,NE,QB,16,12.34,7.9,5.49,0.6341,21.8,Washington State,1993,1,false
00-0033594,Chris Carson,2018,SEA,RB,14,14.39,7.34,5.49,0.8387,21.8,Oklahoma State; Butler County JC,2017,7,false
00-0026143,Matt Ryan,2015,ATL,QB,16,14.62,5.2,5.49,0.2857,21.8,Boston College,2008,1,false
00-0029701,Ryan Tannehill,2016,MIA,QB,13,14.63,6.72,5.48,0.2581,21.8,Texas A&M,2012,1,false
00-0001215,Jerome Bettis,2004,PIT,RB,14,13.36,6.72,5.48,0.7447,21.8,Notre Dame,1993,1,false
00-0036328,Antonio Gibson,2021,WAS,RB,16,14.32,6.83,5.48,0.8317,21.8,Memphis; East Central JC,2020,3,false
00-0015700,Kordell Stewart,2000,PIT,QB,15,12.13,9.21,5.48,0.5405,21.8,Colorado,1995,2,false
00-0033856,Leonard Fournette,2022,TB,RB,16,14.13,8.29,5.47,0.8878,21.8,LSU,2017,1,false
00-0004077,Sean Dawkins,1999,SEA,WR,16,12.33,6.87,5.47,0.7647,21.8,California,1993,1,false
00-0031408,Mike Evans,2017,TB,WR,15,13.54,6.11,5.47,0.8816,21.8,Texas A&M,2014,1,false
00-0036275,D'Andre Swift,2020,DET,RB,13,14.6,7.21,5.47,0.8586,21.8,Georgia,2020,2,false
00-0031544,Amari Cooper,2018,DAL,WR,15,14.37,14.3,5.47,0.8582,21.8,Alabama,2015,1,true
00-0010442,Curtis Martin,2003,NYJ,RB,16,12.94,5.32,5.46,0.798,21.8,Pittsburgh,1995,3,false
00-0029682,Brock Osweiler,2015,DEN,QB,8,14.6,7.2,5.46,0.2571,21.8,Arizona State,2012,2,false
00-0019703,Jerry Porter,2004,LV,WR,16,13.34,11.32,5.46,0.8296,21.7,West Virginia,2000,2,false
00-0033906,Alvin Kamara,2022,NO,RB,15,14.11,9.55,5.46,0.8776,21.7,Tennessee; Hutchinson CC; Alabama,2017,3,false
00-0024242,DeAngelo Williams,2015,PIT,RB,16,14.59,12.85,5.45,0.9271,21.7,Memphis,2006,1,false
00-0020498,Reggie Wayne,2003,IND,WR,15,12.92,9.71,5.45,0.8473,21.7,Miami,2001,1,false
00-0030536,Zac Stacy,2013,LA,RB,13,14.11,8.54,5.44,0.8602,21.7,Vanderbilt,2013,5,false
00-0032950,Carson Wentz,2022,WAS,QB,8,14.1,9.95,5.44,0.4118,21.7,North Dakota State,2016,1,false
00-0008442,Brad Johnson,2001,TB,QB,16,12.27,6.41,5.44,0.5625,21.7,Florida State,1992,9,false
00-0013232,Peerless Price,2001,BUF,WR,16,12.26,9.01,5.44,0.8014,21.7,Tennessee,1999,2,false
00-0032257,Duke Johnson,2017,CLE,RB,16,13.51,5.75,5.44,0.8632,21.7,Miami,2015,3,false
00-0001361,Drew Bledsoe,2000,NE,QB,16,12.09,6.81,5.44,0.5135,21.7,Washington State,1993,1,false
00-0031382,Jarvis Landry,2016,MIA,WR,16,14.58,6.22,5.44,0.9073,21.7,LSU,2014,2,false
00-0010668,Keenan McCardell,2005,LAC,WR,16,13.49,8.33,5.43,0.8647,21.7,UNLV,1991,12,false
00-0035662,Marquise Brown,2021,BAL,WR,16,14.27,7.65,5.43,0.8581,21.7,Oklahoma; College of the Canyons,2019,1,false
00-0027656,Rob Gronkowski,2021,TB,TE,12,14.27,8.71,5.43,0.974,21.7,Arizona,2010,2,false
00-0034869,Sam Darnold,2019,NYJ,QB,13,14.55,8.73,5.43,0.2941,21.7,USC,2018,1,false
00-0033553,James Conner,2019,PIT,RB,10,14.55,9.69,5.43,0.8316,21.7,Pittsburgh,2017,3,false
00-0013639,Jerry Rice,2000,SF,WR,16,12.08,5.05,5.43,0.8188,21.7,Mississippi Valley State University,1985,1,false
00-0017162,Hines Ward,2004,PIT,WR,16,13.31,7.65,5.42,0.8222,21.7,Georgia,1998,3,false
00-0022909,Roy Williams,2005,DET,WR,12,13.47,8.8,5.41,0.8571,21.6,Texas,2004,1,false
00-0035700,Josh Jacobs,2023,LV,RB,13,13.93,7.18,5.41,0.8111,21.6,Alabama,2019,1,false
00-0023459,Aaron Rodgers,2022,GB,QB,17,14.07,3.86,5.41,0.3824,21.6,California; Butte College,2005,1,false
00-0027325,LeGarrette Blount,2016,NE,RB,16,14.56,5.92,5.41,0.8646,21.6,Oregon; East Mississippi JC,,,false
00-0023460,Jason Campbell,2009,WAS,QB,16,13.64,6.06,5.4,0.641,21.6,Auburn,2005,1,false
00-0026189,DeSean Jackson,2014,WAS,WR,15,13.97,8.06,5.4,0.8671,21.6,California,2008,2,false
00-0000722,Tony Banks,1999,BAL,QB,11,12.25,8.29,5.4,0.6098,21.6,Michigan State; San Diego Mesa College,1996,2,false
00-0033119,Jacoby Brissett,2019,IND,QB,15,14.51,7.03,5.39,0.2647,21.6,N.C. State; Florida,2016,3,false
00-0033293,Aaron Jones,2018,GB,RB,12,14.28,9.42,5.38,0.828,21.6,Texas-El Paso,2017,5,false
00-0029613,Doug Martin,2015,TB,RB,16,14.52,8.66,5.38,0.9167,21.6,Boise State,2012,1,false
00-0010500,Derrick Mason,2009,BAL,WR,16,13.63,8.14,5.38,0.8671,21.6,Michigan State,1997,4,false
00-0027150,Julian Edelman,2016,NE,WR,16,14.52,6.5,5.37,0.9007,21.5,Kent State; San Mateo,2009,7,false
00-0031544,Amari Cooper,2016,LV,WR,16,14.52,8.47,5.37,0.894,21.5,Alabama,2015,1,false
00-0021547,Antonio Gates,2014,LAC,TE,16,13.94,9.22,5.37,0.9737,21.5,Kent State; Eastern Michigan; Michigan State; College of the Sequoias,,,false
00-0036963,Amon-Ra St. Brown,2021,DET,WR,16,14.21,10.01,5.37,0.8516,21.5,USC,2021,4,false
00-0033293,Aaron Jones,2024,MIN,RB,17,14.21,5.46,5.37,0.8061,21.5,Texas-El Paso,2017,5,false
00-0019808,Kenny Watson,2007,CIN,RB,15,13.57,8.5,5.36,0.8191,21.5,Penn State,,,false
00-0022177,Byron Leftwich,2005,JAX,QB,11,13.42,7.05,5.36,0.6944,21.5,Marshall,2003,1,false
00-0029615,Lamar Miller,2015,MIA,RB,16,14.49,10.2,5.36,0.9063,21.5,Miami,2012,4,false
00-0031236,Brandin Cooks,2014,NO,WR,10,13.93,7.72,5.36,0.8601,21.5,Oregon State,2014,1,false
00-0029137,Alshon Jeffery,2018,PHI,WR,13,14.25,8,5.35,0.8511,21.5,South Carolina,2012,2,false
00-0004640,Warrick Dunn,2005,ATL,RB,16,13.41,5.45,5.35,0.8333,21.5,Florida State,1997,1,false
00-0023500,Frank Gore,2012,SF,RB,16,14.05,5.79,5.35,0.8632,21.5,Miami,2005,3,false
00-0001218,Steve Beuerlein,2000,CAR,QB,16,11.99,7.37,5.33,0.4865,21.4,Notre Dame,1987,4,false
00-0033893,Dalvin Cook,2022,MIN,RB,17,13.99,7.42,5.33,0.8673,21.4,Florida State,2017,2,false
00-0036407,Jerry Jeudy,2024,CLE,WR,17,14.17,9.57,5.33,0.8599,21.4,Alabama,2020,1,false
00-0021148,Jeremy Shockey,2003,NYG,TE,9,12.8,5.02,5.33,0.9818,21.4,Miami; Northeast Oklahoma,2002,1,false
00-0026988,Knowshon Moreno,2012,DEN,RB,8,14.03,8.03,5.33,0.8526,21.4,Georgia,2009,1,false
00-0038994,Jordan Addison,2024,MIN,WR,15,14.17,10.39,5.32,0.8535,21.4,USC; Pittsburgh,2023,1,false
00-0026184,Matt Forte,2009,CHI,RB,16,13.56,6.21,5.32,0.8043,21.4,Tulane,2008,2,false
00-0026986,Michael Crabtree,2015,LV,WR,16,14.45,6.81,5.31,0.8543,21.4,Texas Tech,2009,1,false
00-0036328,Antonio Gibson,2020,WAS,RB,14,14.44,8.73,5.31,0.8485,21.4,Memphis; East Central JC,2020,3,false
00-0033288,George Kittle,2021,SF,TE,14,14.14,11.13,5.31,0.961,21.4,Iowa,2017,5,false
00-0037240,Jameson Williams,2024,DET,WR,15,14.15,7.92,5.3,0.8471,21.4,Alabama; Ohio State,2022,1,false
00-0019559,Chad Pennington,2003,NYJ,QB,10,12.78,6.95,5.3,0.5882,21.4,Marshall,2000,1,false
00-0026019,Danny Woodhead,2013,LAC,RB,16,13.96,6.68,5.3,0.8495,21.4,Chadron State,,,false
00-0039361,Bucky Irving,2025,TB,RB,10,13.85,5.61,5.3,0.8229,21.4,Oregon; Minnesota,2024,4,false
00-0034869,Sam Darnold,2025,SEA,QB,17,13.85,7.98,5.3,0.3611,21.4,USC,2018,1,false
00-0005092,Marshall Faulk,2004,LA,RB,14,13.17,6.7,5.29,0.734,21.3,San Diego State,1994,1,false
00-0022787,Matt Schaub,2012,HOU,QB,16,13.99,8.57,5.29,0.4571,21.3,Virginia,2004,3,false
00-0017486,Tyrone Wheatley,1999,OAK,RB,16,12.14,8.99,5.28,0.8125,21.3,Michigan,1995,1,false
00-0031299,Jordan Matthews,2015,PHI,TE,16,14.42,8.66,5.28,0.9367,21.3,Vanderbilt,2014,2,false
00-0026201,Martellus Bennett,2014,CHI,TE,16,13.85,7.62,5.28,0.9605,21.3,Texas A&M,2008,2,false
00-0011770,Eric Moulds,2005,BUF,WR,14,13.33,8.25,5.27,0.8496,21.3,Mississippi State,1996,1,false
00-0030456,Giovani Bernard,2013,CIN,RB,16,13.93,7.02,5.27,0.8387,21.3,North Carolina,2013,2,false
00-0026176,Jordy Nelson,2012,GB,WR,12,13.96,11.47,5.26,0.8716,21.3,Kansas State,2008,2,false
00-0030061,Zach Ertz,2019,PHI,TE,15,14.37,8.31,5.25,0.9571,21.2,Stanford,2013,2,false
00-0027265,Victor Cruz,2013,NYG,WR,14,13.91,9.78,5.25,0.8613,21.2,UMass Amherst,,,false
00-0031237,Teddy Bridgewater,2014,MIN,QB,13,13.82,5.84,5.25,0.303,21.2,Louisville,2014,1,false
00-0025418,Greg Olsen,2014,CAR,TE,16,13.8,7.72,5.23,0.9474,21.2,Miami; Notre Dame,2007,1,false
00-0000210,James Allen,2000,CHI,RB,16,11.88,7.33,5.23,0.7294,21.2,Oklahoma,,,false
00-0020315,Derrick Blaylock,2004,KC,RB,12,13.11,12.98,5.23,0.7234,21.2,Stephen F. Austin State,2001,5,false
00-0022178,Willis McGahee,2012,DEN,RB,10,13.92,7.86,5.22,0.8421,21.2,Miami,2003,1,false
00-0007744,Joe Horn,2006,NO,WR,10,13.09,8.4,5.21,0.8031,21.2,Itawamba JC,1996,5,false
00-0005755,Jeff Garcia,1999,SF,QB,13,12.07,11.2,5.21,0.5854,21.2,San Jose State; Gavilan College,,,false
00-0030496,Le'Veon Bell,2019,NYJ,RB,15,14.33,4.76,5.21,0.8211,21.2,Michigan State,2013,2,false
00-0031590,Jay Ajayi,2016,MIA,RB,15,14.35,9.17,5.21,0.8542,21.1,Boise State,2015,5,false
00-0002721,Cris Carter,2001,MIN,WR,16,12.03,6.54,5.21,0.7943,21.1,Ohio State,1987,4,false
00-0023541,Kyle Orton,2009,DEN,QB,16,13.45,5.2,5.21,0.6154,21.1,Purdue,2005,4,false
00-0031941,Jamison Crowder,2020,NYJ,WR,12,14.33,9.22,5.2,0.8442,21.1,Duke,2015,4,false
00-0024334,Brandon Marshall,2014,CHI,WR,13,13.78,8.79,5.2,0.8531,21.1,UCF,2006,4,false
00-0034855,Baker Mayfield,2019,CLE,QB,16,14.32,6.32,5.2,0.2353,21.1,Oklahoma; Texas Tech,2018,1,false
00-0036252,Michael Pittman,2021,IND,WR,17,14.04,7.47,5.2,0.8452,21.1,USC,2020,2,false
00-0003396,Curtis Conway,1999,CHI,WR,9,12.04,8.65,5.19,0.7574,21.1,USC; El Camino,1993,1,false
00-0023436,Alex Smith,2011,SF,QB,16,13.23,5.06,5.19,0.5,21.1,Utah,2005,1,false
00-0036259,Jauan Jennings,2024,SF,WR,15,14.03,11.43,5.19,0.8408,21.1,Tennessee,2020,7,false
00-0033908,Cooper Kupp,2023,LA,WR,12,13.7,8.97,5.18,0.8683,21.1,Eastern Washington,2017,3,false
00-0022414,Malcom Floyd,2011,LAC,WR,12,13.22,8.03,5.18,0.8446,21.1,Wyoming,,,false
00-0022942,Philip Rivers,2006,LAC,QB,16,13.05,6.7,5.17,0.7059,21.1,N.C. State,2004,1,false
00-0037248,James Cook,2023,BUF,RB,17,13.69,8.32,5.17,0.8,21.1,Georgia,2022,2,false
00-0035657,Damien Harris,2021,NE,RB,15,14.01,6.92,5.17,0.8218,21.1,Alabama,2019,3,false
00-0034827,DJ Moore,2024,CHI,WR,17,14.01,7.1,5.16,0.8344,21,Maryland,2018,1,false
00-0020474,Kevan Barlow,2003,SF,RB,16,12.63,9.4,5.16,0.7879,21,Pittsburgh,2001,3,false
00-0024204,Fred Jackson,2009,BUF,RB,16,13.4,9.24,5.16,0.7935,21,Coe College,,,false
00-0013622,Errict Rhett,1999,BAL,RB,14,12.01,7.28,5.15,0.8021,21,Florida,1994,2,false
00-0003396,Curtis Conway,2000,SD,WR,13,11.81,7.58,5.15,0.8116,21,USC; El Camino,1993,1,false
00-0022084,Anquan Boldin,2014,SF,WR,16,13.73,7.02,5.15,0.8462,21,Florida State,2003,2,false
00-0031588,Stefon Diggs,2019,MIN,WR,15,14.27,10.14,5.15,0.8487,21,Maryland,2015,5,false
00-0021148,Jeremy Shockey,2005,NYG,TE,15,13.21,7.66,5.15,0.9825,21,Miami; Northeast Oklahoma,2002,1,false
00-0026986,Michael Crabtree,2017,LV,WR,13,13.22,8.92,5.15,0.875,21,Texas Tech,2009,1,false
00-0020337,Steve Smith,2014,BAL,WR,16,13.72,8.42,5.15,0.8392,21,Utah; Santa Monica,2001,3,false
00-0034960,Jakobi Meyers,2023,LV,WR,16,13.66,7.36,5.14,0.8623,21,N.C. State,,,false
00-0029608,T.Y. Hilton,2013,IND,WR,16,13.81,10.25,5.14,0.854,21,Florida International,2012,3,false
00-0010500,Derrick Mason,2000,TEN,WR,16,11.79,7.28,5.13,0.8043,21,Michigan State,1997,4,false
00-0034827,DJ Moore,2021,CAR,WR,17,13.97,6.48,5.13,0.8387,21,Maryland,2018,1,false
00-0006101,Tony Gonzalez,2006,KC,TE,15,13,8.86,5.12,0.9833,21,California,1997,1,false
00-0026998,Percy Harvin,2009,MIN,WR,15,13.37,6.97,5.12,0.8601,20.9,Florida,2009,1,false
00-0026898,Mark Sanchez,2010,NYJ,QB,15,13.48,7.86,5.12,0.3939,20.9,USC,2009,1,false
00-0000104,Troy Aikman,1999,DAL,QB,14,11.97,8.03,5.12,0.561,20.9,UCLA; Oklahoma,1989,1,false
00-0006355,Trent Green,2005,KC,QB,16,13.17,5.22,5.11,0.6667,20.9,Indiana,1993,8,false
00-0015091,Antowain Smith,2002,NE,RB,16,12.59,7.65,5.11,0.7475,20.9,Houston; East Mississippi JC,1997,1,false
00-0013013,Michael Pittman,2001,ARI,RB,15,11.93,5.78,5.11,0.8163,20.9,Fresno State,1998,4,false
00-0029293,Marvin Jones,2020,DET,WR,16,14.24,9.92,5.11,0.8377,20.9,California,2012,5,false
00-0030035,Adam Thielen,2024,CAR,WR,10,13.95,7.64,5.11,0.828,20.9,Minnesota State,,,false
00-0022909,Roy Williams,2004,DET,WR,14,12.99,9.91,5.1,0.8148,20.9,Texas,2004,1,false
00-0027973,Andy Dalton,2017,CIN,QB,16,13.17,8.04,5.1,0.3548,20.9,TCU,2011,2,false
00-0007468,Ike Hilliard,1999,NYG,WR,16,11.95,5.4,5.1,0.75,20.9,Florida,1997,1,false
00-0014489,Bill Schroeder,2000,GB,WR,16,11.75,8.65,5.1,0.7971,20.9,Wisconsin La Crosse,,,false
00-0003292,Kerry Collins,2001,NYG,QB,16,11.92,6.06,5.09,0.5313,20.9,Penn State,1995,1,false
00-0031800,Taylor Heinicke,2021,WAS,QB,16,13.93,6.83,5.09,0.4063,20.9,Old Dominion,,,false
00-0025410,Dwayne Bowe,2007,KC,WR,15,13.3,7.46,5.09,0.806,20.9,LSU,2007,1,false
00-0039150,Bryce Young,2024,CAR,QB,14,13.93,9.98,5.09,0.3947,20.9,Alabama,2023,1,false
00-0028067,Julius Thomas,2014,DEN,TE,12,13.66,10.46,5.09,0.9342,20.9,Portland State,2011,4,false
00-0002876,Chris Chandler,1999,ATL,QB,12,11.94,8.89,5.08,0.5366,20.9,Washington,1988,3,false
00-0036212,Tua Tagovailoa,2021,MIA,QB,13,13.92,6.73,5.08,0.375,20.8,Alabama,2020,1,false
00-0035676,A.J. Brown,2021,TEN,WR,13,13.92,10.43,5.08,0.8323,20.8,Mississippi,2019,2,false
00-0025418,Greg Olsen,2015,CAR,TE,16,14.21,8.43,5.08,0.9241,20.8,Miami; Notre Dame,2007,1,false
00-0039150,Bryce Young,2025,CAR,QB,16,13.63,7.7,5.07,0.3333,20.8,Alabama,2023,1,false
00-0030035,Adam Thielen,2023,CAR,WR,17,13.59,9.09,5.07,0.8563,20.8,Minnesota State,,,false
00-0035243,Miles Sanders,2020,PHI,RB,12,14.2,7.63,5.07,0.8384,20.8,Penn State,2019,2,false
00-0022097,Brandon Lloyd,2011,LA,WR,15,13.11,5.96,5.07,0.8378,20.8,Illinois,2003,4,true
00-0003292,Kerry Collins,2004,LV,QB,14,12.95,10.73,5.07,0.5429,20.8,Penn State,1995,1,false
00-0004541,Donald Driver,2007,GB,WR,15,13.28,6.02,5.07,0.7985,20.8,Alcorn State,1999,7,false
00-0032385,Sterling Shepard,2017,NYG,WR,11,13.14,9.9,5.07,0.8684,20.8,Oklahoma,2016,2,false
00-0038117,Wan'Dale Robinson,2025,NYG,WR,16,13.62,8.19,5.07,0.913,20.8,Kentucky,2022,2,false
00-0020531,Drew Brees,2005,LAC,QB,16,13.12,7.76,5.06,0.6389,20.8,Purdue,2001,2,false
00-0039146,Jayden Reed,2023,GB,WR,16,13.57,6.73,5.06,0.8503,20.8,Michigan State; Western Michigan,2023,2,false
00-0032385,Sterling Shepard,2019,NYG,WR,10,14.18,6.47,5.06,0.8421,20.8,Oklahoma,2016,2,false
00-0006101,Tony Gonzalez,2011,ATL,TE,16,13.09,6.58,5.06,0.9452,20.8,California,1997,1,false
00-0033106,Jared Goff,2021,DET,QB,14,13.89,6.75,5.06,0.3438,20.8,California,2016,1,false
00-0028052,Cecil Shorts,2012,JAX,WR,14,13.75,7.12,5.05,0.8649,20.8,Mount Union College,2011,4,false
00-0016098,Fred Taylor,2006,JAX,RB,15,12.92,6.34,5.04,0.7938,20.8,Florida,1998,1,false
00-0011022,Donovan McNabb,2010,WAS,QB,13,13.4,4.02,5.04,0.3636,20.8,Syracuse,1999,1,false
00-0034349,Kerryon Johnson,2018,DET,RB,10,13.94,5.64,5.04,0.8172,20.8,Auburn,2018,2,false
00-0031408,Mike Evans,2015,TB,WR,15,14.17,8.23,5.04,0.8477,20.7,Texas A&M,2014,1,false
00-0033881,Evan Engram,2023,JAX,TE,17,13.55,7.27,5.03,0.9625,20.7,Mississippi,2017,1,false
00-0027685,Emmanuel Sanders,2016,DEN,WR,15,14.17,9.19,5.03,0.8874,20.7,SMU,2010,3,false
00-0019831,Nick Goings,2004,CAR,RB,16,12.91,9.85,5.02,0.7128,20.7,Pittsburgh; Ohio State,,,false
00-0034753,Mark Andrews,2023,BAL,TE,10,13.54,6.71,5.02,0.95,20.7,Oklahoma,2018,3,false
00-0010500,Derrick Mason,2005,BAL,WR,16,13.08,5.21,5.02,0.8421,20.7,Michigan State,1997,4,false
00-0006101,Tony Gonzalez,2013,ATL,TE,16,13.68,8.67,5.02,0.9403,20.7,California,1997,1,false
00-0037228,Jaylen Warren,2025,PIT,RB,16,13.57,5.62,5.02,0.8125,20.7,Oklahoma State,,,false
00-0033282,Curtis Samuel,2020,CAR,WR,15,14.14,6.77,5.01,0.8312,20.7,Ohio State,2017,2,false
00-0019610,Reuben Droughns,2005,CLE,RB,16,13.07,5.85,5.01,0.8229,20.7,Oregon; Merced College,2000,3,false
00-0034837,Calvin Ridley,2023,JAX,WR,17,13.52,8.95,5.01,0.8443,20.7,Alabama,2018,1,false
00-0022782,Kevin Jones,2004,DET,RB,15,12.89,8.38,5,0.7021,20.7,Virginia Tech,2004,1,false
00-0019559,Chad Pennington,2004,NYJ,QB,13,12.89,6.06,5,0.5143,20.7,Marshall,2000,1,false
00-0024240,Santonio Holmes,2010,NYJ,WR,12,13.36,7.05,5,0.838,20.7,Ohio State,2006,1,false
00-0032211,Tyler Lockett,2018,SEA,WR,16,13.9,4.47,5,0.844,20.7,Kansas State,2015,3,false
00-0027874,Demaryius Thomas,2016,DEN,WR,16,14.14,5.62,5,0.8808,20.7,Georgia Tech,2010,1,false
00-0020494,Santana Moss,2006,WAS,WR,14,12.87,9.29,5,0.7953,20.6,Miami,2001,1,false
00-0014722,Shannon Sharpe,2003,DEN,TE,15,12.47,8.25,4.99,0.9636,20.6,Savannah State College,1990,7,false
00-0000865,Charlie Batch,2001,DET,QB,10,11.82,9.12,4.99,0.5,20.6,Eastern Michigan,1998,2,false
00-0036275,D'Andre Swift,2022,DET,RB,14,13.65,7.3,4.99,0.8571,20.6,Georgia,2020,2,false
00-0031285,Devonta Freeman,2019,ATL,RB,14,14.11,8.53,4.99,0.8105,20.6,Florida State,2014,4,false
00-0031387,Eric Ebron,2018,IND,TE,16,13.89,8.56,4.99,0.9605,20.6,North Carolina,2014,1,false
00-0007144,Donald Hayes,2000,CAR,WR,15,11.64,5.57,4.99,0.7899,20.6,Wisconsin,1998,4,false
00-0023436,Alex Smith,2009,SF,QB,11,13.23,5.85,4.98,0.5897,20.6,Utah,2005,1,false
00-0019641,Thomas Jones,2006,CHI,RB,16,12.86,6.57,4.98,0.7835,20.6,Virginia,2000,1,false
00-0016550,Amani Toomer,2003,NYG,WR,16,12.45,6.62,4.98,0.8397,20.6,Michigan,1996,2,false
00-0008241,Edgerrin James,2006,ARI,RB,16,12.85,5.43,4.97,0.7732,20.6,Miami,1999,1,false
00-0023310,Lance Moore,2012,NO,WR,15,13.67,6.23,4.97,0.8581,20.6,Toledo,,,false
00-0017200,Kurt Warner,2005,ARI,QB,10,13.03,5.57,4.97,0.6111,20.6,Northern Iowa,,,false
00-0022910,Lee Evans,2004,BUF,WR,15,12.85,9.02,4.97,0.8074,20.6,Wisconsin,2004,1,false
00-0034827,DJ Moore,2020,CAR,WR,15,14.1,6.43,4.97,0.8247,20.6,Maryland,2018,1,false
00-0004541,Donald Driver,2009,GB,WR,16,13.21,6.43,4.97,0.8531,20.6,Alcorn State,1999,7,false
00-0001823,Aaron Brooks,2005,NO,QB,13,13.03,6.1,4.97,0.5833,20.6,Virginia,1999,4,false
00-0033897,Joe Mixon,2019,CIN,RB,16,14.09,7.74,4.96,0.8,20.6,Oklahoma,2017,2,false
00-0015218,Jimmy Smith,2005,JAX,WR,16,13.02,7.35,4.96,0.8346,20.6,Jackson State University,1992,2,false
00-0036407,Jerry Jeudy,2022,DEN,WR,15,13.61,8.8,4.96,0.8733,20.6,Alabama,2020,1,false
00-0006423,Brian Griese,1999,DEN,QB,14,11.79,8.25,4.94,0.5122,20.5,Michigan,1998,3,false
00-0015242,Lamar Smith,2001,MIA,RB,16,11.76,7.77,4.94,0.8061,20.5,Houston,1994,3,false
00-0024226,Jay Cutler,2007,DEN,QB,16,13.15,7.06,4.94,0.6667,20.5,Vanderbilt,2006,1,false
00-0006300,Elvis Grbac,1999,KC,QB,16,11.78,4.55,4.93,0.4878,20.5,Michigan,1993,8,false
00-0002110,Mark Brunell,2002,JAC,QB,15,12.41,6.91,4.93,0.375,20.5,Washington,1993,5,true
00-0021192,Deion Branch,2005,NE,WR,16,12.99,5.29,4.93,0.8271,20.5,Louisville; Jones County JC,2002,2,false
00-0021152,Ashley Lelie,2004,DEN,WR,16,12.81,4.96,4.92,0.8,20.5,Hawaii,2002,1,false
00-0006212,Kent Graham,1999,NYG,QB,9,11.78,8.14,4.92,0.4634,20.5,Ohio State; Notre Dame,1992,8,false
00-0033536,Mike Williams,2022,LAC,WR,13,13.58,8.4,4.92,0.8667,20.5,Clemson,2017,1,false
00-0033893,Dalvin Cook,2018,MIN,RB,11,13.82,7.74,4.92,0.8065,20.5,Florida State,2017,2,false
00-0021337,Ronald Curry,2004,LV,WR,12,12.8,10.05,4.92,0.7926,20.5,North Carolina,2002,7,false
00-0033908,Cooper Kupp,2020,LA,WR,15,14.05,6.54,4.92,0.8182,20.5,Eastern Washington,2017,3,false
00-0021429,Carson Palmer,2013,ARI,QB,16,13.58,6.31,4.91,0.4,20.5,USC,2003,1,false
00-0001335,Jeff Blake,2002,BAL,QB,10,12.4,5.49,4.91,0.3438,20.5,East Carolina,1992,6,false
00-0033923,Kareem Hunt,2021,CLE,RB,8,13.75,9.69,4.91,0.8119,20.5,Toledo,2017,3,false
00-0030288,Rex Burkhead,2017,NE,RB,10,12.98,6.78,4.91,0.8526,20.4,Nebraska,2013,6,false
00-0027702,Mike Williams,2012,TB,WR,16,13.61,6.42,4.91,0.8514,20.4,Syracuse,2010,4,false
00-0027973,Andy Dalton,2011,CIN,QB,16,12.94,5.55,4.91,0.4722,20.4,TCU,2011,2,false
00-0033932,Kenny Golladay,2018,DET,WR,15,13.81,7.32,4.91,0.8369,20.4,Northern Illinois; North Dakota,2017,3,false
00-0011770,Eric Moulds,2001,BUF,WR,16,11.73,8.2,4.91,0.7872,20.4,Mississippi State,1996,1,false
00-0030472,Jordan Reed,2016,WAS,TE,12,14.05,9.61,4.9,1,20.4,Florida,2013,3,false
00-0008241,Edgerrin James,2007,ARI,RB,16,13.11,4.85,4.9,0.8085,20.4,Miami,1999,1,false
00-0026364,Steve Johnson,2012,BUF,WR,16,13.6,5.44,4.9,0.8446,20.4,Kentucky; Chabot College,2008,7,false
00-0023436,Alex Smith,2018,WAS,QB,10,13.8,3.96,4.9,0.3143,20.4,Utah,2005,1,false
00-0024204,Fred Jackson,2014,BUF,RB,14,13.47,5.52,4.9,0.8641,20.4,Coe College,,,false
00-0026796,Arian Foster,2013,HOU,RB,8,13.56,10.44,4.9,0.828,20.4,Tennessee,,,false
00-0021147,Donte' Stallworth,2006,PHI,WR,11,12.77,9,4.9,0.7874,20.4,Tennessee,2002,1,false
00-0027891,Golden Tate,2019,NYG,WR,11,14.02,6.85,4.9,0.8355,20.4,Notre Dame,2010,2,false
00-0019057,Jamel White,2002,CLE,RB,14,12.37,6.06,4.89,0.7374,20.4,South Dakota,,,false
00-0002962,Wayne Chrebet,1999,NYJ,WR,11,11.74,7.03,4.88,0.7426,20.4,Hofstra,,,false
00-0027218,Joique Bell,2013,DET,RB,16,13.54,8.92,4.88,0.8172,20.4,Wayne State,,,false
00-0027754,John Skelton,2011,ARI,QB,8,12.92,8.38,4.88,0.4444,20.4,Fordham,2010,5,false
00-0032688,Robbie Chosen,2020,CAR,WR,16,14.01,5.75,4.88,0.8117,20.4,Temple,,,false
00-0023544,Marion Barber,2006,DAL,RB,16,12.75,7.36,4.88,0.7629,20.4,Minnesota,2005,4,false
00-0036252,Michael Pittman,2022,IND,WR,16,13.53,6.84,4.87,0.86,20.4,USC,2020,2,false
00-0005755,Jeff Garcia,2008,TB,QB,12,13.63,4.46,4.87,0.625,20.4,San Jose State; Gavilan College,,,false
00-0026143,Matt Ryan,2009,ATL,QB,14,13.11,6.53,4.87,0.5641,20.3,Boston College,2008,1,false
00-0022803,Eli Manning,2016,NYG,QB,16,14.01,5.54,4.87,0.2258,20.3,Mississippi,2004,1,false
00-0002099,Isaac Bruce,2006,LA,WR,16,12.74,6.99,4.86,0.7795,20.3,Memphis; Santa Monica; West Los Angeles College,1994,2,false
00-0020608,David Carr,2004,HOU,QB,16,12.74,6.62,4.86,0.4857,20.3,Fresno State,2002,1,false
00-0019559,Chad Pennington,2008,MIA,QB,16,13.62,5.93,4.86,0.5938,20.3,Marshall,2000,1,false
00-0025438,Steve Smith,2010,NYG,WR,9,13.21,7.48,4.85,0.831,20.3,USC,2007,2,false
00-0001361,Drew Bledsoe,2005,DAL,QB,16,12.91,8.2,4.85,0.5556,20.3,Washington State,1993,1,false
00-0015286,Robert Smith,1999,MIN,RB,13,11.7,6.12,4.85,0.7917,20.3,Ohio State,1993,1,false
00-0026188,Fred Davis,2011,WAS,TE,12,12.88,5.8,4.85,0.9315,20.3,USC,2008,2,false
00-0038134,Kenneth Walker III,2022,SEA,RB,15,13.5,7.76,4.84,0.8469,20.3,Michigan State; Wake Forest,2022,2,false
00-0008561,Keyshawn Johnson,2003,TB,WR,10,12.31,7.23,4.84,0.8321,20.3,USC; West Los Angeles College,1996,1,false
00-0021231,David Garrard,2008,JAX,QB,16,13.59,6.57,4.82,0.5625,20.2,East Carolina,2002,4,false
00-0021429,Carson Palmer,2009,CIN,QB,16,13.07,7.31,4.82,0.5385,20.2,USC,2003,1,false
00-0011024,Steve McNair,2005,TEN,QB,14,12.88,6.9,4.82,0.5278,20.2,Alcorn State,1995,1,false
00-0024267,Greg Jennings,2009,GB,WR,16,13.06,7.13,4.82,0.8462,20.2,Western Michigan,2006,2,false
00-0022127,Jason Witten,2009,DAL,TE,16,13.06,5.8,4.82,0.9265,20.2,Tennessee,2003,3,false
00-0035704,Drew Lock,2020,DEN,QB,13,13.95,8.78,4.82,0.2778,20.2,Missouri,2019,2,false
00-0006355,Trent Green,2001,KC,QB,16,11.64,6.46,4.81,0.4688,20.2,Indiana,1993,8,false
00-0035659,Terry McLaurin,2022,WAS,WR,17,13.47,5.44,4.81,0.8533,20.2,Ohio State,2019,3,false
00-0039917,Michael Penix Jr.,2025,ATL,QB,9,13.36,7.29,4.81,0.3056,20.2,Washington; Indiana,2024,1,false
00-0033009,Tyler Boyd,2019,CIN,WR,16,13.93,8.64,4.81,0.8289,20.2,Pittsburgh,2016,2,false
00-0023465,Heath Miller,2012,PIT,TE,15,13.51,6.15,4.81,0.9452,20.2,Virginia,2005,1,false
00-0033119,Jacoby Brissett,2017,IND,QB,16,12.87,5.92,4.8,0.3226,20.2,N.C. State; Florida,2016,3,false
00-0027874,Demaryius Thomas,2017,DEN,WR,16,12.87,6.54,4.8,0.8618,20.2,Georgia Tech,2010,1,false
00-0026345,Pierre Garcon,2010,IND,WR,14,13.16,7.02,4.8,0.8239,20.2,Mount Union College; Norwich University,2008,6,false
00-0027891,Golden Tate,2016,DET,WR,16,13.94,8.8,4.8,0.8742,20.2,Notre Dame,2010,2,false
00-0022414,Malcom Floyd,2010,LAC,WR,11,13.15,10.16,4.8,0.8169,20.2,Wyoming,,,false
00-0015165,Emmitt Smith,2000,DAL,RB,16,11.45,7.18,4.8,0.7176,20.2,Florida,1990,1,false
00-0022924,Ben Roethlisberger,2021,PIT,QB,16,13.63,5.29,4.79,0.3125,20.2,Miami (Ohio),2004,1,false
00-0030506,Travis Kelce,2016,KC,TE,16,13.94,8.21,4.79,0.9863,20.2,Cincinnati,2013,3,false
00-0027854,Sam Bradford,2015,PHI,QB,14,13.92,4.87,4.79,0.2286,20.2,Oklahoma,2010,1,false
00-0015698,James Stewart,2001,DET,RB,11,11.61,7.06,4.78,0.7959,20.2,Tennessee,,,false
00-0039851,Drake Maye,2024,NE,QB,13,13.63,6.55,4.78,0.3684,20.1,North Carolina,2024,1,false
00-0017915,Ricky Williams,1999,NO,RB,12,11.63,6.69,4.78,0.7813,20.1,Texas,1999,1,false
00-0035664,Darrell Henderson,2021,LA,RB,12,13.62,7.02,4.78,0.802,20.1,Memphis,2019,3,false
00-0029701,Ryan Tannehill,2022,TEN,QB,12,13.44,6.11,4.78,0.3529,20.1,Texas A&M,2012,1,false
00-0034348,Courtland Sutton,2019,DEN,WR,16,13.9,5.91,4.78,0.8224,20.1,SMU,2018,2,false
00-0038134,Kenneth Walker III,2023,SEA,RB,15,13.29,7.49,4.78,0.7889,20.1,Michigan State; Wake Forest,2022,2,false
00-0027880,Jahvid Best,2010,DET,RB,15,13.13,11.31,4.77,0.8,20.1,California,2010,1,false
00-0027690,Eric Decker,2014,NYJ,WR,15,13.35,8.83,4.77,0.8322,20.1,Minnesota,2010,3,false
00-0001215,Jerome Bettis,1999,PIT,RB,16,11.62,5.37,4.77,0.7708,20.1,Notre Dame,1993,1,false
00-0039067,Rashee Rice,2023,KC,WR,16,13.28,5.83,4.76,0.8383,20.1,SMU,2023,2,false
00-0005720,Joey Galloway,2007,TB,WR,15,12.97,8.62,4.75,0.791,20.1,Ohio State,1995,1,false
00-0016193,Vinny Testaverde,2000,NYJ,QB,16,11.4,8.1,4.75,0.4595,20.1,Miami,1987,1,false
00-0010240,Stacey Mack,2001,JAC,RB,16,11.57,8.31,4.75,0.7857,20.1,Temple; Southwest Mississippi JC,,,true
00-0020337,Steve Smith,2012,CAR,WR,16,13.44,5.15,4.74,0.8378,20.1,Utah; Santa Monica,2001,3,false
00-0036261,Brandon Aiyuk,2022,SF,WR,17,13.4,6.51,4.74,0.8467,20.1,Arizona State; Sierra JC,2020,1,false
00-0021147,Donte' Stallworth,2005,NO,WR,16,12.79,7.76,4.73,0.8195,20,Tennessee,2002,1,false
00-0026901,Mike Wallace,2014,MIA,WR,16,13.3,6.01,4.73,0.8252,20,Mississippi,2009,3,false
00-0033699,Austin Ekeler,2023,LAC,RB,14,13.24,7.73,4.73,0.7778,20,Western State,,,false
00-0019650,Dennis Northcutt,2002,CLE,WR,13,12.19,9.73,4.71,0.8264,20,Arizona,2000,2,false
00-0033288,George Kittle,2022,SF,TE,15,13.37,8.87,4.71,0.9877,20,Iowa,2017,5,false
00-0026153,Jonathan Stewart,2009,CAR,RB,16,12.95,8.82,4.71,0.7826,20,Oregon,2008,1,false
00-0008561,Keyshawn Johnson,2004,DAL,WR,16,12.59,6.91,4.71,0.7852,20,USC; West Los Angeles College,1996,1,false
00-0029708,Kendall Wright,2013,TEN,WR,16,13.37,6.43,4.7,0.8467,20,Baylor,2012,1,false
00-0029000,Cole Beasley,2020,BUF,WR,15,13.83,7.53,4.7,0.8052,20,SMU,,,false
00-0027902,Dez Bryant,2016,DAL,WR,13,13.85,9.88,4.7,0.8675,20,Oklahoma State,2010,1,false
00-0031051,John Brown,2015,ARI,WR,15,13.83,6.03,4.7,0.8411,20,Pittsburg State (KS); Coffeyville CC; Mars Hill,2014,3,false
00-0030414,Spencer Ware,2016,KC,RB,14,13.84,7.77,4.7,0.8438,20,LSU,2013,6,false
00-0034753,Mark Andrews,2019,BAL,TE,15,13.81,8.39,4.69,0.9429,19.9,Oklahoma,2018,3,false
00-0031610,Darren Waller,2019,LV,TE,16,13.81,7.28,4.69,0.9286,19.9,Georgia Tech,2015,6,false
00-0027974,Colin Kaepernick,2012,SF,QB,13,13.39,7.9,4.69,0.4286,19.9,Nevada,2011,2,false
00-0037746,Brian Robinson,2023,WAS,RB,15,13.21,7.08,4.69,0.7667,19.9,Alabama,2022,3,false
00-0038124,Christian Watson,2025,GB,WR,10,13.24,7.67,4.69,0.9068,19.9,North Dakota State,2022,2,false
00-0035710,Daniel Jones,2024,NYG,QB,10,13.53,7.05,4.69,0.3421,19.9,Duke,2019,1,false
00-0030526,EJ Manuel,2013,BUF,QB,10,13.35,6.91,4.68,0.3714,19.9,Florida State,2013,1,false
00-0035640,DK Metcalf,2022,SEA,WR,17,13.34,7.1,4.68,0.84,19.9,Mississippi,2019,2,false
00-0006210,Jeff Graham,2001,SD,WR,14,11.51,9.62,4.68,0.7801,19.9,Ohio State,,,false
00-0026158,Joe Flacco,2009,BAL,QB,16,12.92,7.14,4.68,0.5128,19.9,Delaware; Pittsburgh,2008,1,false
00-0026158,Joe Flacco,2011,BAL,QB,16,12.71,6.27,4.67,0.4167,19.9,Delaware; Pittsburgh,2008,1,false
00-0031382,Jarvis Landry,2018,CLE,WR,16,13.57,6.86,4.67,0.8298,19.9,LSU,2014,2,false
00-0019721,Travis Taylor,2002,BAL,WR,16,12.15,6.99,4.67,0.8194,19.9,Florida,2000,1,false
00-0031544,Amari Cooper,2021,DAL,WR,15,13.5,9.56,4.66,0.8258,19.9,Alabama,2015,1,false
00-0022127,Jason Witten,2011,DAL,TE,16,12.7,5.15,4.66,0.9178,19.9,Tennessee,2003,3,false
00-0024813,Pierre Thomas,2013,NO,RB,16,13.33,7.42,4.66,0.8065,19.9,Illinois,,,false
00-0005363,Doug Flutie,2001,SD,QB,16,11.48,8.23,4.66,0.4375,19.9,Boston College,1985,11,false
00-0023682,Ryan Fitzpatrick,2012,BUF,QB,16,13.36,5.75,4.66,0.4,19.9,Harvard,2005,7,false
00-0033885,David Njoku,2024,CLE,TE,11,13.5,7.9,4.66,0.9615,19.9,Miami,2017,1,false
00-0036223,Jonathan Taylor,2022,IND,RB,11,13.31,8.28,4.65,0.8367,19.8,Wisconsin,2020,2,false
00-0031280,Derek Carr,2018,LV,QB,16,13.55,8.53,4.65,0.2857,19.8,Fresno State,2014,2,false
00-0023440,Cadillac Williams,2005,TB,RB,14,12.71,8.38,4.65,0.8125,19.8,Auburn,2005,1,false
00-0027218,Joique Bell,2014,DET,RB,15,13.21,7.37,4.64,0.8544,19.8,Wayne State,,,false
00-0032063,Mike Davis,2020,CAR,RB,15,13.77,8.23,4.64,0.8283,19.8,South Carolina,2015,4,false
00-0030564,DeAndre Hopkins,2023,TEN,WR,17,13.15,8.59,4.64,0.8323,19.8,Clemson,2013,1,false
00-0021981,Shaun McDonald,2007,DET,WR,16,12.84,5.82,4.63,0.7836,19.8,Arizona State,2003,4,false
00-0033948,Jamaal Williams,2022,DET,RB,17,13.29,8.07,4.63,0.8265,19.8,BYU,2017,4,false
00-0024359,Jerome Harrison,2009,CLE,RB,14,12.87,13.9,4.63,0.7717,19.8,Washington State; Pasadena College; Eastern Michigan,2006,5,false
00-0024466,Marques Colston,2013,NO,WR,15,13.29,8.56,4.62,0.8394,19.8,Hofstra,2006,7,false
00-0028087,Dion Lewis,2017,NE,RB,16,12.69,8.82,4.62,0.8421,19.8,Pittsburgh,2011,5,false
00-0038544,Quentin Johnston,2025,LAC,WR,13,13.17,7.44,4.62,0.9006,19.8,TCU,2023,1,false
00-0027793,Antonio Brown,2012,PIT,WR,13,13.32,5.79,4.62,0.8311,19.8,Central Michigan,2010,6,false
00-0006101,Tony Gonzalez,2009,ATL,TE,16,12.86,5.64,4.61,0.9118,19.8,California,1997,1,false
00-0010500,Derrick Mason,2008,BAL,WR,16,13.37,7.29,4.61,0.8444,19.8,Michigan State,1997,4,false
00-0020438,T.J. Houshmandzadeh,2004,CIN,WR,16,12.49,10.05,4.61,0.7778,19.8,Oregon State; Cerritos College,2001,7,false
00-0026035,Danny Amendola,2012,LA,WR,11,13.31,9.74,4.61,0.8243,19.7,Texas Tech,,,false
00-0031301,Jeremy Hill,2014,CIN,RB,16,13.18,8,4.61,0.8447,19.7,LSU,2014,2,false
00-0026289,Tim Hightower,2009,ARI,RB,16,12.85,6.59,4.61,0.7609,19.7,Richmond,2008,5,false
00-0022250,Willie Parker,2005,PIT,RB,15,12.67,6.68,4.61,0.8021,19.7,North Carolina,,,false
00-0020516,Todd Heap,2002,BAL,TE,16,12.09,7.06,4.6,1,19.7,Arizona State,2001,1,false
00-0036893,Najee Harris,2022,PIT,RB,17,13.26,4.91,4.6,0.8163,19.7,Alabama,2021,1,false
00-0027681,Brandon LaFell,2014,NE,WR,16,13.16,8.92,4.59,0.8182,19.7,LSU,2010,3,false
00-0020427,Quincy Morgan,2002,CLE,WR,16,12.07,10.05,4.59,0.8125,19.7,Kansas State; Kansas City Junior College; Blinn College,2001,2,false
00-0035659,Terry McLaurin,2019,WAS,WR,14,13.71,7.7,4.58,0.8158,19.7,Ohio State,2019,3,false
00-0019484,Sammy Morris,2000,BUF,RB,11,11.24,6.82,4.58,0.7059,19.7,Texas Tech,2000,5,false
00-0027793,Antonio Brown,2011,PIT,WR,16,12.62,6.26,4.58,0.8311,19.7,Central Michigan,2010,6,false
00-0005363,Doug Flutie,2000,BUF,QB,10,11.23,8.98,4.58,0.4324,19.7,Boston College,1985,11,false
00-0035261,Tony Pollard,2023,DAL,RB,17,13.09,6.1,4.58,0.7556,19.7,Memphis,2019,4,false
00-0026498,Matthew Stafford,2024,LA,QB,16,13.41,7.19,4.57,0.3158,19.7,Georgia,2009,1,false
00-0023437,Ronnie Brown,2008,MIA,RB,16,13.33,9,4.56,0.8191,19.6,Auburn,2005,1,false
00-0037239,Chris Olave,2022,NO,WR,15,13.21,4.95,4.55,0.8333,19.6,Ohio State,2022,1,false
00-0026235,Mario Manningham,2010,NYG,WR,16,12.91,8.95,4.55,0.8099,19.6,Michigan,2008,3,false
00-0033881,Evan Engram,2019,NYG,TE,8,13.68,8.48,4.55,0.9143,19.6,Mississippi,2017,1,false
00-0032156,Trevor Siemian,2016,DEN,QB,14,13.7,7.37,4.55,0.1935,19.6,Northwestern,2015,7,false
00-0035243,Miles Sanders,2019,PHI,RB,16,13.67,8.78,4.55,0.7895,19.6,Penn State,2019,2,false
00-0033871,Corey Davis,2020,TEN,WR,14,13.67,9.67,4.54,0.7987,19.6,Western Michigan,2017,1,false
00-0033040,Tyreek Hill,2016,KC,WR,16,13.69,8.11,4.54,0.8609,19.6,West Alabama; Garden City CC; Oklahoma State,2016,5,false
00-0022180,Lee Suggs,2004,CLE,RB,10,12.42,5.76,4.54,0.6915,19.6,Virginia Tech,2003,4,false
00-0019606,Todd Pinkston,2002,PHI,WR,15,12.02,5.97,4.54,0.8056,19.6,Southern Mississippi,2000,2,false
00-0028986,Case Keenum,2018,DEN,QB,16,13.43,4.4,4.53,0.2571,19.6,Houston,,,false
00-0034577,Kyle Allen,2019,CAR,QB,13,13.65,7.64,4.53,0.2059,19.6,Houston; Texas A&M,,,false
00-0027007,Chris Wells,2011,ARI,RB,14,12.56,8.94,4.53,0.8182,19.6,Ohio State,2009,1,false
00-0033923,Kareem Hunt,2020,CLE,RB,16,13.66,6.96,4.53,0.8182,19.6,Toledo,2017,3,false
00-0026345,Pierre Garcon,2012,WAS,WR,10,13.22,7.92,4.52,0.8176,19.5,Mount Union College; Norwich University,2008,6,false
00-0026164,Chris Johnson,2012,TEN,RB,16,13.22,7.85,4.52,0.8316,19.5,East Carolina,2008,1,false
00-0007091,Matt Hasselbeck,2006,SEA,QB,12,12.39,7.32,4.51,0.6765,19.5,Boston College,1998,6,false
00-0010560,Shane Matthews,1999,CHI,QB,8,11.36,4.94,4.51,0.439,19.5,Florida; William Rainey Harper College,,,false
00-0024245,Joseph Addai,2010,IND,RB,8,12.86,5.91,4.5,0.7889,19.5,LSU,2006,1,false
00-0029615,Lamar Miller,2016,HOU,RB,14,13.65,7.56,4.5,0.8333,19.5,Miami,2012,4,false
00-0005091,Kevin Faulk,2000,NE,RB,16,11.16,7.43,4.5,0.6941,19.5,LSU,1999,2,false
00-0026163,Rashard Mendenhall,2009,PIT,RB,16,12.74,8.77,4.5,0.75,19.5,Illinois,2008,1,false
00-0038994,Jordan Addison,2023,MIN,WR,17,13.02,8.69,4.5,0.8263,19.5,USC; Pittsburgh,2023,1,false
00-0027864,Ryan Mathews,2013,LAC,RB,16,13.15,6.29,4.49,0.7957,19.5,Fresno State,2010,1,false
00-0002876,Chris Chandler,2001,ATL,QB,14,11.31,8.27,4.48,0.4063,19.5,Washington,1988,3,false
00-0013639,Jerry Rice,1999,SF,WR,16,11.33,8.33,4.48,0.7353,19.4,Mississippi Valley State University,1985,1,false
00-0032187,David Johnson,2015,ARI,RB,16,13.61,10.35,4.48,0.8958,19.4,Northern Iowa,2015,3,false
00-0036358,CeeDee Lamb,2020,DAL,WR,16,13.61,6.6,4.48,0.7922,19.4,Oklahoma,2020,1,false
00-0020516,Todd Heap,2005,BAL,TE,16,12.53,7.68,4.47,0.9649,19.4,Arizona State,2001,1,false
00-0014722,Shannon Sharpe,2000,BAL,TE,16,11.12,7.29,4.47,0.9833,19.4,Savannah State College,1990,7,false
00-0011795,Muhsin Muhammad,2002,CAR,WR,14,11.95,7.06,4.47,0.7986,19.4,Michigan State,1996,2,false
00-0036919,Kenny Gainwell,2025,PIT,RB,17,13.02,9.38,4.46,0.8021,19.4,Memphis,2021,5,false
00-0037256,Rachaad White,2024,TB,RB,15,13.31,7.01,4.46,0.7959,19.4,Arizona State; Mt. San Antonio; Kearney State,2022,3,false
00-0004694,Kevin Dyson,2001,TEN,WR,16,11.28,5.89,4.46,0.773,19.4,Utah,1998,1,false
00-0029137,Alshon Jeffery,2019,PHI,WR,9,13.58,9.35,4.45,0.8092,19.4,South Carolina,2012,2,false
00-0022924,Ben Roethlisberger,2006,PIT,QB,15,12.33,6.95,4.45,0.6471,19.4,Miami (Ohio),2004,1,false
00-0035676,A.J. Brown,2019,TEN,WR,16,13.57,9.64,4.45,0.8026,19.4,Mississippi,2019,2,false
00-0031373,Martavis Bryant,2014,PIT,WR,10,13.01,8.74,4.44,0.8112,19.4,Clemson,2014,4,false
00-0007180,Garrison Hearst,2003,SF,RB,12,11.91,6.43,4.43,0.7778,19.4,Georgia,1993,1,false
00-0021379,Patrick Ramsey,2003,WAS,QB,11,11.91,6.78,4.43,0.5588,19.3,Tulane,2002,1,false
00-0026204,Kevin Smith,2008,DET,RB,16,13.19,5.59,4.43,0.8085,19.3,UCF,2008,3,false
00-0026345,Pierre Garcon,2011,IND,WR,16,12.47,10,4.43,0.8243,19.3,Mount Union College; Norwich University,2008,6,false
00-0032688,Robbie Chosen,2017,NYJ,WR,16,12.5,8.21,4.43,0.8553,19.3,Temple,,,false
00-0007468,Ike Hilliard,2003,NYG,WR,13,11.9,9.28,4.43,0.8244,19.3,Florida,1997,1,false
00-0021353,David Givens,2003,NE,WR,10,11.9,6.66,4.43,0.8168,19.3,Notre Dame,2002,7,false
00-0038120,Breece Hall,2025,NYJ,RB,16,12.98,7.62,4.43,0.7917,19.3,Iowa State,2022,2,false
00-0031407,Blake Bortles,2018,JAX,QB,13,13.32,9.61,4.42,0.2286,19.3,UCF,2014,1,false
00-0038559,Michael Wilson,2025,ARI,WR,17,12.98,10.6,4.42,0.8944,19.3,Stanford,2023,3,false
00-0022803,Eli Manning,2017,NYG,QB,15,12.49,7.85,4.42,0.2903,19.3,Mississippi,2004,1,false
00-0025466,Mike Sims-Walker,2009,JAX,WR,15,12.66,9.96,4.42,0.8392,19.3,UCF,2007,3,false
00-0036212,Tua Tagovailoa,2020,MIA,QB,10,13.55,8.01,4.42,0.25,19.3,Alabama,2020,1,false
00-0032780,Jordan Howard,2017,CHI,RB,16,12.48,9.04,4.41,0.8316,19.3,Indiana; UAB,2016,5,false
00-0032385,Sterling Shepard,2020,NYG,WR,12,13.54,8.17,4.41,0.7857,19.3,Oklahoma,2016,2,false
00-0019976,Drew Bennett,2003,TEN,WR,9,11.88,7.85,4.41,0.8092,19.3,UCLA,,,false
00-0032160,Tyrell Williams,2016,LAC,WR,16,13.56,6.62,4.41,0.8543,19.3,Western Oregon,,,false
00-0021547,Antonio Gates,2015,LAC,TE,11,13.55,8,4.41,0.9114,19.3,Kent State; Eastern Michigan; Michigan State; College of the Sequoias,,,false
00-0036360,Clyde Edwards-Helaire,2020,KC,RB,13,13.54,5.22,4.41,0.8081,19.3,LSU,2020,1,false
00-0019703,Jerry Porter,2005,LV,WR,16,12.46,7.1,4.4,0.812,19.3,West Virginia,2000,2,false
00-0020490,Koren Robinson,2003,SEA,WR,15,11.87,5.84,4.4,0.8015,19.3,N.C. State,2001,1,false
00-0033869,Mitchell Trubisky,2019,CHI,QB,15,13.52,8.66,4.4,0.1765,19.3,North Carolina,2017,1,false
00-0036972,Mac Jones,2021,NE,QB,17,13.23,6.36,4.39,0.2813,19.3,Alabama,2021,1,false
00-0012478,Terrell Owens,1999,SF,WR,14,11.24,6.58,4.39,0.7279,19.2,Tennessee-Chattanooga,1996,3,false
00-0020404,Quincy Carter,2003,DAL,QB,16,11.86,5.49,4.39,0.5294,19.2,Georgia,2001,2,false
00-0027995,Mikel Leshoure,2012,DET,RB,14,13.09,5.75,4.39,0.8211,19.2,Illinois,2011,2,false
00-0020403,Anthony Thomas,2002,CHI,RB,12,11.87,6.23,4.38,0.7273,19.2,Michigan,2001,2,false
00-0028825,Terrelle Pryor,2013,LV,WR,11,13.05,7.2,4.38,0.8321,19.2,Ohio State,2011,3,false
00-0037240,Jameson Williams,2025,DET,WR,17,12.94,8.96,4.38,0.8882,19.2,Alabama; Ohio State,2022,1,false
00-0039064,Zay Flowers,2023,BAL,WR,16,12.9,6.64,4.38,0.8204,19.2,Boston College,2023,1,false
00-0001477,Marty Booker,2006,MIA,WR,14,12.26,9.37,4.38,0.7717,19.2,Louisiana-Monroe,1999,3,false
00-0022084,Anquan Boldin,2004,ARI,WR,10,12.26,5.78,4.38,0.7704,19.2,Florida State,2003,2,false
00-0027531,Chris Ivory,2015,NYJ,RB,15,13.51,7.27,4.38,0.8854,19.2,Tiffin; Washington State,,,false
00-0005779,Charlie Garner,2003,LV,RB,14,11.85,7.04,4.38,0.7677,19.2,Tennessee; Scottsdale CC,1994,2,false
00-0028198,Matt Asiata,2014,MIN,RB,15,12.95,9.84,4.37,0.835,19.2,Utah; Snow,,,false
00-0019642,Plaxico Burress,2004,PIT,WR,11,12.25,7.09,4.37,0.763,19.2,Michigan State,2000,1,false
00-0034348,Courtland Sutton,2025,DEN,WR,17,12.92,7.48,4.37,0.882,19.2,SMU,2018,2,false
00-0034960,Jakobi Meyers,2022,NE,WR,14,13.02,5.99,4.36,0.8267,19.2,N.C. State,,,false
00-0026986,Michael Crabtree,2011,SF,WR,15,12.4,7.14,4.36,0.8176,19.2,Texas Tech,2009,1,false
00-0026498,Matthew Stafford,2018,DET,QB,16,13.26,6.15,4.36,0.2,19.2,Georgia,2009,1,false
00-0020536,LaDainian Tomlinson,2009,LAC,RB,14,12.6,5.86,4.36,0.7391,19.2,TCU,2001,1,false
00-0031062,James White,2019,NE,RB,15,13.48,7.66,4.36,0.7789,19.2,Wisconsin,2014,4,false
00-0011024,Steve McNair,2000,TEN,QB,16,11.01,6.85,4.36,0.4054,19.2,Alcorn State,1995,1,false
00-0015811,Tai Streets,2002,SF,WR,15,11.84,6.42,4.36,0.7917,19.2,Michigan,1999,6,false
00-0022165,Dallas Clark,2007,IND,TE,15,12.57,9.2,4.35,0.9365,19.2,Iowa,2003,1,false
00-0008749,Freddie Jones,2000,SD,TE,15,11.01,8.39,4.35,0.9667,19.2,North Carolina,1997,2,false
00-0027688,Colt McCoy,2011,CLE,QB,13,12.39,3.68,4.35,0.3889,19.2,Texas,2010,3,false
00-0022178,Willis McGahee,2005,BUF,RB,16,12.41,6.81,4.35,0.7917,19.2,Miami,2003,1,false
00-0035662,Marquise Brown,2022,ARI,WR,12,13,7.39,4.34,0.82,19.1,Oklahoma; College of the Canyons,2019,1,false
00-0021314,Chester Taylor,2007,MIN,RB,14,12.54,9.33,4.32,0.7979,19.1,Toledo,2002,6,false
00-0005720,Joey Galloway,2002,DAL,WR,16,11.81,9.01,4.32,0.7847,19.1,Ohio State,1995,1,false
00-0007468,Ike Hilliard,2001,NYG,WR,14,11.14,6.42,4.32,0.766,19.1,Florida,1997,1,false
00-0021429,Carson Palmer,2004,CIN,QB,13,12.2,6.94,4.32,0.4571,19.1,USC,2003,1,false
00-0022942,Philip Rivers,2012,LAC,QB,16,13.02,5.94,4.32,0.3714,19.1,N.C. State,2004,1,false
00-0004161,Jake Delhomme,2005,CAR,QB,16,12.37,5.47,4.31,0.5,19.1,Louisiana-Lafayette,,,false
00-0026158,Joe Flacco,2013,BAL,QB,16,12.97,4.8,4.31,0.3429,19.1,Delaware; Pittsburgh,2008,1,false
00-0012642,David Patten,2001,NE,WR,15,11.13,9.63,4.31,0.7589,19.1,Western Carolina,,,false
00-0026231,Jermichael Finley,2009,GB,TE,12,12.55,8.23,4.31,0.8971,19.1,Texas,2008,3,false
00-0026498,Matthew Stafford,2009,DET,QB,10,12.55,8.46,4.31,0.4872,19.1,Georgia,2009,1,false
00-0036326,Chase Claypool,2020,PIT,WR,16,13.43,10.06,4.3,0.7792,19,Notre Dame,2020,2,false
00-0004054,Terrell Davis,2001,DEN,RB,8,11.13,3,4.3,0.7755,19,Georgia; California State - Long Beach,1995,6,false
00-0005668,Oronde Gadsden,2000,MIA,WR,15,10.95,6.03,4.3,0.7826,19,Winston Salem State University,,,false
00-0035719,Deebo Samuel Sr.,2022,SF,WR,13,12.95,5.59,4.3,0.8133,19,South Carolina,2019,2,false
00-0022165,Dallas Clark,2008,IND,TE,15,13.05,8.85,4.29,0.9844,19,Iowa,2003,1,false
00-0020531,Drew Brees,2002,SD,QB,16,11.77,7.55,4.29,0.3125,19,Purdue,2001,2,false
00-0028986,Case Keenum,2013,HOU,QB,8,12.95,8.33,4.29,0.3143,19,Houston,,,false
00-0026143,Matt Ryan,2022,IND,QB,12,12.94,7.1,4.28,0.3235,19,Boston College,2008,1,false
00-0022922,Kellen Winslow,2006,CLE,TE,16,12.16,5.83,4.28,0.9667,19,Miami,2004,1,false
00-0026995,Jeremy Maclin,2012,PHI,WR,15,12.98,8.95,4.28,0.8108,19,Missouri,2009,1,false
00-0027713,Aaron Hernandez,2012,NE,TE,10,12.98,8.98,4.28,0.9315,19,Florida,2010,4,false
00-0026143,Matt Ryan,2021,ATL,QB,17,13.11,7.96,4.28,0.25,19,Boston College,2008,1,false
00-0034869,Sam Darnold,2021,CAR,QB,12,13.11,9.53,4.27,0.2188,19,USC,2018,1,false
00-0038997,Josh Downs,2024,IND,WR,14,13.11,7.16,4.26,0.8217,19,North Carolina,2023,3,false
00-0002058,Tim Brown,2002,OAK,WR,16,11.74,6.71,4.26,0.7778,19,Notre Dame,1988,1,false
00-0026901,Mike Wallace,2012,PIT,WR,15,12.95,8.25,4.25,0.8041,18.9,Mississippi,2009,3,false
00-0020446,Chris Chambers,2001,MIA,WR,16,11.08,7.81,4.25,0.7518,18.9,Wisconsin,2001,2,false
00-0020434,Chris Weinke,2001,CAR,QB,15,11.07,6.4,4.24,0.375,18.9,Florida State,2001,4,false
00-0023500,Frank Gore,2016,IND,RB,16,13.39,4.9,4.24,0.8229,18.9,Miami,2005,3,false
00-0022807,Bernard Berrian,2008,MIN,WR,15,13,8.01,4.24,0.837,18.9,Fresno State,2004,3,false
00-0008962,Joe Jurevicius,2005,SEA,WR,15,12.29,8.74,4.23,0.8045,18.9,Penn State,1998,2,false
00-0033858,Jonnu Smith,2024,MIA,TE,17,13.08,8.15,4.23,0.9487,18.9,Florida International,2017,3,false
00-0032950,Carson Wentz,2016,PHI,QB,16,13.37,4.44,4.23,0.1613,18.9,North Dakota State,2016,1,false
00-0031800,Taylor Heinicke,2022,WAS,QB,9,12.88,4.99,4.23,0.2941,18.9,Old Dominion,,,false
00-0024217,Reggie Bush,2012,MIA,RB,16,12.93,9.3,4.23,0.8105,18.9,USC,2006,1,false
00-0005883,Eddie George,2001,TEN,RB,16,11.05,6.52,4.23,0.7653,18.9,Ohio State,1996,1,false
00-0036875,Rhamondre Stevenson,2025,NE,RB,14,12.77,10.05,4.22,0.7813,18.9,Oklahoma; Cerritos College,2021,4,false
00-0022127,Jason Witten,2013,DAL,TE,16,12.88,8.75,4.22,0.9254,18.9,Tennessee,2003,3,false
00-0029683,Ronnie Hillman,2014,DEN,RB,8,12.79,9.47,4.21,0.8252,18.9,San Diego State,2012,3,false
00-0022984,Ryan Grant,2007,GB,RB,15,12.42,9.07,4.21,0.7872,18.8,Notre Dame,,,false
00-0027996,Torrey Smith,2014,BAL,WR,15,12.78,8.01,4.21,0.8042,18.8,Maryland,2011,2,false
00-0026983,Darrius Heyward-Bey,2011,LV,WR,15,12.23,8.77,4.2,0.8108,18.8,Maryland,2009,1,false
00-0023310,Lance Moore,2010,NO,WR,15,12.55,7.17,4.2,0.8028,18.8,Toledo,,,false
00-0028825,Terrelle Pryor,2016,CLE,WR,16,13.34,8.49,4.19,0.8477,18.8,Ohio State,2011,3,false
00-0022044,Andre Johnson,2003,HOU,WR,16,11.66,6.66,4.19,0.7939,18.8,Miami,2003,1,false
00-0033288,George Kittle,2023,SF,TE,16,12.7,8.51,4.18,0.9375,18.8,Iowa,2017,5,false
00-0034816,Ronald Jones,2020,TB,RB,14,13.31,6.95,4.18,0.798,18.8,USC,2018,2,false
00-0029137,Alshon Jeffery,2017,PHI,WR,16,12.24,7.12,4.17,0.8487,18.8,South Carolina,2012,2,false
00-0005589,Gus Frerotte,2000,DEN,QB,9,10.83,8.91,4.17,0.3784,18.8,Tulsa,1994,7,false
00-0014328,Frank Sanders,1999,ARI,WR,16,11.03,6.5,4.17,0.7206,18.8,Auburn,1995,2,false
00-0036139,Rico Dowdle,2025,CAR,RB,17,12.72,9.8,4.17,0.7708,18.8,South Carolina,,,false
00-0019693,Jamal Lewis,2006,BAL,RB,16,12.04,6.9,4.17,0.7526,18.8,Tennessee,2000,1,false
00-0006043,Terry Glenn,2003,DAL,WR,14,11.64,9.33,4.16,0.7863,18.7,Ohio State,1996,1,false
00-0031544,Amari Cooper,2015,LV,WR,16,13.29,9.01,4.16,0.8344,18.7,Alabama,2015,1,false
00-0020498,Reggie Wayne,2011,IND,WR,16,12.19,6.39,4.15,0.8041,18.7,Miami,2001,1,false
00-0023460,Jason Campbell,2013,CLE,QB,9,12.81,10.39,4.15,0.2857,18.7,Auburn,2005,1,false
00-0020403,Anthony Thomas,2003,CHI,RB,13,11.62,7.34,4.14,0.7576,18.7,Michigan,2001,2,false
00-0037258,Dameon Pierce,2022,HOU,RB,13,12.8,6.44,4.14,0.8061,18.7,Florida,2022,4,false
00-0028011,Stevan Ridley,2012,NE,RB,16,12.84,6.95,4.14,0.8,18.7,LSU,2011,3,false
00-0022044,Andre Johnson,2014,HOU,WR,15,12.71,6.49,4.13,0.7972,18.7,Miami,2003,1,false
00-0002110,Mark Brunell,2005,WAS,QB,16,12.19,8,4.13,0.4722,18.7,Washington,1993,5,false
00-0035229,T.J. Hockenson,2022,MIN,TE,17,12.79,10.27,4.13,0.9753,18.7,Iowa,2019,1,true
00-0004915,Bobby Engram,2005,SEA,WR,13,12.18,6.14,4.12,0.797,18.7,Penn State,1996,2,false
00-0039163,C.J. Stroud,2024,HOU,QB,17,12.96,4.9,4.12,0.2895,18.6,Ohio State,2023,1,false
00-0005091,Kevin Faulk,2008,NE,RB,15,12.88,7.32,4.12,0.7979,18.6,LSU,1999,2,false
00-0032055,Devin Funchess,2017,CAR,WR,16,12.19,7.47,4.12,0.8421,18.6,Michigan,2015,2,false
00-0026153,Jonathan Stewart,2011,CAR,RB,16,12.15,4.61,4.11,0.8068,18.6,Oregon,2008,1,false
00-0010668,Keenan McCardell,2002,TB,WR,14,11.59,8.11,4.11,0.7708,18.6,UNLV,1991,12,false
00-0026189,DeSean Jackson,2011,PHI,WR,15,12.15,6.83,4.11,0.7973,18.6,California,2008,2,false
00-0028237,Chris Hogan,2017,NE,WR,9,12.18,8.3,4.11,0.8355,18.6,Monmouth; Penn State,,,false
00-0005668,Oronde Gadsden,1999,MIA,WR,15,10.95,8.44,4.1,0.7132,18.6,Winston Salem State University,,,false
00-0025860,BenJarvus Green-Ellis,2010,NE,RB,16,12.46,6.96,4.1,0.7778,18.6,Mississippi; Indiana,,,false
00-0032144,Melvin Gordon,2020,DEN,RB,15,13.23,7.16,4.1,0.7879,18.6,Wisconsin,2015,1,false
00-0029701,Ryan Tannehill,2018,MIA,QB,11,13,8.03,4.1,0.1714,18.6,Texas A&M,2012,1,false
00-0030279,Keenan Allen,2014,LAC,WR,14,12.66,9.46,4.09,0.7902,18.6,California,2013,3,false
00-0035243,Miles Sanders,2022,PHI,RB,17,12.75,9.29,4.09,0.7959,18.6,Penn State,2019,2,false
00-0004541,Donald Driver,2008,GB,WR,16,12.85,6.35,4.09,0.8296,18.6,Alcorn State,1999,7,false
00-0036309,Darnell Mooney,2021,CHI,WR,17,12.92,6.98,4.09,0.8194,18.6,Tulane,2020,5,false
00-0025637,Ahmad Bradshaw,2012,NYG,RB,14,12.79,8.49,4.09,0.7895,18.6,Marshall,2007,7,false
00-0034855,Baker Mayfield,2021,CLE,QB,14,12.92,4.65,4.08,0.1875,18.6,Oklahoma; Texas Tech,2018,1,false
00-0030472,Jordan Reed,2013,WAS,TE,9,12.74,7.5,4.08,0.9104,18.6,Florida,2013,3,false
00-0020397,Chad Johnson,2010,CIN,WR,14,12.44,9.06,4.08,0.7958,18.5,Oregon State; Langston University; Santa Monica,2001,2,false
00-0029608,T.Y. Hilton,2015,IND,WR,16,13.21,7.88,4.08,0.8278,18.5,Florida International,2012,3,false
00-0027996,Torrey Smith,2013,BAL,WR,16,12.74,6.4,4.07,0.8248,18.5,Maryland,2011,2,false
00-0029580,Rishard Matthews,2016,TEN,WR,16,13.22,6.56,4.07,0.8411,18.5,Nevada; Bakersfield College,2012,7,false
00-0027902,Dez Bryant,2010,DAL,WR,12,12.43,8.2,4.07,0.7887,18.5,Oklahoma State,2010,1,false
00-0031299,Jordan Matthews,2014,PHI,TE,16,12.64,9.24,4.06,0.9211,18.5,Vanderbilt,2014,2,false
00-0022924,Ben Roethlisberger,2004,PIT,QB,14,11.95,5.32,4.06,0.4286,18.5,Miami (Ohio),2004,1,false
00-0019596,Tom Brady,2001,NE,QB,15,10.89,8.19,4.06,0.3438,18.5,Michigan,2000,6,false
00-0020480,Sage Rosenfels,2007,HOU,QB,9,12.27,4.99,4.06,0.6389,18.5,Iowa State,2001,4,false
00-0033885,David Njoku,2023,CLE,TE,16,12.58,7.07,4.06,0.925,18.5,Miami,2017,1,false
00-0006627,Az-Zahir Hakim,2002,DET,WR,10,11.54,8.71,4.06,0.7639,18.5,San Diego State,1998,4,false
00-0023500,Frank Gore,2011,SF,RB,16,12.09,7.1,4.06,0.7955,18.5,Miami,2005,3,false
00-0015700,Kordell Stewart,2003,CHI,QB,9,11.52,8.24,4.05,0.5,18.5,Colorado,1995,2,false
00-0034753,Mark Andrews,2022,BAL,TE,15,12.7,9.03,4.04,0.963,18.5,Oklahoma,2018,3,false
00-0003700,Germane Crowell,2000,DET,WR,9,10.69,7.64,4.03,0.7754,18.5,Virginia,1998,2,false
00-0024813,Pierre Thomas,2008,NO,RB,15,12.79,10.91,4.03,0.7872,18.4,Illinois,,,false
00-0034869,Sam Darnold,2018,NYJ,QB,13,12.93,7.02,4.03,0.1429,18.4,USC,2018,1,false
00-0037740,Garrett Wilson,2022,NYJ,WR,17,12.69,8.57,4.03,0.8067,18.4,Ohio State,2022,1,false
00-0001532,David Boston,2002,ARI,WR,8,11.51,8.11,4.03,0.7569,18.4,Ohio State,1999,1,false
00-0011727,Johnnie Morton,2004,KC,WR,13,11.91,5.28,4.03,0.7556,18.4,USC,1994,1,false
00-0034837,Calvin Ridley,2018,ATL,WR,16,12.92,9.97,4.02,0.8227,18.4,Alabama,2018,1,false
00-0029615,Lamar Miller,2017,HOU,RB,16,12.09,6.47,4.02,0.8211,18.4,Miami,2012,4,false
00-0021147,Donte' Stallworth,2002,NO,WR,13,11.51,5.95,4.02,0.75,18.4,Tennessee,2002,1,false
00-0037740,Garrett Wilson,2023,NYJ,WR,17,12.54,5.46,4.02,0.8144,18.4,Ohio State,2022,1,false
00-0020565,Cleo Lemon,2007,MIA,QB,9,12.24,7.09,4.02,0.6111,18.4,Arkansas State,,,false
00-0027155,Rashad Jennings,2014,NYG,RB,11,12.59,8.23,4.02,0.8155,18.4,Liberty; Pittsburgh,2009,7,false
00-0022922,Kellen Winslow,2009,TB,TE,16,12.26,7.42,4.01,0.8824,18.4,Miami,2004,1,false
00-0008612,Rob Johnson,2001,BUF,QB,8,10.84,7.97,4.01,0.3125,18.4,USC,1995,4,false
00-0005106,Brett Favre,2006,GB,QB,16,11.89,7.91,4.01,0.6176,18.4,Southern Mississippi,1991,2,false
00-0026144,Darren McFadden,2012,LV,RB,12,12.71,6.67,4.01,0.7789,18.4,Arkansas,2008,1,false
00-0005755,Jeff Garcia,2006,PHI,QB,8,11.88,8.22,4.01,0.5882,18.4,San Jose State; Gavilan College,,,false
00-0034775,Christian Kirk,2023,JAX,WR,12,12.52,5.98,4,0.8084,18.4,Texas A&M,2018,2,false
00-0040124,Tetairoa McMillan,2025,CAR,WR,17,12.55,7.07,4,0.8758,18.4,Arizona,2025,1,false
00-0032268,Marcus Mariota,2025,WAS,QB,10,12.55,8.22,4,0.2778,18.4,Oregon,2015,1,false
00-0008060,Raghib Ismail,2001,DAL,WR,14,10.82,6.36,4,0.7447,18.4,Notre Dame,,,false
00-0017109,Wesley Walls,2000,CAR,TE,8,10.65,5.75,4,0.95,18.4,Mississippi,1989,2,false
00-0026899,Shonn Greene,2011,NYJ,RB,16,12.03,8.42,3.99,0.7841,18.4,Iowa; Kirkwood Community College,2009,3,false
00-0033040,Tyreek Hill,2024,MIA,WR,17,12.84,7.47,3.99,0.8153,18.4,West Alabama; Garden City CC; Oklahoma State,2016,5,false
00-0020337,Steve Smith,2016,BAL,WR,14,13.14,6.83,3.99,0.8344,18.4,Utah; Santa Monica,2001,3,false
00-0033118,Kenyan Drake,2018,MIA,RB,16,12.89,7.53,3.99,0.7957,18.3,Alabama,2016,3,false
00-0039923,J.J. McCarthy,2025,MIN,QB,10,12.54,8.45,3.99,0.25,18.3,Michigan,2024,1,false
00-0033307,Kendrick Bourne,2023,NE,WR,8,12.5,6.92,3.98,0.8024,18.3,Eastern Washington,,,false
00-0003292,Kerry Collins,1999,NYG,QB,10,10.83,9.44,3.98,0.4146,18.3,Penn State,1995,1,false
00-0026184,Matt Forte,2016,NYJ,RB,14,13.11,9.71,3.97,0.8125,18.3,Tulane,2008,2,false
00-0030061,Zach Ertz,2016,PHI,TE,14,13.11,9.87,3.97,0.9726,18.3,Stanford,2013,2,false
00-0029293,Marvin Jones,2018,DET,WR,9,12.87,7.62,3.97,0.8156,18.3,California,2012,5,false
00-0027996,Torrey Smith,2011,BAL,WR,15,12,10.84,3.96,0.7905,18.3,Maryland,2011,2,false
00-0021999,Nate Burleson,2009,SEA,WR,13,12.2,7.2,3.96,0.8322,18.3,Nevada,2003,3,false
00-0021191,Antonio Bryant,2005,CLE,WR,16,12.01,6.93,3.95,0.7895,18.3,Pittsburgh,2002,2,false
00-0027891,Golden Tate,2015,DET,WR,16,13.09,6.36,3.95,0.8212,18.3,Notre Dame,2010,2,false
00-0022738,Chris Cooley,2007,WAS,TE,16,12.16,6.88,3.95,0.9206,18.3,Utah State,2004,3,false
00-0033357,Taysom Hill,2024,NO,TE,8,12.79,12.48,3.95,0.9359,18.3,BYU,,,false
00-0023439,Cedric Benson,2010,CIN,RB,16,12.31,6.81,3.95,0.7667,18.3,Texas,2005,1,false
00-0019976,Drew Bennett,2005,TEN,WR,13,12.01,7.59,3.95,0.782,18.3,UCLA,,,false
00-0021148,Jeremy Shockey,2002,NYG,TE,15,11.43,6.41,3.94,0.9846,18.3,Miami; Northeast Oklahoma,2002,1,false
00-0026224,Harry Douglas,2013,ATL,WR,16,12.61,7.71,3.94,0.8175,18.2,Louisville,2008,3,false
00-0017644,Jermaine Wiggins,2004,MIN,TE,14,11.82,5.77,3.94,0.9508,18.2,Georgia; Marshall,,,false
00-0036275,D'Andre Swift,2023,PHI,RB,16,12.46,6.76,3.94,0.7444,18.2,Georgia,2020,2,false
00-0027077,Brian Hartline,2013,MIA,WR,16,12.6,6.44,3.94,0.8102,18.2,Ohio State,2009,4,false
00-0027006,Kenny Britt,2016,LA,WR,15,13.08,6.9,3.93,0.8278,18.2,Rutgers,2009,1,false
00-0009163,Eddie Kennison,1999,NO,WR,16,10.78,5.85,3.93,0.7059,18.2,LSU,1996,1,false
00-0035640,DK Metcalf,2025,PIT,WR,15,12.48,6,3.93,0.8696,18.2,Mississippi,2019,2,false
00-0019623,Tim Rattay,2004,SF,QB,9,11.81,8.6,3.92,0.4,18.2,Louisiana Tech; Scottsdale CC,2000,7,false
00-0006627,Az-Zahir Hakim,1999,STL,WR,14,10.77,10.84,3.92,0.6985,18.2,San Diego State,1998,4,false
00-0027981,Kyle Rudolph,2016,MIN,TE,16,13.06,6.51,3.92,0.9589,18.2,Notre Dame,2011,2,false
00-0013042,Jake Plummer,2002,ARI,QB,16,11.4,5.32,3.92,0.2813,18.2,Arizona State,1997,2,false
00-0016538,Mike Tomczak,1999,PIT,QB,9,10.77,6.44,3.91,0.3902,18.2,Ohio State,,,false
00-0018958,Laveranues Coles,2004,WAS,WR,16,11.79,4.72,3.91,0.7481,18.2,Florida State,2000,3,false
00-0011770,Eric Moulds,2003,BUF,WR,13,11.38,6.7,3.91,0.7786,18.2,Mississippi State,1996,1,false
00-0006101,Tony Gonzalez,2002,KC,TE,16,11.39,8.79,3.91,0.9692,18.2,California,1997,1,false
00-0037267,Jerome Ford,2023,CLE,RB,17,12.42,6.48,3.91,0.7333,18.2,Cincinnati; Alabama,2022,5,false
00-0020337,Steve Smith,2002,CAR,WR,15,11.39,8.98,3.9,0.7431,18.2,Utah; Santa Monica,2001,3,false
00-0035640,DK Metcalf,2024,SEA,WR,15,12.75,6.5,3.9,0.8089,18.2,Mississippi,2019,2,false
00-0023436,Alex Smith,2010,SF,QB,11,12.25,6.9,3.9,0.3333,18.1,Utah,2005,1,false
00-0027029,LeSean McCoy,2014,PHI,RB,16,12.46,6.55,3.89,0.8058,18.1,Pittsburgh,2009,2,false
00-0022178,Willis McGahee,2006,BUF,RB,14,11.76,6.22,3.88,0.7423,18.1,Miami,2003,1,false
00-0005562,Antonio Freeman,2001,GB,WR,16,10.71,6.94,3.88,0.7376,18.1,Virginia Tech,1995,3,false
00-0021163,Jabar Gaffney,2011,WAS,WR,16,11.92,6.15,3.88,0.7838,18.1,Florida,2002,2,false
00-0026996,Brandon Pettigrew,2011,DET,TE,16,11.92,6.67,3.88,0.9041,18.1,Oklahoma State,2009,1,false
00-0020474,Kevan Barlow,2004,SF,RB,15,11.76,6.31,3.88,0.6809,18.1,Pittsburgh,2001,3,false
00-0014722,Shannon Sharpe,2002,DEN,TE,13,11.35,11.76,3.87,0.9538,18.1,Savannah State College,1990,7,false
00-0023310,Lance Moore,2011,NO,WR,14,11.91,8.57,3.87,0.777,18.1,Toledo,,,false
00-0023457,Mark Clayton,2006,BAL,WR,16,11.74,8.57,3.87,0.7638,18.1,Oklahoma,2005,1,false
00-0022803,Eli Manning,2006,NYG,QB,16,11.74,6.49,3.87,0.5588,18.1,Mississippi,2004,1,false
00-0022092,Chris Brown,2005,TEN,RB,15,11.92,8.39,3.86,0.7813,18.1,Colorado; Northwestern; Fort Scott CC,2003,3,false
00-0002962,Wayne Chrebet,2002,NYJ,WR,15,11.34,5.64,3.86,0.7361,18.1,Hofstra,,,false
00-0022807,Bernard Berrian,2007,CHI,WR,16,12.07,6.12,3.86,0.7761,18.1,Fresno State,2004,3,false
00-0032209,T.J. Yeldon,2015,JAX,RB,12,12.99,4.95,3.86,0.875,18.1,Alabama,2015,2,false
00-0022127,Jason Witten,2008,DAL,TE,16,12.62,7.84,3.85,0.9688,18.1,Tennessee,2003,3,false
00-0015165,Emmitt Smith,2004,ARI,RB,15,11.74,6.43,3.85,0.6702,18.1,Florida,1990,1,false
00-0022782,Kevin Jones,2007,DET,RB,13,12.06,7.33,3.85,0.7766,18,Virginia Tech,2004,1,false
00-0023460,Jason Campbell,2010,LV,QB,13,12.21,6.79,3.85,0.303,18,Auburn,2005,1,false
00-0036970,Kyle Pitts,2025,ATL,TE,17,12.4,9.94,3.85,0.9535,18,Florida,2021,1,false
00-0036410,Tee Higgins,2020,CIN,WR,15,12.97,6.78,3.84,0.7727,18,Clemson,2020,2,false
00-0026163,Rashard Mendenhall,2011,PIT,RB,15,11.88,6.2,3.84,0.7727,18,Illinois,2008,1,false
00-0022044,Andre Johnson,2005,HOU,WR,12,11.9,9.4,3.84,0.7744,18,Miami,2003,1,false
00-0007091,Matt Hasselbeck,2011,TEN,QB,16,11.88,6.36,3.84,0.3611,18,Boston College,1998,6,false
00-0022736,Steven Jackson,2012,LA,RB,16,12.54,5.12,3.84,0.7684,18,Oregon State,2004,1,false
00-0022893,Tatum Bell,2005,DEN,RB,14,11.89,7.9,3.83,0.7708,18,Oklahoma State,2004,2,false
00-0016534,Billy Joe Tolliver,1999,NO,QB,10,10.68,8.21,3.83,0.3659,18,Texas Tech,1989,2,false
00-0021141,Joey Harrington,2004,DET,QB,16,11.71,5.87,3.83,0.3714,18,Oregon,2002,1,false
00-0033951,Marlon Mack,2019,IND,RB,14,12.95,6.65,3.83,0.7684,18,University of South Florida,2017,4,false
00-0001477,Marty Booker,2003,CHI,WR,13,11.29,6.32,3.82,0.771,18,Louisiana-Monroe,1999,3,false
00-0031588,Stefon Diggs,2025,NE,WR,17,12.37,6.81,3.82,0.8634,18,Maryland,2015,5,false
00-0000745,Tiki Barber,1999,NYG,RB,16,10.67,7.7,3.82,0.7604,18,Virginia,1997,2,false
00-0034775,Christian Kirk,2019,ARI,WR,13,12.94,9.22,3.82,0.7961,18,Texas A&M,2018,2,false
00-0023470,Reggie Brown,2006,PHI,WR,16,11.69,7.9,3.81,0.7559,18,Georgia,2005,2,false
00-0025418,Greg Olsen,2016,CAR,TE,16,12.96,6.81,3.81,0.9452,18,Miami; Notre Dame,2007,1,false
00-0034115,Jeff Wilson,2020,SF,RB,11,12.94,11.38,3.81,0.7778,18,North Texas,,,false
00-0024275,Maurice Jones-Drew,2013,JAX,RB,15,12.47,6.06,3.8,0.7849,17.9,UCLA,2006,2,false
00-0031325,Sammy Watkins,2014,BUF,WR,16,12.37,9.1,3.8,0.7832,17.9,Clemson,2014,1,false
00-0013013,Michael Pittman,2002,TB,RB,16,11.28,4.88,3.8,0.7172,17.9,Fresno State,1998,4,false
00-0026901,Mike Wallace,2013,MIA,WR,16,12.46,8.01,3.79,0.8029,17.9,Mississippi,2009,3,false
00-0033921,Chris Godwin Jr.,2023,TB,WR,17,12.31,5.26,3.79,0.7964,17.9,Penn State,2017,3,false
00-0027973,Andy Dalton,2022,NO,QB,14,12.45,6.38,3.79,0.2647,17.9,TCU,2011,2,false
00-0034351,Dallas Goedert,2025,PHI,TE,15,12.34,7.17,3.79,0.9419,17.9,South Dakota State,2018,2,false
00-0019455,Peter Warrick,2000,CIN,WR,16,10.44,4.98,3.78,0.7681,17.9,Florida State,2000,1,false
00-0029638,Michael Floyd,2013,ARI,WR,16,12.44,6.88,3.78,0.7956,17.9,Notre Dame,2012,1,false
00-0020514,Michael Bennett,2001,MIN,RB,13,10.6,5.99,3.77,0.7551,17.9,Wisconsin,2001,1,false
00-0028052,Cecil Shorts,2013,JAX,WR,13,12.44,6.56,3.77,0.7883,17.9,Mount Union College,2011,4,false
00-0036275,D'Andre Swift,2024,CHI,RB,17,12.62,6.76,3.77,0.7857,17.9,Georgia,2020,2,false
00-0004161,Jake Delhomme,2006,CAR,QB,13,11.65,5.64,3.77,0.5294,17.9,Louisiana-Lafayette,,,false
00-0029608,T.Y. Hilton,2012,IND,WR,15,12.47,8.39,3.77,0.7973,17.9,Florida International,2012,3,false
00-0037247,George Pickens,2023,PIT,WR,17,12.28,9.19,3.76,0.7904,17.9,Georgia,2022,2,false
00-0029604,Kirk Cousins,2024,ATL,QB,14,12.59,9.2,3.75,0.2632,17.8,Michigan State,2012,4,false
00-0021931,Kevin Walter,2008,HOU,WR,16,12.51,8.64,3.75,0.8222,17.8,Eastern Michigan,2003,7,false
00-0013097,Keith Poole,1999,NO,WR,15,10.6,5.52,3.75,0.6912,17.8,Arizona State,1997,4,false
00-0033293,Aaron Jones,2023,GB,RB,11,12.26,7.21,3.75,0.7222,17.8,Texas-El Paso,2017,5,false
00-0035289,Gardner Minshew,2023,IND,QB,16,12.26,6.41,3.74,0.3333,17.8,Washington State,2019,6,false
00-0013080,Marcus Pollard,2001,IND,TE,16,10.56,6.43,3.73,0.9821,17.8,Bradley University; Seward County Community Coll,,,false
00-0035710,Daniel Jones,2020,NYG,QB,14,12.86,5.31,3.73,0.2222,17.8,Duke,2019,1,false
00-0033045,Ezekiel Elliott,2022,DAL,RB,15,12.39,5.33,3.73,0.7857,17.8,Ohio State,2016,1,false
00-0004077,Sean Dawkins,2000,SEA,WR,16,10.38,7.6,3.73,0.7609,17.8,California,1993,1,false
00-0036980,Elijah Moore,2021,NYJ,WR,11,12.56,9.8,3.73,0.8129,17.8,Mississippi,2021,2,false
00-0005755,Jeff Garcia,2007,TB,QB,13,11.94,5.16,3.73,0.5833,17.8,San Jose State; Gavilan College,,,false
00-0033908,Cooper Kupp,2017,LA,WR,15,11.79,6,3.72,0.8289,17.8,Eastern Washington,2017,3,false
00-0033891,Zay Jones,2022,JAX,WR,16,12.38,9.74,3.72,0.8,17.8,East Carolina,2017,2,false
00-0035659,Terry McLaurin,2021,WAS,WR,17,12.56,8.52,3.72,0.8065,17.8,Ohio State,2019,3,false
00-0027077,Brian Hartline,2012,MIA,WR,15,12.42,10.02,3.72,0.7905,17.8,Ohio State,2009,4,false
00-0020516,Todd Heap,2006,BAL,TE,16,11.59,3.77,3.72,0.95,17.8,Arizona State,2001,1,false
00-0021192,Deion Branch,2004,NE,WR,9,11.6,8.19,3.72,0.7407,17.8,Louisville; Jones County JC,2002,2,false
00-0009311,Jon Kitna,2007,DET,QB,16,11.93,5.56,3.72,0.5556,17.8,Central Washington University,,,false
00-0022738,Chris Cooley,2005,WAS,TE,16,11.78,7.77,3.71,0.9474,17.8,Utah State,2004,3,false
00-0033009,Tyler Boyd,2020,CIN,WR,15,12.84,7.89,3.71,0.7662,17.7,Pittsburgh,2016,2,false
00-0023460,Jason Campbell,2008,WAS,QB,16,12.48,4.28,3.71,0.5313,17.7,Auburn,2005,1,false
00-0023544,Marion Barber,2009,DAL,RB,15,11.95,5.61,3.71,0.7283,17.7,Minnesota,2005,4,false
00-0026189,DeSean Jackson,2018,TB,WR,12,12.61,8.18,3.71,0.8085,17.7,California,2008,2,false
00-0022921,Larry Fitzgerald,2004,ARI,WR,16,11.59,7.88,3.71,0.7333,17.7,Pittsburgh,2004,1,false
00-0030874,Damien Williams,2019,KC,RB,11,12.83,8.77,3.7,0.7579,17.7,Oklahoma; Arizona Western,,,false
00-0022736,Steven Jackson,2013,ATL,RB,12,12.37,5.74,3.7,0.7742,17.7,Oregon State,2004,1,false
00-0034411,Russell Gage,2021,ATL,WR,13,12.54,8.62,3.7,0.8,17.7,LSU,2018,6,false
00-0026235,Mario Manningham,2009,NYG,WR,14,11.94,7.14,3.7,0.8252,17.7,Michigan,2008,3,false
00-0035261,Tony Pollard,2024,TEN,RB,16,12.54,5.5,3.7,0.7755,17.7,Memphis,2019,4,false
00-0023438,Braylon Edwards,2006,CLE,WR,16,11.57,6.88,3.69,0.748,17.7,Michigan,2005,1,false
00-0023465,Heath Miller,2009,PIT,TE,16,11.93,7.5,3.69,0.8676,17.7,Virginia,2005,1,false
00-0032764,Derrick Henry,2018,TEN,RB,16,12.58,11.75,3.68,0.7849,17.7,Alabama,2016,2,false
00-0017162,Hines Ward,1999,PIT,WR,16,10.54,6.13,3.68,0.6838,17.7,Georgia,1998,3,false
00-0025708,Matt Moore,2011,MIA,QB,13,11.72,6.53,3.68,0.3333,17.7,Oregon State; UCLA; College of the Canyons,,,false
00-0033118,Kenyan Drake,2020,ARI,RB,15,12.81,6.76,3.68,0.7677,17.7,Alabama,2016,3,false
00-0004304,Corey Dillon,2006,NE,RB,16,11.56,6.75,3.68,0.732,17.7,Washington; Dixie College (UT); Garden City CC,1997,2,false
00-0031912,Cameron Meredith,2016,CHI,WR,14,12.82,9.04,3.67,0.8212,17.7,Illinois State,,,false
00-0030656,Isaiah Crowell,2016,CLE,RB,16,12.82,6.4,3.67,0.8021,17.7,Alabama State; Georgia,,,false
00-0037664,Alec Pierce,2025,IND,WR,15,12.22,8.3,3.67,0.8571,17.6,Cincinnati,2022,2,false
00-0019703,Jerry Porter,2002,OAK,WR,16,11.15,7.99,3.67,0.7292,17.6,West Virginia,2000,2,false
00-0032268,Marcus Mariota,2018,TEN,QB,14,12.57,9.6,3.67,0.1143,17.6,Oregon,2015,1,false
00-0030513,Latavius Murray,2015,LV,RB,16,12.8,5.55,3.66,0.8646,17.6,UCF,2013,6,false
00-0018958,Laveranues Coles,2005,NYJ,WR,16,11.72,6.08,3.66,0.7669,17.6,Florida State,2000,3,false
00-0022084,Anquan Boldin,2011,BAL,WR,14,11.69,5.89,3.66,0.7703,17.6,Florida State,2003,2,false
00-0023456,Matt Jones,2008,JAX,WR,12,12.42,6.25,3.65,0.8148,17.6,Arkansas,2005,1,false
00-0015165,Emmitt Smith,2001,DAL,RB,14,10.48,5.09,3.65,0.7449,17.6,Florida,1990,1,false
00-0014328,Frank Sanders,2000,ARI,WR,16,10.31,7.28,3.65,0.7536,17.6,Auburn,1995,2,false
00-0031549,Nelson Agholor,2017,PHI,WR,16,11.72,7.29,3.65,0.8224,17.6,USC,2015,1,false
00-0022803,Eli Manning,2008,NYG,QB,16,12.41,5.42,3.64,0.5,17.6,Mississippi,2004,1,false
00-0026995,Jeremy Maclin,2009,PHI,WR,13,11.88,7.78,3.64,0.8182,17.6,Missouri,2009,1,false
00-0033899,DeShone Kizer,2017,CLE,QB,15,11.71,8.92,3.64,0.2581,17.6,Notre Dame,2017,2,false
00-0008561,Keyshawn Johnson,2005,DAL,WR,16,11.7,6.54,3.64,0.7594,17.6,USC; West Los Angeles College,1996,1,false
00-0021164,DeShaun Foster,2005,CAR,RB,15,11.69,7.15,3.63,0.7604,17.6,UCLA,2002,2,false
00-0021353,David Givens,2004,NE,WR,14,11.51,7.29,3.63,0.7259,17.6,Notre Dame,2002,7,false
00-0026988,Knowshon Moreno,2009,DEN,RB,16,11.88,6.39,3.63,0.7174,17.6,Georgia,2009,1,false
00-0008313,Shawn Jefferson,2000,ATL,WR,15,10.29,6.62,3.63,0.7464,17.6,UCF,1991,9,false
00-0020381,Justin McCareins,2003,TEN,WR,16,11.1,6.41,3.63,0.7634,17.6,Northern Illinois,2001,4,false
00-0036875,Rhamondre Stevenson,2023,NE,RB,12,12.14,6.96,3.62,0.7111,17.6,Oklahoma; Cerritos College,2021,4,false
00-0026000,Davone Bess,2010,MIA,WR,16,11.98,6.33,3.62,0.7817,17.6,Hawaii,,,false
00-0039919,Rome Odunze,2025,CHI,WR,12,12.17,9.17,3.62,0.8509,17.6,Washington,2024,1,false
00-0030663,Willie Snead,2016,NO,WR,15,12.77,7.61,3.62,0.8146,17.5,Ball State,,,false
00-0003535,Tim Couch,2002,CLE,QB,14,11.1,8.67,3.62,0.25,17.5,Kentucky,1999,1,false
00-0019643,Ron Dayne,2006,HOU,RB,10,11.49,9.33,3.61,0.7216,17.5,Wisconsin,2000,1,false
00-0024226,Jay Cutler,2012,CHI,QB,15,12.31,6.47,3.61,0.3429,17.5,Vanderbilt,2006,1,false
00-0018958,Laveranues Coles,2008,NYJ,WR,16,12.37,9.4,3.61,0.8074,17.5,Florida State,2000,3,false
00-0024221,Vernon Davis,2010,SF,TE,16,11.96,7.06,3.6,0.9726,17.5,Maryland,2006,1,false
00-0040730,RJ Harvey,2025,DEN,RB,17,12.15,7.66,3.6,0.7604,17.5,UCF; Virginia,2025,2,false
00-0036251,Zack Moss,2023,IND,RB,14,12.11,9.04,3.6,0.7,17.5,Utah,2020,3,false
00-0008454,Charles Johnson,2000,PHI,WR,16,10.25,6.61,3.6,0.7391,17.5,Colorado,1994,1,false
00-0022250,Willie Parker,2007,PIT,RB,15,11.8,5.96,3.59,0.766,17.5,North Carolina,,,false
00-0025414,Robert Meachem,2009,NO,WR,15,11.83,7.88,3.58,0.8112,17.5,Tennessee,2007,1,false
00-0035831,James Robinson,2021,JAX,RB,14,12.42,8.26,3.58,0.7921,17.5,Illinois State,,,false
00-0031235,Odell Beckham Jr.,2019,CLE,WR,16,12.71,6.09,3.58,0.7895,17.5,LSU,2014,1,false
00-0027902,Dez Bryant,2017,DAL,WR,16,11.65,5.08,3.58,0.8158,17.5,Oklahoma State,2010,1,false
00-0036613,Jaylen Waddle,2025,MIA,WR,16,12.13,6.87,3.58,0.8447,17.5,Alabama,2021,1,false
00-0024217,Reggie Bush,2009,NO,RB,14,11.82,6.44,3.58,0.7065,17.5,USC,2006,1,false
00-0040734,TreVeyon Henderson,2025,NE,RB,17,12.13,9.6,3.58,0.75,17.5,Ohio State,2025,2,false
00-0040784,Quinshon Judkins,2025,CLE,RB,14,12.13,6.73,3.58,0.7396,17.5,Ohio State; Mississippi,2025,2,false
00-0019863,Dominic Rhodes,2008,IND,RB,15,12.33,8.56,3.57,0.7766,17.4,Midwestern State; Tyler JC,,,false
00-0002099,Isaac Bruce,2008,SF,WR,15,12.33,7.48,3.57,0.8,17.4,Memphis; Santa Monica; West Los Angeles College,1994,2,false
00-0023436,Alex Smith,2012,SF,QB,10,12.27,9.1,3.57,0.3143,17.4,Utah,2005,1,false
00-0025410,Dwayne Bowe,2009,KC,WR,11,11.81,5.74,3.57,0.8042,17.4,LSU,2007,1,false
00-0019609,Travis Prentice,2000,CLE,RB,15,10.22,8.04,3.57,0.6824,17.4,Miami (Ohio),2000,3,false
00-0027854,Sam Bradford,2010,LA,QB,16,11.92,5.67,3.57,0.2727,17.4,Oklahoma,2010,1,false
00-0004640,Warrick Dunn,2006,ATL,RB,16,11.44,4.39,3.56,0.7113,17.4,Florida State,1997,1,false
00-0019057,Jamel White,2001,CLE,RB,16,10.38,9.74,3.56,0.7347,17.4,South Dakota,,,false
00-0029632,Mohamed Sanu,2017,ATL,WR,15,11.62,5.65,3.55,0.8092,17.4,Rutgers,2012,3,false
00-0033923,Kareem Hunt,2019,CLE,RB,8,12.67,3.74,3.55,0.7474,17.4,Toledo,2017,3,false
00-0022093,Justin Fargas,2007,LV,RB,14,11.76,7.92,3.55,0.7553,17.4,USC; Michigan,2003,3,false
00-0020446,Chris Chambers,2007,LAC,WR,16,11.76,4.82,3.55,0.7687,17.4,Wisconsin,2001,2,true
00-0028002,Randall Cobb,2015,GB,WR,16,12.68,7.65,3.55,0.8146,17.4,Kentucky,2011,2,false
00-0033553,James Conner,2020,PIT,RB,13,12.66,6.92,3.53,0.7576,17.4,Pittsburgh,2017,3,false
00-0026901,Mike Wallace,2016,BAL,WR,16,12.67,5.43,3.53,0.8079,17.4,Mississippi,2009,3,false
00-0022084,Anquan Boldin,2012,BAL,WR,15,12.23,6.9,3.53,0.7838,17.3,Florida State,2003,2,false
00-0021982,Justin Gage,2008,TEN,WR,11,12.28,8.57,3.52,0.7926,17.3,Missouri,2003,5,false
00-0036139,Rico Dowdle,2024,DAL,RB,16,12.36,5.34,3.52,0.7653,17.3,South Carolina,,,false
00-0013888,Marcus Robinson,2006,MIN,WR,8,11.39,6.86,3.51,0.7402,17.3,South Carolina,1997,4,false
00-0006210,Jeff Graham,1999,SD,WR,16,10.36,7.13,3.51,0.6765,17.3,Ohio State,,,false
00-0030565,Geno Smith,2013,NYJ,QB,16,12.17,9.63,3.51,0.2571,17.3,West Virginia,2013,2,false
00-0033881,Evan Engram,2017,NYG,TE,15,11.57,7.09,3.5,0.961,17.3,Mississippi,2017,1,false
00-0020285,Alge Crumpler,2004,ATL,TE,14,11.39,7.56,3.5,0.9344,17.3,North Carolina,2001,2,false
00-0005180,Jay Fiedler,2000,MIA,QB,14,10.16,6.32,3.5,0.3514,17.3,Dartmouth,,,false
00-0020285,Alge Crumpler,2006,ATL,TE,16,11.38,8.02,3.5,0.9333,17.3,North Carolina,2001,2,false
00-0026158,Joe Flacco,2017,BAL,QB,16,11.56,6.01,3.5,0.2258,17.3,Delaware; Pittsburgh,2008,1,false
00-0026267,Jacob Tamme,2010,IND,TE,13,11.85,8.64,3.5,0.9589,17.3,Kentucky,2008,4,false
00-0025529,Steve Breaston,2008,ARI,WR,16,12.26,7.75,3.49,0.7852,17.3,Michigan,2007,5,false
00-0030520,Mike Glennon,2013,TB,QB,13,12.16,5.57,3.49,0.2286,17.3,N.C. State,2013,3,false
00-0036972,Mac Jones,2022,NE,QB,14,12.15,5.52,3.49,0.2353,17.3,Alabama,2021,1,false
00-0026143,Matt Ryan,2008,ATL,QB,16,12.25,5.28,3.49,0.4688,17.3,Boston College,2008,1,false
00-0035719,Deebo Samuel Sr.,2019,SF,WR,15,12.61,7.11,3.48,0.7829,17.3,South Carolina,2019,2,false
00-0020700,James Mungro,2002,IND,RB,9,10.97,8.19,3.48,0.7071,17.3,Syracuse,,,false
00-0039064,Zay Flowers,2024,BAL,WR,17,12.32,7.85,3.48,0.8025,17.2,Boston College,2023,1,false
00-0027076,Mike Thomas,2010,JAX,WR,16,11.84,8.21,3.48,0.7746,17.2,Arizona,2009,4,false
00-0021148,Jeremy Shockey,2006,NYG,TE,15,11.35,7.28,3.48,0.9167,17.2,Miami; Northeast Oklahoma,2002,1,false
00-0002099,Isaac Bruce,2007,LA,WR,13,11.68,6.45,3.47,0.7612,17.2,Memphis; Santa Monica; West Los Angeles College,1994,2,false
00-0032209,T.J. Yeldon,2018,JAX,RB,14,12.36,7.26,3.46,0.7742,17.2,Alabama,2015,2,false
00-0001215,Jerome Bettis,2002,PIT,RB,12,10.94,8.83,3.46,0.697,17.2,Notre Dame,1993,1,false
00-0022811,Jerricho Cotchery,2009,NYJ,WR,14,11.7,6.55,3.46,0.7972,17.2,N.C. State,2004,4,false
00-0012953,Carl Pickens,1999,CIN,WR,16,10.31,7.59,3.46,0.6691,17.2,Tennessee,1992,2,false
00-0003535,Tim Couch,1999,CLE,QB,15,10.31,7.55,3.45,0.3415,17.2,Kentucky,1999,1,false
00-0030279,Keenan Allen,2024,CHI,WR,15,12.29,8.63,3.45,0.7962,17.2,California,2013,3,false
00-0034383,Dalton Schultz,2021,DAL,TE,17,12.28,7.16,3.44,0.9481,17.2,Stanford,2018,4,false
00-0023921,Miles Austin,2012,DAL,WR,16,12.14,6.58,3.44,0.777,17.2,Monmouth,,,false
00-0036898,Davis Mills,2022,HOU,QB,15,12.1,5.05,3.44,0.2059,17.2,Stanford,2021,3,false
00-0031407,Blake Bortles,2014,JAX,QB,14,12.02,4.52,3.44,0.2727,17.2,UCF,2014,1,false
00-0027950,Christian Ponder,2012,MIN,QB,16,12.14,7.45,3.44,0.2857,17.2,Florida State,2011,1,false
00-0035659,Terry McLaurin,2023,WAS,WR,17,11.95,5.9,3.44,0.7844,17.2,Ohio State,2019,3,false
00-0014722,Shannon Sharpe,2001,BAL,TE,16,10.26,4.38,3.43,0.9643,17.1,Savannah State College,1990,7,false
00-0029615,Lamar Miller,2018,HOU,RB,14,12.33,5.96,3.43,0.7634,17.1,Miami,2012,4,false
00-0021192,Deion Branch,2010,NE,WR,15,11.79,8.77,3.43,0.7676,17.1,Louisville; Jones County JC,2002,2,true
00-0031280,Derek Carr,2014,LV,QB,16,12,6.26,3.43,0.2424,17.1,Fresno State,2014,2,false
00-0026345,Pierre Garcon,2016,WAS,WR,16,12.57,4.85,3.42,0.8013,17.1,Mount Union College; Norwich University,2008,6,false
00-0022001,Kevin Curtis,2005,LA,WR,16,11.48,7.24,3.42,0.7519,17.1,Utah State; Snow,2003,3,false
00-0029708,Kendall Wright,2014,TEN,WR,14,11.99,7.59,3.42,0.7762,17.1,Baylor,2012,1,false
00-0030525,Tavon Austin,2015,LA,WR,16,12.54,8.18,3.41,0.8079,17.1,West Virginia,2013,1,false
00-0036973,Travis Etienne,2022,JAX,RB,17,12.06,7.72,3.41,0.7755,17.1,Clemson,2021,1,false
00-0011276,Jim Miller,2002,CHI,QB,10,10.89,6.66,3.4,0.2188,17.1,Michigan State,,,false
00-0011795,Muhsin Muhammad,2001,CAR,WR,11,10.23,7.01,3.4,0.7305,17.1,Michigan State,1996,2,false
00-0031382,Jarvis Landry,2020,CLE,WR,15,12.53,6.43,3.4,0.7597,17.1,LSU,2014,2,false
00-0004293,Trent Dilfer,2000,BAL,QB,9,10.05,7.23,3.4,0.3243,17.1,Fresno State,1994,1,false
00-0016440,James Thrash,2002,PHI,WR,16,10.88,7.59,3.4,0.7222,17.1,Missouri Southern,,,false
00-0006300,Elvis Grbac,2001,BAL,QB,14,10.22,5.49,3.4,0.2813,17.1,Michigan,1993,8,false
00-0003292,Kerry Collins,2003,NYG,QB,13,10.87,8.07,3.4,0.4706,17.1,Penn State,1995,1,false
00-0032156,Trevor Siemian,2017,DEN,QB,11,11.46,7.24,3.39,0.1935,17.1,Northwestern,2015,7,false
00-0024389,Delanie Walker,2016,TEN,TE,15,12.54,6.83,3.39,0.9315,17.1,Central Missouri; Mt. San Antonio,2006,6,false
00-0033090,Hunter Henry,2019,LAC,TE,12,12.52,7.08,3.39,0.9,17.1,Arkansas,2016,2,false
00-0012642,David Patten,2002,NE,WR,16,10.87,7.47,3.39,0.7153,17.1,Western Carolina,,,false
00-0031237,Teddy Bridgewater,2015,MIN,QB,16,12.53,7.94,3.39,0.2,17.1,Louisville,2014,1,false
00-0020471,Travis Henry,2001,BUF,RB,13,10.22,6.14,3.39,0.7245,17.1,Tennessee,2001,2,false
00-0020438,T.J. Houshmandzadeh,2009,SEA,WR,16,11.63,6.45,3.39,0.7902,17.1,Oregon State; Cerritos College,2001,7,false
00-0032211,Tyler Lockett,2023,SEA,WR,17,11.91,7.19,3.39,0.7784,17.1,Kansas State,2015,3,false
00-0028957,Austin Davis,2014,LA,QB,9,11.96,7.21,3.39,0.2121,17.1,Southern Mississippi,,,false
00-0026153,Jonathan Stewart,2015,CAR,RB,13,12.52,5.3,3.39,0.8542,17.1,Oregon,2008,1,false
00-0029608,T.Y. Hilton,2019,IND,WR,10,12.51,7.99,3.39,0.7763,17,Florida International,2012,3,false
00-0026364,Steve Johnson,2015,LAC,WR,9,12.52,6,3.39,0.8013,17,Kentucky; Chabot College,2008,7,false
00-0033119,Jacoby Brissett,2022,CLE,QB,14,12.04,7.75,3.39,0.1765,17,N.C. State; Florida,2016,3,false
00-0027005,Hakeem Nicks,2009,NYG,WR,14,11.63,6.03,3.39,0.7832,17,North Carolina,2009,1,false
00-0026498,Matthew Stafford,2022,LA,QB,9,12.04,4.15,3.38,0.1471,17,Georgia,2009,1,false
00-0010442,Curtis Martin,2005,NYJ,RB,12,11.44,5.44,3.38,0.75,17,Pittsburgh,1995,3,false
00-0024813,Pierre Thomas,2011,NO,RB,16,11.42,5.47,3.38,0.7614,17,Illinois,,,false
00-0032200,Ty Montgomery,2017,GB,WR,8,11.45,9.42,3.38,0.8026,17,Stanford,2015,3,false
00-0005231,Brian Finneran,2002,ATL,WR,16,10.86,7.29,3.38,0.7083,17,Villanova,,,false
00-0009842,Chad Lewis,2000,PHI,TE,16,10.03,5.82,3.38,0.9333,17,BYU; Utah Valley,,,false
00-0034775,Christian Kirk,2021,ARI,WR,17,12.21,6.78,3.38,0.7935,17,Texas A&M,2018,2,false
00-0024267,Greg Jennings,2012,GB,WR,8,12.07,8.91,3.38,0.7703,17,Western Michigan,2006,2,false
00-0023541,Kyle Orton,2008,CHI,QB,15,12.14,6.34,3.37,0.4375,17,Purdue,2005,4,false
00-0022084,Anquan Boldin,2010,BAL,WR,16,11.73,10.41,3.37,0.7606,17,Florida State,2003,2,false
00-0034348,Courtland Sutton,2023,DEN,WR,16,11.89,6.08,3.37,0.7725,17,SMU,2018,2,false
00-0030506,Travis Kelce,2024,KC,TE,16,12.21,7.4,3.37,0.9231,17,Cincinnati,2013,3,false
00-0005720,Joey Galloway,2004,TB,WR,10,11.25,8.97,3.37,0.7185,17,Ohio State,1995,1,false
00-0024242,DeAngelo Williams,2016,PIT,RB,8,12.51,13.35,3.37,0.7917,17,Memphis,2006,1,false
00-0021231,David Garrard,2006,JAX,QB,10,11.24,6.14,3.36,0.5,17,East Carolina,2002,4,false
00-0011727,Johnnie Morton,2000,DET,WR,16,10.02,5.03,3.36,0.7319,17,USC,1994,1,false
00-0028009,DeMarco Murray,2017,TEN,RB,15,11.43,6.69,3.36,0.8105,17,Oklahoma,2011,3,false
00-0000145,Derrick Alexander,1999,KC,WR,16,10.21,7.72,3.36,0.6618,17,Michigan,1994,1,false
00-0020285,Alge Crumpler,2005,ATL,TE,16,11.42,6.54,3.36,0.9298,17,North Carolina,2001,2,false
00-0022770,Derrick Ward,2008,NYG,RB,16,12.12,4.75,3.36,0.766,17,University of Ottawa (Kans.); Fresno State,2004,7,false
00-0032144,Melvin Gordon,2021,DEN,RB,16,12.19,5.94,3.36,0.7822,17,Wisconsin,2015,1,false
00-0036252,Michael Pittman,2025,IND,WR,17,11.91,7.49,3.35,0.8385,17,USC,2020,2,false
00-0029269,Travis Benjamin,2015,CLE,WR,16,12.49,8.35,3.35,0.7947,17,Miami,2012,4,false
00-0008442,Brad Johnson,2000,WAS,QB,12,10,6.4,3.35,0.2973,17,Florida State,1992,9,false
00-0021147,Donte' Stallworth,2004,NO,WR,15,11.23,7.64,3.34,0.7111,17,Tennessee,2002,1,false
00-0023452,Mike Williams,2010,SEA,WR,13,11.7,8.56,3.34,0.7535,17,USC,2005,1,false
00-0023662,Matt Cassel,2013,MIN,QB,9,12,8.97,3.33,0.2,16.9,USC,2005,7,false
00-0031687,Raheem Mostert,2020,SF,RB,8,12.46,6.68,3.33,0.7475,16.9,Purdue,,,false
00-0034750,Rashaad Penny,2021,SEA,RB,10,12.17,12.46,3.33,0.7723,16.9,San Diego State,2018,1,false
00-0032426,Alex Collins,2017,BAL,RB,15,11.4,7.12,3.33,0.8,16.9,Arkansas,2016,5,false
00-0018343,Frank Wycheck,2000,TEN,TE,16,9.98,5.24,3.33,0.9167,16.9,Maryland,1993,6,false
00-0007681,Torry Holt,1999,STL,WR,15,10.18,8.29,3.33,0.6544,16.9,N.C. State,1999,1,false
00-0039065,Sam LaPorta,2025,DET,TE,9,11.88,6.45,3.32,0.9302,16.9,Iowa,2023,2,false
00-0037261,Khalil Shakir,2024,BUF,WR,15,12.17,5.57,3.32,0.7898,16.9,Boise State,2022,5,false
00-0021755,Earnest Graham,2008,TB,RB,10,12.08,6.43,3.32,0.7553,16.9,Florida,,,false
00-0012261,Neil O'Donnell,1999,TEN,QB,8,10.17,6.93,3.32,0.3171,16.9,Maryland,1990,3,false
00-0036912,DeVonta Smith,2025,PHI,WR,17,11.87,7.8,3.32,0.8323,16.9,Alabama,2021,1,false
00-0028002,Randall Cobb,2017,GB,WR,14,11.39,5.42,3.32,0.7961,16.9,Kentucky,2011,2,false
00-0027973,Andy Dalton,2020,DAL,QB,11,12.45,8.11,3.32,0.1944,16.9,TCU,2011,2,false
00-0027946,Jake Locker,2012,TEN,QB,11,12.01,6.35,3.31,0.2571,16.9,Washington,2011,1,false
00-0031428,Allen Robinson,2016,JAX,WR,16,12.46,8.18,3.31,0.7947,16.9,Penn State,2014,2,false
00-0022803,Eli Manning,2007,NYG,QB,16,11.52,7.29,3.31,0.5278,16.9,Mississippi,2004,1,false
00-0018977,Maurice Smith,2001,ATL,RB,15,10.13,7.06,3.31,0.7143,16.9,North Carolina A&T,,,false
00-0027864,Ryan Mathews,2010,LAC,RB,12,11.67,8.53,3.31,0.7556,16.9,Fresno State,2010,1,false
00-0031431,Marqise Lee,2017,JAX,WR,13,11.38,7.01,3.31,0.7895,16.9,USC,2014,2,false
00-0036322,Justin Jefferson,2025,MIN,WR,17,11.85,5.79,3.3,0.8261,16.9,LSU,2020,1,false
00-0016550,Amani Toomer,2005,NYG,WR,15,11.36,7.13,3.3,0.7444,16.9,Michigan,1996,2,false
00-0031610,Darren Waller,2021,LV,TE,11,12.14,6.58,3.3,0.9351,16.9,Georgia Tech,2015,6,false
00-0024225,Matt Leinart,2006,ARI,QB,12,11.17,6.17,3.3,0.4706,16.9,USC,2006,1,false
00-0004780,Troy Edwards,1999,PIT,WR,16,10.15,5.72,3.3,0.6471,16.9,Louisiana Tech,1999,1,false
00-0027891,Golden Tate,2018,PHI,WR,15,12.19,8.57,3.29,0.8014,16.9,Notre Dame,2010,2,true
00-0038122,Desmond Ridder,2023,ATL,QB,15,11.81,7.88,3.29,0.3056,16.8,Cincinnati,2022,3,false
00-0018501,Amos Zereoue,2002,PIT,RB,16,10.77,7.05,3.29,0.6869,16.8,West Virginia,1999,3,false
00-0022121,Rex Grossman,2011,WAS,QB,13,11.32,7.13,3.28,0.3056,16.8,Florida,2003,1,false
00-0000232,Terry Allen,1999,NE,RB,16,10.13,5.84,3.28,0.75,16.8,Clemson,1990,9,false
00-0021999,Nate Burleson,2007,SEA,WR,16,11.49,8.01,3.28,0.7537,16.8,Nevada,2003,3,false
00-0035229,T.J. Hockenson,2021,DET,TE,12,12.11,7.58,3.27,0.9221,16.8,Iowa,2019,1,false
00-0036972,Mac Jones,2025,SF,QB,11,11.82,9.29,3.27,0.2222,16.8,Alabama,2021,1,false
00-0007835,Damon Huard,2006,KC,QB,10,11.14,6.34,3.27,0.4412,16.8,Washington,,,false
00-0023500,Frank Gore,2013,SF,RB,16,11.93,6.12,3.27,0.7634,16.8,Miami,2005,3,false
00-0031382,Jarvis Landry,2014,MIA,WR,16,11.84,5.96,3.26,0.7692,16.8,LSU,2014,2,false
00-0010261,Tommy Maddox,2003,PIT,QB,16,10.73,6.81,3.26,0.4412,16.8,UCLA,1992,1,false
00-0007091,Matt Hasselbeck,2009,SEA,QB,14,11.5,7.51,3.26,0.4615,16.8,Boston College,1998,6,false
00-0024236,Laurence Maroney,2006,NE,RB,14,11.14,7.3,3.26,0.701,16.8,Minnesota,2006,1,false
00-0022414,Malcom Floyd,2012,LAC,WR,14,11.96,4.49,3.26,0.7635,16.8,Wyoming,,,false
00-0034791,Nick Chubb,2018,CLE,RB,16,12.16,10.5,3.26,0.7527,16.8,Georgia,2018,2,false
00-0032780,Jordan Howard,2019,PHI,RB,9,12.38,8.9,3.25,0.7368,16.8,Indiana; UAB,2016,5,false
00-0021931,Kevin Walter,2007,HOU,WR,15,11.47,7.88,3.25,0.7463,16.8,Eastern Michigan,2003,7,false
00-0023438,Braylon Edwards,2010,NYJ,WR,16,11.61,5.99,3.25,0.7465,16.8,Michigan,2005,1,false
00-0033127,Will Fuller,2017,HOU,WR,10,11.32,9.26,3.25,0.7829,16.8,Notre Dame,2016,1,false
00-0021236,Randy McMichael,2004,MIA,TE,16,11.13,5.91,3.25,0.918,16.8,Georgia,2002,4,false
00-0025418,Greg Olsen,2013,CAR,TE,16,11.91,4.87,3.25,0.8955,16.8,Miami; Notre Dame,2007,1,false
00-0031544,Amari Cooper,2017,LV,WR,14,11.31,11.21,3.25,0.7763,16.8,Alabama,2015,1,false
00-0008561,Keyshawn Johnson,2006,CAR,WR,16,11.12,6.49,3.24,0.7323,16.7,USC; West Los Angeles College,1996,1,false
00-0011024,Steve McNair,2006,BAL,QB,16,11.12,7.38,3.24,0.4118,16.7,Alcorn State,1995,1,false
00-0031589,Brett Hundley,2017,GB,QB,11,11.31,8.11,3.24,0.1613,16.7,UCLA,2015,5,false
00-0030578,Cordarrelle Patterson,2022,ATL,RB,13,11.9,6.97,3.24,0.7653,16.7,Tennessee; Hutchinson CC,2013,1,false
00-0032241,Todd Gurley,2016,LA,RB,16,12.39,4.84,3.24,0.7813,16.7,Georgia,2015,1,false
00-0024466,Marques Colston,2014,NO,WR,15,11.81,3.82,3.24,0.7622,16.7,Hofstra,2006,7,false
00-0005883,Eddie George,2003,TEN,RB,16,10.71,6.16,3.24,0.7475,16.7,Ohio State,1996,1,false
00-0036898,Davis Mills,2021,HOU,QB,13,12.07,9.33,3.24,0.1563,16.7,Stanford,2021,3,false
00-0010650,Ed McCaffrey,2002,DEN,WR,16,10.72,6.97,3.24,0.7014,16.7,Stanford,1991,3,false
00-0031941,Jamison Crowder,2019,NYJ,WR,16,12.36,8.49,3.23,0.7697,16.7,Duke,2015,4,false
00-0034109,Phillip Lindsay,2019,DEN,RB,16,12.36,7.2,3.23,0.7263,16.7,Colorado,,,false
00-0036309,Darnell Mooney,2024,ATL,WR,16,12.07,8.25,3.23,0.7834,16.7,Tulane,2020,5,false
00-0025410,Dwayne Bowe,2012,KC,WR,13,11.93,7.75,3.23,0.7568,16.7,LSU,2007,1,false
00-0035216,Diontae Johnson,2023,PIT,WR,13,11.75,6.13,3.23,0.7665,16.7,Toledo,2019,3,false
00-0027950,Christian Ponder,2013,MIN,QB,9,11.89,6.79,3.23,0.1714,16.7,Florida State,2011,1,false
00-0006101,Tony Gonzalez,2005,KC,TE,16,11.28,5.14,3.22,0.9123,16.7,California,1997,1,false
00-0012642,David Patten,2004,NE,WR,15,11.1,6.72,3.22,0.7037,16.7,Western Carolina,,,false
00-0004161,Jake Delhomme,2003,CAR,QB,16,10.69,5.22,3.22,0.4118,16.7,Louisiana-Lafayette,,,false
00-0036997,Javonte Williams,2021,DEN,RB,17,12.05,6.63,3.22,0.7624,16.7,North Carolina,2021,2,false
00-0013042,Jake Plummer,2000,ARI,QB,14,9.87,6.6,3.21,0.2703,16.7,Arizona State,1997,2,false
00-0035719,Deebo Samuel Sr.,2025,WAS,WR,16,11.76,6.94,3.21,0.8199,16.7,South Carolina,2019,2,false
00-0026195,Ray Rice,2013,BAL,RB,15,11.87,7.27,3.21,0.7527,16.7,Rutgers,2008,2,false
00-0020462,LaMont Jordan,2007,LV,RB,11,11.42,9.29,3.21,0.7447,16.7,Maryland,2001,2,false
00-0024226,Jay Cutler,2017,MIA,QB,14,11.27,7.1,3.21,0.129,16.7,Vanderbilt,2006,1,false
00-0030513,Latavius Murray,2022,DEN,RB,13,11.86,4.73,3.2,0.7551,16.7,UCF,2013,6,true
00-0035250,Devin Singletary,2019,BUF,RB,12,12.33,5.9,3.2,0.7158,16.7,Florida Atlantic,2019,3,false
00-0028497,Kamar Aiken,2015,BAL,WR,16,12.34,7.01,3.2,0.7881,16.7,UCF,,,false
00-0027061,Jared Cook,2018,LV,TE,16,12.1,8.78,3.2,0.9474,16.7,South Carolina,2009,3,false
00-0032058,Tevin Coleman,2018,ATL,RB,16,12.1,7.25,3.2,0.7419,16.7,Indiana,2015,3,false
00-0005106,Brett Favre,2008,NYJ,QB,16,11.96,7.4,3.2,0.4063,16.7,Southern Mississippi,1991,2,false
00-0031941,Jamison Crowder,2016,WAS,WR,16,12.34,6.82,3.2,0.7881,16.7,Duke,2015,4,false
00-0030181,Jack Doyle,2017,IND,TE,15,11.27,7.08,3.2,0.9481,16.7,Western Kentucky,,,false
00-0029000,Cole Beasley,2019,BUF,WR,15,12.32,5.52,3.2,0.7632,16.6,SMU,,,false
00-0024218,Vince Young,2009,TEN,QB,12,11.44,7.42,3.2,0.4359,16.6,Texas,2006,1,false
00-0024221,Vernon Davis,2011,SF,TE,16,11.23,6.16,3.19,0.8767,16.6,Maryland,2006,1,false
00-0026231,Jermichael Finley,2011,GB,TE,16,11.23,8.12,3.19,0.8767,16.6,Texas,2008,3,false
00-0028009,DeMarco Murray,2011,DAL,RB,13,11.23,10.8,3.19,0.75,16.6,Oklahoma,2011,3,false
00-0036893,Najee Harris,2024,PIT,RB,17,12.04,5.49,3.19,0.7551,16.6,Alabama,2021,1,false
00-0030564,DeAndre Hopkins,2016,HOU,WR,16,12.34,5.81,3.19,0.7815,16.6,Clemson,2013,1,false
00-0024272,Devin Hester,2009,CHI,WR,13,11.43,6.68,3.19,0.7762,16.6,Miami,2006,2,false
00-0026345,Pierre Garcon,2017,SF,WR,8,11.25,5.97,3.18,0.7697,16.6,Mount Union College; Norwich University,2008,6,false
00-0030035,Adam Thielen,2016,MIN,WR,16,12.32,10.71,3.18,0.7748,16.6,Minnesota State,,,false
00-0021353,David Givens,2005,NE,WR,13,11.24,7.45,3.18,0.7368,16.6,Notre Dame,2002,7,false
00-0000865,Charlie Batch,2000,DET,QB,15,9.83,6.53,3.18,0.2432,16.6,Eastern Michigan,1998,2,false
00-0031359,Kelvin Benjamin,2016,CAR,WR,16,12.32,7.84,3.17,0.7682,16.6,Florida State,2014,1,false
00-0029141,Alfred Morris,2014,WAS,RB,16,11.74,6.77,3.17,0.7961,16.6,Florida Atlantic,2012,6,false
00-0009163,Eddie Kennison,2003,KC,WR,16,10.64,5.55,3.17,0.7557,16.6,LSU,1996,1,false
00-0028064,Bilal Powell,2016,NYJ,RB,16,12.31,9.9,3.17,0.7708,16.6,Louisville,2011,4,false
00-0024389,Delanie Walker,2014,TEN,TE,15,11.73,7.23,3.16,0.9079,16.6,Central Missouri; Mt. San Antonio,2006,6,false
00-0028009,DeMarco Murray,2015,PHI,RB,15,12.29,8.39,3.16,0.8438,16.6,Oklahoma,2011,3,false
00-0033699,Austin Ekeler,2018,LAC,RB,14,12.06,6.79,3.16,0.7312,16.6,Western State,,,false
00-0010477,Tony Martin,2001,ATL,WR,11,9.98,6.13,3.16,0.7234,16.6,Mesa State College; Bishop,1989,5,false
00-0017915,Ricky Williams,2005,MIA,RB,12,11.22,7.62,3.16,0.7396,16.6,Texas,1999,1,false
00-0030549,Tyler Eifert,2016,CIN,TE,8,12.3,8.77,3.15,0.9178,16.6,Notre Dame,2013,1,false
00-0001661,Kyle Brady,2000,JAX,TE,16,9.81,6.99,3.15,0.9,16.6,Penn State,1995,1,false
00-0033879,O.J. Howard,2018,TB,TE,10,12.05,6.9,3.15,0.9342,16.6,Alabama,2017,1,false
00-0037834,Brock Purdy,2022,SF,QB,9,11.81,8.89,3.15,0.1176,16.5,Iowa State,2022,7,false
00-0008962,Joe Jurevicius,2001,NYG,WR,14,9.97,6.01,3.15,0.7163,16.5,Penn State,1998,2,false
00-0028064,Bilal Powell,2015,NYJ,RB,11,12.28,7.62,3.15,0.8333,16.5,Louisville,2011,4,false
00-0024243,Marcedes Lewis,2010,JAX,TE,16,11.5,5.26,3.14,0.9452,16.5,UCLA,2006,1,false
00-0033869,Mitchell Trubisky,2017,CHI,QB,12,11.21,5.37,3.14,0.0968,16.5,North Carolina,2017,1,false
00-0021192,Deion Branch,2008,SEA,WR,8,11.9,9.4,3.14,0.7778,16.5,Louisville; Jones County JC,2002,2,false
00-0015811,Tai Streets,2003,SF,WR,14,10.61,5.38,3.13,0.7481,16.5,Michigan,1999,6,false
00-0023437,Ronnie Brown,2005,MIA,RB,15,11.19,5.92,3.13,0.7292,16.5,Auburn,2005,1,false
00-0034771,Mason Rudolph,2024,TEN,QB,8,11.97,6.11,3.13,0.2368,16.5,Oklahoma State,2018,3,false
00-0029293,Marvin Jones,2013,CIN,WR,16,11.79,10.74,3.13,0.781,16.5,California,2012,5,false
00-0022912,J.P. Losman,2006,BUF,QB,16,11,6.35,3.12,0.3824,16.5,Tulane; UCLA,2004,1,false
00-0025396,Ted Ginn,2015,CAR,WR,15,12.26,8.85,3.12,0.7815,16.5,Ohio State,2007,1,false
00-0027874,Demaryius Thomas,2011,DEN,WR,10,11.16,9.68,3.12,0.7635,16.5,Georgia Tech,2010,1,false
00-0022097,Brandon Lloyd,2012,NE,WR,16,11.82,7.67,3.12,0.75,16.5,Illinois,2003,4,false
00-0022164,Kyle Boller,2005,BAL,QB,9,11.17,8.17,3.11,0.4444,16.5,California,2003,1,false
00-0032058,Tevin Coleman,2017,ATL,RB,15,11.18,5.37,3.11,0.7895,16.5,Indiana,2015,3,false
00-0028112,Charles Clay,2013,MIA,TE,16,11.77,7.19,3.11,0.8806,16.5,Tulsa,2011,6,false
00-0033923,Kareem Hunt,2024,KC,RB,13,11.95,6.24,3.11,0.7449,16.5,Toledo,2017,3,false
00-0027974,Colin Kaepernick,2015,SF,QB,9,12.24,9.02,3.11,0.1714,16.5,Nevada,2011,2,false
00-0034351,Dallas Goedert,2022,PHI,TE,12,11.77,5.05,3.11,0.9506,16.5,South Dakota State,2018,2,false
00-0019663,Darrell Jackson,2000,SEA,WR,16,9.76,6.33,3.11,0.7246,16.5,Florida,2000,3,false
00-0019642,Plaxico Burress,2003,PIT,WR,16,10.58,7.37,3.11,0.7405,16.5,Michigan State,2000,1,false
00-0031428,Allen Robinson,2014,JAX,WR,10,11.68,5.16,3.11,0.7552,16.5,Penn State,2014,2,false
00-0034681,Chase Edmonds,2021,ARI,RB,12,11.94,7.01,3.1,0.7525,16.5,Fordham,2018,4,false
00-0026373,Justin Forsett,2015,BAL,RB,10,12.24,6.64,3.1,0.8229,16.5,California,2008,7,false
00-0019559,Chad Pennington,2007,NYJ,QB,9,11.32,6.2,3.1,0.5,16.5,Marshall,2000,1,false
00-0040663,Harold Fannin Jr.,2025,CLE,TE,16,11.65,5.73,3.1,0.9186,16.4,Bowling Green,2025,3,false
00-0031299,Jordan Matthews,2016,PHI,TE,14,12.24,6.1,3.1,0.9041,16.4,Vanderbilt,2014,2,false
00-0026144,Darren McFadden,2015,DAL,RB,16,12.23,5.5,3.1,0.8125,16.4,Arkansas,2008,1,false
00-0010500,Derrick Mason,2010,BAL,WR,16,11.45,6.63,3.09,0.7394,16.4,Michigan State,1997,4,false
00-0024204,Fred Jackson,2010,BUF,RB,16,11.45,9.65,3.09,0.7444,16.4,Coe College,,,false
00-0030663,Willie Snead,2015,NO,WR,15,12.23,6.54,3.09,0.7748,16.4,Ball State,,,false
00-0029580,Rishard Matthews,2017,TEN,WR,14,11.16,6.65,3.09,0.7632,16.4,Nevada; Bakersfield College,2012,7,false
00-0030456,Giovani Bernard,2016,CIN,RB,10,12.23,5.78,3.08,0.7604,16.4,North Carolina,2013,2,false
00-0026162,Felix Jones,2010,DAL,RB,16,11.44,6.16,3.08,0.7333,16.4,Arkansas,2008,1,false
00-0031503,Jameis Winston,2024,CLE,QB,11,11.92,11.74,3.08,0.2105,16.4,Florida State,2015,1,false
00-0011601,Rob Moore,1999,ARI,WR,13,9.93,6.36,3.08,0.6397,16.4,Syracuse,1990,1,false
00-0036945,Justin Fields,2024,PIT,QB,10,11.91,10.75,3.07,0.1842,16.4,Ohio State,2021,1,false
00-0035140,Mecole Hardman,2022,KC,WR,8,11.73,9.03,3.07,0.7933,16.4,Georgia,2019,2,false
00-0023460,Jason Campbell,2007,WAS,QB,13,11.28,6.39,3.06,0.4722,16.4,Auburn,2005,1,false
00-0000534,Darnell Autry,2000,PHI,RB,11,9.72,7.44,3.06,0.6706,16.4,Northwestern,1997,4,false
00-0038124,Christian Watson,2022,GB,WR,14,11.72,9.86,3.06,0.7867,16.4,North Dakota State,2022,2,false
00-0031376,Jerick McKinnon,2017,MIN,RB,16,11.13,8.97,3.06,0.7789,16.4,Georgia Southern,2014,3,false
00-0005668,Oronde Gadsden,2001,MIA,WR,14,9.89,5.33,3.06,0.7092,16.4,Winston Salem State University,,,false
00-0033127,Will Fuller,2019,HOU,WR,11,12.18,14.81,3.06,0.7566,16.4,Notre Dame,2016,1,false
00-0034827,DJ Moore,2022,CAR,WR,17,11.71,8.45,3.05,0.78,16.4,Maryland,2018,1,false
00-0022889,Reggie Williams,2007,JAX,WR,14,11.26,6.34,3.05,0.7388,16.3,Washington,2004,1,false
00-0022127,Jason Witten,2005,DAL,TE,16,11.11,7.34,3.05,0.8947,16.3,Tennessee,2003,3,false
00-0030565,Geno Smith,2025,LV,QB,15,11.59,7.29,3.04,0.1944,16.3,West Virginia,2013,2,false
00-0036158,J.K. Dobbins,2025,DEN,RB,10,11.59,4.1,3.04,0.7292,16.3,Ohio State,2020,2,false
00-0037228,Jaylen Warren,2023,PIT,RB,17,11.55,4.98,3.04,0.6889,16.3,Oklahoma State,,,false
00-0023564,Darren Sproles,2013,NO,RB,15,11.69,8.4,3.03,0.7419,16.3,Kansas State,2005,4,false
00-0029137,Alshon Jeffery,2016,CHI,WR,12,12.17,5.2,3.03,0.7616,16.3,South Carolina,2012,2,false
00-0008598,Pat Johnson,1999,BAL,WR,10,9.88,6.75,3.03,0.6324,16.3,Oregon,1998,2,false
00-0021148,Jeremy Shockey,2004,NYG,TE,15,10.91,4.69,3.02,0.9016,16.3,Miami; Northeast Oklahoma,2002,1,false
00-0020455,Eric Johnson,2004,SF,TE,16,10.91,9.13,3.02,0.8852,16.3,Yale,2001,7,false
00-0027094,Andre Brown,2013,NYG,RB,8,11.69,7.8,3.02,0.7312,16.3,N.C. State,2009,4,false
00-0030085,Kenny Stills,2014,NO,WR,15,11.59,6.57,3.02,0.7483,16.3,Oklahoma,2013,5,false
00-0011727,Johnnie Morton,2003,KC,WR,15,10.49,5.56,3.02,0.7328,16.3,USC,1994,1,false
00-0034753,Mark Andrews,2020,BAL,TE,14,12.15,6.88,3.02,0.9605,16.3,Oklahoma,2018,3,false
00-0035535,Darius Slayton,2019,NYG,WR,14,12.14,10.37,3.02,0.75,16.3,Auburn,2019,5,false
00-0011795,Muhsin Muhammad,2006,CHI,WR,16,10.89,6.94,3.02,0.7244,16.3,Michigan State,1996,2,false
00-0021192,Deion Branch,2006,SEA,WR,14,10.89,7,3.02,0.7165,16.3,Louisville; Jones County JC,2002,2,false
00-0031941,Jamison Crowder,2017,WAS,WR,15,11.09,7.22,3.02,0.7566,16.3,Duke,2015,4,false
00-0027891,Golden Tate,2013,SEA,WR,16,11.68,8.04,3.02,0.7737,16.3,Notre Dame,2010,2,false
00-0009311,Jon Kitna,2000,SEA,QB,15,9.67,7.46,3.01,0.2162,16.3,Central Washington University,,,false
00-0029580,Rishard Matthews,2015,MIA,WR,11,12.15,8.34,3.01,0.7682,16.3,Nevada; Bakersfield College,2012,7,false
00-0027688,Colt McCoy,2010,CLE,QB,8,11.37,5.38,3.01,0.2424,16.3,Texas,2010,3,false
00-0020494,Santana Moss,2007,WAS,WR,14,11.22,8.02,3.01,0.7313,16.3,Miami,2001,1,false
00-0010974,James McKnight,2000,DAL,WR,16,9.66,7.84,3.01,0.7174,16.3,Liberty,,,false
00-0036259,Jauan Jennings,2025,SF,WR,15,11.55,5.71,3,0.8137,16.2,Tennessee,2020,7,false
00-0022084,Anquan Boldin,2015,SF,WR,14,12.14,6.79,3,0.7616,16.2,Florida State,2003,2,false
00-0017160,Dedric Ward,2000,NYJ,WR,16,9.65,6.87,3,0.7101,16.2,Northern Iowa,1997,3,false
00-0034521,Allen Lazard,2022,GB,WR,15,11.65,4.74,2.99,0.7733,16.2,Iowa State,,,false
00-0019559,Chad Pennington,2006,NYJ,QB,16,10.87,6.12,2.99,0.3529,16.2,Marshall,2000,1,false
00-0022807,Bernard Berrian,2006,CHI,WR,15,10.87,6.58,2.99,0.7087,16.2,Fresno State,2004,3,false
00-0038606,Parker Washington,2025,JAX,WR,16,11.54,7.41,2.99,0.8075,16.2,Penn State,2023,6,false
00-0006627,Az-Zahir Hakim,2000,STL,WR,16,9.64,9.2,2.99,0.7029,16.2,San Diego State,1998,4,false
00-0027005,Hakeem Nicks,2012,NYG,WR,12,11.68,9.47,2.98,0.7432,16.2,North Carolina,2009,1,false
00-0036893,Najee Harris,2023,PIT,RB,17,11.5,6.84,2.98,0.6778,16.2,Alabama,2021,1,false
00-0027656,Rob Gronkowski,2016,NE,TE,8,12.13,11.08,2.98,0.8904,16.2,Arizona,2010,2,false
00-0008059,Qadry Ismail,2000,BAL,WR,15,9.63,7.11,2.98,0.6957,16.2,Syracuse,1993,2,false
00-0027966,Mark Ingram,2018,NO,RB,12,11.88,7.34,2.97,0.7204,16.2,Alabama,2011,1,false
00-0001335,Jeff Blake,2003,ARI,QB,13,10.44,8.85,2.97,0.3824,16.2,East Carolina,1992,6,false
00-0027155,Rashad Jennings,2013,LV,RB,15,11.63,9.82,2.97,0.7204,16.2,Liberty; Pittsburgh,2009,7,false
00-0021206,Josh McCown,2014,TB,QB,11,11.54,6.6,2.97,0.1818,16.2,Sam Houston State; SMU,2002,3,false
00-0012478,Terrell Owens,2009,BUF,WR,16,11.21,8.35,2.96,0.7692,16.2,Tennessee-Chattanooga,1996,3,false
00-0022811,Jerricho Cotchery,2008,NYJ,WR,16,11.72,6.83,2.96,0.7704,16.2,N.C. State,2004,4,false
00-0016193,Vinny Testaverde,2004,DAL,QB,16,10.84,6.23,2.96,0.3429,16.2,Miami,1987,1,false
00-0040129,Emeka Egbuka,2025,TB,WR,17,11.51,8.42,2.96,0.8012,16.2,Ohio State,2025,1,false
00-0028043,Roy Helu,2011,WAS,RB,15,10.99,9.01,2.96,0.7386,16.1,Nebraska,2011,4,false
00-0021164,DeShaun Foster,2006,CAR,RB,14,10.83,4.73,2.95,0.6907,16.1,UCLA,2002,2,false
00-0021192,Deion Branch,2003,NE,WR,15,10.43,6.13,2.95,0.7252,16.1,Louisville; Jones County JC,2002,2,false
00-0023500,Frank Gore,2015,IND,RB,16,12.09,5.95,2.95,0.8021,16.1,Miami,2005,3,false
00-0026899,Shonn Greene,2012,NYJ,RB,16,11.65,8.21,2.95,0.7579,16.1,Iowa; Kirkwood Community College,2009,3,false
00-0036410,Tee Higgins,2023,CIN,WR,12,11.47,9.81,2.95,0.7605,16.1,Clemson,2020,2,false
00-0024011,Mike Bell,2006,DEN,RB,14,10.82,8.99,2.95,0.6804,16.1,Arizona,,,false
00-0034367,Nyheim Hines,2020,IND,RB,16,12.07,7.81,2.94,0.7374,16.1,N.C. State,2018,4,false
00-0002159,Shawn Bryson,2003,DET,RB,16,10.41,5.22,2.94,0.7374,16.1,Tennessee,1999,3,false
00-0021999,Nate Burleson,2011,DET,WR,16,10.98,6.32,2.94,0.7568,16.1,Nevada,2003,3,false
00-0026367,Peyton Hillis,2011,CLE,RB,10,10.97,7.51,2.93,0.7273,16.1,Arkansas,2008,7,false
00-0029159,Jermaine Kearse,2017,NYJ,WR,16,11,7.07,2.93,0.75,16.1,Washington,,,false
00-0008560,Kevin Johnson,2002,CLE,WR,16,10.41,5.87,2.93,0.6944,16.1,Syracuse,1999,2,false
00-0025423,Kevin Kolb,2011,ARI,QB,9,10.97,6.66,2.93,0.2778,16.1,Houston,2007,2,false
00-0036212,Tua Tagovailoa,2025,MIA,QB,14,11.48,7.3,2.93,0.1667,16.1,Alabama,2020,1,false
00-0033857,JuJu Smith-Schuster,2022,KC,WR,16,11.58,7.36,2.92,0.7667,16.1,USC,2017,2,false
00-0036360,Clyde Edwards-Helaire,2021,KC,RB,10,11.76,5.98,2.92,0.7426,16.1,LSU,2020,1,false
00-0038579,Aidan O'Connell,2023,LV,QB,11,11.44,7.29,2.92,0.2778,16.1,Purdue,2023,4,false
00-0022054,Visanthe Shiancoe,2009,MIN,TE,16,11.16,6.36,2.92,0.8529,16.1,Morgan State,2003,3,false
00-0025394,Adrian Peterson,2018,WAS,RB,16,11.81,7.64,2.91,0.7097,16.1,Oklahoma,2007,1,false
00-0023408,Greg Camarillo,2008,MIA,WR,11,11.67,5.87,2.91,0.763,16.1,Stanford,,,false
00-0013232,Peerless Price,2003,ATL,WR,16,10.38,8.27,2.91,0.7176,16,Tennessee,1999,2,false
00-0029608,T.Y. Hilton,2017,IND,WR,16,10.97,9.94,2.91,0.7434,16,Florida International,2012,3,false
00-0024245,Joseph Addai,2008,IND,RB,12,11.67,8.65,2.9,0.7447,16,LSU,2006,1,false
00-0030061,Zach Ertz,2022,ARI,TE,10,11.56,4.5,2.9,0.9383,16,Stanford,2013,2,false
00-0037247,George Pickens,2024,PIT,WR,14,11.74,6.15,2.9,0.7771,16,Georgia,2022,2,false
00-0021999,Nate Burleson,2010,DET,WR,14,11.26,8.23,2.9,0.7324,16,Nevada,2003,3,false
00-0022893,Tatum Bell,2006,DEN,RB,13,10.77,6.47,2.89,0.6701,16,Oklahoma State,2004,2,false
00-0032009,Adam Humphries,2018,TB,WR,16,11.79,6.75,2.89,0.7943,16,Clemson,,,false
00-0031428,Allen Robinson,2018,CHI,WR,13,11.79,7.44,2.89,0.7872,16,Penn State,2014,2,false
00-0031376,Jerick McKinnon,2022,KC,RB,17,11.55,9.7,2.89,0.7449,16,Georgia Southern,2014,3,false
00-0026189,DeSean Jackson,2016,WAS,WR,15,12.03,6.42,2.89,0.755,16,California,2008,2,false
00-0025860,BenJarvus Green-Ellis,2012,CIN,RB,15,11.59,5.65,2.89,0.7474,16,Mississippi; Indiana,,,false
00-0022738,Chris Cooley,2010,WAS,TE,16,11.24,3.87,2.89,0.9315,16,Utah State,2004,3,false
00-0036875,Rhamondre Stevenson,2024,NE,RB,15,11.73,7.8,2.88,0.7347,16,Oklahoma; Cerritos College,2021,4,false
00-0023462,Roddy White,2013,ATL,WR,13,11.55,9.42,2.88,0.7664,16,UAB,2005,1,false
00-0025399,Marshawn Lynch,2017,LV,RB,15,10.95,6.28,2.88,0.7684,16,California,2007,1,false
00-0016550,Amani Toomer,2006,NYG,WR,8,10.75,11.53,2.87,0.7008,16,Michigan,1996,2,false
00-0029854,C.J. Anderson,2017,DEN,RB,16,10.94,8.55,2.87,0.7579,16,California; Laney College,,,false
00-0034837,Calvin Ridley,2024,TEN,WR,17,11.72,7.45,2.87,0.7707,16,Alabama,2018,1,false
00-0022942,Philip Rivers,2007,LAC,QB,16,11.09,7.69,2.87,0.4444,16,N.C. State,2004,1,false
00-0019650,Dennis Northcutt,2003,CLE,WR,15,10.35,4.28,2.87,0.7099,16,Arizona,2000,2,false
00-0036971,Trevor Lawrence,2021,JAX,QB,17,11.71,5.83,2.87,0.125,16,Clemson,2021,1,false
00-0010539,Terance Mathis,2000,ATL,WR,16,9.53,6.51,2.87,0.6884,16,New Mexico,1990,6,false
00-0038102,Kenny Pickett,2022,PIT,QB,13,11.53,4.25,2.87,0.0882,16,Pittsburgh,2022,1,false
00-0026170,Dustin Keller,2011,NYJ,TE,16,10.91,6.45,2.87,0.863,16,Purdue,2008,1,false
00-0035659,Terry McLaurin,2025,WAS,WR,10,11.42,5.1,2.87,0.795,16,Ohio State,2019,3,false
00-0021191,Antonio Bryant,2004,CLE,WR,15,10.75,9.53,2.86,0.6963,16,Pittsburgh,2002,2,true
00-0039894,Xavier Worthy,2024,KC,WR,16,11.7,7.33,2.86,0.7643,15.9,Texas,2024,1,false
00-0027758,Riley Cooper,2013,PHI,WR,16,11.52,9.94,2.85,0.7591,15.9,Florida,2010,5,false
00-0029262,Rueben Randle,2014,NYG,WR,16,11.43,6.67,2.85,0.7413,15.9,LSU,2012,2,false
00-0033871,Corey Davis,2021,NYJ,WR,9,11.69,8.01,2.85,0.7871,15.9,Western Michigan,2017,1,false
00-0029707,Justin Blackmon,2012,JAX,WR,16,11.55,9.55,2.85,0.7365,15.9,Oklahoma State,2012,1,false
00-0030085,Kenny Stills,2017,MIA,WR,16,10.92,8.37,2.85,0.7368,15.9,Oklahoma,2013,5,false
00-0021547,Antonio Gates,2013,LAC,TE,16,11.51,6.39,2.85,0.8657,15.9,Kent State; Eastern Michigan; Michigan State; College of the Sequoias,,,false
00-0037013,Zach Wilson,2021,NYJ,QB,13,11.68,6.99,2.84,0.0938,15.9,BYU,2021,1,false
00-0027061,Jared Cook,2019,NO,TE,14,11.96,6.58,2.84,0.8857,15.9,South Carolina,2009,3,false
00-0024204,Fred Jackson,2012,BUF,RB,10,11.54,8.87,2.84,0.7368,15.9,Coe College,,,false
00-0019642,Plaxico Burress,2008,NYG,WR,9,11.6,6.41,2.84,0.7556,15.9,Michigan State,2000,1,false
00-0024389,Delanie Walker,2017,TEN,TE,16,10.91,4.31,2.84,0.9351,15.9,Central Missouri; Mt. San Antonio,2006,6,false
00-0032602,J.D. McKissic,2020,WAS,RB,16,11.96,6.85,2.83,0.7273,15.9,Arkansas State,,,false
00-0013888,Marcus Robinson,2004,MIN,WR,15,10.71,9.56,2.83,0.6889,15.9,South Carolina,1997,4,false
00-0015751,J.J. Stokes,2001,SF,WR,16,9.66,8.86,2.83,0.7021,15.9,UCLA,1995,1,false
00-0024267,Greg Jennings,2013,MIN,WR,15,11.49,8.44,2.83,0.7518,15.9,Western Michigan,2006,2,false
00-0022178,Willis McGahee,2011,DEN,RB,15,10.87,7.2,2.83,0.7159,15.9,Miami,2003,1,false
00-0003535,Tim Couch,2001,CLE,QB,16,9.65,5.96,2.83,0.25,15.9,Kentucky,1999,1,false
00-0020494,Santana Moss,2004,NYJ,WR,15,10.71,8.38,2.82,0.6815,15.9,Miami,2001,1,false
00-0021153,Javon Walker,2003,GB,WR,16,10.29,7.93,2.82,0.7023,15.9,Florida State; Jones County JC,2002,1,false
00-0027691,Andre Roberts,2012,ARI,WR,15,11.52,7.96,2.82,0.7297,15.9,The Citadel,2010,3,false
00-0020494,Santana Moss,2009,WAS,WR,16,11.06,7.4,2.82,0.7622,15.9,Miami,2001,1,false
00-0023564,Darren Sproles,2009,LAC,RB,16,11.06,8.3,2.82,0.6957,15.9,Kansas State,2005,4,false
00-0011795,Muhsin Muhammad,2008,CAR,WR,16,11.58,6.4,2.82,0.7481,15.9,Michigan State,1996,2,false
00-0039152,Will Levis,2023,TEN,QB,9,11.34,7.81,2.82,0.25,15.9,Kentucky; Penn State,2023,2,false
00-0021976,Larry Johnson,2008,KC,RB,12,11.58,9.61,2.82,0.734,15.9,Penn State,2003,1,false
00-0027125,Zach Miller,2016,CHI,TE,10,11.96,6.86,2.81,0.8767,15.9,Nebraska-Omaha; Nebraska,2009,6,false
00-0030506,Travis Kelce,2025,KC,TE,17,11.36,6.41,2.81,0.907,15.9,Cincinnati,2013,3,false
00-0005106,Brett Favre,2005,GB,QB,16,10.87,8.6,2.81,0.4167,15.8,Southern Mississippi,1991,2,false
00-0011795,Muhsin Muhammad,2005,CHI,WR,15,10.87,5.77,2.81,0.7293,15.8,Michigan State,1996,2,false
00-0034960,Jakobi Meyers,2021,NE,WR,16,11.64,4.72,2.81,0.7806,15.8,N.C. State,,,false
00-0038544,Quentin Johnston,2024,LAC,WR,15,11.65,8.7,2.8,0.758,15.8,TCU,2023,1,false
00-0025465,James Jones,2015,GB,WR,16,11.94,8.51,2.8,0.755,15.8,San Jose State,2007,3,false
00-0036290,Cole Kmet,2023,CHI,TE,16,11.32,7.37,2.8,0.9125,15.8,Notre Dame,2020,2,false
00-0024260,LenDale White,2007,TEN,RB,16,11.01,6.42,2.8,0.734,15.8,USC,2006,2,false
00-0035250,Devin Singletary,2021,BUF,RB,17,11.64,6.86,2.8,0.7327,15.8,Florida Atlantic,2019,3,false
00-0022910,Lee Evans,2008,BUF,WR,16,11.56,6.73,2.79,0.7407,15.8,Wisconsin,2004,1,false
00-0022121,Rex Grossman,2006,CHI,QB,16,10.67,10.93,2.79,0.3235,15.8,Florida,2003,1,false
00-0032602,J.D. McKissic,2021,WAS,RB,11,11.63,7.81,2.79,0.7228,15.8,Arkansas State,,,false
00-0009163,Eddie Kennison,2006,KC,WR,16,10.66,7.81,2.79,0.6929,15.8,LSU,1996,1,false
00-0026189,DeSean Jackson,2008,PHI,WR,16,11.55,6.33,2.79,0.7333,15.8,California,2008,2,false
00-0039165,Zach Charbonnet,2025,SEA,RB,16,11.34,6.7,2.78,0.7188,15.8,UCLA; Michigan,2023,2,false
00-0026189,DeSean Jackson,2012,PHI,WR,11,11.48,6.35,2.78,0.723,15.8,California,2008,2,false
00-0036196,Gabe Davis,2022,BUF,WR,15,11.44,7.8,2.78,0.76,15.8,UCF,2020,4,false
00-0025549,Brent Celek,2011,PHI,TE,16,10.82,7.61,2.78,0.8493,15.8,Cincinnati,2007,5,false
00-0023500,Frank Gore,2017,IND,RB,16,10.85,3.83,2.78,0.7474,15.8,Miami,2005,3,false
00-0005180,Jay Fiedler,2003,MIA,QB,12,10.25,8.62,2.78,0.3529,15.8,Dartmouth,,,false
00-0027135,Brandon Myers,2012,LV,TE,16,11.47,8.29,2.78,0.9178,15.8,Iowa,2009,6,false
00-0000232,Terry Allen,2001,BAL,RB,11,9.6,6.29,2.77,0.7041,15.8,Clemson,1990,9,false
00-0022943,Benjamin Watson,2015,NO,TE,16,11.91,8.28,2.77,0.8987,15.8,Georgia; Duke,2004,1,false
00-0026035,Danny Amendola,2010,LA,WR,16,11.13,5.26,2.77,0.7254,15.8,Texas Tech,,,false
00-0006331,Jacquez Green,1999,TB,WR,16,9.62,8.67,2.77,0.625,15.8,Florida,1998,2,false
00-0027996,Torrey Smith,2012,BAL,WR,16,11.46,8.99,2.76,0.7162,15.8,Maryland,2011,2,false
00-0021192,Deion Branch,2011,NE,WR,14,10.8,7.26,2.76,0.75,15.8,Louisville; Jones County JC,2002,2,false
00-0011795,Muhsin Muhammad,2003,CAR,WR,15,10.23,6.66,2.76,0.6947,15.7,Michigan State,1996,2,false
00-0025418,Greg Olsen,2012,CAR,TE,16,11.46,7.05,2.76,0.9041,15.7,Miami; Notre Dame,2007,1,false
00-0023439,Cedric Benson,2011,CIN,RB,15,10.79,5.63,2.76,0.7045,15.7,Texas,2005,1,false
00-0039915,Ladd McConkey,2025,LAC,WR,16,11.31,6.86,2.75,0.7888,15.7,Georgia,2024,2,false
00-0026158,Joe Flacco,2008,BAL,QB,16,11.52,6.88,2.75,0.375,15.7,Delaware; Pittsburgh,2008,1,false
00-0026182,Eddie Royal,2014,LAC,WR,16,11.33,8.42,2.75,0.7343,15.7,Virginia Tech,2008,2,false
00-0033460,John Ross,2019,CIN,WR,8,11.88,11.24,2.75,0.7434,15.7,Washington,2017,1,false
00-0031547,DeVante Parker,2020,MIA,WR,14,11.88,6.32,2.75,0.7532,15.7,Louisville,2015,1,false
00-0034960,Jakobi Meyers,2020,NE,WR,12,11.88,7.35,2.75,0.7468,15.7,N.C. State,,,false
00-0039146,Jayden Reed,2024,GB,WR,17,11.59,8.8,2.74,0.7516,15.7,Michigan State; Western Michigan,2023,2,false
00-0023662,Matt Cassel,2011,KC,QB,9,10.78,8.62,2.74,0.25,15.7,USC,2005,7,false
00-0038124,Christian Watson,2023,GB,WR,9,11.26,7.9,2.74,0.7545,15.7,North Dakota State,2022,2,false
00-0038134,Kenneth Walker III,2025,SEA,RB,17,11.29,6.53,2.74,0.7083,15.7,Michigan State; Wake Forest,2022,2,false
00-0026189,DeSean Jackson,2015,WAS,WR,9,11.87,8.97,2.73,0.7483,15.7,California,2008,2,false
00-0029701,Ryan Tannehill,2012,MIA,QB,16,11.43,6.73,2.73,0.2286,15.7,Texas A&M,2012,1,false
00-0026158,Joe Flacco,2025,CIN,QB,13,11.28,10.56,2.73,0.1389,15.7,Delaware; Pittsburgh,2008,1,true
00-0023662,Matt Cassel,2009,KC,QB,15,10.97,7.01,2.73,0.4103,15.7,USC,2005,7,false
00-0000869,D'Wayne Bates,2002,MIN,WR,14,10.21,5.35,2.72,0.6875,15.7,Northwestern,1999,3,false
00-0025425,Zach Miller,2009,LV,TE,15,10.97,7.3,2.72,0.8382,15.7,Arizona State,2007,2,false
00-0010379,Dan Marino,1999,MIA,QB,11,9.57,9.08,2.72,0.2927,15.7,Pittsburgh,1983,1,false
00-0019976,Drew Bennett,2006,TEN,WR,13,10.59,6.39,2.72,0.685,15.7,UCLA,,,false
00-0026197,Chad Henne,2012,JAX,QB,10,11.42,9.08,2.72,0.2,15.7,Michigan,2008,2,false
00-0039849,Marvin Harrison Jr.,2024,ARI,WR,17,11.56,8.08,2.72,0.7452,15.7,Ohio State,2024,1,false
00-0020679,Shaun Hill,2014,LA,QB,8,11.29,7.04,2.71,0.1515,15.7,Maryland; Hutchinson CC,,,false
00-0026986,Michael Crabtree,2009,SF,WR,11,10.95,3.86,2.71,0.7552,15.6,Texas Tech,2009,1,false
00-0007969,Richard Huntley,1999,PIT,RB,16,9.56,7.71,2.71,0.7396,15.6,Winston Salem State University,1996,4,false
00-0027864,Ryan Mathews,2012,LAC,RB,12,11.41,5.12,2.71,0.7263,15.6,Fresno State,2010,1,false
00-0030506,Travis Kelce,2015,KC,TE,16,11.84,6.42,2.71,0.8861,15.6,Cincinnati,2013,3,false
00-0033308,Matt Breida,2018,SF,RB,14,11.61,8.06,2.71,0.6989,15.6,Georgia Southern,,,false
00-0020474,Kevan Barlow,2005,SF,RB,12,10.77,3.39,2.71,0.7188,15.6,Pittsburgh,2001,3,false
00-0022921,Larry Fitzgerald,2018,ARI,WR,16,11.6,5.75,2.7,0.7801,15.6,Pittsburgh,2004,1,false
00-0031391,Tre Mason,2014,LA,RB,12,11.27,9.23,2.7,0.7864,15.6,Auburn,2014,3,false
00-0023436,Alex Smith,2006,SF,QB,16,10.57,6.55,2.7,0.2941,15.6,Utah,2005,1,false
00-0022097,Brandon Lloyd,2004,SF,WR,13,10.58,6.8,2.7,0.6741,15.6,Illinois,2003,4,false
00-0020531,Drew Brees,2003,LAC,QB,11,10.17,8.34,2.69,0.3235,15.6,Purdue,2001,2,false
00-0034301,Darrel Williams,2021,KC,RB,17,11.53,8.34,2.69,0.7129,15.6,LSU,,,false
00-0027950,Christian Ponder,2011,MIN,QB,11,10.73,6.9,2.69,0.2222,15.6,Florida State,2011,1,false
00-0023496,Vincent Jackson,2014,TB,WR,16,11.26,6.52,2.69,0.7273,15.6,Northern Colorado,2005,2,false
00-0007520,Leroy Hoard,1999,MIN,RB,15,9.54,4.96,2.69,0.7292,15.6,Michigan,1990,2,false
00-0034777,DJ Chark,2020,JAX,WR,13,11.82,8.3,2.69,0.7403,15.6,LSU,2018,2,false
00-0027696,Jimmy Graham,2016,SEA,TE,16,11.83,7.29,2.69,0.863,15.6,Miami,2010,3,false
00-0018343,Frank Wycheck,2001,TEN,TE,16,9.51,6.9,2.68,0.9464,15.6,Maryland,1993,6,false
00-0036997,Javonte Williams,2023,DEN,RB,16,11.2,5.51,2.68,0.6667,15.6,North Carolina,2021,2,false
00-0027685,Emmanuel Sanders,2013,PIT,WR,16,11.34,6.15,2.68,0.7445,15.6,SMU,2010,3,false
00-0033921,Chris Godwin Jr.,2018,TB,WR,16,11.58,7.74,2.68,0.773,15.6,Penn State,2017,3,false
00-0019643,Ron Dayne,2007,HOU,RB,13,10.88,6.33,2.67,0.7234,15.6,Wisconsin,2000,1,false
00-0032187,David Johnson,2019,ARI,RB,12,11.79,10.55,2.67,0.7053,15.6,Northern Iowa,2015,3,false
00-0016098,Fred Taylor,2005,JAX,RB,11,10.73,7.4,2.67,0.7083,15.6,Florida,1998,1,false
00-0029000,Cole Beasley,2016,DAL,WR,16,11.81,5,2.67,0.7483,15.6,SMU,,,false
00-0023440,Cadillac Williams,2009,TB,RB,16,10.91,6.29,2.66,0.6848,15.6,Auburn,2005,1,false
00-0031547,DeVante Parker,2021,MIA,WR,9,11.5,4.81,2.66,0.7742,15.5,Louisville,2015,1,false
00-0020494,Santana Moss,2011,WAS,WR,12,10.7,4.43,2.66,0.7432,15.5,Miami,2001,1,false
00-0029664,Josh Gordon,2018,NE,WR,12,11.56,5.42,2.66,0.766,15.5,Utah; Baylor,2012,2,true
00-0024279,Tarvaris Jackson,2011,SEA,QB,15,10.7,4.07,2.66,0.1944,15.5,Alabama State; Arkansas,2006,2,false
00-0026153,Jonathan Stewart,2014,CAR,RB,13,11.23,5.48,2.66,0.7767,15.5,Oregon,2008,1,false
00-0024279,Tarvaris Jackson,2007,MIN,QB,12,10.87,6.84,2.66,0.4167,15.5,Alabama State; Arkansas,2006,2,false
00-0016098,Fred Taylor,2007,JAX,RB,15,10.87,6.03,2.65,0.7128,15.5,Florida,1998,1,false
00-0033009,Tyler Boyd,2021,CIN,WR,16,11.49,6.4,2.65,0.7677,15.5,Pittsburgh,2016,2,false
00-0022738,Chris Cooley,2006,WAS,TE,16,10.53,5.7,2.65,0.9,15.5,Utah State,2004,3,false
00-0027873,Jermaine Gresham,2011,CIN,TE,14,10.69,5.11,2.65,0.8356,15.5,Oklahoma,2010,1,false
00-0033757,Robert Tonyan,2020,GB,TE,15,11.77,7.89,2.64,0.9474,15.5,Indiana State,,,false
00-0027685,Emmanuel Sanders,2020,NO,WR,14,11.77,6.73,2.64,0.7338,15.5,SMU,2010,3,false
00-0019641,Thomas Jones,2007,NYJ,RB,16,10.85,4.21,2.64,0.7021,15.5,Virginia,2000,1,false
00-0026625,Brian Hoyer,2014,CLE,QB,14,11.21,5.62,2.64,0.1212,15.5,Michigan State,,,false
00-0019455,Peter Warrick,2002,CIN,WR,15,10.12,6.46,2.64,0.6806,15.5,Florida State,2000,1,false
00-0029632,Mohamed Sanu,2014,CIN,WR,16,11.2,8.26,2.63,0.7203,15.5,Rutgers,2012,3,false
00-0027696,Jimmy Graham,2017,SEA,TE,16,10.69,6.89,2.62,0.9221,15.5,Miami,2010,3,false
00-0018343,Frank Wycheck,1999,TEN,TE,16,9.47,6.47,2.62,0.9692,15.5,Maryland,1993,6,false
00-0004640,Warrick Dunn,2008,TB,RB,15,11.37,5.3,2.61,0.7234,15.4,Florida State,1997,1,false
00-0031325,Sammy Watkins,2018,KC,WR,10,11.51,9.53,2.61,0.7589,15.4,Clemson,2014,1,false
00-0024813,Pierre Thomas,2014,NO,RB,11,11.18,7.77,2.61,0.767,15.4,Illinois,,,false
00-0031301,Jeremy Hill,2016,CIN,RB,15,11.75,7.59,2.61,0.75,15.4,LSU,2014,2,false
00-0014729,Bobby Shaw,2003,BUF,WR,15,10.08,6.32,2.61,0.687,15.4,California,1998,6,false
00-0024313,Owen Daniels,2012,HOU,TE,15,11.31,4.94,2.61,0.8904,15.4,Wisconsin,2006,4,false
00-0014544,Darnay Scott,2001,CIN,WR,16,9.43,7.31,2.61,0.695,15.4,San Diego State,1994,2,false
00-0009163,Eddie Kennison,2002,KC,WR,16,10.09,5.63,2.6,0.6736,15.4,LSU,1996,1,false
00-0020446,Chris Chambers,2002,MIA,WR,15,10.08,5.62,2.6,0.6667,15.4,Wisconsin,2001,2,false
00-0034844,Saquon Barkley,2021,NYG,RB,13,11.43,7.86,2.59,0.703,15.4,Penn State,2018,1,false
00-0026913,Johnny Knox,2010,CHI,WR,16,10.95,7.17,2.59,0.7183,15.4,Abilene Christian; Tyler JC,2009,5,false
00-0007835,Damon Huard,1999,MIA,QB,9,9.44,6.48,2.58,0.2683,15.4,Washington,,,false
00-0033881,Evan Engram,2018,NYG,TE,11,11.48,6.41,2.58,0.9211,15.4,Mississippi,2017,1,false
00-0033871,Corey Davis,2018,TEN,WR,16,11.48,8.34,2.58,0.7518,15.4,Western Michigan,2017,1,false
00-0025396,Ted Ginn,2017,NO,WR,15,10.64,6.16,2.57,0.7303,15.4,Ohio State,2007,1,false
00-0035640,DK Metcalf,2019,SEA,WR,16,11.69,6.53,2.57,0.7368,15.4,Mississippi,2019,2,false
00-0037746,Brian Robinson,2024,WAS,RB,14,11.41,5.77,2.57,0.7245,15.4,Alabama,2022,3,false
00-0024332,Leon Washington,2008,NYJ,RB,16,11.33,6.52,2.57,0.7128,15.4,Florida State,2006,4,false
00-0019641,Thomas Jones,2002,ARI,RB,9,10.04,7.54,2.56,0.6768,15.3,Virginia,2000,1,false
00-0021376,T.J. Duckett,2003,ATL,RB,16,10.02,4.63,2.55,0.7273,15.3,Michigan State,2002,1,false
00-0003292,Kerry Collins,2010,TEN,QB,10,10.9,7.2,2.54,0.2121,15.3,Penn State,1995,1,false
00-0031236,Brandin Cooks,2022,HOU,WR,13,11.2,4.94,2.54,0.7533,15.3,Oregon State,2014,1,false
00-0029677,Brandon Weeden,2013,CLE,QB,8,11.21,6.17,2.54,0.1429,15.3,Oklahoma State,2012,1,false
00-0040128,Tyler Warren,2025,IND,TE,17,11.09,4.88,2.54,0.8953,15.3,Penn State,2025,1,false
00-0025465,James Jones,2013,GB,WR,14,11.19,7.72,2.53,0.7372,15.3,San Jose State,2007,3,false
00-0028086,Denarius Moore,2013,LV,WR,13,11.19,6.89,2.53,0.7299,15.3,Tennessee,2011,5,false
00-0031228,Taylor Gabriel,2016,ATL,WR,12,11.67,7.38,2.52,0.7417,15.3,Abilene Christian,,,false
00-0021206,Josh McCown,2005,ARI,QB,9,10.58,9.73,2.52,0.3889,15.3,Sam Houston State; SMU,2002,3,false
00-0038041,Jake Ferguson,2025,DAL,TE,17,11.06,7.09,2.51,0.8837,15.2,Wisconsin,2022,4,false
00-0022910,Lee Evans,2005,BUF,WR,16,10.57,8.78,2.51,0.7218,15.2,Wisconsin,2004,1,false
00-0008060,Raghib Ismail,2000,DAL,WR,8,9.16,3.72,2.51,0.6812,15.2,Notre Dame,,,false
00-0025431,Sidney Rice,2011,SEA,WR,9,10.54,6.69,2.51,0.7365,15.2,South Carolina,2007,2,false
00-0006808,Jim Harbaugh,1999,SD,QB,14,9.36,7.33,2.51,0.2439,15.2,Michigan,1987,1,false
00-0032385,Sterling Shepard,2018,NYG,WR,16,11.41,6.4,2.51,0.7447,15.2,Oklahoma,2016,2,false
00-0033090,Hunter Henry,2017,LAC,TE,12,10.57,5.55,2.51,0.9091,15.2,Arkansas,2016,2,false
00-0030506,Travis Kelce,2014,KC,TE,16,11.08,5.19,2.5,0.8947,15.2,Cincinnati,2013,3,false
00-0029632,Mohamed Sanu,2018,ATL,WR,16,11.4,5.69,2.5,0.7376,15.2,Rutgers,2012,3,false
00-0033319,Nick Mullens,2020,SF,QB,10,11.63,5.97,2.5,0.1667,15.2,Southern Mississippi,,,false
00-0028086,Denarius Moore,2011,LV,WR,13,10.53,10.25,2.49,0.7297,15.2,Tennessee,2011,5,false
00-0017892,Moe Williams,2002,MIN,RB,16,9.97,7.7,2.49,0.6667,15.2,Kentucky,1996,3,false
00-0034184,Gus Edwards,2023,BAL,RB,17,11,7.7,2.48,0.6556,15.2,Rutgers; Miami,,,false
00-0003035,Desmond Clark,2001,DEN,TE,15,9.31,6.33,2.48,0.9286,15.2,Wake Forest,1999,6,false
00-0029141,Alfred Morris,2013,WAS,RB,16,11.14,4.18,2.48,0.7097,15.2,Florida Atlantic,2012,6,false
00-0027681,Brandon LaFell,2016,CIN,WR,16,11.62,7.82,2.48,0.7351,15.2,LSU,2010,3,false
00-0036165,Isaiah Hodgins,2022,NYG,WR,9,11.13,6.24,2.47,0.7467,15.2,Oregon State,2020,6,true
00-0013639,Jerry Rice,2003,LV,WR,16,9.94,6.16,2.47,0.6794,15.2,Mississippi Valley State University,1985,1,false
00-0026345,Pierre Garcon,2015,WAS,WR,16,11.61,4.42,2.47,0.7417,15.2,Mount Union College; Norwich University,2008,6,false
00-0016838,Alex Van Pelt,2001,BUF,QB,12,9.29,8.86,2.47,0.2188,15.2,Pittsburgh,1993,8,false
00-0031549,Nelson Agholor,2020,LV,WR,16,11.6,7.82,2.47,0.7273,15.2,USC,2015,1,false
00-0030068,Marquise Goodwin,2017,SF,WR,16,10.54,6.29,2.47,0.7237,15.2,Texas,2013,3,false
00-0039376,Spencer Rattler,2025,NO,QB,9,11.02,6.52,2.46,0.1111,15.1,South Carolina; Oklahoma,2024,5,false
00-0035250,Devin Singletary,2022,BUF,RB,16,11.12,6.05,2.46,0.7347,15.1,Florida Atlantic,2019,3,false
00-0023490,Roscoe Parrish,2010,BUF,WR,8,10.81,5.23,2.45,0.7113,15.1,Miami,2005,2,false
00-0020525,Rod Gardner,2003,WAS,WR,16,9.93,7.92,2.45,0.6718,15.1,Clemson,2001,1,false
00-0019484,Sammy Morris,2008,NE,RB,13,11.22,6.32,2.45,0.7021,15.1,Texas Tech,2000,5,false
00-0029697,Coby Fleener,2014,IND,TE,16,11.02,7.98,2.45,0.8816,15.1,Stanford,2012,2,false
00-0035685,David Montgomery,2022,CHI,RB,16,11.11,6.73,2.45,0.7245,15.1,Iowa State,2019,3,false
00-0029567,Nick Foles,2020,CHI,QB,9,11.58,7.34,2.45,0.1389,15.1,Arizona; Michigan State,2012,3,false
00-0005616,Irving Fryar,2000,WAS,WR,14,9.1,4.57,2.45,0.6739,15.1,Nebraska,1984,1,false
00-0026235,Mario Manningham,2011,NYG,WR,11,10.48,5.72,2.44,0.723,15.1,Michigan,2008,3,false
00-0033839,Dede Westbrook,2018,JAX,WR,16,11.34,5.82,2.44,0.7305,15.1,Oklahoma; Blinn College,2017,4,false
00-0027966,Mark Ingram,2011,NO,RB,10,10.48,7,2.44,0.6932,15.1,Alabama,2011,1,false
00-0026000,Davone Bess,2012,MIA,WR,13,11.14,5.2,2.44,0.7095,15.1,Hawaii,,,false
00-0017470,Michael Westbrook,2001,WAS,WR,16,9.26,6.22,2.44,0.6879,15.1,Colorado,1995,1,false
00-0034960,Jakobi Meyers,2025,JAX,WR,16,10.99,4.35,2.43,0.7826,15.1,N.C. State,,,true
00-0022766,Patrick Crayton,2007,DAL,WR,15,10.65,10.04,2.43,0.7239,15.1,Northwestern Oklahoma State University; Tyler JC,2004,7,false
00-0011024,Steve McNair,2004,TEN,QB,8,10.32,6.44,2.43,0.3143,15.1,Alcorn State,1995,1,false
00-0023439,Cedric Benson,2007,CHI,RB,11,10.65,4.28,2.43,0.6915,15.1,Texas,2005,1,false
00-0010500,Derrick Mason,2006,BAL,WR,15,10.31,6.11,2.43,0.6772,15.1,Michigan State,1997,4,false
00-0020490,Koren Robinson,2004,SEA,WR,9,10.31,6.58,2.43,0.6667,15.1,N.C. State,2001,1,false
00-0004574,Rickey Dudley,1999,OAK,TE,16,9.28,6.71,2.43,0.9538,15.1,Ohio State,1996,1,false
00-0040676,Cam Ward,2025,TEN,QB,17,10.98,5.4,2.43,0.0833,15.1,Miami; Washington State; Incarnate Word,2025,1,false
00-0025487,Michael Bush,2010,LV,RB,14,10.78,8.33,2.42,0.7222,15.1,Louisville,2007,4,false
00-0022178,Willis McGahee,2009,BAL,RB,15,10.66,10.52,2.42,0.6739,15.1,Miami,2003,1,false
00-0021141,Joey Harrington,2006,MIA,QB,11,10.29,6.9,2.41,0.2647,15,Oregon,2002,1,false
00-0004052,Stephen Davis,2005,CAR,RB,13,10.47,8.45,2.41,0.6979,15,Auburn,1996,4,false
00-0029262,Rueben Randle,2015,NYG,WR,16,11.54,5.81,2.41,0.7351,15,LSU,2012,2,false
00-0032775,Demarcus Robinson,2023,LA,WR,8,10.93,6.6,2.41,0.7485,15,Florida,2016,4,false
00-0028086,Denarius Moore,2012,LV,WR,15,11.11,5.93,2.41,0.7027,15,Tennessee,2011,5,false
00-0022910,Lee Evans,2007,BUF,WR,16,10.62,8.99,2.41,0.7164,15,Wisconsin,2004,1,false
00-0022924,Ben Roethlisberger,2008,PIT,QB,16,11.17,6.37,2.4,0.3438,15,Miami (Ohio),2004,1,false
00-0036328,Antonio Gibson,2022,WAS,RB,15,11.06,5.1,2.4,0.7143,15,Memphis; East Central JC,2020,3,false
00-0004915,Bobby Engram,2003,SEA,WR,16,9.87,7.32,2.4,0.6641,15,Penn State,1996,2,false
00-0015523,Duce Staley,2003,PHI,RB,16,9.87,5.01,2.4,0.7172,15,South Carolina; Itawamba JC,1997,3,false
00-0016373,Derrius Thompson,2002,WAS,WR,16,9.88,7.61,2.39,0.6597,15,Baylor,,,false
00-0029638,Michael Floyd,2015,ARI,WR,15,11.53,9.13,2.39,0.7285,15,Notre Dame,2012,1,false
00-0004694,Kevin Dyson,2002,TEN,WR,11,9.87,8.02,2.39,0.6528,15,Utah,1998,1,false
00-0027702,Mike Williams,2011,TB,WR,15,10.43,5.61,2.39,0.7162,15,Syracuse,2010,4,false
00-0022811,Jerricho Cotchery,2013,PIT,WR,15,11.05,8.68,2.38,0.7226,15,N.C. State,2004,4,false
00-0003035,Desmond Clark,2006,CHI,TE,14,10.26,9.27,2.38,0.8833,15,Wake Forest,1999,6,false
00-0037238,Drake London,2023,ATL,WR,16,10.9,7.55,2.38,0.7425,15,USC,2022,1,false
00-0015063,Torrance Small,1999,PHI,WR,15,9.23,7.22,2.38,0.6176,15,Alcorn State,1992,5,false
00-0005091,Kevin Faulk,2003,NE,RB,15,9.85,7.22,2.38,0.7071,15,LSU,1999,2,false
00-0032385,Sterling Shepard,2016,NYG,WR,16,11.53,5.7,2.38,0.7285,15,Oklahoma,2016,2,false
00-0017162,Hines Ward,2000,PIT,WR,16,9.03,5.78,2.38,0.6667,15,Georgia,1998,3,false
00-0035261,Tony Pollard,2025,TEN,RB,17,10.93,5.62,2.38,0.6979,15,Memphis,2019,4,false
00-0013268,Ricky Proehl,2001,STL,WR,14,9.2,6.54,2.37,0.6809,15,Wake Forest,1990,3,false
00-0025389,Calvin Johnson,2007,DET,WR,15,10.59,5.65,2.37,0.709,15,Georgia Tech,2007,1,false
00-0008442,Brad Johnson,2005,MIN,QB,11,10.43,6.89,2.37,0.3611,15,Florida State,1992,9,false
00-0006101,Tony Gonzalez,2010,ATL,TE,16,10.73,6.14,2.37,0.9178,15,California,1997,1,false
00-0013232,Peerless Price,2000,BUF,WR,15,9.02,7.31,2.37,0.6594,15,Tennessee,1999,2,false
00-0022840,Julius Jones,2009,SEA,RB,14,10.61,7.54,2.36,0.663,15,Notre Dame,2004,2,false
00-0026345,Pierre Garcon,2009,IND,WR,14,10.61,5.65,2.36,0.7483,15,Mount Union College; Norwich University,2008,6,false
00-0022177,Byron Leftwich,2003,JAX,QB,15,9.84,5.38,2.36,0.2941,15,Marshall,2003,1,false
00-0027092,Austin Collie,2009,IND,WR,16,10.61,7.24,2.36,0.7413,15,BYU,2009,4,false
00-0006043,Terry Glenn,2002,GB,WR,15,9.85,6.39,2.36,0.6458,15,Ohio State,1996,1,false
00-0033536,Mike Williams,2018,LAC,WR,16,11.26,9.32,2.36,0.7234,15,Clemson,2017,1,false
00-0025450,Brandon Jackson,2010,GB,RB,16,10.72,5.38,2.36,0.7111,14.9,Nebraska,2007,2,false
00-0030287,Andre Ellington,2013,ARI,RB,15,11.02,6.5,2.36,0.6989,14.9,Clemson,2013,6,false
00-0032780,Jordan Howard,2018,CHI,RB,16,11.25,6.02,2.35,0.6882,14.9,Indiana; UAB,2016,5,false
00-0031588,Stefon Diggs,2015,MIN,WR,13,11.48,7.75,2.35,0.7219,14.9,Maryland,2015,5,false
00-0026019,Danny Woodhead,2010,NE,RB,15,10.71,6.39,2.35,0.7,14.9,Chadron State,,,true
00-0006627,Az-Zahir Hakim,2004,DET,WR,10,10.23,6.24,2.35,0.6593,14.9,San Diego State,1998,4,false
00-0022126,L.J. Smith,2006,PHI,TE,14,10.22,5.03,2.35,0.8667,14.9,Rutgers,2003,2,false
00-0022178,Willis McGahee,2008,BAL,RB,13,11.11,7.8,2.35,0.6915,14.9,Miami,2003,1,false
00-0029293,Marvin Jones,2016,DET,WR,15,11.49,8.97,2.34,0.7219,14.9,California,2012,5,false
00-0029677,Brandon Weeden,2012,CLE,QB,15,11.04,6.06,2.34,0.1714,14.9,Oklahoma State,2012,1,false
00-0033110,Tyler Higbee,2019,LA,TE,14,11.46,8.23,2.33,0.8714,14.9,Western Kentucky,2016,4,false
00-0024236,Laurence Maroney,2007,NE,RB,13,10.55,5.95,2.33,0.6809,14.9,Minnesota,2006,1,false
00-0037013,Zach Wilson,2022,NYJ,QB,9,10.99,6.55,2.33,0.0588,14.9,BYU,2021,1,false
00-0025418,Greg Olsen,2009,CHI,TE,16,10.58,7.73,2.33,0.8235,14.9,Miami; Notre Dame,2007,1,false
00-0036936,Rondale Moore,2022,ARI,WR,8,10.99,8.14,2.33,0.74,14.9,Purdue,2021,2,false
00-0020608,David Carr,2003,HOU,QB,12,9.8,6.2,2.33,0.2647,14.9,Fresno State,2002,1,false
00-0019693,Jamal Lewis,2005,BAL,RB,15,10.38,6.86,2.32,0.6875,14.9,Tennessee,2000,1,false
00-0030035,Adam Thielen,2019,MIN,WR,10,11.44,10.11,2.32,0.7303,14.9,Minnesota State,,,false
00-0022766,Patrick Crayton,2010,LAC,WR,8,10.68,6.31,2.32,0.7042,14.9,Northwestern Oklahoma State University; Tyler JC,2004,7,false
00-0031577,Javorius Allen,2017,BAL,RB,16,10.38,6.15,2.31,0.7368,14.9,USC,2015,4,false
00-0002962,Wayne Chrebet,2001,NYJ,WR,15,9.13,5.38,2.31,0.6738,14.8,Hofstra,,,false
00-0035662,Marquise Brown,2020,BAL,WR,16,11.44,6.17,2.31,0.7208,14.8,Oklahoma; College of the Canyons,2019,1,false
00-0031236,Brandin Cooks,2023,DAL,WR,16,10.82,8.16,2.31,0.7365,14.8,Oregon State,2014,1,false
00-0024240,Santonio Holmes,2008,PIT,WR,15,11.07,4.28,2.3,0.7259,14.8,Ohio State,2006,1,false
00-0027718,Garrett Graham,2013,HOU,TE,12,10.96,6.94,2.29,0.8507,14.8,Wisconsin,2010,4,false
00-0022922,Kellen Winslow,2011,TB,TE,16,10.33,4.22,2.29,0.8219,14.8,Miami,2004,1,false
00-0022821,Michael Turner,2012,ATL,RB,16,10.99,5.97,2.29,0.7158,14.8,Northern Illinois,2004,5,false
00-0000722,Tony Banks,2001,WAS,QB,15,9.11,6.29,2.28,0.1875,14.8,Michigan State; San Diego Mesa College,1996,2,false
00-0015091,Antowain Smith,2004,TEN,RB,11,10.16,6.03,2.28,0.6596,14.8,Houston; East Mississippi JC,1997,1,false
00-0024240,Santonio Holmes,2011,NYJ,WR,16,10.32,4.91,2.28,0.7095,14.8,Ohio State,2006,1,false
00-0022726,Keary Colbert,2004,CAR,WR,15,10.16,5.78,2.28,0.6519,14.8,USC,2004,2,false
00-0022414,Malcom Floyd,2014,LAC,WR,16,10.85,4.91,2.28,0.7133,14.8,Wyoming,,,false
00-0025465,James Jones,2014,LV,WR,16,10.85,6.03,2.28,0.7063,14.8,San Jose State,2007,3,false
00-0032688,Robbie Chosen,2018,NYJ,WR,14,11.17,9.1,2.27,0.7163,14.8,Temple,,,false
00-0036326,Chase Claypool,2021,PIT,WR,15,11.11,6.23,2.27,0.7613,14.8,Notre Dame,2020,2,false
00-0004293,Trent Dilfer,1999,TB,QB,10,9.12,5.78,2.26,0.2195,14.8,Fresno State,1994,1,false
00-0021547,Antonio Gates,2008,LAC,TE,16,11.03,6.76,2.26,0.9531,14.8,Kent State; Eastern Michigan; Michigan State; College of the Sequoias,,,false
00-0034753,Mark Andrews,2024,BAL,TE,17,11.11,6.6,2.26,0.9103,14.8,Oklahoma,2018,3,false
00-0028002,Randall Cobb,2016,GB,WR,13,11.41,7.37,2.26,0.7152,14.8,Kentucky,2011,2,false
00-0008313,Shawn Jefferson,1999,NE,WR,16,9.11,7.21,2.26,0.6103,14.7,UCF,1991,9,false
00-0025637,Ahmad Bradshaw,2009,NYG,RB,15,10.5,7.96,2.26,0.6522,14.7,Marshall,2007,7,false
00-0022943,Benjamin Watson,2006,NE,TE,13,10.13,6.72,2.26,0.85,14.7,Georgia; Duke,2004,1,false
00-0031273,Cameron Brate,2016,TB,TE,15,11.4,6.45,2.25,0.8493,14.7,Harvard,,,false
00-0031339,Donte Moncrief,2016,IND,WR,9,11.4,6.31,2.25,0.7086,14.7,Mississippi,2014,3,false
00-0007091,Matt Hasselbeck,2015,IND,QB,8,11.39,5.82,2.25,0.1429,14.7,Boston College,1998,6,false
00-0031382,Jarvis Landry,2021,CLE,WR,12,11.08,5.64,2.25,0.7548,14.7,LSU,2014,2,false
00-0024242,DeAngelo Williams,2013,CAR,RB,15,10.91,5.2,2.24,0.6882,14.7,Memphis,2006,1,false
00-0029129,Rod Streater,2013,LV,WR,16,10.91,6.71,2.24,0.7153,14.7,Temple; Alfred University,,,false
00-0022921,Larry Fitzgerald,2014,ARI,WR,14,10.81,7.63,2.24,0.6993,14.7,Pittsburgh,2004,1,false
00-0026364,Steve Johnson,2013,BUF,WR,12,10.89,7.28,2.23,0.708,14.7,Kentucky; Chabot College,2008,7,false
00-0035350,Preston Williams,2019,MIA,WR,8,11.35,5.65,2.23,0.7237,14.7,Colorado State,,,false
00-0022921,Larry Fitzgerald,2012,ARI,WR,16,10.92,8.39,2.22,0.6959,14.7,Pittsburgh,2004,1,false
00-0037741,Jahan Dotson,2022,WAS,WR,12,10.88,7.65,2.22,0.7333,14.7,Penn State,2022,1,false
00-0021547,Antonio Gates,2016,LAC,TE,13,11.37,6.18,2.22,0.8356,14.7,Kent State; Eastern Michigan; Michigan State; College of the Sequoias,,,false
00-0002110,Mark Brunell,2006,WAS,QB,10,10.1,7.13,2.22,0.2353,14.7,Washington,1993,5,false
00-0021176,Reche Caldwell,2006,NE,WR,16,10.09,8.01,2.22,0.6693,14.7,Florida,2002,2,false
00-0036555,Chuba Hubbard,2023,CAR,RB,17,10.74,5.14,2.22,0.6444,14.7,Oklahoma State,2021,4,false
00-0030061,Zach Ertz,2015,PHI,TE,15,11.35,6.99,2.22,0.8734,14.7,Stanford,2013,2,false
00-0025479,Trent Edwards,2008,BUF,QB,14,10.98,7.96,2.21,0.3125,14.7,Stanford,2007,3,false
00-0027094,Andre Brown,2012,NYG,RB,10,10.91,9.25,2.21,0.7053,14.7,N.C. State,2009,4,false
00-0025425,Zach Miller,2010,LV,TE,15,10.57,8.12,2.21,0.9041,14.6,Arizona State,2007,2,false
00-0007091,Matt Hasselbeck,2010,SEA,QB,14,10.57,6.49,2.21,0.1818,14.6,Boston College,1998,6,false
00-0022922,Kellen Winslow,2010,TB,TE,16,10.56,6.49,2.2,0.8904,14.6,Miami,2004,1,false
00-0004161,Jake Delhomme,2008,CAR,QB,16,10.97,6.77,2.2,0.2813,14.6,Louisiana-Lafayette,,,false
00-0021141,Joey Harrington,2003,DET,QB,16,9.68,6.78,2.2,0.2353,14.6,Oregon,2002,1,false
00-0023470,Reggie Brown,2007,PHI,WR,16,10.41,5.91,2.2,0.7015,14.6,Georgia,2005,2,false
00-0030565,Geno Smith,2014,NYJ,QB,14,10.77,8.33,2.2,0.0909,14.6,West Virginia,2013,2,false
00-0030279,Keenan Allen,2025,LAC,WR,17,10.75,6.81,2.19,0.7764,14.6,California,2013,3,false
00-0036924,Michael Carter,2021,NYJ,RB,14,11.03,8,2.19,0.6931,14.6,North Carolina,2021,4,false
00-0030456,Giovani Bernard,2015,CIN,RB,16,11.32,4.73,2.19,0.7917,14.6,North Carolina,2013,2,false
00-0027325,LeGarrette Blount,2010,TB,RB,13,10.55,6.99,2.19,0.6889,14.6,Oregon; East Mississippi JC,,,false
00-0005589,Gus Frerotte,2005,MIA,QB,16,10.25,6.11,2.19,0.3333,14.6,Tulsa,1994,7,false
00-0034411,Russell Gage,2020,ATL,WR,16,11.32,7.02,2.19,0.7143,14.6,LSU,2018,6,false
00-0033699,Austin Ekeler,2024,WAS,RB,12,11.02,5.03,2.18,0.7143,14.6,Western State,,,false
00-0021182,Maurice Morris,2007,SEA,RB,13,10.39,5.91,2.18,0.6702,14.6,Oregon; Fresno City College,2002,2,false
00-0020516,Todd Heap,2003,BAL,TE,16,9.65,7.31,2.18,0.9455,14.6,Arizona State,2001,1,false
00-0020337,Steve Smith,2013,CAR,WR,15,10.83,4.06,2.17,0.7007,14.6,Utah; Santa Monica,2001,3,false
00-0039384,Tyrone Tracy Jr.,2025,NYG,RB,15,10.72,7.66,2.17,0.6875,14.6,Purdue; Iowa,2024,5,false
00-0032152,Karlos Williams,2015,BUF,RB,11,11.3,6.96,2.16,0.7813,14.6,Florida State,2015,5,false
00-0034351,Dallas Goedert,2021,PHI,TE,15,11,7.2,2.16,0.9091,14.6,South Dakota State,2018,2,false
00-0037744,Trey McBride,2023,ARI,TE,17,10.68,7.61,2.16,0.9,14.6,Colorado State,2022,2,false
00-0020525,Rod Gardner,2001,WAS,WR,16,8.98,7.57,2.16,0.6667,14.5,Clemson,2001,1,false
00-0004694,Kevin Dyson,1999,TEN,WR,16,9.01,8.8,2.15,0.6029,14.5,Utah,1998,1,false
00-0036988,Josh Palmer,2023,LAC,WR,10,10.67,6.17,2.15,0.7305,14.5,Tennessee,2021,3,false
00-0039165,Zach Charbonnet,2024,SEA,RB,17,10.99,9.4,2.15,0.7041,14.5,UCLA; Michigan,2023,2,false
00-0001361,Drew Bledsoe,2004,BUF,QB,16,10.03,7.24,2.15,0.2857,14.5,Washington State,1993,1,false
00-0027891,Golden Tate,2012,SEA,WR,15,10.85,7.17,2.15,0.6892,14.5,Notre Dame,2010,2,false
00-0024218,Vince Young,2007,TEN,QB,15,10.36,7.78,2.14,0.3889,14.5,Texas,2006,1,false
00-0020904,Eric Parker,2005,LAC,WR,15,10.2,5.57,2.14,0.7143,14.5,Tennessee,,,false
00-0020446,Chris Chambers,2006,MIA,WR,16,10.01,5.66,2.14,0.6614,14.5,Wisconsin,2001,2,false
00-0031431,Marqise Lee,2016,JAX,WR,16,11.28,4.74,2.13,0.702,14.5,USC,2014,2,false
00-0021206,Josh McCown,2004,ARI,QB,14,10.01,8.95,2.13,0.2571,14.5,Sam Houston State; SMU,2002,3,false
00-0026373,Justin Forsett,2009,SEA,RB,16,10.37,8.34,2.13,0.6413,14.5,California,2008,7,false
00-0022701,D.J. Hackett,2006,SEA,WR,13,10,6.12,2.12,0.6535,14.5,Colorado; California State-Northridge,2004,5,false
00-0029682,Brock Osweiler,2016,HOU,QB,15,11.27,6.03,2.12,0.129,14.5,Arizona State,2012,2,false
00-0026035,Danny Amendola,2013,NE,WR,12,10.78,7.59,2.12,0.6934,14.5,Texas Tech,,,false
00-0026197,Chad Henne,2010,MIA,QB,15,10.47,5.76,2.12,0.1515,14.5,Michigan,2008,2,false
00-0005720,Joey Galloway,2001,DAL,WR,16,8.94,6.88,2.12,0.6596,14.5,Ohio State,1995,1,false
00-0026153,Jonathan Stewart,2016,CAR,RB,13,11.26,7.16,2.12,0.7396,14.5,Oregon,2008,1,false
00-0031390,Charles Sims,2015,TB,RB,16,11.25,4.95,2.11,0.7708,14.5,West Virginia; Houston,2014,3,false
00-0022984,Ryan Grant,2008,GB,RB,16,10.87,6.33,2.11,0.6809,14.4,Notre Dame,,,false
00-0036158,J.K. Dobbins,2020,BAL,RB,15,11.23,6.72,2.1,0.7172,14.4,Ohio State,2020,2,false
00-0035689,Dawson Knox,2021,BUF,TE,15,10.94,6.65,2.1,0.8961,14.4,Mississippi,2019,3,false
00-0021191,Antonio Bryant,2002,DAL,WR,16,9.58,6.76,2.1,0.6389,14.4,Pittsburgh,2002,2,false
00-0039849,Marvin Harrison Jr.,2025,ARI,WR,12,10.65,7.1,2.1,0.7702,14.4,Ohio State,2024,1,false
00-0026197,Chad Henne,2013,JAX,QB,15,10.76,4.72,2.09,0.1143,14.4,Michigan,2008,2,false
00-0026996,Brandon Pettigrew,2010,DET,TE,16,10.45,5.09,2.09,0.8767,14.4,Oklahoma State,2009,1,false
00-0036268,Laviska Shenault Jr.,2020,JAX,WR,14,11.22,5.91,2.09,0.7078,14.4,Colorado,2020,2,false
00-0023502,Charlie Frye,2006,CLE,QB,13,9.96,5.31,2.08,0.2059,14.4,Akron,2005,3,false
00-0036265,AJ Dillon,2021,GB,RB,17,10.92,7.4,2.08,0.6832,14.4,Boston College,2020,2,false
00-0036912,DeVonta Smith,2021,PHI,WR,17,10.92,7.11,2.08,0.7484,14.4,Alabama,2021,1,false
00-0027685,Emmanuel Sanders,2019,SF,WR,17,11.19,10.04,2.07,0.7171,14.4,SMU,2010,3,true
00-0021216,Brian Westbrook,2009,PHI,RB,8,10.31,6.74,2.07,0.6304,14.4,Villanova,2002,3,false
00-0039065,Sam LaPorta,2024,DET,TE,16,10.91,5.34,2.07,0.8974,14.4,Iowa,2023,2,false
00-0036550,Rashod Bateman,2024,BAL,WR,16,10.91,6.75,2.07,0.7389,14.4,Minnesota,2021,1,false
00-0026197,Chad Henne,2009,MIA,QB,14,10.31,5.04,2.07,0.3846,14.4,Michigan,2008,2,false
00-0023438,Braylon Edwards,2005,CLE,WR,10,10.12,7.66,2.06,0.7068,14.4,Michigan,2005,1,false
00-0040668,Shedeur Sanders,2025,CLE,QB,8,10.61,9.92,2.06,0.0556,14.4,Colorado; Jackson State University,2025,5,false
00-0019455,Peter Warrick,2001,CIN,WR,16,8.88,5.37,2.06,0.6525,14.4,Florida State,2000,1,false
00-0017486,Tyrone Wheatley,2004,LV,RB,8,9.94,6.85,2.06,0.6489,14.4,Michigan,1995,1,false
00-0006627,Az-Zahir Hakim,2003,DET,WR,13,9.53,7.21,2.05,0.6565,14.3,San Diego State,1998,4,false
00-0030107,Theo Riddick,2015,DET,RB,16,11.19,4.55,2.05,0.7604,14.3,Notre Dame,2013,6,false
00-0031408,Mike Evans,2025,TB,WR,8,10.6,5.8,2.05,0.764,14.3,Texas A&M,2014,1,false
00-0034869,Sam Darnold,2020,NYJ,QB,12,11.17,6.67,2.04,0.1111,14.3,USC,2018,1,false
00-0017200,Kurt Warner,2004,NYG,QB,10,9.92,4.37,2.03,0.2286,14.3,Northern Iowa,,,false
00-0036040,Juwan Johnson,2025,NO,TE,17,10.58,4.82,2.03,0.8721,14.3,Oregon; Penn State,,,false
00-0025419,Anthony Gonzalez,2007,IND,WR,11,10.24,9.57,2.02,0.694,14.3,Ohio State,2007,1,false
00-0033897,Joe Mixon,2017,CIN,RB,14,10.09,5.35,2.02,0.7263,14.3,Oklahoma,2017,2,false
00-0020498,Reggie Wayne,2002,IND,WR,15,9.51,8.08,2.02,0.6319,14.3,Miami,2001,1,false
00-0027918,Andrew Hawkins,2014,CLE,WR,15,10.59,6.99,2.02,0.6923,14.3,Toledo,,,false
00-0002068,Troy Brown,2003,NE,WR,12,9.49,7.62,2.02,0.6489,14.3,Marshall; Lees-McRae College,1993,8,false
00-0023545,Brandon Jacobs,2009,NYG,RB,15,10.26,5.78,2.02,0.6196,14.3,Southern Illinois; Auburn; Coffeyville CC,2005,4,false
00-0026182,Eddie Royal,2013,LAC,WR,15,10.68,8.29,2.02,0.6861,14.3,Virginia Tech,2008,2,false
00-0026901,Mike Wallace,2017,BAL,WR,15,10.08,6.01,2.01,0.7171,14.3,Mississippi,2009,3,false
00-0015754,Brandon Stokley,2007,DEN,WR,13,10.22,4.64,2.01,0.6866,14.3,Louisiana-Lafayette,1999,4,false
00-0027681,Brandon LaFell,2012,CAR,WR,13,10.71,6.26,2.01,0.6824,14.3,LSU,2010,3,false
00-0028434,Doug Baldwin,2018,SEA,WR,13,10.91,7.94,2.01,0.7092,14.3,Stanford,,,false
00-0010974,James McKnight,2001,MIA,WR,16,8.83,5.69,2.01,0.6454,14.3,Liberty,,,false
00-0035261,Tony Pollard,2021,DAL,RB,15,10.84,5.23,2,0.6733,14.2,Memphis,2019,4,false
00-0024267,Greg Jennings,2014,MIN,WR,16,10.57,4.92,2,0.6853,14.2,Western Michigan,2006,2,false
00-0034366,Keke Coutee,2020,HOU,WR,8,11.13,6.33,2,0.7013,14.2,Texas Tech,2018,4,false
00-0037545,Rashid Shaheed,2023,NO,WR,15,10.51,7.03,1.99,0.7246,14.2,Weber State,,,false
00-0016550,Amani Toomer,2007,NYG,WR,15,10.2,6.18,1.99,0.6791,14.2,Michigan,1996,2,false
00-0005091,Kevin Faulk,2002,NE,RB,15,9.47,8.54,1.98,0.6566,14.2,LSU,1999,2,false
00-0024260,LenDale White,2008,TEN,RB,16,10.74,8.85,1.98,0.6702,14.2,USC,2006,2,false
00-0022803,Eli Manning,2013,NYG,QB,16,10.65,6.68,1.98,0.0857,14.2,Mississippi,2004,1,false
00-0027864,Ryan Mathews,2016,PHI,RB,13,11.12,8.37,1.98,0.7292,14.2,Fresno State,2010,1,false
00-0035216,Diontae Johnson,2022,PIT,WR,17,10.63,3.98,1.97,0.7267,14.2,Toledo,2019,3,false
00-0034348,Courtland Sutton,2022,DEN,WR,15,10.63,5.71,1.97,0.72,14.2,SMU,2018,2,false
00-0028986,Case Keenum,2016,LA,QB,10,11.11,8.29,1.97,0.0968,14.2,Houston,,,false
00-0033090,Hunter Henry,2025,NE,TE,17,10.52,7.28,1.96,0.8605,14.2,Arkansas,2016,2,false
00-0022921,Larry Fitzgerald,2019,ARI,WR,16,11.09,5.71,1.96,0.7105,14.2,Pittsburgh,2004,1,false
00-0026184,Matt Forte,2017,NYJ,RB,12,10.03,7.37,1.96,0.7158,14.2,Tulane,2008,2,false
00-0023615,Cedric Houston,2006,NYJ,RB,8,9.84,7.72,1.96,0.6598,14.2,Tennessee,2005,6,false
00-0016193,Vinny Testaverde,2001,NYJ,QB,16,8.79,4.82,1.96,0.1563,14.2,Miami,1987,1,false
00-0026986,Michael Crabtree,2010,SF,WR,16,10.32,7.34,1.96,0.6972,14.2,Texas Tech,2009,1,false
00-0020608,David Carr,2005,HOU,QB,16,10.02,6.07,1.96,0.3056,14.2,Fresno State,2002,1,false
00-0032426,Alex Collins,2018,BAL,RB,10,10.86,3.71,1.96,0.6774,14.2,Arkansas,2016,5,false
00-0038933,Dalton Kincaid,2025,BUF,TE,12,10.51,6.56,1.96,0.8488,14.2,Utah; Univ of California-San Diego,2023,1,false
00-0025430,Drew Stanton,2014,ARI,QB,9,10.53,5.77,1.95,0.0606,14.2,Michigan State,2007,2,false
00-0005755,Jeff Garcia,2004,CLE,QB,11,9.83,8.13,1.95,0.2,14.1,San Jose State; Gavilan College,,,false
00-0031387,Eric Ebron,2016,DET,TE,13,11.09,4.99,1.95,0.8219,14.1,North Carolina,2014,1,false
00-0013770,Andre Rison,2000,OAK,WR,16,8.6,5.35,1.95,0.6522,14.1,Michigan State,1989,1,false
00-0031610,Darren Waller,2022,LV,TE,8,10.6,4.89,1.94,0.9259,14.1,Georgia Tech,2015,6,false
00-0021306,Adrian Peterson,2007,CHI,RB,16,10.15,6.03,1.94,0.6596,14.1,Georgia Southern,2002,6,false
00-0023564,Darren Sproles,2014,PHI,RB,15,10.51,7.22,1.93,0.7573,14.1,Kansas State,2005,4,false
00-0024276,Tony Scheffler,2007,DEN,TE,13,10.15,6.95,1.93,0.9048,14.1,Western Michigan,2006,2,false
00-0031547,DeVante Parker,2017,MIA,WR,13,10,5.95,1.93,0.7105,14.1,Louisville,2015,1,false
00-0030035,Adam Thielen,2022,MIN,WR,17,10.59,5.89,1.93,0.7133,14.1,Minnesota State,,,false
00-0030656,Isaiah Crowell,2018,NYJ,RB,13,10.82,8.53,1.92,0.6667,14.1,Alabama State; Georgia,,,false
00-0021163,Jabar Gaffney,2010,DEN,WR,16,10.28,6.07,1.92,0.6901,14.1,Florida,2002,2,false
00-0036988,Josh Palmer,2022,LAC,WR,16,10.58,7.38,1.92,0.7067,14.1,Tennessee,2021,3,false
00-0009311,Jon Kitna,2001,CIN,QB,16,8.75,6.79,1.92,0.125,14.1,Central Washington University,,,false
00-0027714,Dennis Pitta,2012,BAL,TE,16,10.62,8.52,1.92,0.8767,14.1,BYU,2010,4,false
00-0015165,Emmitt Smith,2002,DAL,RB,16,9.4,5.44,1.92,0.6465,14.1,Florida,1990,1,false
00-0031260,Logan Thomas,2020,WAS,TE,16,11.04,6.8,1.91,0.9342,14.1,Virginia Tech,2014,4,false
00-0038117,Wan'Dale Robinson,2024,NYG,WR,17,10.75,4.38,1.9,0.7325,14.1,Kentucky,2022,2,false
00-0038041,Jake Ferguson,2023,DAL,TE,17,10.42,5.46,1.9,0.8875,14.1,Wisconsin,2022,4,false
00-0034383,Dalton Schultz,2025,HOU,TE,17,10.45,5.64,1.9,0.8372,14.1,Stanford,2018,4,false
00-0002861,Byron Chamberlain,2001,MIN,TE,16,8.72,5.02,1.9,0.9107,14.1,Wayne State College; Missouri,1995,7,false
00-0020381,Justin McCareins,2004,NYJ,WR,16,9.78,4.8,1.9,0.6444,14.1,Northern Illinois,2001,4,false
00-0022097,Brandon Lloyd,2005,SF,WR,15,9.95,8.55,1.89,0.6992,14,Illinois,2003,4,false
00-0026201,Martellus Bennett,2013,CHI,TE,16,10.56,6.19,1.89,0.8358,14,Texas A&M,2008,2,false
00-0026170,Dustin Keller,2010,NYJ,TE,15,10.25,7.84,1.89,0.863,14,Purdue,2008,1,false
00-0027003,Donald Brown,2011,IND,RB,12,9.92,5.89,1.89,0.6818,14,Connecticut,2009,1,false
00-0007744,Joe Horn,1999,KC,WR,15,8.74,5.57,1.89,0.5956,14,Itawamba JC,1996,5,false
00-0032160,Tyrell Williams,2019,LV,WR,13,11.01,5.83,1.88,0.7039,14,Western Oregon,,,false
00-0022217,Mewelde Moore,2005,MIN,RB,16,9.94,6.95,1.88,0.6771,14,Tulane,2004,4,false
00-0028434,Doug Baldwin,2014,SEA,WR,16,10.46,6.46,1.88,0.6783,14,Stanford,,,false
00-0039384,Tyrone Tracy Jr.,2024,NYG,RB,17,10.72,7.08,1.88,0.6939,14,Purdue; Iowa,2024,5,false
00-0038476,Tommy DeVito,2023,NYG,QB,9,10.39,6.86,1.88,0.2222,14,Illinois; Syracuse,,,false
00-0005324,Terrell Fletcher,2000,SD,RB,15,8.53,6.56,1.87,0.6588,14,Wisconsin,1995,2,false
00-0023456,Matt Jones,2006,JAX,WR,13,9.75,6.26,1.87,0.6457,14,Arkansas,2005,1,false
00-0030821,Allen Hurns,2017,JAX,WR,10,9.94,5.05,1.87,0.7039,14,Miami,,,false
00-0033856,Leonard Fournette,2020,TB,RB,12,11,7.72,1.87,0.7071,14,LSU,2017,1,false
00-0001627,Corey Bradford,2002,HOU,WR,16,9.35,9.04,1.87,0.625,14,Jackson State University; Hinds CC,1998,5,false
00-0034414,Boston Scott,2019,PHI,RB,9,10.99,11.92,1.87,0.6947,14,Louisiana Tech,2018,6,false
00-0039868,Troy Franklin,2025,DEN,WR,17,10.42,7.63,1.86,0.7578,14,Oregon,2024,4,false
00-0010824,O.J. McDuffie,1999,MIA,WR,12,8.72,5.52,1.86,0.5882,14,Penn State,1993,1,false
00-0021931,Kevin Walter,2010,HOU,WR,14,10.22,8.82,1.86,0.6831,14,Eastern Michigan,2003,7,false
00-0031687,Raheem Mostert,2022,MIA,RB,16,10.52,6.97,1.86,0.7041,14,Purdue,,,false
00-0022738,Chris Cooley,2008,WAS,TE,16,10.62,5.54,1.86,0.9375,14,Utah State,2004,3,false
00-0002159,Shawn Bryson,2000,BUF,RB,15,8.51,5.46,1.85,0.6471,14,Tennessee,1999,3,false
00-0033536,Mike Williams,2020,LAC,WR,14,10.98,8.31,1.85,0.6948,14,Clemson,2017,1,false
00-0024242,DeAngelo Williams,2006,CAR,RB,13,9.72,8.77,1.85,0.6495,14,Memphis,2006,1,false
00-0037238,Drake London,2022,ATL,WR,17,10.51,6.04,1.85,0.7,14,USC,2022,1,false
00-0037261,Khalil Shakir,2025,BUF,WR,16,10.4,5.8,1.85,0.7516,14,Boise State,2022,5,false
00-0035662,Marquise Brown,2023,ARI,WR,13,10.36,6.1,1.84,0.7186,13.9,Oklahoma; College of the Canyons,2019,1,false
00-0033295,Elijah McGuire,2018,NYJ,RB,8,10.74,7.16,1.84,0.6559,13.9,Louisiana-Lafayette,2017,6,false
00-0027861,C.J. Spiller,2011,BUF,RB,16,9.88,10.17,1.84,0.6705,13.9,Clemson,2010,1,false
00-0026189,DeSean Jackson,2017,TB,WR,14,9.9,4.89,1.83,0.6974,13.9,California,2008,2,false
00-0023367,Nate Washington,2013,TEN,WR,16,10.49,7.65,1.83,0.6788,13.9,Tiffin,,,false
00-0035229,T.J. Hockenson,2020,DET,TE,16,10.96,4.8,1.83,0.9211,13.9,Iowa,2019,1,false
00-0025431,Sidney Rice,2012,SEA,WR,16,10.52,6.65,1.82,0.6757,13.9,South Carolina,2007,2,false
00-0011236,Billy Miller,2002,HOU,TE,14,9.31,3.88,1.82,0.9385,13.9,USC,1999,7,false
00-0006331,Jacquez Green,2000,TB,WR,16,8.47,6.25,1.82,0.6449,13.9,Florida,1998,2,false
00-0008560,Kevin Johnson,2003,CLE,WR,15,9.29,6.38,1.82,0.6412,13.9,Syracuse,1999,2,true
00-0027696,Jimmy Graham,2015,SEA,TE,11,10.95,6.82,1.82,0.8608,13.9,Miami,2010,3,false
00-0027981,Kyle Rudolph,2017,MIN,TE,16,9.89,5.7,1.82,0.8961,13.9,Notre Dame,2011,2,false
00-0019610,Reuben Droughns,2006,CLE,RB,14,9.69,6.41,1.82,0.6392,13.9,Oregon; Merced College,2000,3,false
00-0029608,T.Y. Hilton,2020,IND,WR,15,10.95,7.13,1.82,0.6883,13.9,Florida International,2012,3,false
00-0022787,Matt Schaub,2013,HOU,QB,10,10.48,7.67,1.82,0.0571,13.9,Virginia,2004,3,false
00-0016440,James Thrash,2000,WAS,WR,16,8.47,7.04,1.81,0.6377,13.9,Missouri Southern,,,false
00-0026000,Davone Bess,2009,MIA,WR,16,10.06,6.54,1.81,0.7343,13.9,Hawaii,,,false
00-0025860,BenJarvus Green-Ellis,2011,NE,RB,16,9.85,7.88,1.81,0.6591,13.9,Mississippi; Indiana,,,false
00-0031277,Branden Oliver,2014,LAC,RB,14,10.38,9.26,1.81,0.7476,13.9,Buffalo,,,false
00-0029604,Kirk Cousins,2025,ATL,QB,10,10.35,8.03,1.8,0.0278,13.9,Michigan State,2012,4,false
00-0034845,Sony Michel,2018,NE,RB,13,10.7,7.59,1.8,0.6452,13.9,Georgia,2018,1,false
00-0020308,Mike McMahon,2002,DET,QB,8,9.28,8.26,1.8,0.1875,13.9,Rutgers,2001,5,false
00-0027690,Eric Decker,2011,DEN,WR,16,9.83,8.37,1.79,0.7027,13.9,Minnesota,2010,3,false
00-0030061,Zach Ertz,2021,ARI,TE,17,10.63,6.73,1.79,0.8831,13.8,Stanford,2013,2,true
00-0027994,Shane Vereen,2014,NE,RB,16,10.36,6.88,1.79,0.7379,13.8,California,2011,2,false
00-0033009,Tyler Boyd,2022,CIN,WR,16,10.45,7.08,1.79,0.6933,13.8,Pittsburgh,2016,2,false
00-0017162,Hines Ward,2010,PIT,WR,16,10.14,7.67,1.79,0.6761,13.8,Georgia,1998,3,false
00-0037816,Romeo Doubs,2025,GB,WR,16,10.34,7.26,1.78,0.7453,13.8,Nevada,2022,4,false
00-0027713,Aaron Hernandez,2010,NE,TE,14,10.14,6.6,1.78,0.8493,13.8,Florida,2010,4,false
00-0019516,Troy Hambrick,2003,DAL,RB,16,9.26,6.17,1.78,0.697,13.8,Savannah State College; South Carolina,,,false
00-0033307,Kendrick Bourne,2021,NE,WR,17,10.62,7.19,1.78,0.7419,13.8,Eastern Washington,,,false
00-0022943,Benjamin Watson,2010,CLE,TE,16,10.14,7.24,1.78,0.8356,13.8,Georgia; Duke,2004,1,false
00-0033282,Curtis Samuel,2018,CAR,WR,13,10.68,5.63,1.78,0.7021,13.8,Ohio State,2017,2,false
00-0030513,Latavius Murray,2017,MIN,RB,16,9.84,7.74,1.77,0.7053,13.8,UCF,2013,6,false
00-0015523,Duce Staley,2004,PIT,RB,10,9.65,4.3,1.77,0.6383,13.8,South Carolina; Itawamba JC,1997,3,false
00-0021150,William Green,2002,CLE,RB,16,9.25,9.89,1.77,0.6364,13.8,Boston College,2002,1,false
00-0040126,Colston Loveland,2025,CHI,TE,16,10.32,8.5,1.77,0.8256,13.8,Michigan,2025,1,false
00-0020514,Michael Bennett,2003,MIN,RB,8,9.24,4.46,1.76,0.6869,13.8,Wisconsin,2001,1,false
00-0029293,Marvin Jones,2021,JAX,WR,17,10.6,6.58,1.76,0.7355,13.8,California,2012,5,false
00-0027322,David Nelson,2011,BUF,WR,16,9.8,5.77,1.76,0.6959,13.8,Florida,,,false
00-0007969,Richard Huntley,2001,CAR,RB,13,8.58,6.58,1.76,0.6939,13.8,Winston Salem State University,1996,4,false
00-0029638,Michael Floyd,2014,ARI,WR,16,10.33,9.21,1.76,0.6713,13.8,Notre Dame,2012,1,false
00-0034771,Mason Rudolph,2019,PIT,QB,10,10.88,4.62,1.76,0.1471,13.8,Oklahoma State,2018,3,false
00-0032241,Todd Gurley,2020,ATL,RB,15,10.88,7.1,1.75,0.697,13.8,Georgia,2015,1,false
00-0033881,Evan Engram,2022,JAX,TE,17,10.41,9.08,1.75,0.9136,13.8,Mississippi,2017,1,false
00-0033045,Ezekiel Elliott,2023,NE,RB,17,10.26,6.23,1.75,0.6333,13.8,Ohio State,2016,1,false
00-0026019,Danny Woodhead,2012,NE,RB,15,10.45,6.58,1.75,0.6947,13.8,Chadron State,,,false
00-0037816,Romeo Doubs,2023,GB,WR,17,10.26,6.07,1.74,0.7126,13.8,Nevada,2022,4,false
00-0024384,Wali Lundy,2006,HOU,RB,13,9.62,7.65,1.74,0.6289,13.8,Virginia,2006,6,false
00-0032436,Jeff Driskel,2018,CIN,QB,8,10.64,5.28,1.74,0.0857,13.8,Louisiana Tech; Florida,2016,6,false
00-0015048,David Sloan,2001,DET,TE,14,8.56,6.63,1.74,0.8929,13.7,New Mexico; Fresno City College,1995,3,false
00-0023570,Roydell Williams,2007,TEN,WR,15,9.95,6.77,1.73,0.6716,13.7,Tulane,2005,4,false
00-0030431,Robert Woods,2014,BUF,WR,16,10.31,7.41,1.73,0.6643,13.7,USC,2013,2,false
00-0011754,Randy Moss,2006,LV,WR,12,9.61,6.73,1.73,0.6378,13.7,Marshall; Florida State,1998,1,false
00-0029293,Marvin Jones,2015,CIN,WR,16,10.87,6.04,1.73,0.7152,13.7,California,2012,5,false
00-0022782,Kevin Jones,2005,DET,RB,13,9.79,5.35,1.73,0.6667,13.7,Virginia Tech,2004,1,false
00-0026176,Jordy Nelson,2017,GB,WR,14,9.8,7.37,1.73,0.6908,13.7,Kansas State,2008,2,false
00-0036945,Justin Fields,2021,CHI,QB,12,10.57,7.65,1.73,0.0625,13.7,Ohio State,2021,1,false
00-0022840,Julius Jones,2006,DAL,RB,16,9.6,5.89,1.72,0.6186,13.7,Notre Dame,2004,2,false
00-0034418,Cedrick Wilson Jr.,2021,DAL,WR,14,10.56,7.61,1.72,0.729,13.7,Boise State; Coffeyville CC,2018,6,false
00-0013262,Stanley Pritchett,1999,MIA,RB,14,8.57,6.47,1.72,0.7188,13.7,South Carolina,1996,4,false
00-0033282,Curtis Samuel,2022,WAS,WR,17,10.37,6.64,1.71,0.6867,13.7,Ohio State,2017,2,false
00-0030400,Marlon Brown,2013,BAL,WR,14,10.37,7.48,1.71,0.6715,13.7,Georgia,,,false
00-0020474,Kevan Barlow,2001,SF,RB,15,8.53,4.91,1.7,0.6837,13.7,Pittsburgh,2001,3,false
00-0034764,Michael Gallup,2020,DAL,WR,16,10.83,8.29,1.7,0.6818,13.7,Colorado State; Butler County JC,2018,3,false
00-0012642,David Patten,2007,NO,WR,15,9.91,7.67,1.7,0.6642,13.7,Western Carolina,,,false
00-0027890,Ben Tate,2013,HOU,RB,14,10.36,6.12,1.7,0.6774,13.7,Auburn,2010,2,false
00-0022127,Jason Witten,2014,DAL,TE,16,10.27,5.38,1.7,0.8684,13.7,Tennessee,2003,3,false
00-0031339,Donte Moncrief,2015,IND,WR,16,10.83,7.28,1.7,0.7086,13.7,Mississippi,2014,3,false
00-0022084,Anquan Boldin,2016,DET,WR,16,10.84,5.13,1.69,0.6954,13.7,Florida State,2003,2,false
00-0027973,Andy Dalton,2021,CHI,QB,8,10.53,5.59,1.69,0.0313,13.7,TCU,2011,2,false
00-0023564,Darren Sproles,2016,PHI,RB,15,10.83,5.84,1.69,0.7188,13.7,Kansas State,2005,4,false
00-0023518,Chris Henry,2005,CIN,WR,11,9.75,4.7,1.69,0.6917,13.6,West Virginia,2005,3,false
00-0031325,Sammy Watkins,2017,LA,WR,15,9.75,7.31,1.68,0.6842,13.6,Clemson,2014,1,false
00-0017697,Terrence Wilkins,2000,IND,WR,14,8.34,8.67,1.68,0.6304,13.6,Virginia,,,false
00-0026162,Felix Jones,2011,DAL,RB,12,9.72,6.66,1.68,0.6477,13.6,Arkansas,2008,1,false
00-0020904,Eric Parker,2004,LAC,WR,15,9.55,8.16,1.67,0.637,13.6,Tennessee,,,false
00-0003378,Albert Connell,2000,WAS,WR,16,8.32,11.4,1.67,0.6232,13.6,Texas A&M; Trinity Valley CC,1997,4,false
00-0025529,Steve Breaston,2009,ARI,WR,15,9.91,6.69,1.66,0.7273,13.6,Michigan,2007,5,false
00-0027029,LeSean McCoy,2009,PHI,RB,16,9.91,5.34,1.66,0.6087,13.6,Pittsburgh,2009,2,false
00-0022217,Mewelde Moore,2008,PIT,RB,16,10.43,10.14,1.66,0.6596,13.6,Tulane,2004,4,false
00-0027873,Jermaine Gresham,2012,CIN,TE,16,10.36,4.67,1.66,0.863,13.6,Oklahoma,2010,1,false
00-0034521,Allen Lazard,2024,NYJ,WR,12,10.5,8.67,1.66,0.7261,13.6,Iowa State,,,false
00-0024242,DeAngelo Williams,2011,CAR,RB,16,9.69,6.12,1.66,0.6364,13.6,Memphis,2006,1,false
00-0027861,C.J. Spiller,2013,BUF,RB,15,10.32,6.24,1.66,0.6667,13.6,Clemson,2010,1,false
00-0025414,Robert Meachem,2011,NO,WR,15,9.69,7.58,1.66,0.6892,13.6,Tennessee,2007,1,false
00-0012637,Jerome Pathon,2000,IND,WR,16,8.31,4.56,1.65,0.6159,13.6,"Washington; Acadia University, Canada",1998,2,false
00-0033591,Noah Brown,2023,HOU,WR,10,10.16,10.4,1.64,0.7066,13.6,Ohio State,2017,7,false
00-0022250,Willie Parker,2008,PIT,RB,11,10.4,8.67,1.64,0.6489,13.6,North Carolina,,,false
00-0019722,J.R. Redmond,2000,NE,RB,11,8.29,7.57,1.64,0.6353,13.6,Arizona State,2000,3,false
00-0020608,David Carr,2002,HOU,QB,16,9.12,7.57,1.63,0.1563,13.6,Fresno State,2002,1,false
00-0020516,Todd Heap,2010,BAL,TE,13,9.99,5.9,1.63,0.8219,13.6,Arizona State,2001,1,false
00-0025396,Ted Ginn,2008,MIA,WR,16,10.39,7.07,1.63,0.7185,13.5,Ohio State,2007,1,false
00-0033536,Mike Williams,2019,LAC,WR,15,10.75,3.81,1.63,0.6974,13.5,Clemson,2017,1,false
00-0030288,Rex Burkhead,2020,NE,RB,10,10.76,10.67,1.63,0.6869,13.5,Nebraska,2013,6,false
00-0031051,John Brown,2020,BUF,WR,9,10.76,8.05,1.63,0.6753,13.5,Pittsburg State (KS); Coffeyville CC; Mars Hill,2014,3,false
00-0024313,Owen Daniels,2008,HOU,TE,16,10.39,6.99,1.62,0.9219,13.5,Wisconsin,2006,4,false
00-0014489,Bill Schroeder,2002,DET,WR,14,9.11,8.71,1.62,0.6181,13.5,Wisconsin La Crosse,,,false
00-0025410,Dwayne Bowe,2013,KC,WR,15,10.29,5.25,1.62,0.6642,13.5,LSU,2007,1,false
00-0002099,Isaac Bruce,2005,LA,WR,11,9.68,6.56,1.62,0.6842,13.5,Memphis; Santa Monica; West Los Angeles College,1994,2,false
00-0017109,Wesley Walls,2001,CAR,TE,14,8.44,6.89,1.62,0.875,13.5,Mississippi,1989,2,false
00-0033375,Tim Patrick,2020,DEN,WR,15,10.75,6.41,1.62,0.6688,13.5,Utah; Grossmont,,,false
00-0014729,Bobby Shaw,1999,PIT,WR,10,8.47,8.09,1.62,0.5809,13.5,California,1998,6,false
00-0015754,Brandon Stokley,2002,BAL,WR,8,9.1,7.97,1.62,0.6111,13.5,Louisiana-Lafayette,1999,4,false
00-0033925,D'Onta Foreman,2023,CHI,RB,9,10.13,9.81,1.62,0.6222,13.5,Texas,2017,3,false
00-0028064,Bilal Powell,2017,NYJ,RB,15,9.68,7.06,1.61,0.6947,13.5,Louisville,2011,4,false
00-0021148,Jeremy Shockey,2007,NYG,TE,14,9.82,7.27,1.61,0.8889,13.5,Miami; Northeast Oklahoma,2002,1,false
00-0033282,Curtis Samuel,2019,CAR,WR,16,10.73,5.98,1.61,0.6908,13.5,Ohio State,2017,2,false
00-0019644,Bubba Franks,2002,GB,TE,16,9.09,6.08,1.61,0.9231,13.5,Miami,2000,1,false
00-0013268,Ricky Proehl,2000,STL,WR,12,8.26,4.99,1.6,0.6087,13.5,Wake Forest,1990,3,false
00-0026035,Danny Amendola,2015,NE,WR,14,10.74,7.98,1.6,0.702,13.5,Texas Tech,,,false
00-0019642,Plaxico Burress,2011,NYJ,WR,16,9.64,6.5,1.6,0.6824,13.5,Michigan State,2000,1,false
00-0030540,Aaron Dobson,2013,NE,WR,11,10.26,8.22,1.6,0.6569,13.5,Marshall,2013,2,false
00-0023545,Brandon Jacobs,2011,NYG,RB,14,9.64,6.55,1.6,0.625,13.5,Southern Illinois; Auburn; Coffeyville CC,2005,4,false
00-0033925,D'Onta Foreman,2021,TEN,RB,9,10.43,5.15,1.6,0.6634,13.5,Texas,2017,3,false
00-0023496,Vincent Jackson,2015,TB,WR,10,10.73,8.56,1.59,0.6954,13.5,Northern Colorado,2005,2,false
00-0030061,Zach Ertz,2024,WAS,TE,17,10.44,6.42,1.59,0.8846,13.5,Stanford,2013,2,false
00-0025529,Steve Breaston,2011,KC,WR,16,9.63,5.2,1.59,0.6757,13.5,Michigan,2007,5,false
00-0025466,Mike Sims-Walker,2010,JAX,WR,14,9.94,9.34,1.58,0.669,13.5,UCF,2007,3,false
00-0008749,Freddie Jones,1999,SD,TE,16,8.44,5.47,1.58,0.9385,13.5,North Carolina,1997,2,false
00-0031590,Jay Ajayi,2017,MIA,RB,14,9.65,3.35,1.58,0.6842,13.5,Boise State,2015,5,true
00-0034827,DJ Moore,2025,CHI,WR,17,10.13,8.19,1.58,0.7391,13.4,Maryland,2018,1,false
00-0039855,Jalen McMillan,2024,TB,WR,13,10.42,8.35,1.57,0.7197,13.4,Washington,2024,3,false
00-0036196,Gabe Davis,2023,BUF,WR,16,10.09,9.61,1.57,0.7006,13.4,UCF,2020,4,false
00-0008210,Willie Jackson,2000,NO,WR,15,8.22,6.67,1.57,0.6014,13.4,Florida,1994,4,false
00-0026986,Michael Crabtree,2014,SF,WR,16,10.14,6.64,1.56,0.6573,13.4,Texas Tech,2009,1,false
00-0025529,Steve Breaston,2010,ARI,WR,13,9.92,6.98,1.56,0.662,13.4,Michigan,2007,5,false
00-0028434,Doug Baldwin,2011,SEA,WR,16,9.6,7.76,1.56,0.6689,13.4,Stanford,,,false
00-0015063,Torrance Small,2000,PHI,WR,14,8.21,8.08,1.56,0.5942,13.4,Alcorn State,1992,5,false
00-0019484,Sammy Morris,2004,MIA,RB,13,9.44,8.25,1.56,0.6277,13.4,Texas Tech,2000,5,false
00-0030107,Theo Riddick,2017,DET,RB,16,9.63,6.26,1.56,0.6737,13.4,Notre Dame,2013,6,false
00-0020498,Reggie Wayne,2014,IND,WR,15,10.13,6.56,1.55,0.6503,13.4,Miami,2001,1,false
00-0036970,Kyle Pitts,2021,ATL,TE,17,10.39,6.54,1.55,0.8701,13.4,Florida,2021,1,false
00-0022064,Arnaz Battle,2005,SF,WR,9,9.61,7.3,1.55,0.6767,13.4,Notre Dame,2003,6,false
00-0027874,Demaryius Thomas,2018,DEN,WR,15,10.45,5.91,1.55,0.695,13.4,Georgia Tech,2010,1,true
00-0026176,Jordy Nelson,2018,LV,WR,15,10.45,8.61,1.55,0.6879,13.4,Kansas State,2008,2,false
00-0011425,Pete Mitchell,1999,NYG,TE,15,8.4,4.63,1.55,0.9231,13.4,Boston College,1995,4,false
00-0024240,Santonio Holmes,2006,PIT,WR,16,9.42,5.93,1.54,0.6299,13.4,Ohio State,2006,1,false
00-0038579,Aidan O'Connell,2024,LV,QB,9,10.39,6.47,1.54,0.1579,13.4,Purdue,2023,4,false
00-0026998,Percy Harvin,2014,NYJ,WR,13,10.12,7.87,1.54,0.6434,13.4,Florida,2009,1,true
00-0024389,Delanie Walker,2013,TEN,TE,15,10.21,6.19,1.54,0.8209,13.4,Central Missouri; Mt. San Antonio,2006,6,false
00-0029613,Doug Martin,2016,TB,RB,8,10.69,5.11,1.54,0.6979,13.4,Boise State,2012,1,false
00-0031375,Terrance West,2016,BAL,RB,16,10.69,7.07,1.54,0.6979,13.4,Towson State,2014,3,false
00-0035644,Noah Fant,2020,DEN,TE,14,10.66,5.33,1.53,0.9079,13.4,Iowa,2019,1,false
00-0021191,Antonio Bryant,2006,SF,WR,14,9.41,6.14,1.53,0.622,13.4,Pittsburgh,2002,2,false
00-0023438,Braylon Edwards,2008,CLE,WR,16,10.29,7.16,1.53,0.7111,13.4,Michigan,2005,1,false
00-0031325,Sammy Watkins,2019,KC,WR,13,10.65,11.55,1.53,0.6842,13.4,Clemson,2014,1,false
00-0035719,Deebo Samuel Sr.,2024,SF,WR,15,10.37,7.41,1.53,0.7134,13.4,South Carolina,2019,2,false
00-0025465,James Jones,2011,GB,WR,15,9.57,7.71,1.53,0.6622,13.4,San Jose State,2007,3,false
00-0035685,David Montgomery,2019,CHI,RB,16,10.65,6.64,1.53,0.6842,13.4,Iowa State,2019,3,false
00-0036252,Michael Pittman,2024,IND,WR,16,10.36,6.13,1.52,0.707,13.3,USC,2020,2,false
00-0026221,Early Doucet,2011,ARI,WR,16,9.56,5.58,1.52,0.6554,13.3,LSU,2008,3,false
00-0034351,Dallas Goedert,2024,PHI,TE,10,10.36,7,1.52,0.8718,13.3,South Dakota State,2018,2,false
00-0034383,Dalton Schultz,2023,HOU,TE,15,10.03,7.31,1.52,0.875,13.3,Stanford,2018,4,false
00-0019606,Todd Pinkston,2001,PHI,WR,15,8.34,7.05,1.51,0.6383,13.3,Southern Mississippi,2000,2,false
00-0023682,Ryan Fitzpatrick,2008,CIN,QB,12,10.28,5.56,1.51,0.25,13.3,Harvard,2005,7,false
00-0011869,Adrian Murrell,1999,ARI,RB,16,8.36,4.42,1.51,0.7083,13.3,West Virginia,1993,5,false
00-0031301,Jeremy Hill,2015,CIN,RB,16,10.64,6.9,1.51,0.75,13.3,LSU,2014,2,false
00-0021379,Patrick Ramsey,2004,WAS,QB,9,9.39,4.52,1.51,0.1714,13.3,Tulane,2002,1,false
00-0023439,Cedric Benson,2008,CIN,RB,12,10.27,6.89,1.5,0.6383,13.3,Texas,2005,1,false
00-0026345,Pierre Garcon,2014,WAS,WR,16,10.07,7.97,1.5,0.6364,13.3,Mount Union College; Norwich University,2008,6,false
00-0031062,James White,2017,NE,RB,14,9.57,5.3,1.5,0.6632,13.3,Wisconsin,2014,4,false
00-0034349,Kerryon Johnson,2019,DET,RB,8,10.62,5.08,1.5,0.6737,13.3,Auburn,2018,2,false
00-0022787,Matt Schaub,2007,HOU,QB,11,9.71,7.2,1.5,0.3611,13.3,Virginia,2004,3,false
00-0027155,Rashad Jennings,2016,NYG,RB,13,10.65,5.43,1.5,0.6875,13.3,Liberty; Pittsburgh,2009,7,false
00-0031897,Thomas Rawls,2015,SEA,RB,12,10.63,11.99,1.5,0.7396,13.3,Central Michigan; Michigan,,,false
00-0024218,Vince Young,2010,TEN,QB,9,9.86,6.64,1.5,0.1212,13.3,Texas,2006,1,false
00-0020608,David Carr,2006,HOU,QB,16,9.37,7.72,1.49,0.1765,13.3,Fresno State,2002,1,false
00-0027155,Rashad Jennings,2010,JAX,RB,12,9.85,7.06,1.49,0.6778,13.3,Liberty; Pittsburgh,2009,7,false
00-0036158,J.K. Dobbins,2022,BAL,RB,8,10.15,7.24,1.49,0.6939,13.3,Ohio State,2020,2,false
00-0017209,Chris Warren,2000,DAL,RB,13,8.15,6.58,1.49,0.6235,13.3,Ferrum College; Virginia,1990,4,true
00-0034829,Mike Gesicki,2020,MIA,TE,15,10.62,8.21,1.49,0.8947,13.3,Penn State,2018,2,false
00-0026158,Joe Flacco,2019,DEN,QB,8,10.61,6.18,1.49,0.1176,13.3,Delaware; Pittsburgh,2008,1,false
00-0033885,David Njoku,2022,CLE,TE,14,10.14,6.65,1.48,0.9012,13.3,Miami,2017,1,false
00-0002942,Darrin Chiaverini,1999,CLE,WR,14,8.34,8.35,1.48,0.5735,13.3,Colorado; Beloit College; Riverside Community College,1999,5,false
00-0037013,Zach Wilson,2023,NYJ,QB,12,9.99,5.64,1.48,0.1944,13.3,BYU,2021,1,false
00-0026224,Harry Douglas,2014,ATL,WR,12,10.05,6.2,1.48,0.6294,13.3,Louisville,2008,3,false
00-0023541,Kyle Orton,2011,DEN,QB,9,9.51,6.25,1.48,0.1667,13.3,Purdue,2005,4,true
00-0027685,Emmanuel Sanders,2017,DEN,WR,12,9.54,7.26,1.47,0.6776,13.3,SMU,2010,3,false
00-0011276,Jim Miller,2001,CHI,QB,14,8.29,6.92,1.47,0.0938,13.2,Michigan State,,,false
00-0024236,Laurence Maroney,2009,NE,RB,15,9.71,7.34,1.46,0.5978,13.2,Minnesota,2006,1,false
00-0021337,Ronald Curry,2007,LV,WR,16,9.68,6.91,1.46,0.6567,13.2,North Carolina,2002,7,false
00-0019650,Dennis Northcutt,2004,CLE,WR,16,9.34,5.4,1.46,0.6296,13.2,Arizona,2000,2,false
00-0034855,Baker Mayfield,2022,CAR,QB,12,10.12,5.1,1.46,0.0294,13.2,Oklahoma; Texas Tech,2018,1,true
00-0026367,Peyton Hillis,2008,DEN,RB,10,10.22,10.1,1.46,0.6277,13.2,Arkansas,2008,7,false
00-0015700,Kordell Stewart,1999,PIT,QB,15,8.31,7.29,1.46,0.1951,13.2,Colorado,1995,2,false
00-0020536,LaDainian Tomlinson,2011,NYJ,RB,14,9.49,6.8,1.46,0.6136,13.2,TCU,2001,1,false
00-0034351,Dallas Goedert,2020,PHI,TE,11,10.58,7.37,1.45,0.8816,13.2,South Dakota State,2018,2,false
00-0033948,Jamaal Williams,2017,GB,RB,15,9.52,10.38,1.45,0.6526,13.2,BYU,2017,4,false
00-0019863,Dominic Rhodes,2006,IND,RB,16,9.32,5.03,1.45,0.6082,13.2,Midwestern State; Tyler JC,,,false
00-0026465,Anthony Armstrong,2010,WAS,WR,15,9.81,5.31,1.45,0.6549,13.2,West Texas State,,,false
00-0026366,Chaz Schilens,2009,LV,WR,8,9.69,5.19,1.44,0.7203,13.2,San Diego State,2008,7,false
00-0030578,Cordarrelle Patterson,2013,MIN,RB,16,10.11,7.06,1.44,0.6559,13.2,Tennessee; Hutchinson CC,2013,1,false
00-0017697,Terrence Wilkins,1999,IND,WR,16,8.29,5.44,1.44,0.5662,13.2,Virginia,,,false
00-0033556,Tarik Cohen,2017,CHI,RB,16,9.51,6.29,1.44,0.6421,13.2,North Carolina A&T,2017,4,false
00-0031549,Nelson Agholor,2018,PHI,WR,16,10.34,7.02,1.44,0.6809,13.2,USC,2015,1,false
00-0023465,Heath Miller,2014,PIT,TE,16,10.01,6.81,1.43,0.8553,13.2,Virginia,2005,1,false
00-0033090,Hunter Henry,2021,NE,TE,16,10.27,6.66,1.43,0.8571,13.2,Arkansas,2016,2,false
00-0023437,Ronnie Brown,2010,MIA,RB,16,9.79,4.9,1.43,0.6667,13.2,Auburn,2005,1,false
00-0029910,Timothy Wright,2013,TB,TE,14,10.09,6.7,1.43,0.806,13.2,Rutgers,,,false
00-0033891,Zay Jones,2018,BUF,WR,16,10.33,8.51,1.43,0.6738,13.2,East Carolina,2017,2,false
00-0019693,Jamal Lewis,2008,CLE,RB,16,10.19,4.18,1.42,0.617,13.2,Tennessee,2000,1,false
00-0019721,Travis Taylor,2000,BAL,WR,9,8.08,7.26,1.42,0.587,13.2,Florida,2000,1,false
00-0031409,Johnny Manziel,2015,CLE,QB,9,10.56,5.89,1.42,0.1143,13.2,Texas A&M,2014,1,false
00-0022922,Kellen Winslow,2008,CLE,TE,10,10.18,8.63,1.42,0.9063,13.2,Miami,2004,1,false
00-0012732,Rodney Peete,2002,CAR,QB,14,8.9,5.59,1.42,0.125,13.1,USC,1989,6,false
00-0009163,Eddie Kennison,2000,CHI,WR,16,8.07,6.19,1.41,0.5797,13.1,LSU,1996,1,false
00-0030456,Giovani Bernard,2017,CIN,RB,16,9.48,8,1.41,0.6316,13.1,North Carolina,2013,2,false
00-0027714,Dennis Pitta,2016,BAL,TE,16,10.56,6.93,1.41,0.8082,13.1,BYU,2010,4,false
00-0031023,Quincy Enunwa,2016,NYJ,WR,16,10.56,6.29,1.41,0.6887,13.1,Nebraska,2014,6,false
00-0020404,Quincy Carter,2001,DAL,QB,8,8.23,8.73,1.41,0.0625,13.1,Georgia,2001,2,false
00-0027982,Titus Young,2011,DET,WR,16,9.44,6.4,1.41,0.6486,13.1,Boise State,2011,2,false
00-0030525,Tavon Austin,2013,LA,WR,13,10.07,9.77,1.4,0.6496,13.1,West Virginia,2013,1,false
00-0005720,Joey Galloway,2003,DAL,WR,13,8.88,6.85,1.4,0.6336,13.1,Ohio State,1995,1,false
00-0023474,Mark Bradley,2008,KC,WR,9,10.16,7.49,1.4,0.7037,13.1,Oklahoma; University of Arkansas at Pine Bluff,2005,2,true
00-0021337,Ronald Curry,2006,LV,WR,15,9.27,7.1,1.4,0.6142,13.1,North Carolina,2002,7,false
00-0036251,Zack Moss,2024,CIN,RB,8,10.24,6.73,1.39,0.6837,13.1,Utah,2020,3,false
00-0034775,Christian Kirk,2018,ARI,WR,12,10.29,5.36,1.39,0.6667,13.1,Texas A&M,2018,2,false
00-0030085,Kenny Stills,2016,MIA,WR,16,10.54,6.64,1.39,0.6821,13.1,Oklahoma,2013,5,false
00-0026173,Donnie Avery,2008,LA,WR,15,10.15,7.94,1.39,0.6963,13.1,Houston,2008,2,false
00-0023367,Nate Washington,2015,HOU,WR,13,10.52,8.46,1.39,0.6887,13.1,Tiffin,,,false
00-0022901,Ernest Wilford,2005,JAX,WR,16,9.44,7.58,1.38,0.6692,13.1,Virginia Tech,2004,4,false
00-0027325,LeGarrette Blount,2011,TB,RB,14,9.42,6.99,1.38,0.6023,13.1,Oregon; East Mississippi JC,,,false
00-0020452,Cedrick Wilson,2004,SF,WR,14,9.26,7.46,1.38,0.6222,13.1,Tennessee,2001,6,false
00-0035311,Myles Gaskin,2021,MIA,RB,17,10.21,8.21,1.37,0.6535,13.1,Washington,2019,7,false
00-0013042,Jake Plummer,2006,DEN,QB,12,9.25,7.52,1.37,0.1471,13.1,Arizona State,1997,2,false
00-0034681,Chase Edmonds,2020,ARI,RB,16,10.5,5.88,1.37,0.6768,13.1,Fordham,2018,4,false
00-0021999,Nate Burleson,2013,DET,WR,9,10.03,6.84,1.37,0.6423,13.1,Nevada,2003,3,false
00-0022916,Ben Troupe,2005,TEN,TE,14,9.43,7.2,1.37,0.8772,13.1,Florida,2004,2,false
00-0023440,Cadillac Williams,2006,TB,RB,14,9.24,4.74,1.37,0.5979,13.1,Auburn,2005,1,false
00-0031359,Kelvin Benjamin,2017,CAR,WR,14,9.44,5.33,1.37,0.6711,13.1,Florida State,2014,1,true
00-0013728,Jay Riemersma,2000,BUF,TE,12,8.02,7.31,1.36,0.8833,13,Michigan,1996,7,false
00-0039893,Brian Thomas Jr.,2025,JAX,WR,14,9.91,5.01,1.36,0.7329,13,LSU,2024,1,false
00-0026201,Martellus Bennett,2016,NE,TE,16,10.51,8.27,1.36,0.7945,13,Texas A&M,2008,2,false
00-0022736,Steven Jackson,2004,LA,RB,14,9.23,6.95,1.35,0.617,13,Oregon State,2004,1,false
00-0023500,Frank Gore,2014,SF,RB,16,9.92,7.2,1.35,0.7282,13,Miami,2005,3,false
00-0021379,Patrick Ramsey,2002,WAS,QB,9,8.83,9.23,1.35,0.0938,13,Tulane,2002,1,false
00-0022055,Seneca Wallace,2008,SEA,QB,10,10.11,7.38,1.35,0.2188,13,Iowa State; Sacramento City,2003,4,false
00-0026901,Mike Wallace,2009,PIT,WR,16,9.59,6.7,1.34,0.7133,13,Mississippi,2009,3,false
00-0007024,Marvin Harrison,2008,IND,WR,15,10.11,6.81,1.34,0.6889,13,Syracuse,1996,1,false
00-0004293,Trent Dilfer,2005,CLE,QB,11,9.4,7.32,1.34,0.2778,13,Fresno State,1994,1,false
00-0034521,Allen Lazard,2021,GB,WR,14,10.18,7.67,1.34,0.7226,13,Iowa State,,,false
00-0033293,Aaron Jones,2025,MIN,RB,12,9.89,4.51,1.34,0.6771,13,Texas-El Paso,2017,5,false
00-0007681,Torry Holt,2008,LA,WR,16,10.1,5.26,1.34,0.6815,13,N.C. State,1999,1,false
00-0004673,Tim Dwight,2002,SD,WR,16,8.82,6.57,1.34,0.6042,13,Iowa,1998,4,false
00-0035662,Marquise Brown,2019,BAL,WR,14,10.46,8.71,1.33,0.6776,13,Oklahoma; College of the Canyons,2019,1,false
00-0022754,Samie Parker,2005,KC,WR,11,9.39,4.17,1.33,0.6617,13,Oregon,2004,4,false
00-0034764,Michael Gallup,2021,DAL,WR,9,10.17,3.46,1.33,0.7161,13,Colorado State; Butler County JC,2018,3,false
00-0034775,Christian Kirk,2020,ARI,WR,14,10.46,7.45,1.33,0.6623,13,Texas A&M,2018,2,false
00-0031687,Raheem Mostert,2019,SF,RB,16,10.45,8.77,1.33,0.6526,13,Purdue,,,false
00-0033948,Jamaal Williams,2019,GB,RB,14,10.45,6.7,1.33,0.6526,13,BYU,2017,4,false
00-0032211,Tyler Lockett,2015,SEA,WR,16,10.46,7.92,1.33,0.6821,13,Kansas State,2015,3,false
00-0035250,Devin Singletary,2023,HOU,RB,17,9.84,6.73,1.33,0.6111,13,Florida Atlantic,2019,3,false
00-0004640,Warrick Dunn,2007,ATL,RB,16,9.54,6,1.32,0.6489,13,Florida State,1997,1,false
00-0031257,Paul Richardson,2017,SEA,WR,16,9.39,6.64,1.32,0.6645,13,Colorado; UCLA,2014,2,false
00-0033839,Dede Westbrook,2019,JAX,WR,15,10.45,6.75,1.32,0.6711,13,Oklahoma; Blinn College,2017,4,false
00-0022005,Chris Simms,2005,TB,QB,11,9.38,6.27,1.32,0.25,13,Texas,2003,3,false
00-0019644,Bubba Franks,2001,GB,TE,15,8.15,5.19,1.32,0.8571,13,Miami,2000,1,false
00-0022064,Arnaz Battle,2006,SF,WR,16,9.19,5.12,1.32,0.6063,13,Notre Dame,2003,6,false
00-0037816,Romeo Doubs,2024,GB,WR,13,10.16,5.89,1.32,0.7006,13,Nevada,2022,4,false
00-0001627,Corey Bradford,1999,GB,WR,16,8.17,6.84,1.32,0.5588,13,Jackson State University; Hinds CC,1998,5,false
00-0020397,Chad Johnson,2008,CIN,WR,13,10.08,5.08,1.31,0.6741,13,Oregon State; Langston University; Santa Monica,2001,2,false
00-0020474,Kevan Barlow,2002,SF,RB,14,8.79,6,1.31,0.6263,13,Pittsburgh,2001,3,false
00-0026201,Martellus Bennett,2015,CHI,TE,11,10.45,7.09,1.31,0.8481,13,Texas A&M,2008,2,false
00-0033282,Curtis Samuel,2023,WAS,WR,16,9.83,6.45,1.31,0.6946,12.9,Ohio State,2017,2,false
00-0026937,Brandon Gibson,2012,LA,WR,15,10.01,5.88,1.31,0.6689,12.9,Washington State,2009,6,false
00-0033357,Taysom Hill,2021,NO,TE,12,10.14,8.61,1.31,0.8442,12.9,BYU,,,false
00-0027656,Rob Gronkowski,2010,NE,TE,16,9.66,8.72,1.3,0.8082,12.9,Arizona,2010,2,false
00-0037263,Tyler Allgeier,2022,ATL,RB,16,9.96,6.06,1.3,0.6837,12.9,BYU,2022,5,false
00-0031610,Darren Waller,2025,MIA,TE,9,9.86,8.91,1.3,0.814,12.9,Georgia Tech,2015,6,false
00-0013728,Jay Riemersma,2001,BUF,TE,16,8.12,4.66,1.3,0.8393,12.9,Michigan,1996,7,false
00-0021314,Chester Taylor,2008,MIN,RB,16,10.06,6.44,1.3,0.6064,12.9,Toledo,2002,6,false
00-0020471,Travis Henry,2007,DEN,RB,11,9.51,6.12,1.3,0.6383,12.9,Tennessee,2001,2,false
00-0014729,Bobby Shaw,2000,PIT,WR,16,7.95,5.56,1.3,0.5725,12.9,California,1998,6,false
00-0039916,Ricky Pearsall,2025,SF,WR,9,9.84,6.51,1.29,0.7267,12.9,Florida; Arizona State,2024,1,false
00-0032392,Austin Hooper,2018,ATL,TE,16,10.19,6.51,1.29,0.9079,12.9,Stanford,2016,3,false
00-0020525,Rod Gardner,2004,WAS,WR,16,9.17,9.67,1.29,0.6148,12.9,Clemson,2001,1,false
00-0038935,Brenton Strange,2025,JAX,TE,12,9.83,4.74,1.28,0.8023,12.9,Penn State,2023,2,false
00-0015048,David Sloan,1999,DET,TE,16,8.13,5.35,1.28,0.9077,12.9,New Mexico; Fresno City College,1995,3,false
00-0026996,Brandon Pettigrew,2012,DET,TE,13,9.98,4.17,1.28,0.8493,12.9,Oklahoma State,2009,1,false
00-0024313,Owen Daniels,2011,HOU,TE,15,9.31,5.81,1.28,0.8082,12.9,Wisconsin,2006,4,false
00-0024313,Owen Daniels,2007,HOU,TE,16,9.49,4.35,1.28,0.873,12.9,Wisconsin,2006,4,false
00-0004541,Donald Driver,2003,GB,WR,15,8.75,6.7,1.27,0.626,12.9,Alcorn State,1999,7,false
00-0019659,Erron Kinney,2005,TEN,TE,13,9.33,4.99,1.27,0.8596,12.9,Florida,2000,3,false
00-0034816,Ronald Jones,2019,TB,RB,16,10.39,6.44,1.27,0.6421,12.9,USC,2018,2,false
00-0035685,David Montgomery,2025,DET,RB,17,9.82,6.72,1.27,0.6667,12.9,Iowa State,2019,3,false
00-0019647,Shaun Alexander,2007,SEA,RB,13,9.48,5.38,1.26,0.6277,12.9,Alabama,2000,1,false
00-0027791,James Starks,2015,GB,RB,16,10.39,8.46,1.26,0.7292,12.9,Buffalo,2010,6,false
00-0039150,Bryce Young,2023,CAR,QB,16,9.77,5.21,1.26,0.1667,12.9,Alabama,2023,1,false
00-0033090,Hunter Henry,2020,LAC,TE,14,10.38,4.43,1.25,0.8684,12.8,Arkansas,2016,2,false
00-0027981,Kyle Rudolph,2013,MIN,TE,8,9.91,6.92,1.25,0.791,12.8,Notre Dame,2011,2,false
00-0019660,Dez White,2002,CHI,WR,16,8.73,6.69,1.25,0.5972,12.8,Georgia Tech,2000,3,false
00-0034115,Jeff Wilson,2022,SF,RB,16,9.91,6.46,1.25,0.6735,12.8,North Texas,,,true
00-0037664,Alec Pierce,2024,IND,WR,16,10.09,8.31,1.24,0.6943,12.8,Cincinnati,2022,2,false
00-0022127,Jason Witten,2017,DAL,TE,16,9.31,6.93,1.24,0.8831,12.8,Tennessee,2003,3,false
00-0024334,Brandon Marshall,2016,NYJ,WR,15,10.39,6.49,1.24,0.6755,12.8,UCF,2006,4,false
00-0000722,Tony Banks,2000,BAL,QB,11,7.89,8.51,1.24,0.1892,12.8,Michigan State; San Diego Mesa College,1996,2,false
00-0028434,Doug Baldwin,2013,SEA,WR,16,9.9,6.5,1.24,0.635,12.8,Stanford,,,false
00-0030542,Terrance Williams,2014,DAL,WR,15,9.81,6.94,1.23,0.6224,12.8,Baylor,2013,3,false
00-0029708,Kendall Wright,2012,TEN,WR,15,9.93,3.68,1.23,0.6622,12.8,Baylor,2012,1,false
00-0031325,Sammy Watkins,2016,BUF,WR,8,10.38,8.36,1.23,0.6689,12.8,Clemson,2014,1,false
00-0028986,Case Keenum,2019,WAS,QB,10,10.35,8.96,1.22,0.0882,12.8,Houston,,,false
00-0036894,Pat Freiermuth,2022,PIT,TE,15,9.88,4.73,1.22,0.8889,12.8,Penn State,2021,2,false
00-0028043,Roy Helu,2014,WAS,RB,13,9.79,4.24,1.22,0.7184,12.8,Nebraska,2011,4,false
00-0021191,Antonio Bryant,2009,TB,WR,13,9.46,5.05,1.22,0.7063,12.8,Pittsburgh,2002,2,false
00-0035535,Darius Slayton,2022,NYG,WR,13,9.88,5.51,1.22,0.68,12.8,Auburn,2019,5,false
00-0025465,James Jones,2007,GB,WR,13,9.43,4.74,1.22,0.6493,12.8,San Jose State,2007,3,false
00-0034351,Dallas Goedert,2023,PHI,TE,14,9.74,6.83,1.22,0.8625,12.8,South Dakota State,2018,2,false
00-0026993,Josh Freeman,2009,TB,QB,10,9.46,7.67,1.22,0.359,12.8,Kansas State,2009,1,false
00-0019721,Travis Taylor,2001,BAL,WR,15,8.04,5.74,1.22,0.6312,12.8,Florida,2000,1,false
00-0022127,Jason Witten,2006,DAL,TE,16,9.09,3.79,1.21,0.8333,12.8,Tennessee,2003,3,false
00-0021148,Jeremy Shockey,2009,NO,TE,13,9.45,4.59,1.21,0.8088,12.8,Miami; Northeast Oklahoma,2002,1,false
00-0029664,Josh Gordon,2012,CLE,WR,16,9.91,7.11,1.21,0.6554,12.8,Utah; Baylor,2012,2,false
00-0002876,Chris Chandler,2000,ATL,QB,14,7.86,7.02,1.21,0.1622,12.8,Washington,1988,3,false
00-0028002,Randall Cobb,2019,DAL,WR,15,10.33,6.21,1.2,0.6645,12.8,Kentucky,2011,2,false
00-0030542,Terrance Williams,2013,DAL,WR,15,9.87,6.63,1.2,0.6277,12.8,Baylor,2013,3,false
00-0036265,AJ Dillon,2022,GB,RB,17,9.86,6.6,1.2,0.6633,12.8,Boston College,2020,2,false
00-0018272,Anthony Wright,2005,BAL,QB,8,9.26,3.27,1.2,0.2222,12.8,South Carolina,,,false
00-0038129,Cade Otton,2024,TB,TE,14,10.04,8.04,1.2,0.859,12.8,Washington,2022,4,false
00-0022164,Kyle Boller,2004,BAL,QB,16,9.08,7.12,1.2,0.1429,12.7,California,2003,1,false
00-0035216,Diontae Johnson,2019,PIT,WR,16,10.32,7.51,1.2,0.6579,12.7,Toledo,2019,3,false
00-0001215,Jerome Bettis,2003,PIT,RB,16,8.67,6.24,1.2,0.6768,12.7,Notre Dame,1993,1,false
00-0027981,Kyle Rudolph,2012,MIN,TE,16,9.89,7.57,1.19,0.8356,12.7,Notre Dame,2011,2,false
00-0019703,Jerry Porter,2007,LV,WR,16,9.41,4.74,1.19,0.6418,12.7,West Virginia,2000,2,false
00-0027656,Rob Gronkowski,2018,NE,TE,13,10.09,7.48,1.19,0.8947,12.7,Arizona,2010,2,false
00-0026144,Darren McFadden,2008,LV,RB,13,9.95,6.99,1.19,0.5957,12.7,Arkansas,2008,1,false
00-0026035,Danny Amendola,2017,NE,WR,15,9.26,5.64,1.19,0.6579,12.7,Texas Tech,,,false
00-0005562,Antonio Freeman,2002,PHI,WR,15,8.67,6.07,1.18,0.5903,12.7,Virginia Tech,1995,3,false
00-0036261,Brandon Aiyuk,2021,SF,WR,17,10.02,6.83,1.18,0.7097,12.7,Arizona State; Sierra JC,2020,1,false
00-0028112,Charles Clay,2014,MIA,TE,14,9.75,5.3,1.18,0.8421,12.7,Tulsa,2011,6,false
00-0004673,Tim Dwight,2001,SD,WR,10,8,4.83,1.17,0.6241,12.7,Iowa,1998,4,false
00-0036894,Pat Freiermuth,2024,PIT,TE,17,10.02,5.47,1.17,0.8462,12.7,Penn State,2021,2,false
00-0036360,Clyde Edwards-Helaire,2022,KC,RB,10,9.83,8.54,1.17,0.6531,12.7,LSU,2020,1,false
00-0036233,Donovan Peoples-Jones,2022,CLE,WR,17,9.83,5.59,1.17,0.6733,12.7,Michigan,2020,6,false
00-0027155,Rashad Jennings,2015,NYG,RB,16,10.31,6.06,1.17,0.7188,12.7,Liberty; Pittsburgh,2009,7,false
00-0030061,Zach Ertz,2025,WAS,TE,13,9.72,6.08,1.17,0.7907,12.7,Stanford,2013,2,false
00-0026144,Darren McFadden,2013,LV,RB,10,9.83,7.01,1.17,0.6452,12.7,Arkansas,2008,1,false
00-0009715,Ryan Leaf,2000,SD,QB,10,7.82,7.14,1.17,0.1351,12.7,Washington State,1998,1,false
00-0027218,Joique Bell,2012,DET,RB,16,9.87,5.1,1.17,0.6842,12.7,Wayne State,,,false
00-0013512,Jake Reed,1999,MIN,WR,15,8.02,6.27,1.17,0.5515,12.7,Grambling State,1991,3,false
00-0014790,Leslie Shepherd,2000,MIA,WR,12,7.82,6.81,1.16,0.5652,12.7,Temple,,,false
00-0005231,Brian Finneran,2005,ATL,WR,14,9.22,6.41,1.16,0.6541,12.7,Villanova,,,false
00-0026178,John Carlson,2009,SEA,TE,16,9.4,6.87,1.16,0.7941,12.7,Notre Dame,2008,2,false
00-0034367,Nyheim Hines,2018,IND,RB,16,10.06,6.18,1.16,0.6344,12.7,N.C. State,2018,4,false
00-0038977,Tank Dell,2024,HOU,WR,14,10,6.41,1.16,0.6879,12.7,Houston; Independence Comm. College; Alabama A&M,2023,3,false
00-0036972,Mac Jones,2023,NE,QB,11,9.67,8.27,1.16,0.1389,12.7,Alabama,2021,1,false
00-0024217,Reggie Bush,2014,DET,RB,11,9.73,6.61,1.15,0.7087,12.7,USC,2006,1,false
00-0039152,Will Levis,2024,TEN,QB,12,9.99,7.1,1.15,0.1316,12.7,Kentucky; Penn State,2023,2,false
00-0013080,Marcus Pollard,2003,IND,TE,13,8.62,4.26,1.15,0.9273,12.7,Bradley University; Seward County Community Coll,,,false
00-0031547,DeVante Parker,2016,MIA,WR,15,10.29,6.29,1.15,0.6623,12.7,Louisville,2015,1,false
00-0034983,Hunter Renfrow,2019,LV,WR,13,10.27,7.65,1.15,0.6513,12.7,Clemson,2019,5,false
00-0005589,Gus Frerotte,2008,MIN,QB,11,9.91,5.61,1.14,0.1875,12.7,Tulsa,1994,7,false
00-0028087,Dion Lewis,2018,TEN,RB,16,10.04,6.61,1.14,0.6237,12.7,Pittsburgh,2011,5,false
00-0024267,Greg Jennings,2006,GB,WR,14,9.01,7.17,1.14,0.5984,12.6,Western Michigan,2006,2,false
00-0010786,Jeremy McDaniel,2000,BUF,WR,15,7.79,3.62,1.14,0.558,12.6,Arizona; Fort Scott CC,,,false
00-0037247,George Pickens,2022,PIT,WR,17,9.79,6.39,1.14,0.6667,12.6,Georgia,2022,2,false
00-0029689,Dwayne Allen,2014,IND,TE,12,9.71,6.17,1.14,0.8289,12.6,Clemson,2012,3,false
00-0029665,Robert Griffin III,2014,WAS,QB,9,9.71,6.26,1.13,0.0303,12.6,Baylor,2012,1,false
00-0022127,Jason Witten,2015,DAL,TE,16,10.27,5.72,1.13,0.8354,12.6,Tennessee,2003,3,false
00-0032257,Duke Johnson,2015,CLE,RB,16,10.27,5.57,1.13,0.7083,12.6,Miami,2015,3,false
00-0036613,Jaylen Waddle,2024,MIA,WR,15,9.97,7.13,1.13,0.6815,12.6,Alabama,2021,1,false
00-0021236,Randy McMichael,2006,MIA,TE,16,9,4.96,1.12,0.8167,12.6,Georgia,2002,4,false
00-0028091,Jeremy Kerley,2012,NYJ,WR,16,9.82,5.9,1.12,0.6486,12.6,TCU,2011,5,false
00-0022943,Benjamin Watson,2007,NE,TE,12,9.33,7.61,1.12,0.8571,12.6,Georgia; Duke,2004,1,false
00-0033556,Tarik Cohen,2019,CHI,RB,16,10.24,4.4,1.12,0.6316,12.6,North Carolina A&T,2017,4,false
00-0029000,Cole Beasley,2021,BUF,WR,16,9.96,6.78,1.12,0.7032,12.6,SMU,,,false
00-0026186,Jerome Simpson,2011,CIN,WR,16,9.16,6.75,1.12,0.6419,12.6,Coastal Carolina,2008,2,false
00-0024217,Reggie Bush,2010,NO,RB,8,9.47,4.8,1.12,0.6556,12.6,USC,2006,1,false
00-0026173,Donnie Avery,2012,IND,WR,16,9.81,6.46,1.11,0.6419,12.6,Houston,2008,2,false
00-0030860,Orleans Darkwa,2017,NYG,RB,15,9.18,5.84,1.11,0.6211,12.6,Tulane,,,false
00-0033881,Evan Engram,2024,JAX,TE,9,9.94,4.61,1.1,0.8333,12.6,Mississippi,2017,1,false
00-0035644,Noah Fant,2021,DEN,TE,16,9.94,6.51,1.1,0.8312,12.6,Iowa,2019,1,false
00-0007091,Matt Hasselbeck,2001,SEA,QB,13,7.92,5.5,1.1,0.0313,12.6,Boston College,1998,6,false
00-0038994,Jordan Addison,2025,MIN,WR,14,9.65,5.66,1.1,0.7205,12.6,USC; Pittsburgh,2023,1,false
00-0030821,Allen Hurns,2014,JAX,WR,16,9.67,8.55,1.1,0.6154,12.6,Miami,,,false
00-0021929,Donald Lee,2007,GB,TE,15,9.3,5.49,1.09,0.8413,12.6,Mississippi State,2003,5,false
00-0022781,Michael Jenkins,2008,ATL,WR,15,9.85,4.32,1.08,0.6667,12.5,Ohio State,2004,1,false
00-0026178,John Carlson,2008,SEA,TE,15,9.85,4.95,1.08,0.8906,12.5,Notre Dame,2008,2,false
00-0008962,Joe Jurevicius,2006,CLE,WR,12,8.96,5.89,1.08,0.5906,12.5,Penn State,1998,2,false
00-0027325,LeGarrette Blount,2015,NE,RB,12,10.22,9.22,1.08,0.6875,12.5,Oregon; East Mississippi JC,,,false
00-0031062,James White,2015,NE,RB,12,10.22,8.93,1.08,0.6875,12.5,Wisconsin,2014,4,false
00-0021236,Randy McMichael,2005,MIA,TE,16,9.14,5.61,1.08,0.8421,12.5,Georgia,2002,4,false
00-0023921,Miles Austin,2014,CLE,WR,12,9.65,4.65,1.08,0.6084,12.5,Monmouth,,,false
00-0007835,Damon Huard,2007,KC,QB,11,9.29,6.94,1.08,0.3333,12.5,Washington,,,false
00-0001627,Corey Bradford,2005,HOU,WR,12,9.12,6.28,1.06,0.6466,12.5,Jackson State University; Hinds CC,1998,5,false
00-0036415,Van Jefferson,2021,LA,WR,17,9.89,6.01,1.06,0.6968,12.5,Florida; Mississippi,2020,2,false
00-0008529,J.J. Johnson,1999,MIA,RB,13,7.91,5.57,1.05,0.6979,12.5,Mississippi State; East Mississippi JC,1999,2,false
00-0036554,Nico Collins,2022,HOU,WR,10,9.71,3.34,1.05,0.66,12.5,Michigan,2021,3,false
00-0022781,Michael Jenkins,2010,ATL,WR,11,9.41,3.42,1.05,0.6479,12.5,Ohio State,2004,1,false
00-0027997,Greg Little,2011,CLE,WR,16,9.09,6.23,1.05,0.6351,12.5,North Carolina,2011,2,false
00-0013728,Jay Riemersma,1999,BUF,TE,14,7.9,4.89,1.05,0.8923,12.5,Michigan,1996,7,false
00-0034331,Jaylen Samuels,2018,PIT,RB,9,9.94,6.94,1.04,0.6129,12.5,N.C. State,2018,5,false
00-0027005,Hakeem Nicks,2013,NYG,WR,15,9.71,6.23,1.04,0.6204,12.5,North Carolina,2009,1,false
00-0025396,Ted Ginn,2016,CAR,WR,16,10.19,6.02,1.04,0.6556,12.5,Ohio State,2007,1,false
00-0028411,Dontrelle Inman,2016,LAC,WR,16,10.19,7.38,1.04,0.649,12.5,Virginia,,,false
00-0020516,Todd Heap,2009,BAL,TE,16,9.28,5.71,1.04,0.7794,12.5,Arizona State,2001,1,false
00-0012637,Jerome Pathon,2002,NO,WR,14,8.52,5.76,1.04,0.5833,12.5,"Washington; Acadia University, Canada",1998,2,false
00-0034827,DJ Moore,2018,CAR,WR,16,9.94,7.24,1.04,0.6596,12.5,Maryland,2018,1,false
00-0008357,MarTay Jenkins,2001,ARI,WR,13,7.86,7.32,1.04,0.617,12.5,Nebraska-Omaha; North Iowa Area Community College,1999,6,false
00-0019643,Ron Dayne,2001,NYG,RB,16,7.86,6.32,1.03,0.6735,12.5,Wisconsin,2000,1,false
00-0007661,Priest Holmes,2000,BAL,RB,16,7.68,6.14,1.03,0.6118,12.4,Texas,,,false
00-0020270,Correll Buckhalter,2003,PHI,RB,15,8.5,7.22,1.03,0.6667,12.4,Nebraska,2001,4,false
00-0013042,Jake Plummer,1999,ARI,QB,12,7.88,6.97,1.02,0.1707,12.4,Arizona State,1997,2,false
00-0008560,Kevin Johnson,2000,CLE,WR,16,7.68,5.29,1.02,0.5507,12.4,Syracuse,1999,2,false
00-0032688,Robbie Chosen,2019,NYJ,WR,16,10.14,7.5,1.02,0.6447,12.4,Temple,,,false
00-0021179,Clinton Portis,2009,WAS,RB,8,9.26,6.36,1.02,0.587,12.4,Miami,2002,2,false
00-0022126,L.J. Smith,2005,PHI,TE,16,9.08,7.17,1.02,0.8246,12.4,Rutgers,2003,2,false
00-0028838,Larry Donnell,2014,NYG,TE,16,9.58,7.4,1.01,0.8158,12.4,Grambling State,,,false
00-0022127,Jason Witten,2016,DAL,TE,15,10.15,5.9,1.01,0.7808,12.4,Tennessee,2003,3,false
00-0020446,Chris Chambers,2009,KC,WR,16,9.25,7.77,1.01,0.6993,12.4,Wisconsin,2001,2,true
00-0019641,Thomas Jones,2010,KC,RB,16,9.36,6.83,1,0.6444,12.4,Virginia,2000,1,false
00-0022889,Reggie Williams,2006,JAX,WR,16,8.87,7.64,0.99,0.5827,12.4,Washington,2004,1,false
00-0027982,Titus Young,2012,DET,WR,10,9.69,9.69,0.99,0.6351,12.4,Boise State,2011,2,false
00-0028067,Julius Thomas,2015,JAX,TE,12,10.13,8.14,0.99,0.8228,12.4,Portland State,2011,4,false
00-0009842,Chad Lewis,2001,PHI,TE,15,7.81,7.37,0.99,0.8214,12.4,BYU; Utah Valley,,,false
00-0022217,Mewelde Moore,2004,MIN,RB,10,8.87,12.08,0.99,0.6064,12.4,Tulane,2004,4,false
00-0022414,Malcom Floyd,2008,LAC,WR,10,9.75,6.93,0.99,0.6593,12.4,Wyoming,,,false
00-0024276,Tony Scheffler,2006,DEN,TE,8,8.86,6.93,0.99,0.8,12.4,Western Michigan,2006,2,false
00-0007576,Kelly Holcomb,2003,CLE,QB,10,8.46,7.94,0.98,0.2059,12.4,Middle Tennessee State,,,false
00-0022427,Wes Welker,2006,MIA,WR,16,8.86,3.68,0.98,0.5748,12.4,Texas Tech,,,false
00-0026289,Tim Hightower,2008,ARI,RB,16,9.74,4.73,0.98,0.5851,12.4,Richmond,2008,5,false
00-0019423,Jason Brookins,2001,BAL,RB,12,7.8,6.52,0.97,0.6633,12.4,Lane College; Kemper Military Junior College,,,false
00-0034972,Alexander Mattison,2024,LV,RB,14,9.81,5.05,0.97,0.6735,12.3,Boise State,2019,3,false
00-0013080,Marcus Pollard,2002,IND,TE,15,8.45,5.12,0.97,0.9077,12.3,Bradley University; Seward County Community Coll,,,false
00-0019660,Dez White,2003,CHI,WR,15,8.44,5.2,0.97,0.6183,12.3,Georgia Tech,2000,3,false
00-0027942,A.J. Green,2021,ARI,WR,16,9.8,5.84,0.96,0.6903,12.3,Georgia,2011,1,false
00-0033110,Tyler Higbee,2021,LA,TE,15,9.8,5.29,0.96,0.8182,12.3,Western Kentucky,2016,4,false
00-0027890,Ben Tate,2011,HOU,RB,15,9,6.91,0.96,0.5909,12.3,Auburn,2010,2,false
00-0031062,James White,2016,NE,RB,16,10.11,5.93,0.96,0.6771,12.3,Wisconsin,2014,4,false
00-0038563,Tre Tucker,2025,LV,WR,17,9.51,8.94,0.96,0.7143,12.3,Cincinnati,2023,3,false
00-0023564,Darren Sproles,2015,PHI,RB,16,10.09,6.25,0.96,0.6771,12.3,Kansas State,2005,4,false
00-0022910,Lee Evans,2009,BUF,WR,16,9.2,5.93,0.96,0.6923,12.3,Wisconsin,2004,1,false
00-0021547,Antonio Gates,2012,LAC,TE,15,9.65,6.06,0.95,0.8219,12.3,Kent State; Eastern Michigan; Michigan State; College of the Sequoias,,,false
00-0027531,Chris Ivory,2014,NYJ,RB,16,9.53,5.61,0.95,0.699,12.3,Tiffin; Washington State,,,false
00-0029683,Ronnie Hillman,2015,DEN,RB,16,10.09,6.27,0.95,0.6667,12.3,San Diego State,2012,3,false
00-0021931,Kevin Walter,2009,HOU,WR,14,9.19,5.39,0.95,0.6853,12.3,Eastern Michigan,2003,7,false
00-0034796,Lamar Jackson,2018,BAL,QB,16,9.85,8.59,0.95,0.0571,12.3,Louisville,2018,1,false
00-0032977,Rashard Higgins,2020,CLE,WR,12,10.07,6.46,0.94,0.6558,12.3,Colorado State,2016,5,false
00-0026163,Rashard Mendenhall,2013,ARI,RB,15,9.61,5.01,0.94,0.6344,12.3,Illinois,2008,1,false
00-0033375,Tim Patrick,2021,DEN,WR,16,9.78,5.49,0.94,0.6839,12.3,Utah; Grossmont,,,false
00-0022909,Roy Williams,2009,DAL,WR,15,9.17,7.21,0.93,0.6783,12.3,Texas,2004,1,false
00-0020613,Quinn Gray,2007,JAX,QB,8,9.14,10.1,0.93,0.3056,12.3,Florida A&M,,,false
00-0035243,Miles Sanders,2021,PHI,RB,12,9.77,4.65,0.93,0.6436,12.3,Penn State,2019,2,false
00-0031237,Teddy Bridgewater,2019,NO,QB,9,10.05,9.84,0.93,0.0588,12.3,Louisville,2014,1,false
00-0004780,Troy Edwards,2003,JAX,WR,12,8.4,5.37,0.93,0.6107,12.3,Louisiana Tech,1999,1,false
00-0022781,Michael Jenkins,2011,MIN,WR,11,8.96,5.37,0.93,0.6284,12.3,Ohio State,2004,1,false
00-0031610,Darren Waller,2023,NYG,TE,12,9.43,5.87,0.92,0.85,12.2,Georgia Tech,2015,6,false
00-0028112,Charles Clay,2017,BUF,TE,13,8.98,4.87,0.92,0.8701,12.2,Tulsa,2011,6,false
00-0026937,Brandon Gibson,2010,LA,WR,14,9.27,4.28,0.91,0.6408,12.2,Washington State,2009,6,false
00-0001477,Marty Booker,2005,MIA,WR,14,8.97,6.98,0.91,0.6391,12.2,Louisiana-Monroe,1999,3,false
00-0031228,Taylor Gabriel,2019,CHI,WR,9,10.03,9.42,0.91,0.6382,12.2,Abilene Christian,,,false
00-0027893,Damian Williams,2011,TEN,WR,15,8.95,6.48,0.91,0.6216,12.2,USC; Arkansas,2010,3,false
00-0027077,Brian Hartline,2010,MIA,WR,12,9.27,5.08,0.91,0.6338,12.2,Ohio State,2009,4,false
00-0007468,Ike Hilliard,2007,TB,WR,15,9.12,5.91,0.91,0.6343,12.2,Florida,1997,1,false
00-0007144,Donald Hayes,2001,CAR,WR,16,7.73,5.38,0.91,0.6099,12.2,Wisconsin,1998,4,false
00-0013013,Michael Pittman,2008,DEN,RB,8,9.66,3.39,0.9,0.5745,12.2,Fresno State,1998,4,false
00-0030656,Isaiah Crowell,2017,CLE,RB,16,8.97,5.32,0.9,0.6105,12.2,Alabama State; Georgia,,,false
00-0007744,Joe Horn,2005,NO,WR,13,8.95,7.66,0.89,0.6316,12.2,Itawamba JC,1996,5,false
00-0023564,Darren Sproles,2010,LAC,RB,16,9.25,6.27,0.89,0.6333,12.2,Kansas State,2005,4,false
00-0033025,Jalen Richard,2018,LV,RB,16,9.79,4.8,0.89,0.6022,12.2,Southern Mississippi,,,false
00-0023465,Heath Miller,2007,PIT,TE,16,9.1,5.81,0.89,0.8254,12.2,Virginia,2005,1,false
00-0033858,Jonnu Smith,2020,TEN,TE,14,10.01,6.81,0.88,0.8553,12.2,Florida International,2017,3,false
00-0027681,Brandon LaFell,2013,CAR,WR,15,9.55,6.58,0.88,0.6131,12.2,LSU,2010,3,false
00-0021175,Andre Davis,2007,HOU,WR,14,9.09,6.96,0.88,0.6269,12.2,Virginia Tech,2002,2,false
00-0028002,Randall Cobb,2020,HOU,WR,10,10.01,5.1,0.88,0.6494,12.2,Kentucky,2011,2,false
00-0038933,Dalton Kincaid,2023,BUF,TE,16,9.39,5.72,0.88,0.8375,12.2,Utah; Univ of California-San Diego,2023,1,false
00-0026153,Jonathan Stewart,2008,CAR,RB,16,9.64,6.9,0.87,0.5638,12.2,Oregon,2008,1,false
00-0031273,Cameron Brate,2017,TB,TE,16,8.94,6.71,0.87,0.8571,12.2,Harvard,,,false
00-0031384,Richard Rodgers,2015,GB,TE,16,10.01,7.66,0.87,0.8101,12.2,California,2014,3,false
00-0028091,Jeremy Kerley,2013,NYJ,WR,12,9.53,6.66,0.87,0.6058,12.2,TCU,2011,5,false
00-0034829,Mike Gesicki,2021,MIA,TE,17,9.71,6.33,0.87,0.8052,12.2,Penn State,2018,2,false
00-0009038,Napoleon Kaufman,1999,OAK,RB,16,7.72,6.27,0.87,0.6875,12.2,Washington,1995,1,false
00-0026210,Earl Bennett,2009,CHI,WR,16,9.11,4.65,0.86,0.6713,12.2,Vanderbilt,2008,3,false
00-0022736,Steven Jackson,2014,ATL,RB,15,9.43,5.11,0.86,0.6893,12.2,Oregon State,2004,1,false
00-0007091,Matt Hasselbeck,2012,TEN,QB,8,9.56,5.69,0.86,0.1429,12.1,Boston College,1998,6,false
00-0028052,Cecil Shorts,2015,HOU,WR,11,9.99,5.61,0.86,0.6755,12.1,Mount Union College,2011,4,false
00-0036906,Khalil Herbert,2023,CHI,RB,12,9.38,7.38,0.86,0.6,12.1,Virginia Tech,2021,6,false
00-0034383,Dalton Schultz,2022,DAL,TE,15,9.51,7.37,0.86,0.8765,12.1,Stanford,2018,4,false
00-0030669,Albert Wilson,2017,KC,WR,13,8.92,6.32,0.85,0.6513,12.1,Georgia State,,,false
00-0034411,Russell Gage,2022,TB,WR,13,9.51,7.54,0.85,0.6533,12.1,LSU,2018,6,false
00-0036182,Nick Westbrook-Ikhine,2024,TEN,WR,14,9.69,6.18,0.85,0.6752,12.1,Indiana,,,false
00-0000210,James Allen,2002,HOU,RB,16,8.33,5.04,0.85,0.6162,12.1,Oklahoma,,,false
00-0021164,DeShaun Foster,2007,CAR,RB,16,9.06,6.28,0.84,0.617,12.1,UCLA,2002,2,false
00-0033110,Tyler Higbee,2022,LA,TE,16,9.5,7.61,0.84,0.8642,12.1,Western Kentucky,2016,4,false
00-0008749,Freddie Jones,2003,ARI,TE,15,8.31,5.43,0.84,0.9091,12.1,North Carolina,1997,2,false
00-0023470,Reggie Brown,2005,PHI,WR,14,8.9,7.96,0.84,0.6241,12.1,Georgia,2005,2,false
00-0033090,Hunter Henry,2016,LAC,TE,13,9.98,5.89,0.84,0.7671,12.1,Arkansas,2016,2,false
00-0013080,Marcus Pollard,2004,IND,TE,11,8.72,3.92,0.84,0.8689,12.1,Bradley University; Seward County Community Coll,,,false
00-0021152,Ashley Lelie,2005,DEN,WR,15,8.89,4.02,0.83,0.6165,12.1,Hawaii,2002,1,false
00-0033118,Kenyan Drake,2017,MIA,RB,16,8.89,9.31,0.82,0.6,12.1,Alabama,2016,3,false
00-0005720,Joey Galloway,1999,SEA,WR,8,7.68,6.04,0.82,0.5441,12.1,Ohio State,1995,1,false
00-0032104,Ameer Abdullah,2017,DET,RB,14,8.89,4.27,0.82,0.5895,12.1,Nebraska,2015,2,false
00-0022064,Arnaz Battle,2007,SF,WR,16,9.03,5.26,0.81,0.6194,12.1,Notre Dame,2003,6,false
00-0024332,Leon Washington,2006,NYJ,RB,16,8.69,7.53,0.81,0.5876,12.1,Florida State,2006,4,false
00-0022929,Devery Henderson,2009,NO,WR,16,9.04,5.97,0.8,0.6643,12,LSU,2004,2,false
00-0032112,J.J. Nelson,2016,ARI,WR,14,9.94,8.62,0.79,0.6424,12,UAB,2015,5,false
00-0035289,Gardner Minshew,2024,LV,QB,10,9.63,6.06,0.79,0.1053,12,Washington State,2019,6,false
00-0024549,Selvin Young,2007,DEN,RB,15,9,5.96,0.79,0.6064,12,Texas,,,false
00-0024294,Jerious Norwood,2008,ATL,RB,16,9.54,6.03,0.78,0.5532,12,Mississippi State,2006,3,false
00-0021147,Donte' Stallworth,2007,NE,WR,15,8.99,6.5,0.78,0.6119,12,Tennessee,2002,1,false
00-0037112,Jake Tonges,2025,SF,TE,10,9.33,6.44,0.78,0.7791,12,California,,,false
00-0029632,Mohamed Sanu,2016,ATL,WR,15,9.92,6.51,0.77,0.6358,12,Rutgers,2012,3,false
00-0022087,Tyrone Calico,2003,TEN,WR,9,8.24,4.89,0.77,0.6031,12,Middle Tennessee State,2003,2,false
00-0036972,Mac Jones,2024,JAX,QB,10,9.61,7.79,0.76,0.0789,12,Alabama,2021,1,false
00-0031373,Martavis Bryant,2017,PIT,WR,15,8.83,4.81,0.76,0.6447,12,Clemson,2014,4,false
00-0027902,Dez Bryant,2015,DAL,WR,9,9.9,6.3,0.76,0.6689,12,Oklahoma State,2010,1,false
00-0027994,Shane Vereen,2015,NYG,RB,16,9.9,7.82,0.76,0.6563,12,California,2011,2,false
00-0038996,Tucker Kraft,2024,GB,TE,17,9.61,6.22,0.76,0.8205,12,South Dakota State,2023,3,false
00-0036414,Cam Akers,2022,LA,RB,15,9.42,9.19,0.76,0.6429,12,Florida State,2020,2,false
00-0023367,Nate Washington,2010,TEN,WR,16,9.12,5.93,0.76,0.6197,12,Tiffin,,,false
00-0025465,James Jones,2010,GB,WR,16,9.12,7.59,0.76,0.6197,12,San Jose State,2007,3,false
00-0022766,Patrick Crayton,2009,DAL,WR,16,9,6.41,0.76,0.6573,12,Northwestern Oklahoma State University; Tyler JC,2004,7,false
00-0019087,Doug Johnson,2003,ATL,QB,10,8.23,8.51,0.76,0.1765,12,Florida,,,false
00-0028083,Jacquizz Rodgers,2013,ATL,RB,15,9.42,6.92,0.76,0.6237,12,Oregon State,2011,5,false
00-0030456,Giovani Bernard,2020,CIN,RB,16,9.88,7.61,0.75,0.6667,12,North Carolina,2013,2,false
00-0026188,Fred Davis,2009,WAS,TE,15,8.99,7.25,0.75,0.7647,12,USC,2008,2,false
00-0031376,Jerick McKinnon,2016,MIN,RB,15,9.89,7.26,0.75,0.6667,12,Georgia Southern,2014,3,false
00-0024272,Devin Hester,2008,CHI,WR,15,9.51,5.72,0.74,0.6519,11.9,Miami,2006,2,false
00-0037239,Chris Olave,2024,NO,WR,8,9.59,8.5,0.74,0.6688,11.9,Ohio State,2022,1,false
00-0020285,Alge Crumpler,2007,ATL,TE,13,8.95,5.98,0.74,0.8095,11.9,North Carolina,2001,2,false
00-0032054,Breshad Perriman,2019,TB,WR,14,9.86,10.53,0.74,0.6316,11.9,UCF,2015,1,false
00-0037525,Jordan Mason,2024,SF,RB,12,9.58,7.97,0.74,0.6633,11.9,Georgia Tech,,,false
00-0036875,Rhamondre Stevenson,2021,NE,RB,12,9.57,8.41,0.74,0.6337,11.9,Oklahoma; Cerritos College,2021,4,false
00-0037746,Brian Robinson,2022,WAS,RB,12,9.39,5.43,0.73,0.6327,11.9,Alabama,2022,3,false
00-0001361,Drew Bledsoe,2003,BUF,QB,16,8.21,7.64,0.73,0.1471,11.9,Washington State,1993,1,false
00-0023496,Vincent Jackson,2006,LAC,WR,13,8.61,7.16,0.73,0.5669,11.9,Northern Colorado,2005,2,false
00-0027007,Chris Wells,2009,ARI,RB,16,8.97,7.95,0.73,0.5761,11.9,Ohio State,2009,1,false
00-0022156,Bryant Johnson,2006,ARI,WR,16,8.61,4.66,0.73,0.5591,11.9,Penn State,2003,1,false
00-0025431,Sidney Rice,2007,MIN,WR,11,8.94,6.92,0.73,0.6045,11.9,South Carolina,2007,2,false
00-0037267,Jerome Ford,2024,CLE,RB,14,9.57,7.06,0.73,0.6531,11.9,Cincinnati; Alabama,2022,5,false
00-0021141,Joey Harrington,2005,DET,QB,12,8.79,7.45,0.73,0.1944,11.9,Oregon,2002,1,false
00-0038997,Josh Downs,2023,IND,WR,17,9.24,5.32,0.72,0.6886,11.9,North Carolina,2023,3,false
00-0003271,Cecil Collins,1999,MIA,RB,8,7.58,4.87,0.72,0.6771,11.9,McNeese State; LSU,1999,5,false
00-0036407,Jerry Jeudy,2020,DEN,WR,16,9.85,7.57,0.72,0.6429,11.9,Alabama,2020,1,false
00-0036244,Colby Parkinson,2025,LA,TE,14,9.27,7.27,0.72,0.7674,11.9,Stanford,2020,4,false
00-0027003,Donald Brown,2013,IND,RB,16,9.38,7.48,0.72,0.6129,11.9,Connecticut,2009,1,false
00-0023545,Brandon Jacobs,2010,NYG,RB,16,9.08,6.02,0.72,0.6222,11.9,Southern Illinois; Auburn; Coffeyville CC,2005,4,false
00-0020171,Boo Williams,2003,NO,TE,14,8.19,7.76,0.71,0.8909,11.9,Arkansas; Coffeyville CC,,,false
00-0024221,Vernon Davis,2007,SF,TE,14,8.92,5.75,0.71,0.7937,11.9,Maryland,2006,1,false
00-0027948,Blaine Gabbert,2012,JAX,QB,10,9.41,6.61,0.71,0.1143,11.9,Missouri,2011,1,false
00-0033090,Hunter Henry,2023,NE,TE,13,9.22,7.06,0.71,0.825,11.9,Arkansas,2016,2,false
00-0027259,Jake Ballard,2011,NYG,TE,14,8.74,5.27,0.71,0.7945,11.9,Ohio State,,,false
00-0031569,Jeremy Langford,2015,CHI,RB,15,9.84,9.85,0.7,0.6458,11.9,Michigan State,2015,4,false
00-0030513,Latavius Murray,2019,NO,RB,16,9.83,10.4,0.7,0.6211,11.9,UCF,2013,6,false
00-0032209,T.J. Yeldon,2017,JAX,RB,10,8.77,7.44,0.7,0.5789,11.9,Alabama,2015,2,false
00-0013013,Michael Pittman,1999,ARI,RB,10,7.55,6.63,0.7,0.6667,11.9,Fresno State,1998,4,false
00-0022912,J.P. Losman,2005,BUF,QB,9,8.76,5.45,0.7,0.1667,11.9,Tulane; UCLA,2004,1,false
00-0014328,Frank Sanders,2001,ARI,WR,15,7.52,7.01,0.7,0.6028,11.9,Auburn,1995,2,false
00-0033885,David Njoku,2018,CLE,TE,15,9.59,5.25,0.69,0.8816,11.9,Miami,2017,1,false
00-0021147,Donte' Stallworth,2003,NO,WR,11,8.16,6.97,0.69,0.5954,11.9,Tennessee,2002,1,false
00-0021166,Josh Reed,2003,BUF,WR,16,8.16,6.57,0.69,0.5878,11.9,LSU,2002,2,false
00-0028002,Randall Cobb,2018,GB,WR,9,9.59,8.1,0.69,0.6525,11.9,Kentucky,2011,2,false
00-0030992,Crockett Gillmore,2015,BAL,TE,10,9.82,7.04,0.68,0.7975,11.8,Colorado State,2014,3,false
00-0019281,Mike Furrey,2007,DET,WR,15,8.89,4.46,0.68,0.597,11.8,Northern Iowa; Ohio State,,,false
00-0027918,Andrew Hawkins,2012,CIN,WR,14,9.38,4.94,0.68,0.6284,11.8,Toledo,,,false
00-0027854,Sam Bradford,2011,LA,QB,10,8.72,3.59,0.68,0.1389,11.8,Oklahoma,2010,1,false
00-0034272,Marquez Valdes-Scantling,2020,GB,WR,14,9.81,8.76,0.68,0.6364,11.8,University of South Florida; N.C. State,2018,5,false
00-0025394,Adrian Peterson,2019,WAS,RB,15,9.8,5.32,0.68,0.6105,11.8,Oklahoma,2007,1,false
00-0021175,Andre Davis,2003,CLE,WR,16,8.15,6.8,0.68,0.5802,11.8,Virginia Tech,2002,2,false
00-0026913,Johnny Knox,2009,CHI,WR,15,8.91,5.44,0.67,0.6503,11.8,Abilene Christian; Tyler JC,2009,5,false
00-0033921,Chris Godwin Jr.,2025,TB,WR,9,9.22,6.73,0.67,0.7081,11.8,Penn State,2017,3,false
00-0038102,Kenny Pickett,2023,PIT,QB,12,9.18,4.88,0.67,0.1111,11.8,Pittsburgh,2022,1,false
00-0030000,Kenbrell Thompkins,2013,NE,WR,11,9.33,7.43,0.66,0.5985,11.8,Cincinnati; El Camino; Palomar College,,,false
00-0019721,Travis Taylor,2006,MIN,WR,16,8.54,5.38,0.66,0.5512,11.8,Florida,2000,1,false
00-0021982,Justin Gage,2007,TEN,WR,16,8.88,6.45,0.66,0.5896,11.8,Missouri,2003,5,false
00-0024204,Fred Jackson,2007,BUF,RB,8,8.88,5.85,0.66,0.5957,11.8,Coe College,,,false
00-0017644,Jermaine Wiggins,2005,MIN,TE,15,8.72,4.89,0.66,0.807,11.8,Georgia; Marshall,,,false
00-0033357,Taysom Hill,2020,NO,TE,16,9.79,8.1,0.66,0.8421,11.8,BYU,,,false
00-0032128,Chris Conley,2019,JAX,WR,16,9.78,6.89,0.66,0.625,11.8,Georgia,2015,3,false
00-0023544,Marion Barber,2005,DAL,RB,13,8.72,8.08,0.66,0.6563,11.8,Minnesota,2005,4,false
00-0023682,Ryan Fitzpatrick,2009,BUF,QB,10,8.9,7.72,0.66,0.3333,11.8,Harvard,2005,7,false
00-0028411,Dontrelle Inman,2018,IND,WR,8,9.55,6.15,0.65,0.6454,11.8,Virginia,,,false
00-0034521,Allen Lazard,2020,GB,WR,10,9.78,7.53,0.65,0.6299,11.8,Iowa State,,,false
00-0004294,Ken Dilger,2000,IND,TE,16,7.3,6.49,0.65,0.8667,11.8,Illinois,1995,2,false
00-0036894,Pat Freiermuth,2021,PIT,TE,16,9.48,4.98,0.64,0.7922,11.8,Penn State,2021,2,false
00-0027061,Jared Cook,2011,TEN,TE,16,8.68,7.91,0.64,0.7808,11.8,South Carolina,2009,3,false
00-0033895,Gerald Everett,2022,LAC,TE,15,9.3,4.16,0.64,0.8519,11.8,South Alabama; UAB; Hutchinson CC,2017,2,false
00-0030525,Tavon Austin,2016,LA,WR,15,9.79,6.97,0.64,0.6291,11.8,West Virginia,2013,1,false
00-0022092,Chris Brown,2007,TEN,RB,12,8.85,4.7,0.64,0.5851,11.8,Colorado; Northwestern; Fort Scott CC,2003,3,false
00-0010539,Terance Mathis,2001,ATL,WR,16,7.46,5.51,0.64,0.5957,11.8,New Mexico,1990,6,false
00-0021159,Jerramy Stevens,2005,SEA,TE,15,8.69,4.8,0.63,0.7895,11.8,Washington,2002,1,false
00-0022926,Chris Perry,2005,CIN,RB,14,8.69,6.27,0.63,0.6458,11.8,Michigan,2004,1,false
00-0026182,Eddie Royal,2010,DEN,WR,16,8.99,7.6,0.63,0.6127,11.7,Virginia Tech,2008,2,false
00-0027873,Jermaine Gresham,2014,CIN,TE,15,9.2,5.27,0.63,0.8026,11.7,Oklahoma,2010,1,false
00-0033950,Wayne Gallman,2020,NYG,RB,14,9.76,5.98,0.63,0.6566,11.7,Clemson,2017,4,false
00-0022910,Lee Evans,2010,BUF,WR,13,8.98,9.51,0.63,0.6056,11.7,Wisconsin,2004,1,false
00-0039032,Tyjae Spears,2024,TEN,RB,12,9.47,8.1,0.62,0.6429,11.7,Tulane,2023,3,false
00-0026182,Eddie Royal,2016,CHI,WR,9,9.77,7.62,0.62,0.6225,11.7,Virginia Tech,2008,2,false
00-0024204,Fred Jackson,2008,BUF,RB,15,9.38,5.87,0.62,0.5426,11.7,Coe College,,,false
00-0031051,John Brown,2014,ARI,WR,16,9.19,6.62,0.61,0.6014,11.7,Pittsburg State (KS); Coffeyville CC; Mars Hill,2014,3,false
00-0027651,Dexter McCluster,2011,KC,WR,16,8.65,5.94,0.61,0.6149,11.7,Mississippi,2010,2,false
00-0022001,Kevin Curtis,2006,LA,WR,13,8.48,6.18,0.61,0.5433,11.7,Utah State; Snow,2003,3,false
00-0026164,Chris Johnson,2015,ARI,RB,11,9.75,7.53,0.61,0.6354,11.7,East Carolina,2008,1,false
00-0001477,Marty Booker,1999,CHI,WR,8,7.46,10.83,0.61,0.5368,11.7,Louisiana-Monroe,1999,3,false
00-0027791,James Starks,2011,GB,RB,13,8.65,5.26,0.61,0.5795,11.7,Buffalo,2010,6,false
00-0021190,Antwaan Randle El,2007,WAS,WR,15,8.82,6.12,0.6,0.5821,11.7,Indiana,2002,2,false
00-0033906,Alvin Kamara,2025,NO,RB,11,9.15,4.9,0.6,0.6563,11.7,Tennessee; Hutchinson CC; Alabama,2017,3,false
00-0019649,Trung Canidate,2003,WAS,RB,11,8.07,4.08,0.6,0.6566,11.7,Arizona,2000,1,false
00-0021166,Josh Reed,2008,BUF,WR,13,9.36,4.08,0.6,0.6444,11.7,LSU,2002,2,false
00-0020964,Tony Fisher,2005,GB,RB,13,8.66,5.15,0.6,0.6354,11.7,Notre Dame,,,false
00-0031544,Amari Cooper,2024,BUF,WR,13,9.44,7.45,0.59,0.6624,11.7,Alabama,2015,1,true
00-0023367,Nate Washington,2009,TEN,WR,16,8.84,5.18,0.59,0.6434,11.7,Tiffin,,,false
00-0031228,Taylor Gabriel,2018,CHI,WR,16,9.49,6.9,0.59,0.6383,11.7,Abilene Christian,,,false
00-0011568,Herman Moore,2000,DET,WR,14,7.24,3.8,0.59,0.5435,11.7,Virginia,1991,1,false
00-0023457,Mark Clayton,2005,BAL,WR,13,8.65,7.41,0.59,0.609,11.7,Oklahoma,2005,1,false
00-0021190,Antwaan Randle El,2002,PIT,WR,16,8.07,4.8,0.59,0.5764,11.7,Indiana,2002,2,false
00-0033681,Keelan Cole,2020,JAX,WR,16,9.71,7.05,0.58,0.6234,11.7,Kentucky Wesleyan,,,false
00-0026898,Mark Sanchez,2009,NYJ,QB,15,8.82,7.66,0.58,0.3077,11.7,USC,2009,1,false
00-0021236,Randy McMichael,2003,MIA,TE,15,8.05,5.36,0.58,0.8727,11.7,Georgia,2002,4,false
00-0024268,Anthony Fasano,2008,MIA,TE,13,9.34,6.84,0.58,0.875,11.7,Notre Dame,2006,2,false
00-0023465,Heath Miller,2005,PIT,TE,14,8.64,5.77,0.58,0.7719,11.7,Virginia,2005,1,false
00-0022001,Kevin Curtis,2008,PHI,WR,9,9.33,4.64,0.57,0.637,11.6,Utah State; Snow,2003,3,false
00-0027685,Emmanuel Sanders,2021,BUF,WR,14,9.41,7.11,0.57,0.6774,11.6,SMU,2010,3,false
00-0036309,Darnell Mooney,2022,CHI,WR,11,9.23,5.36,0.57,0.6467,11.6,Tulane,2020,5,false
00-0006627,Az-Zahir Hakim,2005,NO,WR,11,8.63,7.47,0.57,0.6015,11.6,San Diego State,1998,4,false
00-0021141,Joey Harrington,2007,ATL,QB,12,8.78,6.06,0.56,0.2778,11.6,Oregon,2002,1,false
00-0027981,Kyle Rudolph,2018,MIN,TE,16,9.46,7.48,0.56,0.8684,11.6,Notre Dame,2011,2,false
00-0008921,Randy Jordan,2000,OAK,RB,15,7.21,6.68,0.56,0.6,11.6,North Carolina,,,false
00-0025425,Zach Miller,2008,LV,TE,15,9.32,4.4,0.56,0.8594,11.6,Arizona State,2007,2,false
00-0022807,Bernard Berrian,2009,MIN,WR,16,8.8,4.48,0.56,0.6364,11.6,Fresno State,2004,3,false
00-0019606,Todd Pinkston,2004,PHI,WR,13,8.43,4.86,0.55,0.6074,11.6,Southern Mississippi,2000,2,false
00-0032058,Tevin Coleman,2019,SF,RB,14,9.67,9.35,0.55,0.6,11.6,Indiana,2015,3,false
00-0008454,Charles Johnson,1999,PHI,WR,11,7.4,5.03,0.55,0.5294,11.6,Colorado,1994,1,false
00-0031782,Eli Rogers,2016,PIT,WR,13,9.69,5.85,0.55,0.6159,11.6,Louisville,,,false
00-0032160,Tyrell Williams,2017,LAC,WR,16,8.61,7,0.54,0.6382,11.6,Western Oregon,,,false
00-0015754,Brandon Stokley,2012,DEN,WR,14,9.24,5.13,0.54,0.6216,11.6,Louisiana-Lafayette,1999,4,false
00-0029104,Jonas Gray,2014,NE,RB,8,9.11,14.5,0.54,0.6796,11.6,Notre Dame,,,false
00-0019599,Marc Bulger,2007,LA,QB,12,8.75,7.54,0.54,0.25,11.6,West Virginia,2000,6,false
00-0014328,Frank Sanders,2002,ARI,WR,11,8.02,5.51,0.53,0.5694,11.6,Auburn,1995,2,false
00-0033932,Kenny Golladay,2017,DET,WR,11,8.6,5.87,0.53,0.6316,11.6,Northern Illinois; North Dakota,2017,3,false
00-0002586,Mark Campbell,2004,BUF,TE,8,8.41,8.03,0.53,0.8525,11.6,Michigan,,,false
00-0039032,Tyjae Spears,2023,TEN,RB,17,9.05,5.47,0.53,0.5889,11.6,Tulane,2023,3,false
00-0035592,Travis Fulgham,2020,PHI,WR,12,9.66,9.71,0.53,0.6169,11.6,Old Dominion,2019,6,false
00-0026201,Martellus Bennett,2012,NYG,TE,16,9.22,6.24,0.53,0.8082,11.6,Texas A&M,2008,2,false
00-0034351,Dallas Goedert,2019,PHI,TE,15,9.65,5.71,0.52,0.8571,11.6,South Dakota State,2018,2,false
00-0019997,Antonio Chatman,2005,GB,WR,16,8.58,6.04,0.52,0.594,11.6,Cincinnati; El Camino,,,false
00-0000422,Justin Armour,1999,BAL,WR,14,7.37,4.94,0.52,0.5221,11.6,Stanford,1995,4,false
00-0039391,Kimani Vidal,2025,LAC,RB,13,9.07,8.35,0.52,0.6458,11.6,Troy,2024,6,false
00-0040583,Woody Marks,2025,HOU,RB,16,9.07,6.93,0.52,0.6354,11.6,USC; Mississippi State,2025,4,false
00-0015601,Aaron Stecker,2007,NO,RB,15,8.73,8.28,0.51,0.5745,11.6,Western Illinois; Wisconsin,,,false
00-0029708,Kendall Wright,2015,TEN,WR,10,9.65,7.24,0.51,0.6623,11.6,Baylor,2012,1,false
00-0026913,Johnny Knox,2011,CHI,WR,14,8.55,6.5,0.51,0.6081,11.5,Abilene Christian; Tyler JC,2009,5,false
00-0027675,Ed Dickson,2011,BAL,TE,16,8.55,7,0.51,0.7671,11.5,Oregon,2010,3,false
00-0018501,Amos Zereoue,2004,LV,RB,15,8.39,6.32,0.51,0.5957,11.5,West Virginia,1999,3,false
00-0005091,Kevin Faulk,2004,NE,RB,11,8.39,5.62,0.51,0.5851,11.5,LSU,1999,2,false
00-0021192,Deion Branch,2002,NE,WR,13,7.99,8.32,0.51,0.5625,11.5,Louisville; Jones County JC,2002,2,false
00-0019650,Dennis Northcutt,2007,JAX,WR,15,8.72,5.25,0.51,0.5746,11.5,Arizona,2000,2,false
00-0022943,Benjamin Watson,2017,BAL,TE,16,8.57,5.18,0.51,0.8442,11.5,Georgia; Duke,2004,1,false
00-0028052,Cecil Shorts,2014,JAX,WR,13,9.08,5.82,0.5,0.5944,11.5,Mount Union College,2011,4,false
00-0032257,Duke Johnson,2019,HOU,RB,16,9.63,5.87,0.5,0.5895,11.5,Miami,2015,3,false
00-0024242,DeAngelo Williams,2007,CAR,RB,16,8.71,6.44,0.5,0.5638,11.5,Memphis,2006,1,false
00-0024276,Tony Scheffler,2008,DEN,TE,13,9.26,7.39,0.5,0.8438,11.5,Western Michigan,2006,2,false
00-0027214,Keiland Williams,2010,WAS,RB,14,8.86,9.25,0.5,0.6111,11.5,LSU,,,false
00-0031055,Andre Williams,2014,NYG,RB,16,9.07,6.26,0.5,0.6699,11.5,Boston College,2014,4,false
00-0036345,K.J. Osborn,2022,MIN,WR,17,9.15,8.33,0.49,0.64,11.5,Miami; Buffalo,2020,5,false
00-0032741,Peyton Barber,2018,TB,RB,16,9.39,5.79,0.49,0.5914,11.5,Auburn,,,false
00-0021163,Jabar Gaffney,2004,HOU,WR,14,8.37,5.36,0.49,0.6,11.5,Florida,2002,2,false
00-0030542,Terrance Williams,2015,DAL,WR,16,9.63,6.56,0.49,0.6556,11.5,Baylor,2013,3,false
00-0020407,Rudi Johnson,2007,CIN,RB,11,8.7,6.93,0.49,0.5532,11.5,Auburn; Butler County JC,2001,4,false
00-0029000,Cole Beasley,2018,DAL,WR,16,9.39,7.8,0.49,0.6312,11.5,SMU,,,false
00-0036345,K.J. Osborn,2021,MIN,WR,17,9.32,6.99,0.49,0.671,11.5,Miami; Buffalo,2020,5,false
00-0015091,Antowain Smith,2003,NE,RB,13,7.95,5.36,0.48,0.6465,11.5,Houston; East Mississippi JC,1997,1,false
00-0023457,Mark Clayton,2008,BAL,WR,16,9.24,8.61,0.48,0.6296,11.5,Oklahoma,2005,1,false
00-0020308,Mike McMahon,2005,PHI,QB,9,8.54,8.97,0.48,0.1389,11.5,Rutgers,2001,5,false
00-0022879,Drew Carter,2006,CAR,WR,10,8.35,8.74,0.47,0.5354,11.5,Ohio State,2004,5,false
00-0022102,Doug Gabriel,2005,LV,WR,13,8.53,7.05,0.47,0.5865,11.5,UCF; Mississippi Gulf Coast CC,2003,5,false
00-0024313,Owen Daniels,2010,HOU,TE,11,8.83,6.69,0.47,0.7945,11.5,Wisconsin,2006,4,false
00-0017218,Lamont Warren,2001,DET,RB,16,7.29,7.73,0.47,0.6531,11.5,Colorado,1994,6,false
00-0022781,Michael Jenkins,2007,ATL,WR,15,8.68,8.25,0.47,0.5672,11.5,Ohio State,2004,1,false
00-0027061,Jared Cook,2013,LA,TE,16,9.13,7.29,0.47,0.7761,11.5,South Carolina,2009,3,false
00-0023440,Cadillac Williams,2010,TB,RB,16,8.83,4.98,0.47,0.6,11.5,Auburn,2005,1,false
00-0008962,Joe Jurevicius,2002,TB,WR,13,7.95,8.01,0.46,0.5556,11.5,Penn State,1998,2,false
00-0020245,Mike Vick,2001,ATL,QB,8,7.29,3.17,0.46,0,11.5,Virginia Tech,2001,1,false
00-0032765,Michael Thomas,2023,NO,WR,10,8.98,4.42,0.46,0.6826,11.5,Ohio State,2016,2,false
00-0019533,Patrick Pass,2005,NE,RB,10,8.52,8.02,0.46,0.625,11.5,Georgia,2000,7,false
00-0021163,Jabar Gaffney,2009,DEN,WR,16,8.7,9.47,0.46,0.6294,11.5,Florida,2002,2,false
00-0021154,Daniel Graham,2004,NE,TE,13,8.34,5.66,0.46,0.8361,11.5,Colorado,2002,1,false
00-0033357,Taysom Hill,2022,NO,TE,16,9.11,8.19,0.45,0.8395,11.5,BYU,,,false
00-0025410,Dwayne Bowe,2014,KC,WR,15,9.03,4.05,0.45,0.5874,11.4,LSU,2007,1,false
00-0029269,Travis Benjamin,2016,LAC,WR,14,9.6,7.79,0.45,0.6093,11.4,Miami,2012,4,false
00-0033357,Taysom Hill,2023,NO,TE,16,8.97,7.2,0.45,0.8125,11.4,BYU,,,false
00-0031045,Carlos Hyde,2019,HOU,RB,16,9.57,4.57,0.45,0.5789,11.4,Ohio State,2014,2,false
00-0025419,Anthony Gonzalez,2008,IND,WR,16,9.21,7.07,0.45,0.6222,11.4,Ohio State,2007,1,false
00-0020464,Darnerien McCants,2003,WAS,WR,13,7.92,6.25,0.45,0.5725,11.4,Delaware State,2001,5,false
00-0013232,Peerless Price,2004,ATL,WR,15,8.33,5.68,0.44,0.5926,11.4,Tennessee,1999,2,false
00-0036997,Javonte Williams,2024,DEN,RB,17,9.29,6.5,0.44,0.6327,11.4,North Carolina,2021,2,false
00-0025540,Kevin Boss,2009,NYG,TE,15,8.69,6.84,0.44,0.75,11.4,Western Oregon,2007,5,false
00-0028011,Stevan Ridley,2013,NE,RB,14,9.11,7.72,0.44,0.6022,11.4,LSU,2011,3,false
00-0021154,Daniel Graham,2003,NE,TE,13,7.92,6.43,0.44,0.8545,11.4,Colorado,2002,1,false
00-0027864,Ryan Mathews,2015,PHI,RB,13,9.58,7.05,0.44,0.625,11.4,Fresno State,2010,1,false
00-0019641,Thomas Jones,2003,TB,RB,15,7.91,6.73,0.44,0.6364,11.4,Virginia,2000,1,false
00-0030061,Zach Ertz,2014,PHI,TE,16,9.01,6.55,0.44,0.7895,11.4,Stanford,2013,2,false
00-0027006,Kenny Britt,2012,TEN,WR,14,9.14,5.85,0.44,0.6149,11.4,Rutgers,2009,1,false
00-0026995,Jeremy Maclin,2017,BAL,WR,12,8.5,5.32,0.43,0.625,11.4,Missouri,2009,1,false
00-0019721,Travis Taylor,2003,BAL,WR,16,7.9,6.98,0.43,0.5649,11.4,Florida,2000,1,false
00-0017486,Tyrone Wheatley,2001,OAK,RB,11,7.25,4.89,0.42,0.6429,11.4,Michigan,1995,1,false
00-0018501,Amos Zereoue,2003,PIT,RB,16,7.89,5.36,0.42,0.6263,11.4,West Virginia,1999,3,false
00-0034845,Sony Michel,2019,NE,RB,16,9.54,6.1,0.41,0.5684,11.4,Georgia,2018,1,false
00-0020270,Correll Buckhalter,2009,DEN,RB,14,8.66,5.25,0.41,0.5652,11.4,Nebraska,2001,4,false
00-0025388,JaMarcus Russell,2008,LV,QB,15,9.17,5.73,0.41,0.1563,11.4,LSU,2007,1,false
00-0033555,Mack Hollins,2022,LV,WR,17,9.07,7.21,0.41,0.6333,11.4,North Carolina,2017,4,false
00-0027518,Donald Jones,2012,BUF,WR,12,9.11,6.43,0.41,0.6081,11.4,Youngstown State; Lackawanna JC,,,false
00-0019649,Trung Canidate,2001,STL,RB,15,7.23,11.75,0.41,0.6327,11.4,Arizona,2000,1,false
00-0020494,Santana Moss,2012,WAS,WR,16,9.11,5.32,0.41,0.6014,11.4,Miami,2001,1,false
00-0001477,Marty Booker,2000,CHI,WR,15,7.06,5.56,0.41,0.5362,11.4,Louisiana-Monroe,1999,3,false
00-0036906,Khalil Herbert,2022,CHI,RB,13,9.06,8.2,0.4,0.6224,11.4,Virginia Tech,2021,6,false
00-0021376,T.J. Duckett,2004,ATL,RB,12,8.28,8.44,0.4,0.5745,11.4,Michigan State,2002,1,false
00-0027061,Jared Cook,2012,TEN,TE,13,9.1,4.29,0.4,0.7945,11.4,South Carolina,2009,3,false
00-0021209,Lamar Gordon,2002,STL,RB,12,7.88,7.67,0.4,0.6061,11.4,North Dakota State,2002,3,false
00-0025418,Greg Olsen,2008,CHI,TE,15,9.16,5.84,0.4,0.8281,11.4,Miami; Notre Dame,2007,1,false
00-0020305,A.J. Feeley,2004,MIA,QB,11,8.27,4.93,0.39,0.1143,11.3,Oregon,2001,5,false
00-0029675,Trent Richardson,2013,IND,RB,16,9.06,4.82,0.39,0.5914,11.3,Alabama,2012,1,true
00-0035689,Dawson Knox,2022,BUF,TE,15,9.05,5.56,0.39,0.8272,11.3,Mississippi,2019,3,false
00-0038621,DeMario Douglas,2024,NE,WR,16,9.23,4.96,0.39,0.6561,11.3,Liberty,2023,6,false
00-0011022,Donovan McNabb,1999,PHI,QB,11,7.24,7.93,0.38,0.1463,11.3,Syracuse,1999,1,false
00-0031235,Odell Beckham Jr.,2021,LA,WR,14,9.22,6.43,0.38,0.6645,11.3,LSU,2014,1,true
00-0023682,Ryan Fitzpatrick,2016,NYJ,QB,14,9.53,7.28,0.38,0.0645,11.3,Harvard,2005,7,false
00-0015754,Brandon Stokley,2005,IND,WR,12,8.44,6.05,0.38,0.5789,11.3,Louisiana-Lafayette,1999,4,false
00-0022138,Onterrio Smith,2003,MIN,RB,15,7.85,10.53,0.38,0.6162,11.3,Oregon; Tennessee,2003,4,false
00-0033948,Jamaal Williams,2021,DET,RB,13,9.22,6.26,0.38,0.6238,11.3,BYU,2017,4,false
00-0036309,Darnell Mooney,2020,CHI,WR,16,9.51,5.12,0.38,0.6104,11.3,Tulane,2020,5,false
00-0029701,Ryan Tannehill,2023,TEN,QB,9,8.89,6.19,0.38,0.0833,11.3,Texas A&M,2012,1,false
00-0000145,Derrick Alexander,2001,KC,WR,13,7.2,6.59,0.38,0.5887,11.3,Michigan,1994,1,false
00-0024313,Owen Daniels,2006,HOU,TE,12,8.25,8.22,0.38,0.7833,11.3,Wisconsin,2006,4,false
00-0003292,Kerry Collins,2008,TEN,QB,16,9.13,5.42,0.37,0.125,11.3,Penn State,1995,1,false
00-0032764,Derrick Henry,2017,TEN,RB,16,8.44,6.56,0.37,0.5684,11.3,Alabama,2016,2,false
00-0010477,Tony Martin,2000,MIA,WR,9,7.02,5.68,0.37,0.529,11.3,Mesa State College; Bishop,1989,5,false
00-0016550,Amani Toomer,2004,NYG,WR,15,8.25,4.53,0.36,0.5852,11.3,Michigan,1996,2,false
00-0035535,Darius Slayton,2023,NYG,WR,17,8.88,6.18,0.36,0.6766,11.3,Auburn,2019,5,false
00-0020022,Marcel Shipp,2003,ARI,RB,16,7.84,5.94,0.36,0.6061,11.3,UMass Amherst,,,false
00-0038117,Wan'Dale Robinson,2023,NYG,WR,15,8.88,5.58,0.36,0.6707,11.3,Kentucky,2022,2,false
00-0019721,Travis Taylor,2005,MIN,WR,16,8.42,5.51,0.36,0.5714,11.3,Florida,2000,1,false
00-0029708,Kendall Wright,2017,CHI,WR,15,8.43,5.54,0.36,0.6184,11.3,Baylor,2012,1,false
00-0036407,Jerry Jeudy,2023,DEN,WR,16,8.86,3.81,0.34,0.6647,11.3,Alabama,2020,1,false
00-0026314,Josh Morgan,2009,SF,WR,15,8.59,5.49,0.34,0.6224,11.3,Virginia Tech,2008,6,false
00-0030564,DeAndre Hopkins,2024,KC,WR,16,9.19,7.33,0.34,0.6497,11.3,Clemson,2013,1,true
00-0029051,Jarrett Boykin,2013,GB,WR,15,9.01,8.4,0.34,0.5912,11.3,Virginia Tech,,,false
00-0025414,Robert Meachem,2010,NO,WR,16,8.7,7.71,0.34,0.5986,11.3,Tennessee,2007,1,false
00-0021252,Najeh Davenport,2007,PIT,RB,15,8.55,8.93,0.34,0.5426,11.3,Miami,2002,4,false
00-0020904,Eric Parker,2003,LAC,WR,8,7.81,5.63,0.34,0.5573,11.3,Tennessee,,,false
00-0023367,Nate Washington,2012,TEN,WR,16,9.04,5.28,0.34,0.5946,11.3,Tiffin,,,false
00-0021163,Jabar Gaffney,2005,HOU,WR,14,8.39,5.34,0.33,0.5639,11.2,Florida,2002,2,false
00-0032371,Rob Kelley,2016,WAS,RB,14,9.47,8.34,0.33,0.6563,11.2,Tulane,,,false
00-0031285,Devonta Freeman,2021,BAL,RB,16,9.16,6.22,0.32,0.6139,11.2,Florida State,2014,4,false
00-0031387,Eric Ebron,2020,PIT,TE,15,9.45,5.13,0.32,0.8289,11.2,North Carolina,2014,1,false
00-0023438,Braylon Edwards,2009,NYJ,WR,16,8.56,6.5,0.32,0.6154,11.2,Michigan,2005,1,true
00-0021163,Jabar Gaffney,2007,NE,WR,13,8.53,8.1,0.32,0.5597,11.2,Florida,2002,2,false
00-0030472,Jordan Reed,2018,WAS,TE,13,9.22,5.14,0.32,0.8553,11.2,Florida,2013,3,false
00-0027006,Kenny Britt,2014,LA,WR,16,8.89,6.27,0.31,0.5804,11.2,Rutgers,2009,1,false
00-0036913,Kadarius Toney,2021,NYG,WR,9,9.15,8.66,0.31,0.6581,11.2,Florida,2021,1,false
00-0026173,Donnie Avery,2009,LA,WR,16,8.56,6.22,0.31,0.6084,11.2,Houston,2008,2,false
00-0011236,Billy Miller,2008,NO,TE,12,9.07,3.08,0.31,0.8125,11.2,USC,1999,7,false
00-0038608,Kayshon Boutte,2025,NE,WR,14,8.86,7.37,0.31,0.7019,11.2,LSU,2023,6,false
00-0033857,JuJu Smith-Schuster,2019,PIT,WR,12,9.43,6.95,0.31,0.6184,11.2,USC,2017,2,false
00-0003396,Curtis Conway,2004,SF,WR,12,8.19,6.72,0.31,0.5778,11.2,USC; El Camino,1993,1,false
00-0027687,Jordan Shipley,2010,CIN,WR,15,8.67,5.77,0.31,0.5915,11.2,Texas,2010,3,false
00-0021296,J.T. O'Sullivan,2008,SF,QB,9,9.07,7.51,0.31,0.0938,11.2,UC Davis,2002,6,false
00-0031941,Jamison Crowder,2021,NYJ,WR,12,9.14,5.61,0.3,0.6516,11.2,Duke,2015,4,false
00-0031941,Jamison Crowder,2018,WAS,WR,9,9.2,4.74,0.3,0.6241,11.2,Duke,2015,4,false
00-0027006,Kenny Britt,2009,TEN,WR,15,8.54,6.76,0.3,0.6014,11.2,Rutgers,2009,1,false
00-0020797,Maurice Hicks,2004,SF,RB,9,8.18,8.61,0.3,0.5638,11.2,North Carolina A&T; Montgomery JC (MD),,,false
00-0030460,Markus Wheaton,2015,PIT,WR,16,9.43,8.77,0.3,0.649,11.2,Oregon State,2013,3,false
00-0038543,Jaxon Smith-Njigba,2023,SEA,WR,17,8.81,4.18,0.29,0.6587,11.2,Ohio State,2023,1,false
00-0030710,Trey Burton,2018,CHI,TE,16,9.19,6.75,0.29,0.8421,11.2,Florida,,,false
00-0038559,Michael Wilson,2023,ARI,WR,13,8.81,7.31,0.29,0.6527,11.2,Stanford,2023,3,false
00-0032160,Tyrell Williams,2018,LAC,WR,15,9.19,6.93,0.29,0.617,11.2,Western Oregon,,,false
00-0033662,Cooper Rush,2024,DAL,QB,12,9.13,7.86,0.29,0.0526,11.2,Central Michigan; Tarrant County JC,,,false
00-0026210,Earl Bennett,2010,CHI,WR,14,8.64,5.99,0.28,0.5845,11.2,Vanderbilt,2008,3,false
00-0029854,C.J. Anderson,2015,DEN,RB,15,9.42,7.57,0.28,0.6146,11.2,California; Laney College,,,false
00-0022156,Bryant Johnson,2008,SF,WR,13,9.05,5.34,0.28,0.6148,11.2,Penn State,2003,1,false
00-0000552,Obafemi Ayanbadejo,2000,BAL,RB,8,6.94,6.07,0.28,0.5882,11.2,San Diego State; Cabrillo College,,,false
00-0034845,Sony Michel,2020,NE,RB,8,9.41,6.96,0.28,0.6465,11.2,Georgia,2018,1,false
00-0025399,Marshawn Lynch,2010,SEA,RB,16,8.64,7.36,0.28,0.5889,11.2,California,2007,1,true
00-0023645,Derek Anderson,2008,CLE,QB,10,9.04,7.28,0.28,0.0625,11.2,Oregon State,2005,6,false
00-0033526,Samaje Perine,2017,WAS,RB,13,8.35,5.67,0.28,0.5579,11.2,Oklahoma,2017,4,false
00-0004541,Donald Driver,2010,GB,WR,15,8.63,5.82,0.27,0.5704,11.1,Alcorn State,1999,7,false
00-0027709,Jacoby Ford,2010,LV,WR,15,8.63,9.54,0.27,0.5704,11.1,Clemson,2010,4,false
00-0008442,Brad Johnson,2006,MIN,QB,15,8.15,6.91,0.27,0.1176,11.1,Florida State,1992,9,false
00-0034777,DJ Chark,2022,DET,WR,11,8.93,6.97,0.27,0.6267,11.1,LSU,2018,2,false
00-0033387,Jacob Hollister,2019,SEA,TE,10,9.39,6.1,0.27,0.8429,11.1,Wyoming; Arizona Western,,,false
00-0020430,James Jackson,2001,CLE,RB,11,7.09,4.71,0.27,0.6224,11.1,Miami,2001,3,false
00-0012637,Jerome Pathon,2003,NO,WR,16,7.74,5.43,0.26,0.5496,11.1,"Washington; Acadia University, Canada",1998,2,false
00-0026170,Dustin Keller,2012,NYJ,TE,8,8.96,7.9,0.26,0.7808,11.1,Purdue,2008,1,false
00-0024242,DeAngelo Williams,2012,CAR,RB,16,8.96,9.35,0.26,0.6737,11.1,Memphis,2006,1,false
00-0030404,Chris Thompson,2018,WAS,RB,10,9.16,8.12,0.26,0.5806,11.1,Florida State,2013,5,false
00-0027997,Greg Little,2012,CLE,WR,16,8.95,5.95,0.25,0.5878,11.1,North Carolina,2011,2,false
00-0034253,Dontrell Hilliard,2021,TEN,RB,8,9.09,7.33,0.25,0.604,11.1,Tulane,,,false
00-0020514,Michael Bennett,2004,MIN,RB,10,8.13,7.84,0.25,0.5532,11.1,Wisconsin,2001,1,false
00-0026035,Danny Amendola,2019,DET,WR,15,9.37,6.82,0.25,0.6118,11.1,Texas Tech,,,false
00-0012642,David Patten,2000,CLE,WR,14,6.9,6.84,0.25,0.5217,11.1,Western Carolina,,,false
00-0008059,Qadry Ismail,2002,IND,WR,14,7.73,6.08,0.25,0.5486,11.1,Syracuse,1993,2,false
00-0033090,Hunter Henry,2024,NE,TE,16,9.09,5.79,0.24,0.8077,11.1,Arkansas,2016,2,false
00-0004915,Bobby Engram,2002,SEA,WR,15,7.73,5.63,0.24,0.5417,11.1,Penn State,1996,2,false
00-0025516,Scott Chandler,2012,BUF,TE,15,8.94,5.9,0.24,0.7671,11.1,Iowa,2007,4,false
00-0030485,Eddie Lacy,2015,GB,RB,15,9.37,7.57,0.24,0.6042,11.1,Alabama,2013,2,false
00-0019552,Troy Walters,2003,IND,WR,13,7.71,5.78,0.23,0.542,11.1,Stanford,2000,5,false
00-0028112,Charles Clay,2015,BUF,TE,13,9.37,6.72,0.23,0.7848,11.1,Tulsa,2011,6,false
00-0027061,Jared Cook,2017,LV,TE,16,8.3,6.2,0.23,0.8312,11.1,South Carolina,2009,3,false
00-0033681,Keelan Cole,2017,JAX,WR,16,8.3,8.36,0.23,0.6118,11.1,Kentucky Wesleyan,,,false
00-0021314,Chester Taylor,2004,BAL,RB,16,8.11,7.07,0.23,0.5426,11.1,Toledo,2002,6,false
00-0006949,Jackie Harris,1999,TEN,TE,9,7.08,4.66,0.22,0.8769,11.1,Louisiana-Monroe,1990,4,false
00-0030564,DeAndre Hopkins,2013,HOU,WR,16,8.89,6.05,0.22,0.5839,11.1,Clemson,2013,1,false
00-0033526,Samaje Perine,2022,CIN,RB,16,8.88,8.35,0.22,0.6122,11.1,Oklahoma,2017,4,false
00-0012931,Lawrence Phillips,1999,SF,RB,8,7.07,6.88,0.22,0.6563,11.1,Nebraska,1996,1,false
00-0032200,Ty Montgomery,2016,GB,WR,15,9.37,9.24,0.22,0.6026,11.1,Stanford,2015,3,false
00-0032063,Mike Davis,2018,SEA,RB,15,9.12,8.47,0.22,0.5699,11.1,South Carolina,2015,4,false
00-0035350,Preston Williams,2020,MIA,WR,8,9.35,6.02,0.22,0.6039,11.1,Colorado State,,,false
00-0021163,Jabar Gaffney,2008,NE,WR,11,8.98,7.35,0.22,0.6074,11.1,Florida,2002,2,false
00-0028118,Tyrod Taylor,2023,NYG,QB,10,8.73,8.2,0.22,0.0556,11.1,Virginia Tech,2011,6,false
00-0021184,Ladell Betts,2003,WAS,RB,9,7.69,4.5,0.22,0.596,11.1,Iowa,2002,2,false
00-0024813,Pierre Thomas,2012,NO,RB,15,8.91,5.65,0.21,0.6632,11,Illinois,,,false
00-0022054,Visanthe Shiancoe,2008,MIN,TE,16,8.97,7.98,0.21,0.7969,11,Morgan State,2003,3,false
00-0019641,Thomas Jones,2000,ARI,RB,14,6.86,3.85,0.21,0.5765,11,Virginia,2000,1,false
00-0040189,Oronde Gadsden II,2025,LAC,TE,15,8.76,7.54,0.21,0.7558,11,Syracuse,2025,5,false
00-0031387,Eric Ebron,2017,DET,TE,16,8.28,5.79,0.21,0.8182,11,North Carolina,2014,1,false
00-0019703,Jerry Porter,2003,LV,WR,9,7.68,5.17,0.2,0.5344,11,West Virginia,2000,2,false
00-0031547,DeVante Parker,2015,MIA,WR,10,9.34,7.91,0.2,0.6424,11,Louisville,2015,1,false
00-0027656,Rob Gronkowski,2020,TB,TE,16,9.33,6.51,0.2,0.8158,11,Arizona,2010,2,false
00-0031387,Eric Ebron,2015,DET,TE,14,9.34,5.38,0.2,0.7722,11,North Carolina,2014,1,false
00-0028263,Andre Holmes,2014,LV,WR,16,8.77,7.48,0.2,0.5734,11,Hillsdale,,,false
00-0022144,Bobby Wade,2007,MIN,WR,16,8.41,6.13,0.19,0.5522,11,Arizona,2003,5,false
00-0032977,Rashard Higgins,2018,CLE,WR,13,9.09,5.26,0.19,0.6099,11,Colorado State,2016,5,false
00-0015091,Antowain Smith,1999,BUF,RB,14,7.04,6.14,0.19,0.6458,11,Houston; East Mississippi JC,1997,1,false
00-0034830,Hayden Hurst,2020,ATL,TE,16,9.32,5.55,0.19,0.8026,11,South Carolina,2018,1,false
00-0025540,Kevin Boss,2008,NYG,TE,12,8.95,6.54,0.19,0.7813,11,Western Oregon,2007,5,false
00-0027029,LeSean McCoy,2018,BUF,RB,14,9.09,6.57,0.19,0.5591,11,Pittsburgh,2009,2,false
00-0019808,Kenny Watson,2002,WAS,RB,16,7.67,5.82,0.19,0.596,11,Penn State,,,false
00-0032966,Corey Coleman,2016,CLE,WR,10,9.33,6.91,0.18,0.596,11,Baylor,2016,1,false
00-0026983,Darrius Heyward-Bey,2012,LV,WR,15,8.88,5.73,0.18,0.5811,11,Maryland,2009,1,false
00-0001477,Marty Booker,2004,MIA,WR,15,8.06,5.19,0.18,0.5704,11,Louisiana-Monroe,1999,3,false
00-0025479,Trent Edwards,2009,BUF,QB,8,8.42,6.87,0.18,0.2821,11,Stanford,2007,3,false
00-0005620,Chris Fuamatu-Ma'afala,2001,PIT,RB,14,7,8.1,0.17,0.6122,11,Utah,1998,6,false
00-0001215,Jerome Bettis,2005,PIT,RB,12,8.23,8.02,0.17,0.6146,11,Notre Dame,1993,1,false
00-0025409,Brady Quinn,2009,CLE,QB,10,8.42,10.01,0.17,0.2564,11,Notre Dame,2007,1,false
00-0024466,Marques Colston,2015,NO,WR,13,9.31,6.88,0.17,0.6358,11,Hofstra,2006,7,false
00-0032972,Devontae Booker,2021,NYG,RB,16,9.01,5.92,0.17,0.5941,11,Utah; American River,2016,4,false
00-0025460,Jacoby Jones,2010,HOU,WR,15,8.53,5.86,0.17,0.5634,11,Lane College; Southeastern Louisiana,2007,3,false
00-0008313,Shawn Jefferson,2001,ATL,WR,15,6.99,4.7,0.17,0.5816,11,UCF,1991,9,false
00-0029614,Chris Givens,2012,LA,WR,15,8.87,6.73,0.17,0.5743,11,Wake Forest,2012,4,false
00-0022171,Kelley Washington,2003,CIN,WR,10,7.64,5.4,0.17,0.5267,11,Tennessee,2003,3,false
00-0030547,Denard Robinson,2014,JAX,RB,13,8.74,6.45,0.17,0.6602,11,Michigan,2013,5,false
00-0019643,Ron Dayne,2000,NYG,RB,16,6.82,6.03,0.16,0.5647,11,Wisconsin,2000,1,false
00-0017915,Ricky Williams,2008,MIA,RB,16,8.93,5.46,0.16,0.5319,11,Texas,1999,1,false
00-0008749,Freddie Jones,2001,SD,TE,14,6.99,4.93,0.16,0.8036,11,North Carolina,1997,2,false
00-0033891,Zay Jones,2023,JAX,WR,9,8.68,5.26,0.16,0.6467,11,East Carolina,2017,2,false
00-0021190,Antwaan Randle El,2008,WAS,WR,16,8.91,4.36,0.15,0.6,10.9,Indiana,2002,2,false
00-0003396,Curtis Conway,2003,NYJ,WR,16,7.62,4.56,0.15,0.5191,10.9,USC; El Camino,1993,1,false
00-0008962,Joe Jurevicius,2004,TB,WR,9,8.03,7.42,0.15,0.563,10.9,Penn State,1998,2,false
00-0028091,Jeremy Kerley,2016,SF,WR,16,9.29,7.19,0.15,0.5894,10.9,TCU,2011,5,false
00-0037545,Rashid Shaheed,2025,NO,WR,18,8.7,5.84,0.15,0.6957,10.9,Weber State,,,true
00-0023545,Brandon Jacobs,2006,NYG,RB,15,8.01,5.1,0.14,0.5773,10.9,Southern Illinois; Auburn; Coffeyville CC,2005,4,false
00-0028083,Jacquizz Rodgers,2012,ATL,RB,16,8.84,5.21,0.14,0.6526,10.9,Oregon State,2011,5,false
00-0029697,Coby Fleener,2013,IND,TE,16,8.8,6.42,0.14,0.7612,10.9,Stanford,2012,2,false
00-0022026,Brooks Bollinger,2005,NYJ,QB,11,8.19,7.3,0.13,0.1111,10.9,Wisconsin,2003,6,false
00-0021982,Justin Gage,2003,CHI,WR,8,7.6,4.99,0.13,0.5115,10.9,Missouri,2003,5,false
00-0012637,Jerome Pathon,2004,NO,WR,12,8.01,4.24,0.13,0.5556,10.9,"Washington; Acadia University, Canada",1998,2,false
00-0034414,Boston Scott,2021,PHI,RB,11,8.96,7.83,0.13,0.5842,10.9,Louisiana Tech,2018,6,false
00-0036414,Cam Akers,2020,LA,RB,11,9.25,5.98,0.12,0.6364,10.9,Florida State,2020,2,false
00-0020494,Santana Moss,2002,NYJ,WR,15,7.61,5.96,0.12,0.5347,10.9,Miami,2001,1,false
00-0021175,Andre Davis,2002,CLE,WR,16,7.61,6.71,0.12,0.5278,10.9,Virginia Tech,2002,2,false
00-0013499,Andre Reed,1999,BUF,WR,16,6.97,4.33,0.12,0.5147,10.9,Kutztown,1985,4,false
00-0011795,Muhsin Muhammad,2009,CAR,WR,14,8.36,4.4,0.12,0.5944,10.9,Michigan State,1996,2,false
00-0009163,Eddie Kennison,2001,DEN,WR,13,6.95,6.74,0.12,0.5745,10.9,LSU,1996,1,true
00-0020754,Kelly Campbell,2003,MIN,WR,14,7.59,6.51,0.12,0.5038,10.9,Georgia Tech,,,false
00-0018958,Laveranues Coles,2009,CIN,WR,15,8.36,4.78,0.12,0.5874,10.9,Florida State,2000,3,false
00-0030085,Kenny Stills,2019,HOU,WR,13,9.24,5.27,0.12,0.6053,10.9,Oklahoma,2013,5,false
00-0005091,Kevin Faulk,2005,NE,RB,8,8.18,4.46,0.12,0.6042,10.9,LSU,1999,2,false
00-0023465,Heath Miller,2008,PIT,TE,13,8.88,4.28,0.11,0.7656,10.9,Virginia,2005,1,false
00-0021206,Josh McCown,2007,LV,QB,9,8.33,5.61,0.11,0.2222,10.9,Sam Houston State; SMU,2002,3,false
00-0035639,Parris Campbell,2022,IND,WR,17,8.77,6.67,0.11,0.62,10.9,Ohio State,2019,2,false
00-0039793,AJ Barner,2025,SEA,TE,17,8.66,6.49,0.11,0.7442,10.9,Michigan; Indiana,2024,4,false
00-0034510,Robert Foster,2018,BUF,WR,11,9.01,7.73,0.11,0.6028,10.9,Alabama,,,false
00-0005231,Brian Finneran,2001,ATL,WR,13,6.93,5.25,0.11,0.5603,10.9,Villanova,,,false
00-0020272,Snoop Minnis,2001,KC,WR,13,6.93,4.84,0.11,0.5603,10.9,Florida State,2001,3,false
00-0021141,Joey Harrington,2002,DET,QB,14,7.58,6.23,0.1,0.0625,10.9,Oregon,2002,1,false
00-0021191,Antonio Bryant,2003,DAL,WR,14,7.57,3.61,0.1,0.4962,10.9,Pittsburgh,2002,2,false
00-0037666,Jalen Tolbert,2024,DAL,WR,17,8.94,5.25,0.1,0.6433,10.9,South Alabama,2022,3,false
00-0038997,Josh Downs,2025,IND,WR,16,8.65,4.74,0.1,0.6894,10.9,North Carolina,2023,3,false
00-0012480,Ken Oxendine,1999,ATL,RB,12,6.95,4.9,0.1,0.6354,10.9,Virginia Tech,1998,7,false
00-0031051,John Brown,2018,BAL,WR,16,8.99,7.77,0.09,0.5957,10.8,Pittsburg State (KS); Coffeyville CC; Mars Hill,2014,3,false
00-0028064,Bilal Powell,2013,NYJ,RB,16,8.76,4.57,0.09,0.5806,10.8,Louisville,2011,4,false
00-0036219,Marquez Callaway,2021,NO,WR,17,8.93,6.38,0.09,0.6452,10.8,Tennessee,,,false
00-0013268,Ricky Proehl,2002,STL,WR,15,7.57,3,0.09,0.5208,10.8,Wake Forest,1990,3,false
00-0038979,Cedric Tillman,2024,CLE,WR,9,8.93,10.59,0.09,0.6369,10.8,Tennessee,2023,3,false
00-0007576,Kelly Holcomb,2005,BUF,QB,10,8.15,7.04,0.09,0.0833,10.8,Middle Tennessee State,,,false
00-0029159,Jermaine Kearse,2015,SEA,WR,16,9.22,6.96,0.08,0.6291,10.8,Washington,,,false
00-0011770,Eric Moulds,2006,HOU,WR,15,7.95,5.32,0.08,0.5276,10.8,Mississippi State,1996,1,false
00-0022929,Devery Henderson,2008,NO,WR,15,8.84,5.12,0.08,0.5926,10.8,LSU,2004,2,false
00-0040236,Kyle Monangai,2025,CHI,RB,17,8.63,6.28,0.08,0.625,10.8,Rutgers,2025,7,false
00-0029269,Travis Benjamin,2017,LAC,WR,16,8.14,7.06,0.07,0.6053,10.8,Miami,2012,4,false
00-0020428,Robert Ferguson,2003,GB,WR,15,7.55,5.53,0.07,0.4885,10.8,Texas A&M; Tyler JC,2001,2,false
00-0002068,Troy Brown,2005,NE,WR,12,8.13,5.49,0.07,0.5564,10.8,Marshall; Lees-McRae College,1993,8,false
00-0030404,Chris Thompson,2016,WAS,RB,16,9.22,4.29,0.07,0.6458,10.8,Florida State,2013,5,false
00-0006355,Trent Green,2006,KC,QB,8,7.95,6.56,0.07,0.0882,10.8,Indiana,1993,8,false
00-0027912,Danario Alexander,2011,LA,WR,10,8.11,6.53,0.07,0.6014,10.8,Missouri,,,false
00-0030414,Spencer Ware,2015,KC,RB,9,9.2,8.44,0.06,0.5938,10.8,LSU,2013,6,false
00-0030085,Kenny Stills,2018,MIA,WR,15,8.96,8.4,0.06,0.5887,10.8,Oklahoma,2013,5,false
00-0030663,Willie Snead,2018,BAL,WR,15,8.96,4.31,0.06,0.5816,10.8,Ball State,,,false
00-0022165,Dallas Clark,2004,IND,TE,12,7.94,6.65,0.06,0.8197,10.8,Iowa,2003,1,false
00-0027077,Brian Hartline,2015,CLE,WR,12,9.19,7.72,0.06,0.6225,10.8,Ohio State,2009,4,false
00-0035662,Marquise Brown,2025,KC,WR,16,8.61,5.69,0.05,0.6832,10.8,Oklahoma; College of the Canyons,2019,1,false
00-0013080,Marcus Pollard,2000,IND,TE,14,6.71,5.42,0.05,0.85,10.8,Bradley University; Seward County Community Coll,,,false
00-0032144,Melvin Gordon,2022,DEN,RB,10,8.71,5.77,0.05,0.602,10.8,Wisconsin,2015,1,false
00-0019726,Sylvester Morris,2000,KC,WR,14,6.7,4.13,0.05,0.5145,10.8,Jackson State University,2000,1,false
00-0013013,Michael Pittman,2005,TB,RB,15,8.11,7.51,0.05,0.5938,10.8,Fresno State,1998,4,false
00-0003400,Ernie Conwell,2001,STL,TE,16,6.87,6.21,0.04,0.7857,10.8,Washington,1996,2,false
00-0032208,Phillip Dorsett,2019,NE,WR,11,9.16,7.62,0.04,0.5987,10.8,Miami,2015,1,false
00-0039032,Tyjae Spears,2025,TEN,RB,13,8.59,5.55,0.04,0.6146,10.8,Tulane,2023,3,false
00-0032602,J.D. McKissic,2017,SEA,RB,12,8.11,4.24,0.04,0.5474,10.8,Arkansas State,,,false
00-0024463,Ben Obomanu,2010,SEA,WR,13,8.39,7.83,0.03,0.5563,10.8,Auburn,2006,7,false
00-0032209,T.J. Yeldon,2016,JAX,RB,15,9.18,5.43,0.03,0.6354,10.8,Alabama,2015,2,false
00-0034383,Dalton Schultz,2020,DAL,TE,16,9.16,5.33,0.03,0.7895,10.7,Stanford,2018,4,false
00-0006331,Jacquez Green,2001,TB,WR,12,6.85,6.25,0.03,0.5532,10.7,Florida,1998,2,false
00-0025418,Greg Olsen,2011,CAR,TE,16,8.06,6.38,0.02,0.7534,10.7,Miami; Notre Dame,2007,1,false
00-0034775,Christian Kirk,2024,JAX,WR,8,8.86,6.45,0.02,0.6306,10.7,Texas A&M,2018,2,false
00-0030472,Jordan Reed,2014,WAS,TE,11,8.59,6.67,0.02,0.7763,10.7,Florida,2013,3,false
00-0033118,Kenyan Drake,2022,BAL,RB,12,8.68,8.44,0.02,0.5918,10.7,Alabama,2016,3,false
00-0035215,Deonte Harty,2021,NO,WR,13,8.85,5.56,0.02,0.6387,10.7,Assumption,,,false
00-0023367,Nate Washington,2008,PIT,WR,14,8.78,5.36,0.02,0.5852,10.7,Tiffin,,,false
00-0033127,Will Fuller,2016,HOU,WR,14,9.16,7.39,0.01,0.5828,10.7,Notre Dame,2016,1,false
00-0030821,Allen Hurns,2016,JAX,WR,11,9.15,6.27,0.01,0.5762,10.7,Miami,,,false
00-0002058,Tim Brown,2003,LV,WR,16,7.48,5.94,0.01,0.4809,10.7,Notre Dame,1988,1,false
00-0036290,Cole Kmet,2022,CHI,TE,17,8.66,6.67,0.01,0.8148,10.7,Notre Dame,2020,2,false
00-0025549,Brent Celek,2010,PHI,TE,14,8.36,5.99,0.01,0.7808,10.7,Cincinnati,2007,5,false
00-0023662,Matt Cassel,2012,KC,QB,9,8.7,6.7,0,0.0857,10.7,USC,2005,7,false
00-0022781,Michael Jenkins,2005,ATL,WR,13,8.06,5.52,0,0.5489,10.7,Ohio State,2004,1,false
00-0024294,Jerious Norwood,2007,ATL,RB,15,8.21,5.27,0,0.5319,10.7,Mississippi State,2006,3,false
00-0002068,Troy Brown,1999,NE,WR,13,6.85,4.4,0,0.5074,10.7,Marshall; Lees-McRae College,1993,8,false
00-0007093,Andre Hastings,1999,NO,WR,15,6.85,5,0,0.5,10.7,Georgia,1993,3,false
00-0005110,Jermaine Fazande,2000,SD,RB,11,6.65,4.79,0,0.5529,10.7,Oklahoma,1999,2,false
00-0000210,James Allen,2001,CHI,RB,16,6.83,6.12,0,0.602,10.7,Oklahoma,,,false
00-0021376,T.J. Duckett,2002,ATL,RB,12,7.48,5.72,0,0.5859,10.7,Michigan State,2002,1,false
00-0013888,Marcus Robinson,2003,BAL,WR,15,7.47,11.57,0,0.4733,10.7,South Carolina,1997,4,false
00-0007213,Steve Heiden,2004,CLE,TE,11,7.88,9.12,0,0.8033,10.7,South Dakota State,1999,3,false
00-0021314,Chester Taylor,2005,BAL,RB,15,8.06,4.55,0,0.5833,10.7,Toledo,2002,6,false
00-0024221,Vernon Davis,2006,SF,TE,8,7.88,6.3,0,0.7667,10.7,Maryland,2006,1,false
00-0008962,Joe Jurevicius,2007,CLE,WR,16,8.21,4.85,0,0.5448,10.7,Penn State,1998,2,false
00-0023564,Darren Sproles,2008,LAC,RB,16,8.76,8.88,0,0.5213,10.7,Kansas State,2005,4,false
00-0026162,Felix Jones,2009,DAL,RB,14,8.24,5.67,0,0.5543,10.7,Arkansas,2008,1,false
00-0027531,Chris Ivory,2010,NO,RB,12,8.36,7.9,0,0.5778,10.7,Tiffin; Washington State,,,false
00-0027134,Curtis Painter,2011,IND,QB,9,8.04,7.72,0,0.1111,10.7,Purdue,2009,6,false
00-0026153,Jonathan Stewart,2012,CAR,RB,9,8.7,3.64,0,0.6421,10.7,Oregon,2008,1,false
00-0023465,Heath Miller,2013,PIT,TE,14,8.66,4.5,0,0.7463,10.7,Virginia,2005,1,false
00-0031376,Jerick McKinnon,2014,MIN,RB,11,8.57,4.91,0,0.6505,10.7,Georgia Southern,2014,3,false
00-0010346,Peyton Manning,2015,DEN,QB,10,9.14,8.01,0,0.0857,10.7,Tennessee,1998,1,false
00-0030431,Robert Woods,2016,BUF,WR,13,9.15,6.85,0,0.5695,10.7,USC,2013,2,false
00-0033950,Wayne Gallman,2017,NYG,RB,13,8.07,5.18,0,0.5368,10.7,Clemson,2017,4,false
00-0025418,Greg Olsen,2018,CAR,TE,9,8.9,5.6,0,0.8289,10.7,Miami; Notre Dame,2007,1,false
00-0027029,LeSean McCoy,2019,KC,RB,13,9.12,6.45,0,0.5579,10.7,Pittsburgh,2009,2,false
00-0035657,Damien Harris,2020,NE,RB,10,9.13,3.8,0,0.6263,10.7,Alabama,2019,3,false
00-0034348,Courtland Sutton,2021,DEN,WR,17,8.84,7.92,0,0.6323,10.7,SMU,2018,2,false
00-0033943,Josh Reynolds,2022,DET,WR,12,8.66,6.95,0,0.6133,10.7,Texas A&M; Tyler JC,2017,4,false
00-0033009,Tyler Boyd,2023,CIN,WR,17,8.52,4.84,0,0.6407,10.7,Pittsburgh,2016,2,false
00-0034829,Mike Gesicki,2024,CIN,TE,16,8.84,7.39,0,0.7949,10.7,Penn State,2018,2,false
00-0033923,Kareem Hunt,2025,KC,RB,17,8.55,6.05,0,0.6042,10.7,Toledo,2017,3,false
00-0034286,Richie James,2022,NYG,WR,16,8.66,6.89,0,0.6067,10.7,Middle Tennessee State,2018,7,false
00-0025479,Trent Edwards,2007,BUF,QB,10,8.21,5.97,0,0.1944,10.7,Stanford,2007,3,false
00-0017209,Chris Warren,1999,DAL,RB,15,6.85,5.38,-0.01,0.625,10.7,Ferrum College; Virginia,1990,4,false
00-0020462,LaMont Jordan,2006,LV,RB,9,7.87,6.35,-0.01,0.567,10.7,Maryland,2001,2,false
00-0023578,Dan Orlovsky,2008,DET,QB,10,8.75,7.61,-0.01,0.0313,10.7,Connecticut,2005,5,false
00-0030432,Christine Michael,2016,SEA,RB,15,9.13,7.93,-0.01,0.625,10.7,Texas A&M,2013,2,true
00-0021094,Jason McAddley,2002,ARI,WR,9,7.47,3.99,-0.02,0.5139,10.7,Alabama,2002,5,false
00-0039901,Keon Coleman,2025,BUF,WR,12,8.53,6.05,-0.02,0.677,10.7,Florida State; Michigan State,2024,2,false
00-0017486,Tyrone Wheatley,2003,LV,RB,15,7.45,4.81,-0.02,0.5859,10.7,Michigan,1995,1,false
00-0026995,Jeremy Maclin,2016,KC,WR,12,9.12,5.17,-0.02,0.5629,10.7,Missouri,2009,1,false
00-0011224,Itula Mili,2003,SEA,TE,16,7.45,5.93,-0.02,0.8364,10.7,BYU,1997,6,false
00-0028067,Julius Thomas,2016,JAX,TE,9,9.12,5.16,-0.02,0.7534,10.7,Portland State,2011,4,false
00-0032009,Adam Humphries,2017,TB,WR,16,8.04,4.76,-0.03,0.5987,10.7,Clemson,,,false
00-0040735,Luther Burden III,2025,CHI,WR,15,8.53,7.54,-0.03,0.6708,10.7,Missouri,2025,2,false
00-0009550,David LaFleur,1999,DAL,TE,16,6.83,5.77,-0.03,0.8615,10.7,LSU,1997,1,false
00-0003400,Ernie Conwell,2003,NO,TE,9,7.44,3.93,-0.03,0.8182,10.6,Washington,1996,2,false
00-0000166,Stephen Alexander,2000,WAS,TE,16,6.63,3.43,-0.03,0.8333,10.6,Oklahoma,1998,2,false
00-0031577,Javorius Allen,2015,BAL,RB,16,9.11,9.62,-0.03,0.5833,10.6,USC,2015,4,false
00-0039847,Theo Johnson,2025,NYG,TE,15,8.52,5.82,-0.03,0.7326,10.6,Penn State,2024,4,false
00-0029262,Rueben Randle,2013,NYG,WR,16,8.63,7.55,-0.03,0.5766,10.6,LSU,2012,2,false
00-0030470,Vance McDonald,2018,PIT,TE,15,8.87,4.78,-0.03,0.8158,10.6,Rice,2013,2,false
00-0024243,Marcedes Lewis,2012,JAX,TE,15,8.67,5.5,-0.03,0.7534,10.6,UCLA,2006,1,false
00-0009323,Jimmy Kleinsasser,2003,MIN,TE,15,7.44,5.89,-0.03,0.8,10.6,North Dakota,1999,2,false
00-0025460,Jacoby Jones,2009,HOU,WR,14,8.21,5.97,-0.04,0.5804,10.6,Lane College; Southeastern Louisiana,2007,3,false
00-0003035,Desmond Clark,2007,CHI,TE,15,8.17,5.24,-0.05,0.7778,10.6,Wake Forest,1999,6,false
00-0037252,Greg Dulcich,2022,DEN,TE,10,8.61,4.94,-0.05,0.8025,10.6,UCLA,2022,3,false
00-0030513,Latavius Murray,2020,NO,RB,15,9.08,6.52,-0.05,0.6162,10.6,UCF,2013,6,false
00-0033948,Jamaal Williams,2020,GB,RB,14,9.08,6.35,-0.05,0.6061,10.6,BYU,2017,4,false
00-0034829,Mike Gesicki,2019,MIA,TE,15,9.07,6.98,-0.06,0.8286,10.6,Penn State,2018,2,false
00-0027089,Louis Murphy,2010,LV,WR,14,8.3,6.14,-0.06,0.5493,10.6,Florida,2009,4,false
00-0030181,Jack Doyle,2016,IND,TE,16,9.09,5.99,-0.06,0.7397,10.6,Western Kentucky,,,false
00-0022701,D.J. Hackett,2005,SEA,WR,10,8,5.71,-0.06,0.5414,10.6,Colorado; California State-Northridge,2004,5,false
00-0028112,Charles Clay,2016,BUF,TE,15,9.08,7.41,-0.07,0.726,10.6,Tulsa,2011,6,false
00-0028083,Jacquizz Rodgers,2016,TB,RB,10,9.08,6.78,-0.07,0.6146,10.6,Oregon State,2011,5,false
00-0034765,Tre'Quan Smith,2021,NO,WR,10,8.77,5.32,-0.07,0.6258,10.6,UCF,2018,3,false
00-0025463,Jason Hill,2011,JAX,WR,10,7.97,6.34,-0.07,0.5946,10.6,Washington State,2007,3,false
00-0033293,Aaron Jones,2017,GB,RB,10,8,7.9,-0.07,0.5263,10.6,Texas-El Paso,2017,5,false
00-0030431,Robert Woods,2013,BUF,WR,14,8.59,5.56,-0.07,0.5693,10.6,USC,2013,2,false
00-0025549,Brent Celek,2012,PHI,TE,15,8.63,5.17,-0.07,0.7397,10.6,Cincinnati,2007,5,false
00-0019670,Trevor Gaylor,2002,ATL,WR,11,7.41,5.58,-0.07,0.5069,10.6,Miami (Ohio),2000,4,false
00-0022781,Michael Jenkins,2006,ATL,WR,16,7.8,4.95,-0.08,0.5197,10.6,Ohio State,2004,1,false
00-0021190,Antwaan Randle El,2004,PIT,WR,16,7.81,7.68,-0.08,0.5481,10.6,Indiana,2002,2,false
00-0025535,Kolby Smith,2007,KC,RB,11,8.14,8.93,-0.08,0.5213,10.6,Louisville,2007,5,false
00-0024272,Devin Hester,2010,CHI,WR,16,8.28,5.23,-0.08,0.5423,10.6,Miami,2006,2,false
00-0032760,Josh Doctson,2017,WAS,WR,15,7.99,3.85,-0.08,0.5921,10.6,TCU; Wyoming,2016,1,false
00-0031547,DeVante Parker,2022,NE,WR,12,8.58,8.09,-0.08,0.6,10.6,Louisville,2015,1,false
00-0024332,Leon Washington,2007,NYJ,RB,16,8.13,6.76,-0.09,0.5106,10.6,Florida State,2006,4,false
00-0008400,James Jett,1999,OAK,WR,16,6.76,4.28,-0.09,0.4926,10.5,West Virginia,,,false
00-0027651,Dexter McCluster,2013,KC,WR,15,8.57,6.55,-0.09,0.562,10.5,Mississippi,2010,2,false
00-0026231,Jermichael Finley,2012,GB,TE,16,8.61,5.01,-0.09,0.726,10.5,Texas,2008,3,false
00-0016550,Amani Toomer,2008,NYG,WR,15,8.67,5.4,-0.1,0.5778,10.5,Michigan,1996,2,false
00-0027888,Toby Gerhart,2011,MIN,RB,15,7.94,7.92,-0.1,0.5682,10.5,Stanford,2010,2,false
00-0028017,Leonard Hankerson,2013,WAS,WR,10,8.55,6.5,-0.11,0.5547,10.5,Miami,2011,3,false
00-0031376,Jerick McKinnon,2020,SF,RB,14,9.01,6.87,-0.12,0.596,10.5,Georgia Southern,2014,3,false
00-0020381,Justin McCareins,2005,NYJ,WR,16,7.94,5.47,-0.12,0.5338,10.5,Northern Illinois,2001,4,false
00-0025516,Scott Chandler,2011,BUF,TE,14,7.92,6.56,-0.12,0.7397,10.5,Iowa,2007,4,false
00-0022165,Dallas Clark,2011,IND,TE,10,7.92,5.05,-0.12,0.726,10.5,Iowa,2003,1,false
00-0026195,Ray Rice,2008,BAL,RB,12,8.64,5.74,-0.12,0.5106,10.5,Rutgers,2008,2,false
00-0032055,Devin Funchess,2018,CAR,WR,14,8.78,6.09,-0.12,0.5745,10.5,Michigan,2015,2,false
00-0030287,Andre Ellington,2017,ARI,RB,11,7.95,6.45,-0.12,0.5158,10.5,Clemson,2013,6,true
00-0023496,Vincent Jackson,2007,LAC,WR,15,8.09,5.63,-0.13,0.5373,10.5,Northern Colorado,2005,2,false
00-0024264,Kellen Clemens,2013,LA,QB,10,8.53,5.81,-0.13,0.0286,10.5,Oregon,2006,2,false
00-0032257,Duke Johnson,2016,CLE,RB,16,9.01,4.71,-0.13,0.6042,10.5,Miami,2015,3,false
00-0003535,Tim Couch,2003,CLE,QB,10,7.34,7.84,-0.14,0.1176,10.5,Kentucky,1999,1,false
00-0037256,Rachaad White,2025,TB,RB,17,8.41,5.5,-0.14,0.5938,10.5,Arizona State; Mt. San Antonio; Kearney State,2022,3,false
00-0028002,Randall Cobb,2021,GB,WR,11,8.69,7.69,-0.15,0.6194,10.5,Kentucky,2011,2,false
00-0020583,Marc Boerigter,2002,KC,WR,15,7.33,9.64,-0.15,0.5,10.5,Hastings,,,false
00-0027873,Jermaine Gresham,2010,CIN,TE,15,8.21,5.82,-0.15,0.7671,10.5,Oklahoma,2010,1,false
00-0026937,Brandon Gibson,2009,LA,WR,9,8.09,5.65,-0.15,0.5734,10.4,Washington State,2009,6,false
00-0035250,Devin Singletary,2020,BUF,RB,16,8.98,5.12,-0.15,0.5859,10.4,Florida Atlantic,2019,3,false
00-0020904,Eric Parker,2006,LAC,WR,15,7.72,3.99,-0.16,0.5118,10.4,Tennessee,,,false
00-0027696,Jimmy Graham,2020,CHI,TE,16,8.97,7.42,-0.16,0.7763,10.4,Miami,2010,3,false
00-0008357,MarTay Jenkins,2002,ARI,WR,8,7.33,4.66,-0.16,0.4931,10.4,Nebraska-Omaha; North Iowa Area Community College,1999,6,false
00-0007681,Torry Holt,2009,JAX,WR,15,8.08,3.92,-0.16,0.5664,10.4,N.C. State,1999,1,false
00-0036973,Travis Etienne,2024,JAX,RB,15,8.68,3.9,-0.16,0.6224,10.4,Clemson,2021,1,false
00-0019539,Dante Hall,2003,KC,WR,16,7.31,7.27,-0.17,0.4656,10.4,Texas A&M,2000,5,false
00-0031428,Allen Robinson,2022,LA,WR,10,8.49,5.63,-0.17,0.5933,10.4,Penn State,2014,2,false
00-0017697,Terrence Wilkins,2001,IND,WR,11,6.65,5.26,-0.17,0.5461,10.4,Virginia,,,false
00-0031068,Ryan Grant,2017,WAS,WR,16,7.89,4.49,-0.18,0.5855,10.4,Tulane,2014,5,false
00-0025394,Adrian Peterson,2017,ARI,RB,10,7.89,8.1,-0.18,0.5053,10.4,Oklahoma,2007,1,true
00-0023436,Alex Smith,2020,WAS,QB,8,8.95,5.79,-0.18,0.0833,10.4,Utah,2005,1,false
00-0022984,Ryan Grant,2011,GB,RB,15,7.85,6.42,-0.19,0.5568,10.4,Notre Dame,,,false
00-0034972,Alexander Mattison,2023,MIN,RB,16,8.32,5.02,-0.19,0.5778,10.4,Boise State,2019,3,false
00-0036555,Chuba Hubbard,2025,CAR,RB,15,8.36,6.15,-0.19,0.5833,10.4,Oklahoma State,2021,4,false
00-0019623,Tim Rattay,2003,SF,QB,8,7.28,8.03,-0.19,0.0882,10.4,Louisiana Tech; Scottsdale CC,2000,7,false
00-0004294,Ken Dilger,1999,IND,TE,15,6.66,4.13,-0.19,0.8462,10.4,Illinois,1995,2,false
00-0035229,T.J. Hockenson,2024,MIN,TE,10,8.65,5.21,-0.19,0.7821,10.4,Iowa,2019,1,false
00-0020562,Chad Hutchinson,2002,DAL,QB,9,7.29,5,-0.19,0.0313,10.4,Stanford,,,false
00-0000166,Stephen Alexander,2002,SD,TE,14,7.29,7.28,-0.2,0.8923,10.4,Oklahoma,1998,2,false
00-0023544,Marion Barber,2011,CHI,RB,11,7.84,5.14,-0.2,0.5455,10.4,Minnesota,2005,4,false
00-0027789,Dezmon Briscoe,2011,TB,WR,14,7.84,7.2,-0.2,0.5878,10.4,Kansas,2010,6,false
00-0010240,Stacey Mack,2002,JAC,RB,16,7.28,6.56,-0.2,0.5758,10.4,Temple; Southwest Mississippi JC,,,true
00-0017303,Justin Watson,2000,STL,RB,10,6.45,5.55,-0.2,0.5412,10.4,San Diego State,,,false
00-0022414,Malcom Floyd,2009,LAC,WR,16,8.04,4.88,-0.21,0.5594,10.4,Wyoming,,,false
00-0023176,Josh Cribbs,2011,CLE,WR,16,7.83,5.47,-0.21,0.5811,10.4,Kent State,,,false
00-0011068,Johnny McWilliams,2000,MIN,TE,9,6.44,5.42,-0.21,0.8167,10.4,USC,1996,3,false
00-0020270,Correll Buckhalter,2001,PHI,RB,14,6.61,6.43,-0.21,0.5918,10.4,Nebraska,2001,4,false
00-0036550,Rashod Bateman,2021,BAL,WR,12,8.62,5.25,-0.21,0.6129,10.4,Minnesota,2021,1,false
00-0015751,J.J. Stokes,2000,SF,WR,16,6.44,6.1,-0.22,0.5072,10.3,UCLA,1995,1,false
00-0016440,James Thrash,2003,PHI,WR,16,7.26,4.24,-0.22,0.458,10.3,Missouri Southern,,,false
00-0021152,Ashley Lelie,2003,DEN,WR,16,7.26,6.46,-0.22,0.4504,10.3,Hawaii,2002,1,false
00-0022165,Dallas Clark,2005,IND,TE,14,7.84,6.21,-0.22,0.7544,10.3,Iowa,2003,1,false
00-0022217,Mewelde Moore,2006,MIN,RB,16,7.66,5.52,-0.22,0.5567,10.3,Tulane,2004,4,false
00-0031302,C.J. Fiedorowicz,2016,HOU,TE,15,8.93,5.7,-0.22,0.7123,10.3,Iowa,2014,3,false
00-0027080,Mike Goodson,2010,CAR,RB,16,8.14,7.57,-0.22,0.5667,10.3,Texas A&M,2009,4,false
00-0026289,Tim Hightower,2010,ARI,RB,16,8.14,7.27,-0.22,0.5556,10.3,Richmond,2008,5,false
00-0034676,James Washington,2019,PIT,WR,15,8.9,6.67,-0.22,0.5921,10.3,Oklahoma State,2018,2,false
00-0002861,Byron Chamberlain,1999,DEN,TE,14,6.63,5.82,-0.22,0.8308,10.3,Wayne State College; Missouri,1995,7,false
00-0032972,Devontae Booker,2016,DEN,RB,16,8.92,6.53,-0.23,0.5938,10.3,Utah; American River,2016,4,false
00-0034845,Sony Michel,2021,LA,RB,17,8.61,6.97,-0.23,0.5743,10.3,Georgia,2018,1,false
00-0036040,Juwan Johnson,2022,NO,TE,16,8.43,6.96,-0.23,0.7901,10.3,Oregon; Penn State,,,false
00-0001532,David Boston,1999,ARI,WR,15,6.62,5.88,-0.23,0.4853,10.3,Ohio State,1999,1,false
00-0027061,Jared Cook,2014,LA,TE,16,8.34,5.65,-0.24,0.7632,10.3,South Carolina,2009,3,false
00-0030514,Mychal Rivera,2014,LV,TE,16,8.34,7.83,-0.24,0.75,10.3,Tennessee; College of the Canyons,2013,6,false
00-0021182,Maurice Morris,2010,DET,RB,13,8.12,7.94,-0.24,0.5444,10.3,Oregon; Fresno City College,2002,2,false
00-0034838,Royce Freeman,2019,DEN,RB,16,8.89,4.33,-0.24,0.5474,10.3,Oregon,2018,3,false
00-0021314,Chester Taylor,2009,MIN,RB,16,8.01,5.29,-0.24,0.5435,10.3,Toledo,2002,6,false
00-0023367,Nate Washington,2006,PIT,WR,16,7.64,4.97,-0.24,0.5039,10.3,Tiffin,,,false
00-0026035,Danny Amendola,2021,HOU,WR,8,8.6,10.56,-0.24,0.6065,10.3,Texas Tech,,,false
00-0036555,Chuba Hubbard,2021,CAR,RB,16,8.6,5.67,-0.24,0.5644,10.3,Oklahoma State,2021,4,false
00-0020270,Correll Buckhalter,2008,PHI,RB,14,8.52,9.7,-0.24,0.5,10.3,Nebraska,2001,4,false
00-0007530,Billy Joe Hobert,1999,NO,QB,9,6.61,5.03,-0.24,0.122,10.3,Washington,1993,3,false
00-0023456,Matt Jones,2007,JAX,WR,10,7.97,7.39,-0.24,0.5299,10.3,Arkansas,2005,1,false
00-0023465,Heath Miller,2011,PIT,TE,16,7.79,5.2,-0.24,0.7123,10.3,Virginia,2005,1,false
00-0031418,Austin Seferian-Jenkins,2017,NYJ,TE,13,7.82,4.84,-0.25,0.8052,10.3,Washington,2014,2,false
00-0010240,Stacey Mack,2003,HOU,RB,8,7.22,4.67,-0.25,0.5758,10.3,Temple; Southwest Mississippi JC,,,false
00-0014759,Rashaan Shehee,1999,KC,RB,9,6.6,5.52,-0.25,0.6146,10.3,Washington,1998,3,false
00-0026153,Jonathan Stewart,2017,CAR,RB,15,7.81,7.28,-0.26,0.4947,10.3,Oregon,2008,1,false
00-0024313,Owen Daniels,2014,BAL,TE,15,8.31,5.85,-0.26,0.7368,10.3,Wisconsin,2006,4,false
00-0036980,Elijah Moore,2023,CLE,WR,16,8.26,4.49,-0.26,0.6347,10.3,Mississippi,2021,2,false
00-0023074,Samkon Gado,2007,MIA,RB,8,7.95,8.02,-0.26,0.5,10.3,Liberty,,,true
00-0030113,Charles D. Johnson,2014,MIN,WR,11,8.31,6.43,-0.26,0.5664,10.3,Grand Valley; Antelope Valley Junior College; Eastern Kentucky,2013,7,false
00-0039901,Keon Coleman,2024,BUF,WR,13,8.58,5.09,-0.27,0.6242,10.3,Florida State; Michigan State,2024,2,false
00-0034777,DJ Chark,2023,CAR,WR,14,8.25,7.19,-0.27,0.6287,10.3,LSU,2018,2,false
00-0023439,Cedric Benson,2006,CHI,RB,15,7.61,5.33,-0.27,0.5464,10.3,Texas,2005,1,false
00-0004673,Tim Dwight,2000,ATL,WR,14,6.39,6.14,-0.27,0.5,10.3,Iowa,1998,4,false
00-0027691,Andre Roberts,2011,ARI,WR,16,7.77,5.48,-0.27,0.5743,10.3,The Citadel,2010,3,false
00-0027681,Brandon LaFell,2017,CIN,WR,16,7.8,4.61,-0.27,0.5789,10.3,LSU,2010,3,false
00-0025487,Michael Bush,2008,LV,RB,11,8.49,9.89,-0.27,0.4894,10.3,Louisville,2007,4,false
00-0020285,Alge Crumpler,2003,ATL,TE,16,7.2,5.11,-0.27,0.7818,10.3,North Carolina,2001,2,false
00-0034860,Dante Pettis,2018,SF,WR,12,8.63,9.27,-0.28,0.5674,10.3,Washington,2018,2,false
00-0022781,Michael Jenkins,2009,ATL,WR,15,7.97,4.83,-0.28,0.5524,10.3,Ohio State,2004,1,false
00-0032009,Adam Humphries,2016,TB,WR,15,8.87,5.95,-0.28,0.5563,10.2,Clemson,,,false
00-0027948,Blaine Gabbert,2011,JAX,QB,15,7.76,3.92,-0.28,0.0833,10.2,Missouri,2011,1,false
00-0030668,Charcandrick West,2015,KC,RB,15,8.85,9.42,-0.28,0.5729,10.2,Abilene Christian; Louisiana Tech,,,false
00-0027696,Jimmy Graham,2010,NO,TE,12,8.07,6.12,-0.28,0.7534,10.2,Miami,2010,3,false
00-0037545,Rashid Shaheed,2022,NO,WR,12,8.38,5.38,-0.28,0.5867,10.2,Weber State,,,false
00-0033879,O.J. Howard,2017,TB,TE,13,7.78,8.05,-0.28,0.7922,10.2,Alabama,2017,1,false
00-0024324,Jason Avant,2012,PHI,WR,14,8.41,4.92,-0.29,0.5676,10.2,Michigan,2006,4,false
00-0025418,Greg Olsen,2019,CAR,TE,14,8.84,7.02,-0.29,0.8143,10.2,Miami; Notre Dame,2007,1,false
00-0025460,Jacoby Jones,2013,BAL,WR,12,8.37,5.6,-0.29,0.5474,10.2,Lane College; Southeastern Louisiana,2007,3,false
00-0022093,Justin Fargas,2009,LV,RB,12,7.95,4.53,-0.29,0.5326,10.2,USC; Michigan,2003,3,false
00-0032214,Tyler Kroft,2017,CIN,TE,16,7.78,7.55,-0.29,0.7792,10.2,Rutgers,2015,3,false
00-0020464,Darnerien McCants,2002,WAS,WR,8,7.19,4.7,-0.3,0.4861,10.2,Delaware State,2001,5,false
00-0033118,Kenyan Drake,2021,LV,RB,12,8.54,6.88,-0.3,0.5545,10.2,Alabama,2016,3,false
00-0040242,Jacory Croskey-Merritt,2025,WAS,RB,17,8.25,7.47,-0.3,0.5729,10.2,Arizona; New Mexico; Alabama State,2025,7,false
00-0019594,Mike Anderson,2001,DEN,RB,16,6.52,6.44,-0.3,0.5816,10.2,Utah; Mount San Jacinto College,2000,6,false
00-0032211,Tyler Lockett,2017,SEA,WR,16,7.77,5.95,-0.3,0.5724,10.2,Kansas State,2015,3,false
00-0027150,Julian Edelman,2009,NE,WR,10,7.94,6.62,-0.3,0.5455,10.2,Kent State; San Mateo,2009,7,false
00-0019599,Marc Bulger,2008,LA,QB,15,8.46,5.29,-0.3,0,10.2,West Virginia,2000,6,false
00-0006949,Jackie Harris,2000,DAL,TE,16,6.35,5.65,-0.3,0.8,10.2,Louisiana-Monroe,1990,4,false
00-0013639,Jerry Rice,2004,SEA,WR,12,7.57,8.25,-0.31,0.5407,10.2,Mississippi Valley State University,1985,1,true
00-0007389,Skip Hicks,1999,WAS,RB,9,6.54,5.24,-0.31,0.6042,10.2,UCLA,1998,3,false
00-0022165,Dallas Clark,2006,IND,TE,12,7.56,3.9,-0.32,0.75,10.2,Iowa,2003,1,false
00-0031384,Richard Rodgers,2020,PHI,TE,8,8.81,4.73,-0.32,0.7632,10.2,California,2014,3,false
00-0033881,Evan Engram,2020,NYG,TE,16,8.81,4.58,-0.32,0.75,10.2,Mississippi,2017,1,false
00-0035535,Darius Slayton,2020,NYG,WR,16,8.81,7.39,-0.32,0.5974,10.2,Auburn,2019,5,false
00-0027695,Tony Moeaki,2010,KC,TE,15,8.04,3.55,-0.32,0.7397,10.2,Iowa,2010,3,false
00-0039919,Rome Odunze,2024,CHI,WR,17,8.52,6.2,-0.32,0.6178,10.2,Washington,2024,1,false
00-0030348,Khiry Robinson,2015,NO,RB,8,8.81,4.04,-0.32,0.5625,10.2,West Texas State; Blinn College,,,false
00-0039491,Jalen Coker,2025,CAR,WR,11,8.22,5.87,-0.33,0.6646,10.2,Holy Cross,,,false
00-0031939,Matt Jones,2015,WAS,RB,13,8.8,8.97,-0.34,0.5521,10.2,Florida,2015,3,false
00-0005091,Kevin Faulk,2009,NE,RB,15,7.91,4.38,-0.34,0.5217,10.2,LSU,1999,2,false
00-0036407,Jerry Jeudy,2021,DEN,WR,10,8.5,4.23,-0.34,0.6,10.2,Alabama,2020,1,false
00-0039916,Ricky Pearsall,2024,SF,WR,11,8.5,9.57,-0.34,0.6115,10.1,Florida; Arizona State,2024,1,false
00-0027681,Brandon LaFell,2011,CAR,WR,15,7.69,5.21,-0.35,0.5676,10.1,LSU,2010,3,false
00-0020446,Chris Chambers,2008,LAC,WR,13,8.41,6.17,-0.35,0.5704,10.1,Wisconsin,2001,2,false
00-0037256,Rachaad White,2022,TB,RB,17,8.3,6.02,-0.36,0.5816,10.1,Arizona State; Mt. San Antonio; Kearney State,2022,3,false
00-0006627,Az-Zahir Hakim,2001,STL,WR,16,6.46,4.96,-0.36,0.539,10.1,San Diego State,1998,4,false
00-0036331,Devin Duvernay,2022,BAL,WR,14,8.29,6.16,-0.37,0.58,10.1,Texas,2020,3,false
00-0013712,Mikhael Ricks,2003,DET,TE,13,7.11,4.19,-0.37,0.7636,10.1,Stephen F. Austin State,1998,2,false
00-0030460,Markus Wheaton,2014,PIT,WR,16,8.21,4.98,-0.37,0.5594,10.1,Oregon State,2013,3,false
00-0021100,Jeb Putzier,2004,DEN,TE,14,7.51,3.6,-0.37,0.7869,10.1,Boise State,2002,6,false
00-0034975,Justice Hill,2024,BAL,RB,15,8.47,6.14,-0.37,0.6122,10.1,Oklahoma State,2019,4,false
00-0024243,Marcedes Lewis,2013,JAX,TE,10,8.29,5.36,-0.37,0.7313,10.1,UCLA,2006,1,false
00-0022127,Jason Witten,2019,DAL,TE,16,8.74,4.36,-0.38,0.8,10.1,Tennessee,2003,3,false
00-0023479,J.J. Arrington,2008,ARI,RB,11,8.38,6.7,-0.38,0.4787,10.1,California; College of the Canyons,2005,2,false
00-0034348,Courtland Sutton,2018,DEN,WR,16,8.52,4.89,-0.38,0.5603,10.1,SMU,2018,2,false
00-0031325,Sammy Watkins,2020,KC,WR,10,8.74,5.73,-0.39,0.5909,10.1,Clemson,2014,1,false
00-0035657,Damien Harris,2022,NE,RB,11,8.26,5.26,-0.39,0.5714,10.1,Alabama,2019,3,false
00-0002861,Byron Chamberlain,2000,DEN,TE,9,6.26,4.89,-0.4,0.7833,10.1,Wayne State College; Missouri,1995,7,false
00-0036233,Donovan Peoples-Jones,2021,CLE,WR,13,8.44,7.43,-0.4,0.5935,10.1,Michigan,2020,6,false
00-0032392,Austin Hooper,2020,CLE,TE,13,8.73,4.65,-0.4,0.7368,10.1,Stanford,2016,3,false
00-0025414,Robert Meachem,2008,NO,WR,8,8.36,5.46,-0.4,0.563,10.1,Tennessee,2007,1,false
00-0029567,Nick Foles,2015,LA,QB,11,8.73,5.92,-0.4,0.0571,10.1,Arizona; Michigan State,2012,3,false
00-0026035,Danny Amendola,2018,MIA,WR,15,8.49,5.11,-0.41,0.5532,10.1,Texas Tech,,,false
00-0038129,Cade Otton,2025,TB,TE,15,8.15,5.98,-0.41,0.7209,10,Washington,2022,4,false
00-0023456,Matt Jones,2005,JAX,WR,15,7.65,6.46,-0.41,0.5263,10,Arkansas,2005,1,false
00-0020527,Deuce McAllister,2008,NO,RB,13,8.35,5.98,-0.41,0.4681,10,Mississippi,2001,1,false
00-0030656,Isaiah Crowell,2014,CLE,RB,15,8.16,5.37,-0.41,0.6408,10,Alabama State; Georgia,,,false
00-0015091,Antowain Smith,2000,BUF,RB,10,6.24,9.5,-0.41,0.5294,10,Houston; East Mississippi JC,1997,1,false
00-0001661,Kyle Brady,2002,JAC,TE,16,7.07,4.24,-0.41,0.8769,10,Penn State,1995,1,true
00-0019242,Dane Looker,2003,LA,WR,16,7.06,3.35,-0.41,0.4427,10,Washington; Western Washington University,,,false
00-0024345,Domenik Hixon,2012,NYG,WR,13,8.28,5.16,-0.42,0.5608,10,Akron,2006,4,false
00-0040648,Tory Horton,2025,SEA,WR,8,8.14,8.7,-0.42,0.6584,10,Colorado State; Nevada,2025,5,false
00-0019057,Jamel White,2003,CLE,RB,16,7.06,5.56,-0.42,0.5657,10,South Dakota,,,false
00-0024324,Jason Avant,2011,PHI,WR,16,7.62,7.03,-0.42,0.5608,10,Michigan,2006,4,false
00-0013080,Marcus Pollard,2005,DET,TE,15,7.64,5.32,-0.42,0.7368,10,Bradley University; Seward County Community Coll,,,false
00-0026267,Jacob Tamme,2015,ATL,TE,15,8.71,6.66,-0.42,0.7595,10,Kentucky,2008,4,false
00-0026996,Brandon Pettigrew,2009,DET,TE,10,7.82,6.84,-0.42,0.7353,10,Oklahoma State,2009,1,false
00-0037263,Tyler Allgeier,2023,ATL,RB,17,8.09,6.08,-0.42,0.5667,10,BYU,2022,5,false
00-0022738,Chris Cooley,2004,WAS,TE,14,7.46,4.48,-0.42,0.7705,10,Utah State,2004,3,false
00-0030433,Mike Gillislee,2017,NE,RB,9,7.64,6.73,-0.42,0.4842,10,Florida,2013,5,false
00-0013888,Marcus Robinson,2005,MIN,WR,15,7.63,6.72,-0.43,0.5188,10,South Carolina,1997,4,false
00-0039491,Jalen Coker,2024,CAR,WR,11,8.41,6.71,-0.43,0.6051,10,Holy Cross,,,false
00-0011224,Itula Mili,2002,SEA,TE,15,7.05,5.36,-0.43,0.8615,10,BYU,1997,6,false
00-0019794,Aveion Cason,2002,DET,RB,10,7.05,4.08,-0.43,0.5657,10,Illinois State,,,false
00-0033699,Austin Ekeler,2017,LAC,RB,14,7.64,7.44,-0.43,0.4737,10,Western State,,,false
00-0022766,Patrick Crayton,2006,DAL,WR,15,7.44,6.18,-0.44,0.4961,10,Northwestern Oklahoma State University; Tyler JC,2004,7,false
00-0030470,Vance McDonald,2016,SF,TE,10,8.71,5.32,-0.44,0.6986,10,Rice,2013,2,false
00-0036970,Kyle Pitts,2023,ATL,TE,17,8.08,4.3,-0.44,0.8,10,Florida,2021,1,false
00-0035664,Darrell Henderson,2020,LA,RB,15,8.69,7.32,-0.44,0.5758,10,Memphis,2019,3,false
00-0019641,Thomas Jones,2001,ARI,RB,16,6.38,3.99,-0.44,0.5714,10,Virginia,2000,1,false
00-0036196,Gabe Davis,2021,BUF,WR,15,8.39,6.78,-0.44,0.5871,10,UCF,2020,4,false
00-0028237,Chris Hogan,2014,BUF,WR,13,8.12,6.79,-0.45,0.5524,10,Monmouth; Penn State,,,false
00-0027135,Brandon Myers,2013,NYG,TE,15,8.21,5.87,-0.45,0.7164,10,Iowa,2009,6,false
00-0033555,Mack Hollins,2025,NE,WR,14,8.1,4.61,-0.45,0.6522,10,North Carolina,2017,4,false
00-0015290,Rod Smith,2006,DEN,WR,16,7.42,4.77,-0.46,0.4882,10,Missouri Southern,,,false
00-0024221,Vernon Davis,2017,WAS,TE,16,7.61,5.42,-0.46,0.7662,10,Maryland,2006,1,false
00-0020428,Robert Ferguson,2005,GB,WR,11,7.6,6.1,-0.46,0.5113,10,Texas A&M; Tyler JC,2001,2,false
00-0034407,Ray-Ray McCloud,2024,ATL,WR,17,8.38,4.35,-0.46,0.5987,10,Clemson,2018,6,false
00-0033943,Josh Reynolds,2023,DET,WR,16,8.05,6.35,-0.47,0.6228,10,Texas A&M; Tyler JC,2017,4,false
00-0033925,D'Onta Foreman,2022,CAR,RB,16,8.19,9.54,-0.47,0.5612,9.9,Texas,2017,3,false
00-0019721,Travis Taylor,2004,BAL,WR,10,7.41,4.23,-0.47,0.5333,9.9,Florida,2000,1,false
00-0029547,Vick Ballard,2012,IND,RB,16,8.22,5.24,-0.47,0.6316,9.9,Mississippi State; Mississippi Gulf Coast CC,2012,5,false
00-0011378,Rick Mirer,2003,LV,QB,9,7,7.72,-0.48,0.0588,9.9,Notre Dame,1993,1,false
00-0020337,Steve Smith,2010,CAR,WR,14,7.88,5.11,-0.48,0.5352,9.9,Utah; Santa Monica,2001,3,false
00-0025399,Marshawn Lynch,2009,BUF,RB,13,7.76,5.64,-0.48,0.5109,9.9,California,2007,1,false
00-0033307,Kendrick Bourne,2020,SF,WR,15,8.65,4.83,-0.48,0.5844,9.9,Eastern Washington,,,false
00-0020448,Travis Minor,2001,MIA,RB,16,6.34,6.69,-0.49,0.5612,9.9,Florida State,2001,3,false
00-0036849,Tutu Atwell,2023,LA,WR,14,8.03,5.65,-0.49,0.6168,9.9,Louisville,2021,2,false
00-0002787,Stoney Case,1999,BAL,QB,10,6.36,6.63,-0.49,0.0976,9.9,New Mexico,1995,3,false
00-0022909,Roy Williams,2010,DAL,WR,15,7.87,8.35,-0.49,0.5282,9.9,Texas,2004,1,false
00-0023465,Heath Miller,2006,PIT,TE,14,7.38,4.6,-0.5,0.7333,9.9,Virginia,2005,1,false
00-0037525,Jordan Mason,2025,MIN,RB,16,8.06,5.5,-0.5,0.5625,9.9,Georgia Tech,,,false
00-0027003,Donald Brown,2010,IND,RB,13,7.86,6.5,-0.5,0.5333,9.9,Connecticut,2009,1,false
00-0032104,Ameer Abdullah,2024,LV,RB,15,8.35,7.47,-0.5,0.602,9.9,Nebraska,2015,2,false
00-0013013,Michael Pittman,2006,TB,RB,16,7.38,5.29,-0.5,0.5361,9.9,Fresno State,1998,4,false
00-0039342,Xavier Legette,2024,CAR,WR,15,8.34,4.75,-0.5,0.5924,9.9,South Carolina,2024,1,false
00-0004915,Bobby Engram,2004,SEA,WR,13,7.38,5.18,-0.5,0.5259,9.9,Penn State,1996,2,false
00-0021190,Antwaan Randle El,2005,PIT,WR,16,7.55,4.29,-0.51,0.5038,9.9,Indiana,2002,2,false
00-0019662,Ron Dixon,2002,NYG,WR,10,6.97,7.18,-0.51,0.4792,9.9,Lambuth; West Georgia; Itawamba JC; Tallahassee CC,2000,3,false
00-0026314,Josh Morgan,2010,SF,WR,16,7.84,4.63,-0.51,0.5211,9.9,Virginia Tech,2008,6,false
00-0020285,Alge Crumpler,2002,ATL,TE,16,6.97,4.69,-0.51,0.8462,9.9,North Carolina,2001,2,false
00-0033308,Matt Breida,2019,SF,RB,12,8.61,7.27,-0.51,0.5368,9.9,Georgia Southern,,,false
00-0020376,Dee Brown,2002,CAR,RB,12,6.97,5.96,-0.52,0.5556,9.9,Syracuse,2001,6,false
00-0021166,Josh Reed,2006,BUF,WR,12,7.36,4.49,-0.52,0.4803,9.9,LSU,2002,2,false
00-0036345,K.J. Osborn,2023,MIN,WR,15,8,5.72,-0.52,0.6108,9.9,Miami; Buffalo,2020,5,false
00-0022097,Brandon Lloyd,2008,CHI,WR,10,8.24,8.21,-0.52,0.5556,9.9,Illinois,2003,4,false
00-0031375,Terrance West,2014,CLE,RB,14,8.05,6.11,-0.52,0.6311,9.9,Towson State,2014,3,false
00-0030656,Isaiah Crowell,2015,CLE,RB,16,8.61,7.45,-0.52,0.5417,9.9,Alabama State; Georgia,,,false
00-0023531,Brandon Jones,2007,TEN,WR,8,7.69,5.79,-0.53,0.5224,9.9,Oklahoma,2005,3,false
00-0002068,Troy Brown,2006,NE,WR,15,7.35,3.83,-0.53,0.4724,9.9,Marshall; Lees-McRae College,1993,8,false
00-0027758,Riley Cooper,2014,PHI,WR,16,8.04,5.21,-0.53,0.5455,9.9,Florida,2010,5,false
00-0030091,Tavarres King,2017,NYG,WR,8,7.54,6.55,-0.53,0.5658,9.9,Georgia,2013,5,false
00-0038393,Dontayvion Wicks,2023,GB,WR,15,7.98,6.4,-0.53,0.6048,9.9,Virginia,2023,5,false
00-0025418,Greg Olsen,2007,CHI,TE,12,7.67,5.3,-0.54,0.7619,9.8,Miami; Notre Dame,2007,1,false
00-0026262,Tashard Choice,2008,DAL,RB,12,8.22,9.56,-0.54,0.4574,9.8,Georgia Tech; Oklahoma,2008,4,false
00-0027709,Jacoby Ford,2011,LV,WR,8,7.5,6.6,-0.54,0.5541,9.8,Clemson,2010,4,false
00-0019889,Elvis Joseph,2001,JAC,RB,13,6.28,4.98,-0.54,0.551,9.8,Southern; Louisiana-Lafayette,,,true
00-0027076,Mike Thomas,2009,JAX,WR,14,7.7,3.89,-0.54,0.5385,9.8,Arizona,2009,4,false
00-0011795,Muhsin Muhammad,2007,CHI,WR,15,7.67,5.26,-0.55,0.5149,9.8,Michigan State,1996,2,false
00-0035140,Mecole Hardman,2021,KC,WR,17,8.29,4.8,-0.55,0.5806,9.8,Georgia,2019,2,false
00-0034830,Hayden Hurst,2022,CIN,TE,13,8.11,4.21,-0.55,0.7778,9.8,South Carolina,2018,1,false
00-0027477,Blair White,2010,IND,WR,13,7.81,6.05,-0.55,0.5141,9.8,Michigan State,,,false
00-0028237,Chris Hogan,2016,NE,WR,15,8.59,7.54,-0.55,0.5497,9.8,Monmouth; Penn State,,,false
00-0002110,Mark Brunell,2004,WAS,QB,9,7.33,7.24,-0.55,0.0857,9.8,Washington,1993,5,false
00-0000003,Abdul-Karim al-Jabbar,1999,CLE,RB,13,6.3,3.64,-0.55,0.5938,9.8,UCLA,,,true
00-0019660,Dez White,2001,CHI,WR,14,6.27,4.94,-0.55,0.5319,9.8,Georgia Tech,2000,3,false
00-0036328,Antonio Gibson,2023,WAS,RB,16,7.96,3.87,-0.56,0.5556,9.8,Memphis; East Central JC,2020,3,false
00-0027531,Chris Ivory,2016,JAX,RB,11,8.59,5.62,-0.56,0.5833,9.8,Tiffin; Washington State,,,false
00-0034521,Allen Lazard,2019,GB,WR,12,8.57,6.07,-0.56,0.5855,9.8,Iowa State,,,false
00-0027061,Jared Cook,2021,LAC,TE,16,8.28,4.26,-0.56,0.7792,9.8,South Carolina,2009,3,false
00-0032464,Kalif Raymond,2021,DET,WR,16,8.28,6.9,-0.56,0.5742,9.8,Holy Cross,,,false
00-0026000,Davone Bess,2011,MIA,WR,16,7.48,4.6,-0.56,0.5473,9.8,Hawaii,,,false
00-0029697,Coby Fleener,2016,NO,TE,16,8.58,7.08,-0.56,0.6849,9.8,Stanford,2012,2,false
00-0033943,Josh Reynolds,2018,LA,WR,12,8.33,7.92,-0.57,0.5461,9.8,Texas A&M; Tyler JC,2017,4,false
00-0037228,Jaylen Warren,2024,PIT,RB,15,8.27,4.75,-0.57,0.5918,9.8,Oklahoma State,,,false
00-0022165,Dallas Clark,2003,IND,TE,10,6.9,3.58,-0.57,0.7455,9.8,Iowa,2003,1,false
00-0033251,Zach Pascal,2020,IND,WR,16,8.56,5.94,-0.57,0.5714,9.8,Old Dominion,,,false
00-0036196,Gabe Davis,2020,BUF,WR,16,8.56,6.37,-0.57,0.5714,9.8,UCF,2020,4,false
00-0029209,Ryan Broyles,2012,DET,WR,8,8.13,6.95,-0.57,0.5541,9.8,Oklahoma,2012,2,false
00-0011551,Dave Moore,2001,TB,TE,14,6.25,4.32,-0.58,0.7679,9.8,Pittsburgh,1992,7,false
00-0020513,David Terrell,2004,CHI,WR,16,7.31,6.92,-0.58,0.5185,9.8,Michigan,2001,1,false
00-0031549,Nelson Agholor,2019,PHI,WR,11,8.55,8.02,-0.58,0.5789,9.8,USC,2015,1,false
00-0030107,Theo Riddick,2018,DET,RB,14,8.32,3.33,-0.58,0.5484,9.8,Notre Dame,2013,6,false
00-0029572,Jarius Wright,2014,MIN,WR,15,7.99,7.26,-0.58,0.5385,9.8,Arkansas,2012,4,false
00-0020490,Koren Robinson,2001,SEA,WR,16,6.24,3.33,-0.58,0.5248,9.8,N.C. State,2001,1,false
00-0033110,Tyler Higbee,2020,LA,TE,15,8.55,6.64,-0.58,0.7237,9.8,Western Kentucky,2016,4,false
00-0021152,Ashley Lelie,2002,DEN,WR,15,6.9,4.46,-0.58,0.4722,9.8,Hawaii,2002,1,false
00-0024264,Kellen Clemens,2007,NYJ,QB,10,7.63,6.69,-0.59,0.1667,9.8,Oregon,2006,2,false
00-0030521,Justin Hunter,2014,TEN,WR,12,7.98,5.79,-0.59,0.5315,9.8,Tennessee,2013,2,false
00-0021236,Randy McMichael,2002,MIA,TE,16,6.89,5.74,-0.59,0.8308,9.8,Georgia,2002,4,false
00-0033104,Cody Kessler,2016,CLE,QB,9,8.56,6.44,-0.59,0.0323,9.8,USC,2016,3,false
00-0026235,Mario Manningham,2012,SF,WR,12,8.11,4.13,-0.59,0.5473,9.8,Michigan,2008,3,false
00-0031260,Logan Thomas,2023,WAS,TE,16,7.92,5.61,-0.59,0.7875,9.8,Virginia Tech,2014,4,false
00-0034799,Kalen Ballage,2020,LAC,RB,11,8.54,4.95,-0.59,0.5657,9.8,Arizona State,2018,4,true
00-0032392,Austin Hooper,2017,ATL,TE,16,7.47,5.81,-0.59,0.7532,9.8,Stanford,2016,3,false
00-0022943,Benjamin Watson,2009,NE,TE,13,7.65,6.48,-0.6,0.7206,9.8,Georgia; Duke,2004,1,false
00-0037838,Isaiah Likely,2024,BAL,TE,15,8.25,6.8,-0.6,0.7692,9.8,Coastal Carolina,2022,4,false
00-0035342,Patrick Laird,2019,MIA,RB,8,8.53,5.34,-0.6,0.5263,9.8,California,,,false
00-0019693,Jamal Lewis,2009,CLE,RB,9,7.64,3.61,-0.6,0.5,9.8,Tennessee,2000,1,false
00-0021159,Jerramy Stevens,2007,TB,TE,8,7.61,7.69,-0.6,0.746,9.7,Washington,2002,1,false
00-0031339,Donte Moncrief,2018,JAX,WR,16,8.3,6.65,-0.6,0.539,9.7,Mississippi,2014,3,false
00-0020430,James Jackson,2003,CLE,RB,11,6.87,6.66,-0.6,0.5556,9.7,Miami,2001,3,false
00-0035232,Dwayne Haskins,2019,WAS,QB,9,8.52,6.82,-0.6,0.0294,9.7,Ohio State,2019,1,false
00-0035831,James Robinson,2022,JAX,RB,11,8.05,7.9,-0.6,0.551,9.7,Illinois State,,,true
00-0020513,David Terrell,2001,CHI,WR,16,6.22,5.21,-0.61,0.5177,9.7,Michigan,2001,1,false
00-0026986,Michael Crabtree,2018,BAL,WR,16,8.29,5.39,-0.61,0.5319,9.7,Texas Tech,2009,1,false
00-0032411,Kenneth Dixon,2016,BAL,RB,12,8.53,6.55,-0.61,0.5729,9.7,Louisiana Tech,2016,4,false
00-0005324,Terrell Fletcher,1999,SD,RB,15,6.24,4.99,-0.61,0.5833,9.7,Wisconsin,1995,2,false
00-0030404,Chris Thompson,2019,WAS,RB,11,8.51,4.36,-0.61,0.5158,9.7,Florida State,2013,5,false
00-0005091,Kevin Faulk,2006,NE,RB,15,7.26,5.31,-0.62,0.5258,9.7,LSU,1999,2,false
00-0033923,Kareem Hunt,2023,CLE,RB,15,7.9,4.79,-0.62,0.5444,9.7,Toledo,2017,3,false
00-0025540,Kevin Boss,2010,NYG,TE,15,7.74,5.82,-0.62,0.726,9.7,Western Oregon,2007,5,false
00-0023465,Heath Miller,2015,PIT,TE,15,8.51,6.07,-0.62,0.7468,9.7,Virginia,2005,1,false
00-0020820,Jesse Chatman,2007,MIA,RB,13,7.58,6.12,-0.63,0.4894,9.7,Eastern Washington,,,false
00-0027861,C.J. Spiller,2014,BUF,RB,9,7.94,5.24,-0.63,0.6214,9.7,Clemson,2010,1,false
00-0034772,Antonio Callaway,2018,CLE,WR,16,8.27,6.23,-0.63,0.5248,9.7,Florida,2018,4,false
00-0019663,Darrell Jackson,2007,SF,WR,15,7.58,4.11,-0.63,0.5075,9.7,Florida,2000,3,false
00-0022879,Drew Carter,2007,CAR,WR,15,7.58,6.31,-0.63,0.5,9.7,Ohio State,2004,5,false
00-0018501,Amos Zereoue,2001,PIT,RB,13,6.19,3.64,-0.63,0.5408,9.7,West Virginia,1999,3,false
00-0025516,Scott Chandler,2013,BUF,TE,16,8.03,4.24,-0.63,0.7015,9.7,Iowa,2007,4,false
00-0017924,Roland Williams,1999,STL,TE,12,6.22,6.2,-0.64,0.8154,9.7,Syracuse,1998,4,false
00-0027061,Jared Cook,2020,NO,TE,15,8.49,5.6,-0.64,0.7105,9.7,South Carolina,2009,3,false
00-0033572,Jamal Agnew,2021,JAX,WR,10,8.2,4.94,-0.64,0.5677,9.7,San Diego,2017,5,false
00-0024268,Anthony Fasano,2010,MIA,TE,15,7.72,5.25,-0.64,0.7123,9.7,Notre Dame,2006,2,false
00-0031045,Carlos Hyde,2020,SEA,RB,10,8.49,5.53,-0.64,0.5556,9.7,Ohio State,2014,2,false
00-0021223,Jonathan Wells,2005,HOU,RB,13,7.42,8.22,-0.64,0.5729,9.7,Ohio State,2002,4,false
00-0021164,DeShaun Foster,2003,CAR,RB,14,6.83,6.4,-0.64,0.5455,9.7,UCLA,2002,2,false
00-0019606,Todd Pinkston,2003,PHI,WR,15,6.83,5.17,-0.65,0.4351,9.7,Southern Mississippi,2000,2,false
00-0029795,Benny Cunningham,2014,LA,RB,16,7.92,4.53,-0.65,0.6117,9.7,Middle Tennessee State,,,false
00-0037742,Treylon Burks,2022,TEN,WR,11,8.01,4.8,-0.65,0.5733,9.7,Arkansas,2022,1,false
00-0032257,Duke Johnson,2018,CLE,RB,16,8.25,7.41,-0.65,0.5376,9.7,Miami,2015,3,false
00-0039424,Devaughn Vele,2024,DEN,WR,13,8.19,5.15,-0.65,0.586,9.7,Utah,2024,7,false
00-0010974,James McKnight,2002,MIA,WR,14,6.83,5.31,-0.65,0.4653,9.7,Liberty,,,false
00-0030513,Latavius Murray,2018,MIN,RB,16,8.24,7.65,-0.66,0.5269,9.7,UCF,2013,6,false
00-0036040,Juwan Johnson,2024,NO,TE,15,8.19,3.9,-0.66,0.7564,9.7,Oregon; Penn State,,,false
00-0031941,Jamison Crowder,2015,WAS,WR,16,8.47,6.3,-0.66,0.6159,9.7,Duke,2015,4,false
00-0034686,Auden Tate,2019,CIN,WR,12,8.46,4.3,-0.66,0.5724,9.7,Florida State,2018,7,false
00-0033251,Zach Pascal,2019,IND,WR,16,8.46,8.88,-0.67,0.5658,9.6,Old Dominion,,,false
00-0022144,Bobby Wade,2008,MIN,WR,16,8.09,4.84,-0.67,0.5481,9.6,Arizona,2003,5,false
00-0033466,Isaiah McKenzie,2022,BUF,WR,15,7.99,6.56,-0.67,0.5667,9.6,Georgia,2017,5,false
00-0005231,Brian Finneran,2003,ATL,WR,11,6.8,2.9,-0.67,0.4275,9.6,Villanova,,,false
00-0022156,Bryant Johnson,2004,ARI,WR,15,7.21,3.95,-0.68,0.5111,9.6,Penn State,2003,1,false
00-0036265,AJ Dillon,2023,GB,RB,15,7.84,3.6,-0.68,0.5333,9.6,Boston College,2020,2,false
00-0021148,Jeremy Shockey,2010,NO,TE,13,7.68,5.07,-0.68,0.6986,9.6,Miami; Northeast Oklahoma,2002,1,false
00-0020497,Freddie Mitchell,2003,PHI,WR,15,6.79,3.56,-0.69,0.4198,9.6,UCLA,2001,1,false
00-0032688,Robbie Chosen,2021,CAR,WR,17,8.15,6.01,-0.69,0.5613,9.6,Temple,,,false
00-0033951,Marlon Mack,2017,IND,RB,14,7.38,4.98,-0.69,0.4632,9.6,University of South Florida,2017,4,false
00-0031665,Zach Zenner,2016,DET,RB,11,8.45,7.38,-0.69,0.5625,9.6,South Dakota State,,,false
00-0002469,Isaac Byrd,2001,CAR,WR,15,6.13,4.79,-0.69,0.5106,9.6,Kansas,1997,6,false
00-0030431,Robert Woods,2015,BUF,WR,14,8.44,6.15,-0.69,0.6093,9.6,USC,2013,2,false
00-0019457,Anthony Becht,2001,NYJ,TE,16,6.13,5.38,-0.69,0.75,9.6,West Virginia,2000,1,false
00-0004541,Donald Driver,2011,GB,WR,16,7.34,5.4,-0.69,0.5405,9.6,Alcorn State,1999,7,false
00-0019457,Anthony Becht,2003,NYJ,TE,15,6.77,5.58,-0.7,0.7273,9.6,West Virginia,2000,1,false
00-0014729,Bobby Shaw,2002,JAC,WR,16,6.78,3.92,-0.7,0.4583,9.6,California,1998,6,true
00-0034270,Tyler Conklin,2021,MIN,TE,17,8.14,4.9,-0.7,0.7662,9.6,Central Michigan; Northwood,2018,5,false
00-0039894,Xavier Worthy,2025,KC,WR,14,7.85,4.52,-0.7,0.646,9.6,Texas,2024,1,false
00-0033885,David Njoku,2025,CLE,TE,11,7.85,5.05,-0.71,0.7093,9.6,Miami,2017,1,false
00-0032063,Mike Davis,2021,ATL,RB,17,8.13,5.12,-0.71,0.5446,9.6,South Carolina,2015,4,false
00-0023500,Frank Gore,2005,SF,RB,14,7.35,6.11,-0.71,0.5625,9.6,Miami,2005,3,false
00-0005180,Jay Fiedler,2004,MIA,QB,8,7.17,6.86,-0.71,0.0571,9.6,Dartmouth,,,false
00-0038608,Kayshon Boutte,2024,NE,WR,15,8.13,6.88,-0.72,0.5796,9.6,LSU,2023,6,false
00-0037197,Isiah Pacheco,2022,KC,RB,17,7.94,5.36,-0.72,0.5408,9.6,Rutgers,2022,7,false
00-0029675,Trent Richardson,2014,IND,RB,15,7.85,5.17,-0.72,0.6019,9.6,Alabama,2012,1,false
00-0023578,Dan Orlovsky,2011,IND,QB,8,7.32,6.64,-0.72,0.0556,9.6,Connecticut,2005,5,false
00-0030085,Kenny Stills,2013,NO,WR,16,7.94,7.65,-0.72,0.5401,9.6,Oklahoma,2013,5,false
00-0026373,Justin Forsett,2010,SEA,RB,16,7.64,4.73,-0.72,0.5222,9.6,California,2008,7,false
00-0026224,Harry Douglas,2011,ATL,WR,13,7.32,5.54,-0.72,0.5338,9.6,Louisville,2008,3,false
00-0030691,Jeremy Butler,2015,BAL,WR,8,8.41,3.44,-0.72,0.6026,9.6,Tennessee-Martin; College of the Sequoias,,,false
00-0003103,Cameron Cleeland,2001,NO,TE,8,6.1,6.34,-0.73,0.7321,9.6,Washington,,,false
00-0021182,Maurice Morris,2011,DET,RB,13,7.31,6.86,-0.73,0.5341,9.6,Oregon; Fresno City College,2002,2,false
00-0031236,Brandin Cooks,2019,LA,WR,14,8.39,5.81,-0.73,0.5592,9.6,Oregon State,2014,1,false
00-0028040,Jordan Cameron,2014,CLE,TE,10,7.84,6.11,-0.73,0.7237,9.5,USC; Ventura; BYU,2011,4,false
00-0026267,Jacob Tamme,2012,DEN,TE,15,7.97,4.97,-0.73,0.7123,9.5,Kentucky,2008,4,false
00-0027063,Deon Butler,2010,SEA,WR,13,7.62,5.89,-0.74,0.507,9.5,Penn State,2009,3,false
00-0034184,Gus Edwards,2018,BAL,RB,11,8.16,6.2,-0.74,0.5161,9.5,Rutgers; Miami,,,false
00-0027696,Jimmy Graham,2018,GB,TE,16,8.16,5.12,-0.74,0.8026,9.5,Miami,2010,3,false
00-0025860,BenJarvus Green-Ellis,2008,NE,RB,8,8.03,5.76,-0.74,0.4468,9.5,Mississippi; Indiana,,,false
00-0020397,Chad Johnson,2001,CIN,WR,11,6.08,3.84,-0.74,0.5035,9.5,Oregon State; Langston University; Santa Monica,2001,2,false
00-0035216,Diontae Johnson,2024,CAR,WR,11,8.1,9.49,-0.74,0.5732,9.5,Toledo,2019,3,true
00-0026019,Danny Woodhead,2017,BAL,RB,8,7.32,1.68,-0.74,0.4526,9.5,Chadron State,,,false
00-0036251,Zack Moss,2021,BUF,RB,13,8.09,5.36,-0.75,0.5347,9.5,Utah,2020,3,false
00-0020516,Todd Heap,2011,ARI,TE,8,7.29,5.01,-0.75,0.6986,9.5,Arizona State,2001,1,false
00-0026186,Jerome Simpson,2013,MIN,WR,16,7.91,5.88,-0.75,0.5328,9.5,Coastal Carolina,2008,2,false
00-0001281,Eric Bjornson,2000,NE,TE,8,5.9,4.92,-0.75,0.7667,9.5,Washington,1995,4,false
00-0034750,Rashaad Penny,2019,SEA,RB,9,8.37,9.45,-0.76,0.5053,9.5,San Diego State,2018,1,false
00-0031897,Thomas Rawls,2016,SEA,RB,9,8.39,6.96,-0.76,0.5521,9.5,Central Michigan; Michigan,,,false
00-0034983,Hunter Renfrow,2022,LV,WR,10,7.9,5.51,-0.76,0.56,9.5,Clemson,2019,5,false
00-0001627,Corey Bradford,2003,HOU,WR,14,6.71,7.12,-0.76,0.4122,9.5,Jackson State University; Hinds CC,1998,5,false
00-0013080,Marcus Pollard,1999,IND,TE,15,6.09,5.45,-0.76,0.8,9.5,Bradley University; Seward County Community Coll,,,false
00-0024324,Jason Avant,2009,PHI,WR,16,7.48,7.17,-0.76,0.5315,9.5,Michigan,2006,4,false
00-0030433,Mike Gillislee,2016,BUF,RB,15,8.38,5.3,-0.77,0.5417,9.5,Florida,2013,5,false
00-0036415,Van Jefferson,2022,LA,WR,10,7.89,3.99,-0.77,0.5533,9.5,Florida; Mississippi,2020,2,false
00-0034365,Ian Thomas,2018,CAR,TE,10,8.13,6.01,-0.77,0.7895,9.5,Indiana; Nassau CC,2018,4,false
00-0020427,Quincy Morgan,2003,CLE,WR,16,6.7,6.55,-0.77,0.4046,9.5,Kansas State; Kansas City Junior College; Blinn College,2001,2,false
00-0015754,Brandon Stokley,2008,DEN,WR,15,7.99,4.36,-0.78,0.5407,9.5,Louisiana-Lafayette,1999,4,false
00-0021647,Jerheme Urban,2007,ARI,WR,9,7.43,7.86,-0.78,0.4925,9.5,Trinity University Texas,,,false
00-0023662,Matt Cassel,2015,DAL,QB,8,8.36,7.1,-0.78,0.0286,9.5,USC,2005,7,false
00-0038555,Tank Bigsby,2024,JAX,RB,16,8.06,7.77,-0.78,0.5816,9.5,Auburn,2023,3,false
00-0036924,Michael Carter,2022,NYJ,RB,16,7.87,5.13,-0.78,0.5306,9.5,North Carolina,2021,4,false
00-0000104,Troy Aikman,2000,DAL,QB,11,5.87,6.24,-0.78,0.1081,9.5,UCLA; Oklahoma,1989,1,false
00-0023367,Nate Washington,2007,PIT,WR,14,7.43,6.3,-0.78,0.4851,9.5,Tiffin,,,false
00-0029000,Cole Beasley,2015,DAL,WR,16,8.35,8.81,-0.79,0.596,9.5,SMU,,,false
00-0030542,Terrance Williams,2016,DAL,WR,15,8.36,4.97,-0.79,0.543,9.5,Baylor,2013,3,false
00-0034297,Byron Pringle,2021,KC,WR,16,8.05,6.31,-0.79,0.5548,9.5,Kansas State,,,false
00-0007436,Greg Hill,1999,DET,RB,14,6.06,5.72,-0.79,0.5729,9.5,Texas A&M,1994,1,false
00-0020448,Travis Minor,2004,MIA,RB,11,7.09,4.54,-0.79,0.5319,9.5,Florida State,2001,3,false
00-0032966,Corey Coleman,2017,CLE,WR,9,7.28,6.97,-0.79,0.5592,9.5,Baylor,2016,1,false
00-0029155,Mike Brown,2013,JAX,WR,11,7.87,5.81,-0.79,0.5255,9.5,Liberty,,,false
00-0029384,Bobby Rainey,2013,TB,RB,14,7.87,10.16,-0.79,0.5699,9.5,Western Kentucky,,,true
00-0015751,J.J. Stokes,1999,SF,WR,16,6.06,6.7,-0.8,0.4779,9.5,UCLA,1995,1,false
00-0027944,Julio Jones,2021,TEN,WR,10,8.04,5.86,-0.8,0.5484,9.5,Alabama,2011,1,false
00-0027651,Dexter McCluster,2015,TEN,WR,11,8.34,5.2,-0.8,0.5894,9.4,Mississippi,2010,2,false
00-0009599,Fred Lane,1999,CAR,RB,15,6.05,4.96,-0.8,0.5625,9.4,Lane College,,,false
00-0027690,Eric Decker,2017,TEN,WR,16,7.27,4.07,-0.8,0.5526,9.4,Minnesota,2010,3,false
00-0031062,James White,2020,NE,RB,14,8.33,4.98,-0.8,0.5455,9.4,Wisconsin,2014,4,false
00-0019599,Marc Bulger,2009,LA,QB,9,7.44,5.62,-0.8,0.2308,9.4,West Virginia,2000,6,false
00-0015048,David Sloan,2000,DET,TE,14,5.85,4.59,-0.8,0.75,9.4,New Mexico; Fresno City College,1995,3,false
00-0001627,Corey Bradford,2004,HOU,WR,12,7.08,4.8,-0.81,0.5037,9.4,Jackson State University; Hinds CC,1998,5,false
00-0003103,Cameron Cleeland,1999,NO,TE,11,6.05,4.93,-0.81,0.7846,9.4,Washington,,,false
00-0027150,Julian Edelman,2012,NE,WR,9,7.89,8.86,-0.81,0.5405,9.4,Kent State; San Mateo,2009,7,false
00-0033733,Greg Ward,2020,PHI,WR,16,8.32,6.05,-0.81,0.5649,9.4,Houston,,,false
00-0037157,Bam Knight,2025,ARI,RB,12,7.74,5.9,-0.81,0.5521,9.4,N.C. State,,,false
00-0024011,Mike Bell,2009,NO,RB,13,7.43,5.97,-0.81,0.4891,9.4,Arizona,,,false
00-0026855,Antone Smith,2014,ATL,RB,10,7.76,6.81,-0.81,0.5922,9.4,Florida State,,,false
00-0026237,Andre Caldwell,2011,CIN,WR,12,7.23,4.69,-0.81,0.527,9.4,Florida,2008,3,false
00-0034766,Chris Herndon,2018,NYJ,TE,14,8.09,5.55,-0.81,0.7763,9.4,Miami,2018,4,false
00-0022912,J.P. Losman,2007,BUF,QB,8,7.4,5.53,-0.82,0.1389,9.4,Tulane; UCLA,2004,1,false
00-0032134,C.J. Uzomah,2021,CIN,TE,16,8.02,7.29,-0.82,0.7532,9.4,Auburn,2015,5,false
00-0027873,Jermaine Gresham,2013,CIN,TE,14,7.84,4.23,-0.82,0.6866,9.4,Oklahoma,2010,1,false
00-0022766,Patrick Crayton,2008,DAL,WR,15,7.94,5.43,-0.82,0.5333,9.4,Northwestern Oklahoma State University; Tyler JC,2004,7,false
00-0026898,Mark Sanchez,2012,NYJ,QB,15,7.87,6.41,-0.83,0.0571,9.4,USC,2009,1,false
00-0001477,Marty Booker,2007,MIA,WR,15,7.39,4.95,-0.83,0.4776,9.4,Louisiana-Monroe,1999,3,false
00-0035628,D'Ernest Johnson,2021,CLE,RB,13,8.01,8.8,-0.83,0.5248,9.4,University of South Florida,,,false
00-0009842,Chad Lewis,2002,PHI,TE,15,6.65,4.71,-0.83,0.8154,9.4,BYU; Utah Valley,,,false
00-0029137,Alshon Jeffery,2012,CHI,WR,10,7.87,5.62,-0.83,0.5338,9.4,South Carolina,2012,2,false
00-0005091,Kevin Faulk,2007,NE,RB,16,7.38,4.46,-0.83,0.4787,9.4,LSU,1999,2,false
00-0034343,Josh Rosen,2018,ARI,QB,14,8.07,5.06,-0.83,0.0286,9.4,UCLA,2018,1,false
00-0004574,Rickey Dudley,2000,OAK,TE,15,5.82,6.28,-0.83,0.7333,9.4,Ohio State,1996,1,false
00-0027125,Zach Miller,2015,CHI,TE,13,8.3,8.43,-0.84,0.7215,9.4,Nebraska-Omaha; Nebraska,2009,6,false
00-0029275,Ladarius Green,2015,LAC,TE,13,8.3,6.17,-0.84,0.7215,9.4,Louisiana-Lafayette,2012,4,false
00-0026153,Jonathan Stewart,2010,CAR,RB,14,7.52,5.13,-0.84,0.5111,9.4,Oregon,2008,1,false
00-0024221,Vernon Davis,2012,SF,TE,16,7.86,7.66,-0.84,0.6986,9.4,Maryland,2006,1,false
00-0023531,Brandon Jones,2005,TEN,WR,9,7.22,5.05,-0.84,0.4962,9.4,Oklahoma,2005,3,false
00-0031235,Odell Beckham Jr.,2023,BAL,WR,14,7.68,5.69,-0.84,0.5988,9.4,LSU,2014,1,false
00-0024294,Jerious Norwood,2006,ATL,RB,14,7.04,5.39,-0.84,0.5155,9.4,Mississippi State,2006,3,false
00-0005092,Marshall Faulk,2005,LA,RB,15,7.22,4.84,-0.84,0.5521,9.4,San Diego State,1994,1,false
00-0025425,Zach Miller,2013,SEA,TE,13,7.82,5.69,-0.84,0.6716,9.4,Arizona State,2007,2,false
00-0010007,Kevin Lockett,2000,KC,WR,15,5.81,5.03,-0.84,0.4928,9.4,Kansas State,1997,2,false
00-0037816,Romeo Doubs,2022,GB,WR,13,7.82,6.24,-0.84,0.5467,9.4,Nevada,2022,4,false
00-0034753,Mark Andrews,2025,BAL,TE,17,7.71,6.79,-0.85,0.6977,9.4,Oklahoma,2018,3,false
00-0004780,Troy Edwards,2004,JAX,WR,15,7.03,4.24,-0.85,0.4963,9.4,Louisiana Tech,1999,1,false
00-0029632,Mohamed Sanu,2019,NE,WR,15,8.27,6.66,-0.85,0.5526,9.4,Rutgers,2012,3,true
00-0001627,Corey Bradford,2001,GB,WR,16,5.97,5.74,-0.85,0.4965,9.4,Jackson State University; Hinds CC,1998,5,false
00-0010455,Jamie Martin,2005,LA,QB,8,7.21,4.7,-0.85,0.0556,9.4,Weber State,,,false
00-0026899,Shonn Greene,2010,NYJ,RB,15,7.51,4.17,-0.85,0.5,9.4,Iowa; Kirkwood Community College,2009,3,false
00-0023512,Ryan Moats,2009,HOU,RB,12,7.38,9.87,-0.86,0.4783,9.4,Louisiana Tech,2005,3,false
00-0038621,DeMario Douglas,2023,NE,WR,14,7.66,3.88,-0.86,0.5928,9.4,Liberty,2023,6,false
00-0028198,Matt Asiata,2016,MIN,RB,16,8.28,4.79,-0.86,0.5313,9.3,Utah; Snow,,,false
00-0032054,Breshad Perriman,2020,NYJ,WR,12,8.26,7.24,-0.87,0.5584,9.3,UCF,2015,1,false
00-0032211,Tyler Lockett,2016,SEA,WR,15,8.27,7.83,-0.87,0.5364,9.3,Kansas State,2015,3,false
00-0011754,Randy Moss,2010,TEN,WR,13,7.48,6.46,-0.87,0.5,9.3,Marshall; Florida State,1998,1,true
00-0029638,Michael Floyd,2016,ARI,WR,14,8.27,4.57,-0.87,0.5298,9.3,Notre Dame,2012,1,true
00-0023612,Bo Scaife,2008,TEN,TE,16,7.89,6.06,-0.88,0.75,9.3,Texas,2005,6,false
00-0019644,Bubba Franks,2004,GB,TE,16,7.01,4.6,-0.88,0.7541,9.3,Miami,2000,1,false
00-0014319,Chris Sanders,2000,TEN,WR,15,5.77,2.84,-0.88,0.4855,9.3,Ohio State,1995,3,false
00-0008046,Sedrick Irvin,1999,DET,RB,14,5.97,5.8,-0.88,0.5521,9.3,Michigan State,1999,4,false
00-0025396,Ted Ginn,2013,CAR,WR,16,7.78,5.04,-0.88,0.5182,9.3,Ohio State,2007,1,false
00-0005106,Brett Favre,2010,MIN,QB,13,7.47,6.21,-0.88,0.0909,9.3,Southern Mississippi,1991,2,false
00-0034353,Anthony Miller,2018,CHI,WR,15,8.01,5.99,-0.89,0.5177,9.3,Memphis,2018,2,false
00-0038611,Chris Rodriguez Jr.,2025,WAS,RB,12,7.67,4.84,-0.89,0.5417,9.3,Kentucky,2023,6,false
00-0034364,Jordan Akins,2022,HOU,TE,15,7.77,6.47,-0.89,0.7654,9.3,UCF,2018,3,false
00-0021166,Josh Reed,2007,BUF,WR,15,7.32,3.12,-0.89,0.4701,9.3,LSU,2002,2,false
00-0021357,Rock Cartwright,2003,WAS,RB,15,6.58,5.1,-0.89,0.5354,9.3,Kansas State; Trinity Valley CC,2002,7,false
00-0024268,Anthony Fasano,2011,MIA,TE,15,7.14,5.12,-0.9,0.6849,9.3,Notre Dame,2006,2,false
00-0036268,Laviska Shenault Jr.,2021,JAX,WR,16,7.94,3.86,-0.9,0.5419,9.3,Colorado,2020,2,false
00-0022427,Wes Welker,2014,DEN,WR,14,7.67,4.47,-0.9,0.5245,9.3,Texas Tech,,,false
00-0036936,Rondale Moore,2021,ARI,WR,14,7.94,6.44,-0.9,0.5355,9.3,Purdue,2021,2,false
00-0021148,Jeremy Shockey,2008,NO,TE,12,7.86,4.48,-0.9,0.7344,9.3,Miami; Northeast Oklahoma,2002,1,false
00-0034983,Hunter Renfrow,2020,LV,WR,16,8.22,4.56,-0.91,0.5519,9.3,Clemson,2019,5,false
00-0030456,Giovani Bernard,2018,CIN,RB,12,7.99,7.38,-0.91,0.5054,9.3,North Carolina,2013,2,false
00-0015655,Tremayne Stephens,1999,SD,RB,10,5.94,5.97,-0.91,0.5417,9.3,N.C. State,,,false
00-0029615,Lamar Miller,2013,MIA,RB,16,7.74,4.84,-0.92,0.5591,9.3,Miami,2012,4,false
00-0034270,Tyler Conklin,2022,NYJ,TE,17,7.74,6.54,-0.92,0.7531,9.3,Central Michigan; Northwood,2018,5,false
00-0029033,Griff Whalen,2013,IND,WR,8,7.74,5.83,-0.93,0.5109,9.3,Stanford,,,false
00-0034272,Marquez Valdes-Scantling,2021,GB,WR,11,7.91,7.97,-0.93,0.529,9.3,University of South Florida; N.C. State,2018,5,false
00-0029697,Coby Fleener,2015,IND,TE,15,8.21,6.95,-0.93,0.7089,9.3,Stanford,2012,2,false
00-0034791,Nick Chubb,2024,CLE,RB,8,7.91,5.61,-0.93,0.5714,9.3,Georgia,2018,2,false
00-0023645,Derek Anderson,2010,ARI,QB,12,7.42,6.3,-0.93,0.0606,9.2,Oregon State,2005,6,false
00-0023612,Bo Scaife,2006,TEN,TE,12,6.94,5.18,-0.93,0.7167,9.2,Texas,2005,6,false
00-0040130,Jayden Higgins,2025,HOU,WR,17,7.62,5.37,-0.94,0.6398,9.2,Iowa State; Eastern Kentucky,2025,2,false
00-0020455,Eric Johnson,2001,SF,TE,16,5.89,3.78,-0.94,0.7143,9.2,Yale,2001,7,false
00-0036924,Michael Carter,2025,ARI,RB,13,7.62,4.89,-0.94,0.5313,9.2,North Carolina,2021,4,false
00-0032688,Robbie Chosen,2016,NYJ,WR,14,8.21,5.64,-0.94,0.5232,9.2,Temple,,,false
00-0032782,Wendell Smallwood,2018,PHI,RB,15,7.96,7,-0.94,0.4946,9.2,West Virginia,2016,5,false
00-0038612,A.T. Perry,2023,NO,WR,8,7.57,6.35,-0.94,0.5868,9.2,Wake Forest,2023,6,false
00-0019650,Dennis Northcutt,2008,JAX,WR,14,7.81,7.44,-0.95,0.5259,9.2,Arizona,2000,2,false
00-0023457,Mark Clayton,2009,BAL,WR,13,7.29,6.46,-0.95,0.5245,9.2,Oklahoma,2005,1,false
00-0039410,Ryan Flournoy,2025,DAL,WR,15,7.6,7.23,-0.95,0.6335,9.2,Southeast Missouri State; Iowa Western CC,2024,6,false
00-0030068,Marquise Goodwin,2018,SF,WR,11,7.95,8.17,-0.95,0.5106,9.2,Texas,2013,3,false
00-0029708,Kendall Wright,2016,TEN,WR,11,8.19,8.33,-0.96,0.5166,9.2,Baylor,2012,1,false
00-0031381,Davante Adams,2015,GB,WR,13,8.18,5.59,-0.96,0.5828,9.2,Fresno State,2014,2,false
00-0019659,Erron Kinney,2004,TEN,TE,9,6.92,6.7,-0.96,0.7377,9.2,Florida,2000,3,false
00-0013268,Ricky Proehl,2005,CAR,WR,13,7.1,5.92,-0.96,0.4887,9.2,Wake Forest,1990,3,false
00-0031900,Rod Smith,2017,DAL,RB,13,7.11,9.04,-0.96,0.4421,9.2,Ohio State,,,false
00-0021159,Jerramy Stevens,2006,SEA,TE,10,6.91,5.73,-0.96,0.7,9.2,Washington,2002,1,false
00-0034440,Justin Jackson,2020,LAC,RB,8,8.16,6.56,-0.97,0.5354,9.2,Northwestern,2018,7,false
00-0009038,Napoleon Kaufman,2000,OAK,RB,14,5.69,3.75,-0.97,0.5176,9.2,Washington,1995,1,false
00-0034972,Alexander Mattison,2021,MIN,RB,16,7.87,8.81,-0.97,0.5149,9.2,Boise State,2019,3,false
00-0027450,Preston Parker,2011,TB,WR,16,7.07,5.34,-0.97,0.5203,9.2,North Alabama; Florida State,,,false
00-0033288,George Kittle,2017,SF,TE,15,7.1,5.46,-0.97,0.7403,9.2,Iowa,2017,5,false
00-0022811,Jerricho Cotchery,2014,CAR,WR,15,7.6,3.68,-0.97,0.5175,9.2,N.C. State,2004,4,false
00-0023531,Brandon Jones,2006,TEN,WR,13,6.9,5.8,-0.98,0.4646,9.2,Oklahoma,2005,3,false
00-0023437,Ronnie Brown,2012,LAC,RB,14,7.72,3.92,-0.98,0.6211,9.2,Auburn,2005,1,false
00-0036894,Pat Freiermuth,2025,PIT,TE,15,7.57,6.45,-0.98,0.686,9.2,Penn State,2021,2,false
00-0033895,Gerald Everett,2021,SEA,TE,15,7.85,5.12,-0.98,0.7403,9.2,South Alabama; UAB; Hutchinson CC,2017,2,false
00-0032398,Chris Moore,2022,HOU,WR,15,7.67,5.42,-0.99,0.54,9.2,Cincinnati,2016,4,false
00-0023465,Heath Miller,2010,PIT,TE,14,7.37,4.18,-0.99,0.6849,9.2,Virginia,2005,1,false
00-0021159,Jerramy Stevens,2008,TB,TE,11,7.77,4.71,-0.99,0.7188,9.2,Washington,2002,1,false
00-0029689,Dwayne Allen,2012,IND,TE,15,7.71,4.04,-0.99,0.6849,9.2,Clemson,2012,3,false
00-0022164,Kyle Boller,2007,BAL,QB,12,7.22,5.75,-0.99,0.1111,9.2,California,2003,1,false
00-0036040,Juwan Johnson,2023,NO,TE,13,7.52,6.73,-0.99,0.775,9.2,Oregon; Penn State,,,false
00-0004304,Corey Dillon,2003,CIN,RB,13,6.48,4.62,-1,0.5253,9.2,Washington; Dixie College (UT); Garden City CC,1997,2,false
00-0027156,Tiquan Underwood,2013,TB,WR,12,7.67,8.15,-1,0.5036,9.2,Rutgers,2009,7,false
00-0033591,Noah Brown,2024,WAS,WR,11,7.85,4.45,-1,0.5669,9.2,Ohio State,2017,7,false
00-0035140,Mecole Hardman,2020,KC,WR,16,8.13,6,-1,0.5455,9.2,Georgia,2019,2,false
00-0031023,Quincy Enunwa,2018,NYJ,WR,11,7.9,6.03,-1,0.5035,9.1,Nebraska,2014,6,false
00-0013232,Peerless Price,2006,BUF,WR,16,6.88,4.23,-1,0.4488,9.1,Tennessee,1999,2,false
00-0023442,Troy Williamson,2006,MIN,WR,12,6.88,4.89,-1,0.4488,9.1,South Carolina,2005,1,false
00-0027218,Joique Bell,2015,DET,RB,13,8.13,4.42,-1.01,0.5313,9.1,Wayne State,,,false
00-0019794,Aveion Cason,2003,DAL,RB,10,6.47,4.97,-1.01,0.5152,9.1,Illinois State,,,false
00-0029129,Rod Streater,2012,LV,WR,15,7.69,5.71,-1.01,0.527,9.1,Temple; Alfred University,,,false
00-0026281,Gary Barnidge,2016,CLE,TE,16,8.14,4.54,-1.01,0.6712,9.1,Louisville,2008,5,false
00-0027681,Brandon LaFell,2015,NE,WR,11,8.13,3.77,-1.01,0.5762,9.1,LSU,2010,3,false
00-0022144,Bobby Wade,2009,KC,WR,12,7.23,3.07,-1.01,0.5175,9.1,Arizona,2003,5,false
00-0031390,Charles Sims,2014,TB,RB,8,7.56,3.86,-1.01,0.5825,9.1,West Virginia; Houston,2014,3,false
00-0030280,Knile Davis,2014,KC,RB,16,7.56,9,-1.01,0.5728,9.1,Arkansas,2013,3,false
00-0013232,Peerless Price,1999,BUF,WR,15,5.84,5.93,-1.01,0.4706,9.1,Tennessee,1999,2,false
00-0040705,Chimere Dike,2025,TEN,WR,17,7.54,6.48,-1.02,0.6273,9.1,Florida; Wisconsin,2025,4,false
00-0003035,Desmond Clark,2000,DEN,TE,14,5.64,4.49,-1.02,0.7167,9.1,Wake Forest,1999,6,false
00-0019650,Dennis Northcutt,2000,CLE,WR,15,5.63,4.17,-1.02,0.4783,9.1,Arizona,2000,2,false
00-0022893,Tatum Bell,2004,DEN,RB,10,6.86,7.7,-1.02,0.5213,9.1,Oklahoma State,2004,2,false
00-0013013,Michael Pittman,2007,TB,RB,10,7.19,4.11,-1.02,0.4681,9.1,Fresno State,1998,4,false
00-0029689,Dwayne Allen,2016,IND,TE,14,8.11,8.33,-1.03,0.6575,9.1,Clemson,2012,3,false
00-0035229,T.J. Hockenson,2025,MIN,TE,15,7.52,4.04,-1.03,0.6744,9.1,Iowa,2019,1,false
00-0020474,Kevan Barlow,2006,NYJ,RB,12,6.84,5.39,-1.03,0.5052,9.1,Pittsburgh,2001,3,false
00-0026144,Darren McFadden,2014,LV,RB,16,7.54,4.65,-1.04,0.5631,9.1,Arkansas,2008,1,false
00-0025559,Legedu Naanee,2010,LAC,WR,9,7.32,6.92,-1.04,0.493,9.1,Boise State,2007,5,false
00-0022901,Ernest Wilford,2007,JAX,WR,16,7.17,5.67,-1.04,0.4627,9.1,Virginia Tech,2004,4,false
00-0035537,Ty Johnson,2021,NYJ,RB,15,7.8,5.87,-1.04,0.505,9.1,Maryland,2019,6,false
00-0026579,Kahlil Bell,2011,CHI,RB,10,7,8.52,-1.04,0.5227,9.1,UCLA,,,false
00-0032972,Devontae Booker,2017,DEN,RB,13,7.03,4.4,-1.04,0.4316,9.1,Utah; American River,2016,4,false
00-0020455,Eric Johnson,2006,SF,TE,11,6.84,5.64,-1.04,0.6833,9.1,Yale,2001,7,false
00-0001098,Brandon Bennett,2000,CIN,RB,15,5.61,4.73,-1.04,0.5059,9.1,South Carolina,,,false
00-0003039,Greg Clark,2000,SF,TE,15,5.61,3.64,-1.04,0.7,9.1,Stanford; Ricks College,1997,3,false
00-0022102,Doug Gabriel,2006,NE,WR,13,6.83,6.28,-1.04,0.4409,9.1,UCF; Mississippi Gulf Coast CC,2003,5,true
00-0013258,Mike Pritchard,1999,SEA,WR,13,5.81,5.03,-1.05,0.4632,9.1,Colorado,1991,1,false
00-0021216,Brian Westbrook,2010,SF,RB,13,7.31,8.7,-1.05,0.4889,9.1,Villanova,2002,3,false
00-0001661,Kyle Brady,2001,JAC,TE,15,5.77,3.53,-1.05,0.6964,9.1,Penn State,1995,1,true
00-0013268,Ricky Proehl,2003,CAR,WR,14,6.42,6.5,-1.05,0.3969,9.1,Wake Forest,1990,3,false
00-0021163,Jabar Gaffney,2002,HOU,WR,16,6.43,4.73,-1.05,0.4514,9.1,Florida,2002,2,false
00-0032135,Jesse James,2017,PIT,TE,14,7.01,6.77,-1.05,0.7273,9.1,Penn State,2015,5,false
00-0010974,James McKnight,2003,MIA,WR,12,6.42,6.58,-1.06,0.3893,9.1,Liberty,,,false
00-0038559,Michael Wilson,2024,ARI,WR,16,7.78,4.42,-1.06,0.5605,9.1,Stanford,2023,3,false
00-0006305,Ahman Green,2008,HOU,RB,8,7.7,4.28,-1.06,0.4362,9.1,Nebraska,1998,3,false
00-0005101,Christian Fauria,2002,NE,TE,15,6.42,4.59,-1.06,0.8,9.1,Colorado,1995,2,false
00-0024408,Bruce Gradkowski,2006,TB,QB,13,6.81,5.88,-1.06,0.0588,9.1,Toledo,2006,6,false
00-0020438,T.J. Houshmandzadeh,2002,CIN,WR,15,6.41,3.24,-1.07,0.4444,9,Oregon State; Cerritos College,2001,7,false
00-0021182,Maurice Morris,2008,SEA,RB,13,7.69,4.99,-1.07,0.4255,9,Oregon; Fresno City College,2002,2,false
00-0021148,Jeremy Shockey,2011,CAR,TE,15,6.97,2.46,-1.07,0.6712,9,Miami; Northeast Oklahoma,2002,1,false
00-0032218,Dorial Green-Beckham,2015,TEN,WR,14,8.06,6.65,-1.07,0.5695,9,Oklahoma; Missouri,2015,2,false
00-0010599,Derrick Mayes,2000,SEA,WR,11,5.58,3.68,-1.07,0.471,9,Notre Dame,1996,2,false
00-0022001,Kevin Curtis,2004,LA,WR,13,6.81,5.53,-1.07,0.4889,9,Utah State; Snow,2003,3,false
00-0027092,Austin Collie,2011,IND,WR,16,6.96,5.9,-1.08,0.5135,9,BYU,2009,4,false
00-0021931,Kevin Walter,2011,HOU,WR,15,6.96,6.54,-1.08,0.5068,9,Eastern Michigan,2003,7,false
00-0031051,John Brown,2017,ARI,WR,10,6.99,4.56,-1.08,0.5461,9,Pittsburg State (KS); Coffeyville CC; Mars Hill,2014,3,false
00-0027966,Mark Ingram,2021,HOU,RB,14,7.76,5.8,-1.08,0.495,9,Alabama,2011,1,true
00-0029239,Brandon Bolden,2021,NE,RB,16,7.76,5.81,-1.08,0.4851,9,Mississippi,,,false
00-0028067,Julius Thomas,2017,MIA,TE,14,6.99,4.79,-1.08,0.7143,9,Portland State,2011,4,false
00-0023612,Bo Scaife,2009,TEN,TE,13,7.15,4.17,-1.09,0.7059,9,Texas,2005,6,false
00-0024324,Jason Avant,2010,PHI,WR,16,7.27,5.11,-1.09,0.4859,9,Michigan,2006,4,false
00-0038933,Dalton Kincaid,2024,BUF,TE,13,7.75,3.42,-1.09,0.7436,9,Utah; Univ of California-San Diego,2023,1,false
00-0022165,Dallas Clark,2013,BAL,TE,11,7.57,5.37,-1.09,0.6567,9,Iowa,2003,1,false
00-0034331,Jaylen Samuels,2019,PIT,RB,13,8.03,7.05,-1.09,0.4947,9,N.C. State,2018,5,false
00-0027786,Jonathan Dwyer,2012,PIT,RB,13,7.61,4.34,-1.09,0.6105,9,Georgia Tech,2010,6,false
00-0026237,Andre Caldwell,2009,CIN,WR,16,7.15,4.48,-1.09,0.5105,9,Florida,2008,3,false
00-0004161,Jake Delhomme,2009,CAR,QB,11,7.15,7.06,-1.1,0.2051,9,Louisiana-Lafayette,,,false
00-0021508,Greg Lewis,2005,PHI,WR,16,6.96,4.33,-1.1,0.4812,9,Illinois,,,false
00-0036970,Kyle Pitts,2022,ATL,TE,10,7.56,5.29,-1.1,0.7407,9,Florida,2021,1,false
00-0021190,Antwaan Randle El,2006,WAS,WR,16,6.78,6.19,-1.1,0.4331,9,Indiana,2002,2,false
00-0027325,LeGarrette Blount,2013,NE,RB,16,7.56,8.22,-1.1,0.5484,9,Oregon; East Mississippi JC,,,false
00-0022126,L.J. Smith,2004,PHI,TE,15,6.78,4.87,-1.1,0.7213,9,Rutgers,2003,2,false
00-0022156,Bryant Johnson,2003,ARI,WR,13,6.37,5.34,-1.1,0.3817,9,Penn State,2003,1,false
00-0027981,Kyle Rudolph,2015,MIN,TE,16,8.03,5.95,-1.1,0.6962,9,Notre Dame,2011,2,false
00-0032004,Will Tye,2015,NYG,TE,13,8.03,6.06,-1.11,0.6835,9,Stony Brook; Florida,,,false
00-0022840,Julius Jones,2007,DAL,RB,16,7.11,4.34,-1.11,0.4574,9,Notre Dame,2004,2,false
00-0021192,Deion Branch,2009,SEA,WR,14,7.14,3.47,-1.11,0.5035,9,Louisville; Jones County JC,2002,2,false
00-0033895,Gerald Everett,2023,LAC,TE,15,7.41,4.09,-1.11,0.7625,9,South Alabama; UAB; Hutchinson CC,2017,2,false
00-0030542,Terrance Williams,2017,DAL,WR,16,6.96,5.32,-1.11,0.5395,9,Baylor,2013,3,false
00-0022943,Benjamin Watson,2011,CLE,TE,13,6.92,4.57,-1.11,0.6575,9,Georgia; Duke,2004,1,false
00-0001661,Kyle Brady,1999,JAX,TE,13,5.74,3.06,-1.11,0.7692,9,Penn State,1995,1,false
00-0034184,Gus Edwards,2020,BAL,RB,16,8.01,4.9,-1.12,0.5253,9,Rutgers; Miami,,,false
00-0027125,Zach Miller,2017,CHI,TE,8,6.95,4.31,-1.12,0.7013,9,Nebraska-Omaha; Nebraska,2009,6,false
00-0003035,Desmond Clark,2003,CHI,TE,15,6.35,3.46,-1.12,0.7091,9,Wake Forest,1999,6,false
00-0020332,David Martin,2005,GB,TE,10,6.94,5.62,-1.12,0.7193,9,Tennessee,2001,6,false
00-0004888,Bert Emanuel,2001,DET,WR,8,5.7,3.86,-1.13,0.4894,9,Rice; UCLA,1994,2,true
00-0036919,Kenny Gainwell,2021,PHI,RB,16,7.71,7.18,-1.13,0.4752,9,Memphis,2021,5,false
00-0036970,Kyle Pitts,2024,ATL,TE,17,7.72,6.82,-1.13,0.7308,9,Florida,2021,1,false
00-0003039,Greg Clark,1999,SF,TE,12,5.73,3.05,-1.13,0.7538,9,Stanford; Ricks College,1997,3,false
00-0034764,Michael Gallup,2022,DAL,WR,14,7.53,4.98,-1.13,0.5333,9,Colorado State; Butler County JC,2018,3,false
00-0019594,Mike Anderson,2002,DEN,RB,15,6.35,5.35,-1.13,0.5455,9,Utah; Mount San Jacinto College,2000,6,false
00-0030789,Antonio Andrews,2015,TEN,RB,14,8,5.33,-1.13,0.5208,9,Western Kentucky,,,false
00-0025540,Kevin Boss,2011,LV,TE,12,6.9,4.93,-1.14,0.6438,8.9,Western Oregon,2007,5,false
00-0032400,Malcolm Mitchell,2016,NE,WR,12,8.01,7.59,-1.14,0.5099,8.9,Georgia,2016,4,false
00-0027322,David Nelson,2013,NYJ,WR,12,7.52,6.07,-1.14,0.4964,8.9,Florida,,,false
00-0021182,Maurice Morris,2009,DET,RB,14,7.1,7.27,-1.14,0.4565,8.9,Oregon; Fresno City College,2002,2,false
00-0024460,Quinton Ganther,2009,WAS,RB,8,7.1,7.67,-1.14,0.4565,8.9,Utah; Citrus College,2006,7,false
00-0026364,Steve Johnson,2014,SF,WR,13,7.42,6.05,-1.15,0.5105,8.9,Kentucky; Chabot College,2008,7,false
00-0033871,Corey Davis,2022,NYJ,WR,13,7.51,6.01,-1.15,0.5267,8.9,Western Michigan,2017,1,false
00-0034765,Tre'Quan Smith,2018,NO,WR,13,7.75,10.24,-1.15,0.4965,8.9,UCF,2018,3,false
00-0034353,Anthony Miller,2019,CHI,WR,16,7.97,8.21,-1.15,0.5461,8.9,Memphis,2018,2,false
00-0031075,Alfred Blue,2015,HOU,RB,14,7.98,6.41,-1.16,0.5104,8.9,LSU,2014,6,false
00-0029613,Doug Martin,2017,TB,RB,11,6.91,5.62,-1.16,0.4211,8.9,Boise State,2012,1,false
00-0022102,Doug Gabriel,2004,LV,WR,15,6.72,4.46,-1.16,0.4815,8.9,UCF; Mississippi Gulf Coast CC,2003,5,false
00-0022127,Jason Witten,2003,DAL,TE,12,6.31,4.32,-1.17,0.6909,8.9,Tennessee,2003,3,false
00-0020403,Anthony Thomas,2004,CHI,RB,12,6.72,7.35,-1.17,0.5106,8.9,Michigan,2001,2,false
00-0029384,Bobby Rainey,2014,TB,RB,15,7.41,6.27,-1.17,0.5534,8.9,Western Kentucky,,,false
00-0027089,Louis Murphy,2009,LV,WR,16,7.08,7.72,-1.17,0.4965,8.9,Florida,2009,4,false
00-0037741,Jahan Dotson,2023,WAS,WR,17,7.34,6.56,-1.18,0.5808,8.9,Penn State,2022,1,false
00-0025860,BenJarvus Green-Ellis,2013,CIN,RB,16,7.49,4.7,-1.18,0.5376,8.9,Mississippi; Indiana,,,false
00-0037382,Brandon Johnson,2023,DEN,WR,10,7.34,6.96,-1.18,0.5749,8.9,UCF; Tennessee,,,false
00-0011675,Bam Morris,1999,KC,RB,12,5.67,4.42,-1.18,0.5313,8.9,Texas Tech,1994,3,false
00-0000279,Kimble Anders,2000,KC,RB,12,5.48,6.75,-1.18,0.4941,8.9,Houston,,,false
00-0011328,Ernie Mills,1999,DAL,WR,11,5.67,3.22,-1.18,0.4559,8.9,Florida,1991,3,false
00-0021084,Matt Schobel,2003,CIN,TE,11,6.29,4.47,-1.18,0.6727,8.9,TCU; Texas A&M,2002,3,false
00-0030348,Khiry Robinson,2014,NO,RB,9,7.39,5.44,-1.18,0.5437,8.9,West Texas State; Blinn College,,,false
00-0039424,Devaughn Vele,2025,NO,WR,9,7.37,6.8,-1.19,0.6211,8.9,Utah,2024,7,false
00-0020452,Cedrick Wilson,2006,PIT,WR,14,6.69,3.54,-1.19,0.4252,8.9,Tennessee,2001,6,false
00-0031326,Bruce Ellington,2017,HOU,WR,11,6.88,5.29,-1.19,0.5329,8.9,South Carolina,2014,4,false
00-0021159,Jerramy Stevens,2002,SEA,TE,11,6.29,3.9,-1.19,0.7846,8.9,Washington,2002,1,false
00-0021530,Scott Vines,2005,DET,WR,12,6.87,5.77,-1.19,0.4737,8.9,Wyoming; College of Eastern Utah,,,false
00-0004524,Troy Drayton,1999,MIA,TE,12,5.66,4.21,-1.2,0.7385,8.9,Penn State,1993,2,false
00-0014790,Leslie Shepherd,1999,CLE,WR,9,5.66,4.21,-1.2,0.4485,8.9,Temple,,,false
00-0034765,Tre'Quan Smith,2020,NO,WR,13,7.93,5.99,-1.2,0.539,8.9,UCF,2018,3,false
00-0033923,Kareem Hunt,2022,CLE,RB,17,7.46,5.49,-1.2,0.5204,8.9,Toledo,2017,3,false
00-0036387,Jalen Reagor,2020,PHI,WR,11,7.93,3.06,-1.2,0.5325,8.9,TCU,2020,1,false
00-0020428,Robert Ferguson,2007,MIN,WR,11,7.01,4.54,-1.2,0.4552,8.9,Texas A&M; Tyler JC,2001,2,false
00-0024240,Santonio Holmes,2013,NYJ,WR,10,7.46,7.16,-1.2,0.4891,8.9,Ohio State,2006,1,false
00-0021213,Chris Baker,2007,NYJ,TE,14,7.01,3.27,-1.21,0.7302,8.9,Michigan State,2002,3,false
00-0027985,Lance Kendricks,2012,LA,TE,16,7.49,4.69,-1.21,0.6712,8.8,Wisconsin,2011,2,false
00-0017915,Ricky Williams,2010,MIA,RB,16,7.15,6,-1.21,0.4778,8.8,Texas,1999,1,false
00-0027089,Louis Murphy,2014,TB,WR,11,7.36,7.56,-1.21,0.5035,8.8,Florida,2009,4,false
00-0033858,Jonnu Smith,2023,ATL,TE,17,7.31,6,-1.21,0.75,8.8,Florida International,2017,3,false
00-0022171,Kelley Washington,2004,CIN,WR,13,6.67,4.64,-1.21,0.4741,8.8,Tennessee,2003,3,false
00-0021190,Antwaan Randle El,2003,PIT,WR,16,6.26,4.47,-1.21,0.374,8.8,Indiana,2002,2,false
00-0021982,Justin Gage,2009,TEN,WR,12,7.02,7.17,-1.22,0.4895,8.8,Missouri,2003,5,false
00-0026289,Tim Hightower,2016,NO,RB,16,7.93,7.31,-1.22,0.5208,8.8,Richmond,2008,5,false
00-0021163,Jabar Gaffney,2003,HOU,WR,14,6.25,4.21,-1.22,0.3664,8.8,Florida,2002,2,false
00-0028838,Larry Donnell,2015,NYG,TE,8,7.91,4.21,-1.22,0.6709,8.8,Grambling State,,,false
00-0022929,Devery Henderson,2005,NO,WR,11,6.84,5.09,-1.22,0.4662,8.8,LSU,2004,2,false
00-0020462,LaMont Jordan,2008,NE,RB,8,7.54,7.44,-1.23,0.4149,8.8,Maryland,2001,2,false
00-0034270,Tyler Conklin,2024,NYJ,TE,16,7.62,5.91,-1.23,0.7179,8.8,Central Michigan; Northwood,2018,5,false
00-0038976,Marvin Mims Jr.,2024,DEN,WR,17,7.62,8.85,-1.23,0.5541,8.8,Oklahoma,2023,2,false
00-0020455,Eric Johnson,2007,NO,TE,14,6.99,3.49,-1.23,0.7143,8.8,Yale,2001,7,false
00-0029613,Doug Martin,2014,TB,RB,11,7.35,4.45,-1.23,0.534,8.8,Boise State,2012,1,false
00-0020498,Reggie Wayne,2001,IND,WR,11,5.59,3.67,-1.23,0.4823,8.8,Miami,2001,1,false
00-0033943,Josh Reynolds,2020,LA,WR,16,7.89,4.69,-1.24,0.526,8.8,Texas A&M; Tyler JC,2017,4,false
00-0027026,Mohamed Massaquoi,2009,CLE,WR,16,7.01,7.48,-1.24,0.4825,8.8,Georgia,2009,2,false
00-0025438,Steve Smith,2008,NYG,WR,16,7.53,4.55,-1.24,0.5185,8.8,USC,2007,2,false
00-0026162,Felix Jones,2012,DAL,RB,16,7.46,6.86,-1.24,0.6,8.8,Arkansas,2008,1,false
00-0038563,Tre Tucker,2024,LV,WR,17,7.61,5.98,-1.24,0.5478,8.8,Cincinnati,2023,3,false
00-0015165,Emmitt Smith,2003,ARI,RB,10,6.23,3.41,-1.24,0.5051,8.8,Florida,1990,1,false
00-0015601,Aaron Stecker,2005,NO,RB,14,6.81,5.32,-1.25,0.5417,8.8,Western Illinois; Wisconsin,,,false
00-0021750,Arlen Harris,2006,DET,RB,8,6.63,5.14,-1.25,0.4948,8.8,Hofstra; Virginia,,,false
00-0025425,Zach Miller,2007,LV,TE,15,6.96,4.73,-1.25,0.6984,8.8,Arizona State,2007,2,false
00-0020490,Koren Robinson,2008,SEA,WR,11,7.51,5.35,-1.25,0.5111,8.8,N.C. State,2001,1,false
00-0028263,Andre Holmes,2013,LV,WR,10,7.41,7.07,-1.25,0.4818,8.8,Hillsdale,,,false
00-0037809,Chig Okonkwo,2025,TEN,TE,17,7.29,4.48,-1.26,0.6628,8.8,Maryland,2022,4,false
00-0031387,Eric Ebron,2019,IND,TE,11,7.86,4.67,-1.26,0.7857,8.8,North Carolina,2014,1,false
00-0011399,Brian Mitchell,1999,WAS,RB,16,5.59,5.68,-1.26,0.5208,8.8,Louisiana-Lafayette,1990,5,false
00-0011727,Johnnie Morton,2002,KC,WR,14,6.22,5.39,-1.26,0.4375,8.8,USC,1994,1,false
00-0020514,Michael Bennett,2005,MIN,RB,16,6.79,7.86,-1.27,0.5313,8.8,Wisconsin,2001,1,false
00-0022943,Benjamin Watson,2005,NE,TE,14,6.79,4.92,-1.27,0.7018,8.8,Georgia; Duke,2004,1,false
00-0034419,Braxton Berrios,2021,NYJ,WR,16,7.57,6.88,-1.27,0.5226,8.8,Miami,2018,6,false
00-0040170,Elic Ayomanor,2025,TEN,WR,16,7.28,4.24,-1.27,0.6149,8.8,Stanford,2025,4,false
00-0029239,Brandon Bolden,2013,NE,RB,11,7.39,5.34,-1.27,0.5269,8.8,Mississippi,,,false
00-0022826,Clarence Moore,2004,BAL,WR,12,6.61,6.84,-1.27,0.4667,8.8,Northern Arizona,2004,6,false
00-0020332,David Martin,2006,GB,TE,8,6.6,5.36,-1.28,0.6667,8.8,Tennessee,2001,6,false
00-0019484,Sammy Morris,2006,MIA,RB,12,6.6,6.88,-1.28,0.4845,8.8,Texas Tech,2000,5,false
00-0034270,Tyler Conklin,2023,NYJ,TE,17,7.24,3.83,-1.28,0.7375,8.7,Central Michigan; Northwood,2018,5,false
00-0023367,Nate Washington,2014,TEN,WR,16,7.29,5.71,-1.28,0.4965,8.7,Tiffin,,,false
00-0002159,Shawn Bryson,2001,BUF,RB,11,5.55,9.18,-1.28,0.5306,8.7,Tennessee,1999,3,false
00-0026176,Jordy Nelson,2010,GB,WR,16,7.07,5.39,-1.28,0.4718,8.7,Kansas State,2008,2,false
00-0027912,Danario Alexander,2010,LA,WR,8,7.07,7.25,-1.28,0.4718,8.7,Missouri,,,false
00-0022093,Justin Fargas,2008,LV,RB,14,7.48,4.31,-1.28,0.4043,8.7,USC; Michigan,2003,3,false
00-0033908,Cooper Kupp,2025,SEA,WR,16,7.27,4.05,-1.28,0.6087,8.7,Eastern Washington,2017,3,false
00-0033110,Tyler Higbee,2023,LA,TE,15,7.23,5.15,-1.28,0.725,8.7,Western Kentucky,2016,4,false
00-0029638,Michael Floyd,2012,ARI,WR,15,7.41,6.8,-1.29,0.5203,8.7,Notre Dame,2012,1,false
00-0030107,Theo Riddick,2014,DET,RB,13,7.28,7.5,-1.29,0.5243,8.7,Notre Dame,2013,6,false
00-0030550,Ace Sanders,2013,JAX,WR,15,7.38,4.99,-1.29,0.4745,8.7,South Carolina,2013,4,false
00-0027795,David Gettis,2010,CAR,WR,15,7.07,8.22,-1.29,0.4648,8.7,Baylor,2010,6,false
00-0026170,Dustin Keller,2008,NYJ,TE,16,7.47,6.69,-1.29,0.7031,8.7,Purdue,2008,1,false
00-0037838,Isaiah Likely,2023,BAL,TE,14,7.22,7.05,-1.3,0.7125,8.7,Coastal Carolina,2022,4,false
00-0016232,Chris Thomas,2001,KC,WR,9,5.52,4.91,-1.3,0.4752,8.7,Cal Poly (San Luis Obispo),,,false
00-0027996,Torrey Smith,2015,SF,WR,16,7.83,7.12,-1.3,0.5629,8.7,Maryland,2011,2,false
00-0035664,Darrell Henderson,2022,LA,RB,10,7.35,4.22,-1.31,0.5102,8.7,Memphis,2019,3,false
00-0005091,Kevin Faulk,2001,NE,RB,15,5.51,5.19,-1.31,0.5204,8.7,LSU,1999,2,false
00-0020452,Cedrick Wilson,2003,SF,WR,15,6.16,4.56,-1.31,0.3588,8.7,Tennessee,2001,6,false
00-0011434,Scott Mitchell,2000,CIN,QB,8,5.34,5.86,-1.31,0.0811,8.7,Utah,1990,4,false
00-0024345,Domenik Hixon,2008,NYG,WR,16,7.45,6.61,-1.31,0.5037,8.7,Akron,2006,4,false
00-0028017,Leonard Hankerson,2012,WAS,WR,15,7.39,5.75,-1.31,0.5135,8.7,Miami,2011,3,false
00-0036251,Zack Moss,2020,BUF,RB,13,7.82,5.59,-1.31,0.5152,8.7,Utah,2020,3,false
00-0022901,Ernest Wilford,2006,JAX,WR,15,6.56,4.4,-1.31,0.4173,8.7,Virginia Tech,2004,4,false
00-0030874,Damien Williams,2018,KC,RB,13,7.58,10.72,-1.32,0.4839,8.7,Oklahoma; Arizona Western,,,false
00-0010007,Kevin Lockett,1999,KC,WR,16,5.54,4.6,-1.32,0.4412,8.7,Kansas State,1997,2,false
00-0017162,Hines Ward,2011,PIT,WR,14,6.72,6.08,-1.32,0.5,8.7,Georgia,1998,3,false
00-0022725,Michael Clayton,2006,TB,WR,12,6.56,4.57,-1.32,0.4094,8.7,LSU,2004,1,false
00-0026173,Donnie Avery,2013,KC,WR,15,7.35,5.89,-1.32,0.4672,8.7,Houston,2008,2,false
00-0037263,Tyler Allgeier,2025,ATL,RB,17,7.24,5.35,-1.32,0.5208,8.7,BYU,2022,5,false
00-0036290,Cole Kmet,2024,CHI,TE,16,7.53,7.65,-1.32,0.7051,8.7,Notre Dame,2020,2,false
00-0007213,Steve Heiden,2005,CLE,TE,15,6.74,6.83,-1.32,0.6842,8.7,South Dakota State,1999,3,false
00-0038124,Christian Watson,2024,GB,WR,14,7.52,6.05,-1.32,0.5414,8.7,North Dakota State,2022,2,false
00-0021376,T.J. Duckett,2005,ATL,RB,14,6.74,4.78,-1.32,0.5208,8.7,Michigan State,2002,1,false
00-0019659,Erron Kinney,2003,TEN,TE,16,6.14,3.46,-1.33,0.6545,8.7,Florida,2000,3,false
00-0020427,Quincy Morgan,2001,CLE,WR,16,5.49,3.41,-1.33,0.4681,8.7,Kansas State; Kansas City Junior College; Blinn College,2001,2,false
00-0014729,Bobby Shaw,2001,PIT,WR,14,5.49,5.23,-1.33,0.461,8.7,California,1998,6,false
00-0036389,Jalen Hurts,2020,PHI,QB,14,7.8,11.32,-1.33,0.0556,8.7,Oklahoma; Alabama,2020,2,false
00-0007468,Ike Hilliard,2008,TB,WR,15,7.43,5.67,-1.34,0.4963,8.7,Florida,1997,1,false
00-0021712,Zach Hilton,2005,NO,TE,12,6.72,5.59,-1.34,0.6667,8.7,North Carolina,,,false
00-0027325,LeGarrette Blount,2017,PHI,RB,16,6.72,4.57,-1.34,0.4105,8.7,Oregon; East Mississippi JC,,,false
00-0030288,Rex Burkhead,2019,NE,RB,13,7.78,6.26,-1.35,0.4842,8.7,Nebraska,2013,6,false
00-0011044,Cade McNown,1999,CHI,QB,15,5.51,7.97,-1.35,0.0732,8.6,UCLA,1999,1,false
00-0019650,Dennis Northcutt,2005,CLE,WR,16,6.71,5.41,-1.35,0.4586,8.6,Arizona,2000,2,false
00-0025394,Adrian Peterson,2020,DET,RB,16,7.78,5.7,-1.35,0.5051,8.6,Oklahoma,2007,1,false
00-0019543,Danny Farmer,2001,CIN,WR,8,5.47,4.03,-1.35,0.4539,8.6,UCLA,2000,4,false
00-0029293,Marvin Jones,2022,JAX,WR,16,7.31,4.92,-1.35,0.52,8.6,California,2012,5,false
00-0020964,Tony Fisher,2004,GB,RB,16,6.53,3.65,-1.36,0.5,8.6,Notre Dame,,,false
00-0017892,Moe Williams,2001,BAL,RB,13,5.47,4.79,-1.36,0.5102,8.6,Kentucky,1996,3,false
00-0021981,Shaun McDonald,2004,LA,WR,16,6.53,5.52,-1.36,0.4593,8.6,Arizona State,2003,4,false
00-0025450,Brandon Jackson,2007,GB,RB,9,6.86,5.78,-1.36,0.4468,8.6,Nebraska,2007,2,false
00-0022054,Visanthe Shiancoe,2010,MIN,TE,16,7,5.35,-1.36,0.6712,8.6,Morgan State,2003,3,false
00-0026164,Chris Johnson,2014,NYJ,RB,16,7.21,5.2,-1.36,0.5146,8.6,East Carolina,2008,1,false
00-0015754,Brandon Stokley,2009,DEN,WR,11,6.88,6.27,-1.36,0.4755,8.6,Louisiana-Lafayette,1999,4,false
00-0021166,Josh Reed,2002,BUF,WR,16,6.12,5.87,-1.36,0.4306,8.6,LSU,2002,2,false
00-0039738,Blake Corum,2025,LA,RB,17,7.19,6.49,-1.36,0.5104,8.6,Michigan,2024,3,false
00-0021647,Jerheme Urban,2008,ARI,WR,14,7.39,6.13,-1.37,0.4889,8.6,Trinity University Texas,,,false
00-0022921,Larry Fitzgerald,2020,ARI,WR,13,7.76,4.57,-1.37,0.5195,8.6,Pittsburgh,2004,1,false
00-0027874,Demaryius Thomas,2019,NYJ,WR,11,7.75,3.93,-1.37,0.5395,8.6,Georgia Tech,2010,1,false
00-0022156,Bryant Johnson,2007,ARI,WR,16,6.84,4.54,-1.37,0.4478,8.6,Penn State,2003,1,false
00-0022121,Rex Grossman,2007,CHI,QB,8,6.84,4.84,-1.37,0.0833,8.6,Florida,2003,1,false
00-0026266,Lavelle Hawkins,2011,TEN,WR,15,6.67,4.75,-1.37,0.4932,8.6,California; City College (SF),2008,4,false
00-0026170,Dustin Keller,2009,NYJ,TE,16,6.87,5.62,-1.37,0.6912,8.6,Purdue,2008,1,false
00-0023310,Lance Moore,2013,NO,WR,13,7.28,5.16,-1.38,0.4599,8.6,Toledo,,,false
00-0022943,Benjamin Watson,2012,CLE,TE,16,7.32,5.16,-1.38,0.6575,8.6,Georgia; Duke,2004,1,false
00-0033526,Samaje Perine,2023,DEN,RB,17,7.14,3.66,-1.38,0.5222,8.6,Oklahoma,2017,4,false
00-0034378,Ito Smith,2018,ATL,RB,13,7.52,3.52,-1.38,0.4731,8.6,Southern Mississippi,2018,4,false
00-0018958,Laveranues Coles,2000,NYJ,WR,13,5.27,6.19,-1.39,0.4638,8.6,Florida State,2000,3,false
00-0004915,Bobby Engram,2008,SEA,WR,13,7.38,4.11,-1.39,0.4815,8.6,Penn State,1996,2,false
00-0028016,Austin Pettis,2013,LA,WR,14,7.28,6.6,-1.39,0.4526,8.6,Boise State,2011,3,false
00-0038041,Jake Ferguson,2024,DAL,TE,14,7.46,4.61,-1.39,0.6923,8.6,Wisconsin,2022,4,false
00-0031381,Davante Adams,2014,GB,WR,14,7.19,5.47,-1.39,0.4895,8.6,Fresno State,2014,2,false
00-0022754,Samie Parker,2006,KC,WR,16,6.49,4.07,-1.39,0.4016,8.6,Oregon,2004,4,false
00-0033009,Tyler Boyd,2016,CIN,WR,16,7.76,4.81,-1.39,0.5033,8.6,Pittsburgh,2016,2,false
00-0019594,Mike Anderson,2003,DEN,RB,12,6.08,5.95,-1.39,0.4949,8.6,Utah; Mount San Jacinto College,2000,6,false
00-0022909,Roy Williams,2011,CHI,WR,15,6.65,5.73,-1.39,0.4865,8.6,Texas,2004,1,false
00-0008210,Willie Jackson,1999,CIN,WR,15,5.46,5.14,-1.39,0.4338,8.6,Florida,1994,4,false
00-0031431,Marqise Lee,2014,JAX,WR,12,7.17,5.43,-1.4,0.4825,8.6,USC,2014,2,false
00-0008841,Reggie Jones,2000,SD,WR,9,5.26,5.83,-1.4,0.4565,8.6,LSU; Butler County JC,,,false
00-0013512,Jake Reed,2002,NO,WR,12,6.08,4.72,-1.4,0.4236,8.6,Grambling State,1991,3,false
00-0032144,Melvin Gordon,2015,LAC,RB,14,7.74,3.84,-1.4,0.5,8.6,Wisconsin,2015,1,false
00-0025549,Brent Celek,2013,PHI,TE,16,7.26,5.37,-1.4,0.6418,8.6,Cincinnati,2007,5,false
00-0018343,Frank Wycheck,2002,TEN,TE,14,6.08,4.65,-1.4,0.7692,8.6,Maryland,1993,6,false
00-0025516,Scott Chandler,2014,BUF,TE,16,7.17,5.36,-1.4,0.7105,8.6,Iowa,2007,4,false
00-0035140,Mecole Hardman,2019,KC,WR,16,7.72,6.24,-1.4,0.5329,8.6,Georgia,2019,2,false
00-0023506,Alex Smith,2007,TB,TE,13,6.81,4.5,-1.4,0.6825,8.6,Stanford,2005,3,false
00-0030536,Zac Stacy,2014,LA,RB,9,7.17,4.92,-1.41,0.5049,8.6,Vanderbilt,2013,5,false
00-0029613,Doug Martin,2018,LV,RB,16,7.49,5.41,-1.41,0.4624,8.6,Boise State,2012,1,false
00-0029854,C.J. Anderson,2018,CAR,RB,9,7.49,9.76,-1.41,0.4516,8.6,California; Laney College,,,true
00-0010859,Tony McGee,2000,CIN,TE,12,5.24,3.64,-1.41,0.6833,8.6,Michigan,1993,2,false
00-0035644,Noah Fant,2024,SEA,TE,14,7.43,4.23,-1.42,0.6795,8.6,Iowa,2019,1,false
00-0019976,Drew Bennett,2001,TEN,WR,12,5.41,3.42,-1.42,0.4468,8.6,UCLA,,,false
00-0021183,Doug Jolley,2002,OAK,TE,14,6.06,4.81,-1.42,0.7538,8.5,BYU,2002,2,false
00-0020022,Marcel Shipp,2005,ARI,RB,15,6.64,4.08,-1.42,0.5104,8.5,UMass Amherst,,,false
00-0024276,Tony Scheffler,2011,DET,TE,15,6.61,5.57,-1.42,0.6301,8.5,Western Michigan,2006,2,false
00-0003400,Ernie Conwell,2002,STL,TE,16,6.06,4.56,-1.43,0.7385,8.5,Washington,1996,2,false
00-0029608,T.Y. Hilton,2021,IND,WR,10,7.41,4.9,-1.43,0.5161,8.5,Florida International,2012,3,false
00-0021999,Nate Burleson,2003,MIN,WR,14,6.04,3.92,-1.44,0.3511,8.5,Nevada,2003,3,false
00-0030513,Latavius Murray,2021,BAL,RB,14,7.4,5.26,-1.44,0.4653,8.5,UCF,2013,6,false
00-0033110,Tyler Higbee,2025,LA,TE,10,7.11,6.28,-1.44,0.6512,8.5,Western Kentucky,2016,4,false
00-0027681,Brandon LaFell,2010,CAR,WR,14,6.91,5.1,-1.44,0.4577,8.5,LSU,2010,3,false
00-0035644,Noah Fant,2022,SEA,TE,17,7.21,4.25,-1.45,0.7284,8.5,Iowa,2019,1,false
00-0010843,Wane McGarity,2000,DAL,WR,14,5.21,4.3,-1.45,0.4493,8.5,Texas,1999,4,false
00-0024272,Devin Hester,2014,ATL,WR,16,7.13,6.69,-1.45,0.4755,8.5,Miami,2006,2,false
00-0037261,Khalil Shakir,2023,BUF,WR,16,7.07,6.13,-1.45,0.5689,8.5,Boise State,2022,5,false
00-0033871,Corey Davis,2019,TEN,WR,15,7.67,5.57,-1.45,0.5263,8.5,Western Michigan,2017,1,false
00-0023612,Bo Scaife,2010,TEN,TE,13,6.91,5.63,-1.45,0.6575,8.5,Texas,2005,6,false
00-0031549,Nelson Agholor,2021,NE,WR,14,7.39,5,-1.45,0.5097,8.5,USC,2015,1,false
00-0021184,Ladell Betts,2009,WAS,RB,10,6.79,6.13,-1.45,0.4457,8.5,Iowa,2002,2,false
00-0036407,Jerry Jeudy,2025,CLE,WR,17,7.1,5.22,-1.45,0.6025,8.5,Alabama,2020,1,false
00-0003142,Ben Coates,1999,NE,TE,15,5.4,4.62,-1.45,0.7231,8.5,Livingstone College,1991,5,false
00-0002544,Chris Calloway,1999,ATL,WR,11,5.4,5.4,-1.45,0.4265,8.5,Michigan,1990,4,false
00-0032208,Phillip Dorsett,2018,NE,WR,11,7.45,6.74,-1.45,0.4894,8.5,Miami,2015,1,false
00-0032257,Duke Johnson,2020,HOU,RB,11,7.67,5,-1.46,0.4949,8.5,Miami,2015,3,false
00-0034272,Marquez Valdes-Scantling,2022,KC,WR,17,7.2,4.97,-1.46,0.5133,8.5,University of South Florida; N.C. State,2018,5,false
00-0021981,Shaun McDonald,2005,LA,WR,15,6.6,5.61,-1.46,0.4511,8.5,Arizona State,2003,4,false
00-0027077,Brian Hartline,2009,MIA,WR,16,6.78,4.93,-1.46,0.4685,8.5,Ohio State,2009,4,false
00-0035500,Greg Dortch,2022,ARI,WR,16,7.19,7.84,-1.46,0.5067,8.5,Wake Forest,,,false
00-0024334,Brandon Marshall,2006,DEN,WR,10,6.41,4.95,-1.47,0.3937,8.5,UCF,2006,4,false
00-0026000,Davone Bess,2008,MIA,WR,16,7.29,4.77,-1.47,0.4741,8.5,Hawaii,,,false
00-0027155,Rashad Jennings,2012,JAX,RB,10,7.23,7.69,-1.47,0.5895,8.5,Liberty; Pittsburgh,2009,7,false
00-0031868,Damiere Byrd,2020,NE,WR,15,7.66,6.58,-1.47,0.513,8.5,South Carolina,,,false
00-0024013,Hank Baskett,2008,PHI,WR,13,7.29,5.73,-1.47,0.4667,8.5,New Mexico,,,false
00-0022929,Devery Henderson,2007,NO,WR,12,6.74,3.68,-1.47,0.4403,8.5,LSU,2004,2,false
00-0027714,Dennis Pitta,2011,BAL,TE,15,6.57,4.94,-1.47,0.6164,8.5,BYU,2010,4,false
00-0023457,Mark Clayton,2007,BAL,WR,15,6.74,4.97,-1.47,0.4328,8.5,Oklahoma,2005,1,false
00-0028411,Dontrelle Inman,2015,LAC,WR,13,7.66,6.77,-1.47,0.5563,8.5,Virginia,,,false
00-0013712,Mikhael Ricks,1999,SD,TE,16,5.38,4.3,-1.48,0.7077,8.5,Stephen F. Austin State,1998,2,false
00-0009829,Dorsey Levens,2004,PHI,RB,13,6.4,4.26,-1.48,0.4894,8.5,Georgia Tech; Notre Dame,1994,5,false
00-0009323,Jimmy Kleinsasser,2002,MIN,TE,14,6,3.81,-1.48,0.7231,8.5,North Dakota,1999,2,false
00-0026144,Darren McFadden,2009,LV,RB,12,6.76,4.85,-1.48,0.4348,8.5,Arkansas,2008,1,false
00-0022811,Jerricho Cotchery,2015,CAR,WR,14,7.65,4.53,-1.49,0.5497,8.5,N.C. State,2004,4,false
00-0031376,Jerick McKinnon,2023,KC,RB,12,7.03,5.78,-1.49,0.5111,8.5,Georgia Southern,2014,3,false
00-0022006,Artose Pinner,2005,DET,RB,14,6.57,5.49,-1.49,0.5,8.5,Kentucky,2003,4,false
00-0035535,Darius Slayton,2025,NYG,WR,14,7.06,4.12,-1.5,0.5963,8.4,Auburn,2019,5,false
00-0023630,Joel Dreessen,2010,HOU,TE,16,6.86,6.38,-1.5,0.6438,8.4,Colorado State,2005,6,false
00-0022770,Derrick Ward,2009,TB,RB,14,6.74,4.88,-1.5,0.4239,8.4,University of Ottawa (Kans.); Fresno State,2004,7,false
00-0027518,Donald Jones,2011,BUF,WR,8,6.54,4.99,-1.5,0.4797,8.4,Youngstown State; Lackawanna JC,,,false
00-0022811,Jerricho Cotchery,2010,NYJ,WR,14,6.86,4.35,-1.5,0.4507,8.4,N.C. State,2004,4,false
00-0033591,Noah Brown,2022,DAL,WR,16,7.16,6.96,-1.5,0.5,8.4,Ohio State,2017,7,false
00-0002005,Na Brown,1999,PHI,WR,8,5.35,4.1,-1.5,0.4191,8.4,North Carolina,1999,4,false
00-0034159,Will Dissly,2024,LAC,TE,15,7.34,5.32,-1.5,0.6667,8.4,Washington,2018,4,false
00-0032940,DeAndre Washington,2019,LV,RB,16,7.62,6.92,-1.5,0.4737,8.4,Texas Tech,2016,5,false
00-0027006,Kenny Britt,2015,LA,WR,16,7.63,5.76,-1.5,0.543,8.4,Rutgers,2009,1,false
00-0016373,Derrius Thompson,2004,MIA,WR,13,6.38,3.44,-1.5,0.4519,8.4,Baylor,,,false
00-0029388,Deonte Thompson,2017,BUF,WR,16,6.56,6.33,-1.51,0.5263,8.4,Florida,,,true
00-0027654,Arrelious Benn,2011,TB,WR,14,6.53,4.57,-1.51,0.473,8.4,Illinois,2010,2,false
00-0033943,Josh Reynolds,2021,DET,WR,11,7.33,6.43,-1.51,0.5032,8.4,Texas A&M; Tyler JC,2017,4,true
00-0027003,Donald Brown,2009,IND,RB,11,6.73,4.41,-1.52,0.413,8.4,Connecticut,2009,1,false
00-0025559,Legedu Naanee,2011,CAR,WR,15,6.52,3.93,-1.52,0.4662,8.4,Boise State,2007,5,false
00-0027140,Chris Ogbonnaya,2013,CLE,RB,16,7.14,5.79,-1.52,0.5161,8.4,Texas,2009,7,false
00-0024297,Derek Hagan,2007,MIA,WR,12,6.69,5.5,-1.52,0.4254,8.4,Arizona State,2006,3,false
00-0025418,Greg Olsen,2010,CHI,TE,16,6.84,4.96,-1.52,0.6301,8.4,Miami; Notre Dame,2007,1,false
00-0026267,Jacob Tamme,2016,ATL,TE,8,7.63,5.45,-1.52,0.6438,8.4,Kentucky,2008,4,false
00-0026780,Kevin Ogletree,2012,DAL,WR,14,7.18,8.63,-1.52,0.5068,8.4,Virginia,,,false
00-0036252,Michael Pittman,2020,IND,WR,13,7.61,4.98,-1.52,0.5065,8.4,USC,2020,2,false
00-0024221,Vernon Davis,2016,WAS,TE,15,7.62,5.35,-1.53,0.6301,8.4,Maryland,2006,1,false
00-0033725,Corey Clement,2018,PHI,RB,11,7.37,6.56,-1.53,0.4409,8.4,Wisconsin,,,false
00-0026035,Danny Amendola,2020,DET,WR,14,7.6,4.05,-1.53,0.5,8.4,Texas Tech,,,false
00-0021150,William Green,2004,CLE,RB,14,6.35,5.78,-1.53,0.4787,8.4,Boston College,2002,1,false
00-0020171,Boo Williams,2001,NO,TE,11,5.29,5.36,-1.53,0.6786,8.4,Arkansas; Coffeyville CC,,,false
00-0007120,Courtney Hawkins,1999,PIT,WR,11,5.32,3.43,-1.54,0.4118,8.4,Michigan State,1992,2,false
00-0005883,Eddie George,2004,DAL,RB,13,6.35,5.69,-1.54,0.4681,8.4,Ohio State,1996,1,false
00-0036894,Pat Freiermuth,2023,PIT,TE,11,6.98,5.67,-1.54,0.7,8.4,Penn State,2021,2,false
00-0033292,Trent Taylor,2017,SF,WR,15,6.53,4.13,-1.54,0.5197,8.4,Louisiana Tech,2017,5,false
00-0030061,Zach Ertz,2013,PHI,TE,15,7.13,6.69,-1.54,0.6269,8.4,Stanford,2013,2,false
00-0020780,Frisman Jackson,2005,CLE,WR,9,6.52,8.08,-1.54,0.4436,8.4,Western Illinois; Northern Illinois,,,false
00-0005816,Olandis Gary,2002,DEN,RB,9,5.94,5,-1.54,0.5354,8.4,Georgia; Marshall,1999,4,false
00-0028411,Dontrelle Inman,2017,CHI,WR,10,6.53,5.63,-1.54,0.5132,8.4,Virginia,,,true
00-0016654,Jason Tucker,1999,DAL,WR,15,5.31,7.96,-1.54,0.4044,8.4,TCU,1998,6,false
00-0027981,Kyle Rudolph,2019,MIN,TE,15,7.58,6.7,-1.54,0.7714,8.4,Notre Dame,2011,2,false
00-0022165,Dallas Clark,2012,TB,TE,16,7.16,5.48,-1.54,0.6438,8.4,Iowa,2003,1,false
00-0040704,Dillon Gabriel,2025,CLE,QB,10,7.01,7.05,-1.54,0,8.4,Oregon; Oklahoma; UCF,2025,3,false
00-0038129,Cade Otton,2023,TB,TE,17,6.97,5.74,-1.55,0.6875,8.4,Washington,2022,4,false
00-0025487,Michael Bush,2009,LV,RB,15,6.69,6.15,-1.55,0.4022,8.4,Louisville,2007,4,false
00-0015751,J.J. Stokes,2002,SF,WR,12,5.93,3.73,-1.55,0.4167,8.4,UCLA,1995,1,false
00-0034970,Irv Smith,2020,MIN,TE,13,7.58,7.24,-1.55,0.6974,8.4,Alabama,2019,2,false
00-0026201,Martellus Bennett,2017,GB,TE,9,6.51,2.45,-1.56,0.6883,8.4,Texas A&M,2008,2,true
00-0000166,Stephen Alexander,1999,WAS,TE,15,5.29,6.37,-1.56,0.6923,8.4,Oklahoma,1998,2,false
00-0015082,Akili Smith,2000,CIN,QB,11,5.09,4.34,-1.56,0.0541,8.3,Oregon; Grossmont,1999,1,false
00-0024294,Jerious Norwood,2009,ATL,RB,10,6.68,3.82,-1.56,0.3913,8.3,Mississippi State,2006,3,false
00-0019644,Bubba Franks,2000,GB,TE,15,5.09,3.56,-1.57,0.6667,8.3,Miami,2000,1,false
00-0007389,Skip Hicks,2001,TEN,RB,9,5.26,7.43,-1.57,0.5,8.3,UCLA,1998,3,false
00-0023500,Frank Gore,2018,MIA,RB,14,7.33,4.15,-1.57,0.4301,8.3,Miami,2005,3,false
00-0027791,James Starks,2013,GB,RB,13,7.09,7.2,-1.57,0.5054,8.3,Buffalo,2010,6,false
00-0016214,Yancey Thigpen,2000,TEN,WR,11,5.08,5.16,-1.57,0.442,8.3,Winston Salem State University,1991,4,false
00-0023462,Roddy White,2005,ATL,WR,14,6.49,5.12,-1.57,0.4361,8.3,UAB,2005,1,false
00-0026345,Pierre Garcon,2018,SF,WR,8,7.33,4.46,-1.58,0.4823,8.3,Mount Union College; Norwich University,2008,6,false
00-0037252,Greg Dulcich,2025,MIA,TE,9,6.98,3.96,-1.58,0.6395,8.3,UCLA,2022,3,false
00-0022889,Reggie Williams,2005,JAX,WR,12,6.48,3.13,-1.58,0.4286,8.3,Washington,2004,1,false
00-0033662,Cooper Rush,2022,DAL,QB,8,7.08,6.54,-1.58,0,8.3,Central Michigan; Tarrant County JC,,,false
00-0032775,Demarcus Robinson,2024,LA,WR,17,7.26,7.31,-1.58,0.535,8.3,Florida,2016,4,false
00-0027140,Chris Ogbonnaya,2011,CLE,RB,12,6.46,6.49,-1.58,0.5114,8.3,Texas,2009,7,true
00-0035261,Tony Pollard,2020,DAL,RB,16,7.55,7.19,-1.58,0.4848,8.3,Memphis,2019,4,false
00-0032355,Chester Rogers,2018,IND,WR,16,7.32,6.27,-1.58,0.4752,8.3,Grambling State,,,false
00-0027077,Brian Hartline,2011,MIA,WR,15,6.45,4.5,-1.58,0.4595,8.3,Ohio State,2009,4,false
00-0030108,Ryan Griffin,2019,NYJ,TE,13,7.54,8.17,-1.58,0.7571,8.3,Connecticut,2013,6,false
00-0031428,Allen Robinson,2021,CHI,WR,12,7.25,2.64,-1.59,0.4968,8.3,Penn State,2014,2,false
00-0034301,Darrel Williams,2019,KC,RB,9,7.53,6.76,-1.59,0.4632,8.3,LSU,,,false
00-0021982,Justin Gage,2005,CHI,WR,12,6.47,5.97,-1.59,0.4211,8.3,Missouri,2003,5,false
00-0002159,Shawn Bryson,2004,DET,RB,16,6.29,4.46,-1.59,0.4574,8.3,Tennessee,1999,3,false
00-0025622,Chansi Stuckey,2008,NYJ,WR,12,7.17,5.12,-1.6,0.4593,8.3,Clemson,2007,7,false
00-0032764,Derrick Henry,2016,TEN,RB,14,7.55,5.96,-1.6,0.5104,8.3,Alabama,2016,2,false
00-0038108,Bailey Zappe,2023,NE,QB,10,6.92,7.62,-1.6,0.0278,8.3,Western Kentucky; Houston Christian University,2022,4,false
00-0033308,Matt Breida,2017,SF,RB,16,6.47,4.98,-1.6,0.4,8.3,Georgia Southern,,,false
00-0011551,Dave Moore,2000,TB,TE,15,5.05,3.49,-1.6,0.65,8.3,Pittsburgh,1992,7,false
00-0025396,Ted Ginn,2009,MIA,WR,16,6.64,5.8,-1.61,0.4615,8.3,Ohio State,2007,1,false
00-0033119,Jacoby Brissett,2021,MIA,QB,10,7.23,7.3,-1.61,0,8.3,N.C. State; Florida,2016,3,false
00-0026314,Josh Morgan,2012,WAS,WR,16,7.09,3.97,-1.61,0.5,8.3,Virginia Tech,2008,6,false
00-0019644,Bubba Franks,2003,GB,TE,14,5.86,3.82,-1.61,0.6364,8.3,Miami,2000,1,false
00-0035126,Antoine Wesley,2021,ARI,WR,8,7.22,6.07,-1.61,0.4903,8.3,Texas Tech,,,false
00-0028114,Dwayne Harris,2015,NYG,WR,15,7.52,7.02,-1.62,0.5364,8.3,East Carolina,2011,6,false
00-0036493,Deon Jackson,2022,IND,RB,12,7.04,8.74,-1.62,0.5,8.3,Duke,,,false
00-0025465,James Jones,2009,GB,WR,16,6.63,5.7,-1.62,0.4545,8.3,San Jose State,2007,3,false
00-0027944,Julio Jones,2022,TB,WR,10,7.04,4.32,-1.62,0.4933,8.3,Alabama,2011,1,false
00-0012726,Doug Pederson,1999,PHI,QB,10,5.23,4.89,-1.62,0.0488,8.3,Louisiana-Monroe,,,false
00-0032760,Josh Doctson,2018,WAS,WR,15,7.28,4.5,-1.62,0.4681,8.3,TCU; Wyoming,2016,1,false
00-0036412,KJ Hamler,2020,DEN,WR,12,7.51,6.52,-1.62,0.4935,8.3,Penn State,2020,2,false
00-0014489,Bill Schroeder,2003,DET,WR,15,5.85,3.63,-1.63,0.3435,8.3,Wisconsin La Crosse,,,false
00-0011236,Billy Miller,2003,HOU,TE,16,5.84,4.52,-1.63,0.6182,8.3,USC,1999,7,false
00-0019539,Dante Hall,2002,KC,WR,16,5.85,8.13,-1.63,0.4097,8.3,Texas A&M,2000,5,false
00-0035341,Trenton Irwin,2022,CIN,WR,9,7.02,6.65,-1.64,0.4867,8.2,Stanford,,,false
00-0022039,Ken Dorsey,2004,SF,QB,8,6.24,7.17,-1.64,0.0286,8.2,Miami,2003,7,false
00-0037664,Alec Pierce,2022,IND,WR,16,7.02,5.89,-1.64,0.48,8.2,Cincinnati,2022,2,false
00-0033895,Gerald Everett,2019,LA,TE,12,7.48,6.89,-1.64,0.7429,8.2,South Alabama; UAB; Hutchinson CC,2017,2,false
00-0019564,Aaron Shea,2000,CLE,TE,14,5.01,4.39,-1.64,0.6333,8.2,Michigan,2000,4,false
00-0019539,Dante Hall,2005,KC,WR,16,6.42,5.75,-1.64,0.4135,8.2,Texas A&M,2000,5,false
00-0031339,Donte Moncrief,2017,IND,WR,12,6.43,4.21,-1.64,0.5066,8.2,Mississippi,2014,3,false
00-0028020,Vincent Brown,2011,LAC,WR,10,6.39,6.41,-1.65,0.4527,8.2,San Diego State,2011,3,false
00-0004294,Ken Dilger,2004,TB,TE,15,6.23,5.25,-1.65,0.7049,8.2,Illinois,1995,2,false
00-0028064,Bilal Powell,2012,NYJ,RB,14,7.05,5.51,-1.65,0.5789,8.2,Louisville,2011,4,false
00-0030300,Jaron Brown,2017,ARI,WR,16,6.42,4.99,-1.65,0.5,8.2,Clemson,,,false
00-0004079,Lawrence Dawsey,1999,NO,WR,8,5.2,4.49,-1.65,0.3971,8.2,Florida State,1991,3,false
00-0027890,Ben Tate,2014,CLE,RB,11,6.92,6.64,-1.65,0.4951,8.2,Auburn,2010,2,true
00-0009119,Reggie Kelly,2000,ATL,TE,15,5,5.29,-1.65,0.6167,8.2,Mississippi State,1999,2,false
00-0036326,Chase Claypool,2022,PIT,WR,15,7,5.83,-1.66,0.4733,8.2,Notre Dame,2020,2,true
00-0008749,Freddie Jones,2004,ARI,TE,16,6.23,4.01,-1.66,0.6885,8.2,North Carolina,1997,2,false
00-0005903,Jammi German,1999,ATL,WR,10,5.19,6.3,-1.66,0.3897,8.2,Miami,1998,3,false
00-0034838,Royce Freeman,2018,DEN,RB,14,7.24,5.15,-1.66,0.4194,8.2,Oregon,2018,3,false
00-0036182,Nick Westbrook-Ikhine,2021,TEN,WR,15,7.17,5.63,-1.66,0.4839,8.2,Indiana,,,false
00-0033885,David Njoku,2021,CLE,TE,15,7.17,6.94,-1.66,0.7273,8.2,Miami,2017,1,false
00-0030287,Andre Ellington,2015,ARI,RB,10,7.47,5.58,-1.67,0.4896,8.2,Clemson,2013,6,false
00-0023408,Greg Camarillo,2009,MIA,WR,16,6.58,4.63,-1.67,0.4476,8.2,Stanford,,,false
00-0019484,Sammy Morris,2009,NE,RB,12,6.57,6.07,-1.67,0.3804,8.2,Texas Tech,2000,5,false
00-0011224,Itula Mili,2000,SEA,TE,15,4.99,4.22,-1.67,0.6,8.2,BYU,1997,6,false
00-0025460,Jacoby Jones,2011,HOU,WR,16,6.37,5.53,-1.67,0.4459,8.2,Lane College; Southeastern Louisiana,2007,3,false
00-0021929,Donald Lee,2008,GB,TE,14,7.09,5.14,-1.67,0.6875,8.2,Mississippi State,2003,5,false
00-0032791,Jakeem Grant,2018,MIA,WR,10,7.23,6.18,-1.67,0.461,8.2,Texas Tech,2016,6,false
00-0030578,Cordarrelle Patterson,2016,MIN,RB,16,7.48,5.49,-1.67,0.5,8.2,Tennessee; Hutchinson CC,2013,1,false
00-0006359,Yatil Green,1999,MIA,WR,8,5.18,4.31,-1.68,0.3824,8.2,Miami,1997,1,false
00-0029580,Rishard Matthews,2013,MIA,WR,14,6.99,8.85,-1.68,0.4453,8.2,Nevada; Bakersfield College,2012,7,false
00-0026625,Brian Hoyer,2017,SF,QB,10,6.39,9.68,-1.68,0.0645,8.2,Michigan State,,,true
00-0039144,Luke Musgrave,2023,GB,TE,11,6.84,3.95,-1.68,0.675,8.2,Oregon State,2023,2,false
00-0015601,Aaron Stecker,2004,NO,RB,14,6.2,6.73,-1.68,0.4468,8.2,Western Illinois; Wisconsin,,,false
00-0032602,J.D. McKissic,2022,WAS,RB,8,6.98,4.27,-1.68,0.4898,8.2,Arkansas State,,,false
00-0019976,Drew Bennett,2002,TEN,WR,16,5.8,5.9,-1.68,0.4028,8.2,UCLA,,,false
00-0036988,Josh Palmer,2024,LAC,WR,15,7.16,3.6,-1.68,0.5287,8.2,Tennessee,2021,3,false
00-0033589,David Moore,2018,SEA,WR,14,7.21,7.68,-1.69,0.4539,8.2,East Central,2017,7,false
00-0034975,Justice Hill,2023,BAL,RB,16,6.83,5.54,-1.69,0.5,8.2,Oklahoma State,2019,4,false
00-0039880,Malik Washington,2025,MIA,WR,17,6.86,3.32,-1.69,0.5901,8.2,Virginia; Northwestern,2024,6,false
00-0022156,Bryant Johnson,2005,ARI,WR,14,6.37,4.81,-1.69,0.406,8.2,Penn State,2003,1,false
00-0000871,Mario Bates,1999,ARI,RB,16,5.16,6.53,-1.69,0.5104,8.2,Arizona State,1994,2,false
00-0022929,Devery Henderson,2011,NO,WR,15,6.35,6.77,-1.69,0.4392,8.2,LSU,2004,2,false
00-0022164,Kyle Boller,2003,BAL,QB,11,5.78,5.84,-1.69,0.0294,8.2,California,2003,1,false
00-0035208,Olamide Zaccheaus,2024,WAS,WR,16,7.15,7.29,-1.69,0.5223,8.2,Virginia,,,false
00-0022126,L.J. Smith,2008,PHI,TE,12,7.07,4.14,-1.7,0.6719,8.2,Rutgers,2003,2,false
00-0025462,Laurent Robinson,2007,ATL,WR,13,6.52,5.87,-1.7,0.4179,8.2,Illinois State,2007,3,false
00-0021213,Chris Baker,2005,NYJ,TE,8,6.36,8.19,-1.7,0.6491,8.2,Michigan State,2002,3,false
00-0031577,Javorius Allen,2018,BAL,RB,13,7.2,6.26,-1.7,0.4086,8.2,USC,2015,4,false
00-0033589,David Moore,2020,SEA,WR,16,7.42,5.99,-1.71,0.487,8.2,East Central,2017,7,false
00-0036290,Cole Kmet,2021,CHI,TE,17,7.13,4.35,-1.71,0.7143,8.1,Notre Dame,2020,2,false
00-0031339,Donte Moncrief,2014,IND,WR,14,6.86,8.93,-1.71,0.4685,8.1,Mississippi,2014,3,false
00-0028034,Alex Green,2012,GB,RB,11,6.99,3.83,-1.71,0.5684,8.1,Hawaii; Butte College,2011,3,false
00-0028007,Rob Housler,2013,ARI,TE,13,6.95,5.29,-1.71,0.6119,8.1,Florida Atlantic,2011,3,false
00-0027531,Chris Ivory,2013,NYJ,RB,15,6.95,6.09,-1.71,0.4946,8.1,Tiffin; Washington State,,,false
00-0039021,Roschon Johnson,2023,CHI,RB,15,6.81,5.09,-1.71,0.4889,8.1,Texas,2023,4,false
00-0040736,Mason Taylor,2025,NYJ,TE,13,6.84,5.2,-1.71,0.6279,8.1,LSU,2025,2,false
00-0030068,Marquise Goodwin,2022,SEA,WR,13,6.94,7.35,-1.72,0.4667,8.1,Texas,2013,3,false
00-0006803,Byron Hanspard,1999,ATL,RB,12,5.13,4.75,-1.72,0.5,8.1,Texas Tech,1997,2,false
00-0021980,George Wrighster,2006,JAX,TE,15,6.15,2.85,-1.72,0.65,8.1,Oregon,2003,4,false
00-0026182,Eddie Royal,2015,CHI,WR,9,7.41,5.28,-1.72,0.5298,8.1,Virginia Tech,2008,2,false
00-0019461,JaJuan Dawson,2001,CLE,WR,11,5.1,3.38,-1.72,0.4397,8.1,Tulane,2000,3,false
00-0032211,Tyler Lockett,2024,SEA,WR,17,7.12,4.96,-1.73,0.5159,8.1,Kansas State,2015,3,false
00-0022803,Eli Manning,2004,NYG,QB,8,6.15,6.71,-1.73,0,8.1,Mississippi,2004,1,false
00-0033307,Kendrick Bourne,2018,SF,WR,16,7.17,4.87,-1.73,0.4468,8.1,Eastern Washington,,,false
00-0036980,Elijah Moore,2024,CLE,WR,17,7.11,5.89,-1.73,0.5096,8.1,Mississippi,2021,2,false
00-0022840,Julius Jones,2008,SEA,RB,14,7.03,7.17,-1.73,0.3936,8.1,Notre Dame,2004,2,false
00-0031064,Tom Savage,2017,HOU,QB,8,6.33,6.52,-1.73,0.0323,8.1,Pittsburgh; Arizona; Rutgers,2014,4,false
00-0030431,Robert Woods,2022,TEN,WR,17,6.92,4.5,-1.73,0.46,8.1,USC,2013,2,false
00-0033925,D'Onta Foreman,2017,HOU,RB,9,6.33,6.93,-1.74,0.3895,8.1,Texas,2017,3,false
00-0037837,Calvin Austin III,2024,PIT,WR,17,7.11,6.7,-1.74,0.5032,8.1,Memphis,2022,4,false
00-0027005,Hakeem Nicks,2014,IND,WR,15,6.83,5.59,-1.74,0.4615,8.1,North Carolina,2009,1,false
00-0009842,Chad Lewis,2004,PHI,TE,12,6.14,4.58,-1.74,0.6721,8.1,BYU; Utah Valley,,,false
00-0031118,Corey Brown,2015,CAR,WR,14,7.39,5.01,-1.74,0.5232,8.1,Ohio State,,,false
00-0037809,Chig Okonkwo,2024,TEN,TE,16,7.1,5.18,-1.74,0.6538,8.1,Maryland,2022,4,false
00-0027796,Joe Webb,2011,MIN,QB,8,6.29,9.52,-1.75,0.0278,8.1,UAB,2010,6,false
00-0027026,Mohamed Massaquoi,2010,CLE,WR,15,6.61,4.36,-1.75,0.4437,8.1,Georgia,2009,2,false
00-0033948,Jamaal Williams,2018,GB,RB,16,7.15,7.26,-1.75,0.3978,8.1,BYU,2017,4,false
00-0022725,Michael Clayton,2005,TB,WR,11,6.31,3.79,-1.75,0.3985,8.1,LSU,2004,1,false
00-0033871,Corey Davis,2017,TEN,WR,11,6.32,4.47,-1.75,0.4934,8.1,Western Michigan,2017,1,false
00-0004004,John Davis,2002,CHI,TE,10,5.73,5.43,-1.75,0.7077,8.1,Emporia State University; Cisco Junior College,,,false
00-0002459,Kenny Bynum,1999,SD,RB,16,5.1,5.42,-1.75,0.4896,8.1,South Carolina State,1997,5,false
00-0034367,Nyheim Hines,2019,IND,RB,16,7.37,3.57,-1.75,0.4526,8.1,N.C. State,2018,4,false
00-0005101,Christian Fauria,2000,SEA,TE,13,4.9,3.91,-1.75,0.5833,8.1,Colorado,1995,2,false
00-0027321,Jeff Cumberland,2013,NYJ,TE,13,6.91,5.26,-1.76,0.597,8.1,Illinois,,,false
00-0034970,Irv Smith,2022,MIN,TE,8,6.9,4.39,-1.76,0.716,8.1,Alabama,2019,2,false
00-0027685,Emmanuel Sanders,2012,PIT,WR,16,6.94,3.24,-1.76,0.4932,8.1,SMU,2010,3,false
00-0036637,Noah Gray,2024,KC,TE,16,7.08,6.25,-1.76,0.641,8.1,Duke,2021,5,false
00-0008749,Freddie Jones,2002,ARI,TE,15,5.72,3.79,-1.76,0.6923,8.1,North Carolina,1997,2,false
00-0021183,Doug Jolley,2003,LV,TE,11,5.71,5.2,-1.76,0.6,8.1,BYU,2002,2,false
00-0036383,Eno Benjamin,2022,ARI,RB,13,6.89,6.53,-1.77,0.4796,8.1,Arizona State,2020,7,true
00-0026314,Josh Morgan,2008,SF,WR,10,6.99,6.81,-1.77,0.4519,8.1,Virginia Tech,2008,6,false
00-0020513,David Terrell,2003,CHI,WR,15,5.7,3.58,-1.77,0.3359,8.1,Michigan,2001,1,false
00-0031166,Seth Roberts,2018,LV,WR,15,7.13,3.65,-1.77,0.4397,8.1,West Alabama; Pearl River,,,false
00-0028000,Daniel Thomas,2012,MIA,RB,12,6.92,5.11,-1.77,0.5579,8.1,Kansas State; Manhattan Christian Coll. KS (J.C.); Butler County JC; Northwest Mississippi CC,2011,2,false
00-0017924,Roland Williams,2001,OAK,TE,16,5.05,3.88,-1.78,0.6607,8.1,Syracuse,1998,4,false
00-0033891,Zay Jones,2021,LV,WR,15,7.06,5.35,-1.78,0.4774,8.1,East Carolina,2017,2,false
00-0006047,Andrew Glover,2000,NO,TE,15,4.87,5.09,-1.78,0.5667,8,Grambling State,1991,10,false
00-0029738,Darren Fells,2019,HOU,TE,15,7.34,6.96,-1.78,0.7286,8,UC Irvine,,,false
00-0035208,Olamide Zaccheaus,2022,ATL,WR,16,6.88,4.16,-1.78,0.4533,8,Virginia,,,false
00-0021174,Tim Carter,2003,NYG,WR,10,5.69,3.03,-1.78,0.3282,8,Auburn,2002,2,false
00-0028000,Daniel Thomas,2011,MIA,RB,13,6.25,5.26,-1.78,0.5,8,Kansas State; Manhattan Christian Coll. KS (J.C.); Butler County JC; Northwest Mississippi CC,2011,2,false
00-0017644,Jermaine Wiggins,2000,NYJ,TE,10,4.87,5.37,-1.78,0.55,8,Georgia; Marshall,,,true
00-0002876,Chris Chandler,2003,CHI,QB,8,5.69,4.4,-1.79,0,8,Washington,1988,3,false
00-0019543,Danny Farmer,2000,CIN,WR,9,4.87,5.23,-1.79,0.4348,8,UCLA,2000,4,false
00-0002586,Mark Campbell,2003,BUF,TE,13,5.68,3.3,-1.79,0.5818,8,Michigan,,,false
00-0038619,Andrei Iosivas,2024,CIN,WR,17,7.05,4.99,-1.79,0.4968,8,Princeton,2023,6,false
00-0000387,Reidel Anthony,1999,TB,WR,13,5.06,5.78,-1.79,0.375,8,Florida,1997,1,false
00-0021190,Antwaan Randle El,2009,WAS,WR,16,6.44,3.97,-1.81,0.4406,8,Indiana,2002,2,false
00-0033611,Ricky Seals-Jones,2017,ARI,TE,8,6.26,8.09,-1.81,0.6753,8,Texas A&M,,,false
00-0020455,Eric Johnson,2002,SF,TE,12,5.68,5.67,-1.81,0.6769,8,Yale,2001,7,false
00-0035298,Scott Miller,2020,TB,WR,14,7.32,7.25,-1.81,0.4805,8,Bowling Green,2019,6,false
00-0002159,Shawn Bryson,2005,DET,RB,16,6.25,4.24,-1.81,0.4896,8,Tennessee,1999,3,false
00-0020471,Travis Henry,2005,TEN,RB,9,6.24,4.12,-1.82,0.4792,8,Tennessee,2001,2,false
00-0011551,Dave Moore,1999,TB,TE,16,5.04,5.01,-1.82,0.6769,8,Pittsburgh,1992,7,false
00-0035243,Miles Sanders,2024,CAR,RB,11,7.03,7.48,-1.82,0.5612,8,Penn State,2019,2,false
00-0002743,Ki-Jana Carter,2001,WAS,RB,14,5.01,5.17,-1.82,0.4898,8,Penn State,1995,1,false
00-0028825,Terrelle Pryor,2017,WAS,WR,8,6.25,5.3,-1.82,0.4868,8,Ohio State,2011,3,false
00-0038104,Tyquan Thornton,2025,KC,WR,12,6.73,5.71,-1.82,0.5839,8,Baylor,2022,2,false
00-0028237,Chris Hogan,2018,NE,WR,15,7.08,5.88,-1.82,0.4326,8,Monmouth; Penn State,,,false
00-0030472,Jordan Reed,2020,SF,TE,10,7.31,7.21,-1.82,0.6842,8,Florida,2013,3,false
00-0032464,Kalif Raymond,2022,DET,WR,17,6.84,4.63,-1.82,0.4467,8,Holy Cross,,,false
00-0032104,Ameer Abdullah,2015,DET,RB,16,7.31,4.99,-1.82,0.4792,8,Nebraska,2015,2,false
00-0035715,Derrick Gore,2021,KC,RB,8,7.01,5.89,-1.83,0.4554,8,Louisiana-Monroe,,,false
00-0037240,Jameson Williams,2023,DET,WR,12,6.69,4.56,-1.83,0.5629,8,Alabama; Ohio State,2022,1,false
00-0029910,Timothy Wright,2014,NE,TE,13,6.75,7.73,-1.83,0.6974,8,Rutgers,,,false
00-0017356,Jed Weaver,2003,SF,TE,15,5.65,3.95,-1.83,0.5636,8,Oregon,1999,7,false
00-0030047,Marquess Wilson,2015,CHI,WR,11,7.31,6.6,-1.83,0.5166,8,Washington State,2013,7,false
00-0023630,Joel Dreessen,2011,HOU,TE,16,6.21,5.76,-1.83,0.6027,8,Colorado State,2005,6,false
00-0034613,Tanner Hudson,2023,CIN,TE,12,6.68,2.85,-1.83,0.6625,8,Southern Arkansas; Memphis,,,false
00-0017644,Jermaine Wiggins,2006,MIN,TE,15,6.04,3.77,-1.84,0.6333,8,Georgia; Marshall,,,false
00-0037197,Isiah Pacheco,2025,KC,RB,13,6.72,3.89,-1.84,0.5,8,Rutgers,2022,7,false
00-0021184,Ladell Betts,2002,WAS,RB,11,5.65,5.14,-1.84,0.5253,8,Iowa,2002,2,false
00-0038115,Daniel Bellinger,2022,NYG,TE,11,6.82,3.77,-1.84,0.7037,8,San Diego State,2022,4,false
00-0032741,Peyton Barber,2019,TB,RB,16,7.28,5.04,-1.84,0.4421,8,Auburn,,,false
00-0037291,Jalen Nailor,2024,MIN,WR,15,7,5.59,-1.84,0.4904,8,Michigan State,2022,6,false
00-0024013,Hank Baskett,2006,PHI,WR,13,6.03,9.05,-1.84,0.3858,8,New Mexico,,,false
00-0026937,Brandon Gibson,2011,LA,WR,14,6.19,4.58,-1.84,0.4324,8,Washington State,2009,6,false
00-0037809,Chig Okonkwo,2023,TEN,TE,17,6.67,3.94,-1.85,0.65,8,Maryland,2022,4,false
00-0022922,Kellen Winslow,2013,NYJ,TE,12,6.82,5.6,-1.85,0.5821,8,Miami,2004,1,false
00-0013712,Mikhael Ricks,2002,DET,TE,14,5.64,4.63,-1.85,0.6615,8,Stephen F. Austin State,1998,2,false
00-0023176,Josh Cribbs,2009,CLE,WR,16,6.39,4.4,-1.85,0.4336,8,Kent State,,,false
00-0027007,Chris Wells,2012,ARI,RB,8,6.85,9.21,-1.85,0.5474,8,Ohio State,2009,1,false
00-0017892,Moe Williams,2004,MIN,RB,14,6.03,4.73,-1.85,0.4362,8,Kentucky,1996,3,false
00-0038705,Emari Demercado,2023,ARI,RB,11,6.66,5.22,-1.85,0.4778,8,TCU,,,false
00-0024243,Marcedes Lewis,2009,JAX,TE,15,6.39,5,-1.86,0.6765,7.9,UCLA,2006,1,false
00-0028091,Jeremy Kerley,2017,NYJ,WR,8,6.21,4.61,-1.86,0.4803,7.9,TCU,2011,5,false
00-0021999,Nate Burleson,2005,MIN,WR,11,6.2,3.18,-1.86,0.391,7.9,Nevada,2003,3,false
00-0010333,Kris Mangum,2004,CAR,TE,14,6.02,4.09,-1.86,0.6557,7.9,Mississippi; Alabama,1997,7,false
00-0036556,Brevin Jordan,2021,HOU,TE,8,6.97,5.12,-1.86,0.7013,7.9,Miami,2021,5,false
00-0019457,Anthony Becht,2002,NYJ,TE,15,5.62,4.85,-1.86,0.6462,7.9,West Virginia,2000,1,false
00-0027891,Golden Tate,2011,SEA,WR,15,6.17,3.81,-1.86,0.4257,7.9,Notre Dame,2010,2,false
00-0027076,Mike Thomas,2011,JAX,WR,15,6.17,4.5,-1.86,0.4189,7.9,Arizona,2009,4,false
00-0021547,Antonio Gates,2003,LAC,TE,13,5.61,6.32,-1.87,0.5455,7.9,Kent State; Eastern Michigan; Michigan State; College of the Sequoias,,,false
00-0020462,LaMont Jordan,2002,NYJ,RB,14,5.61,4.97,-1.87,0.5152,7.9,Maryland,2001,2,false
00-0022766,Patrick Crayton,2005,DAL,WR,11,6.19,6.51,-1.87,0.3835,7.9,Northwestern Oklahoma State University; Tyler JC,2004,7,false
00-0029319,Josh Bellamy,2017,CHI,WR,11,6.2,4.53,-1.87,0.4737,7.9,Louisville; Butte College,,,false
00-0031045,Carlos Hyde,2018,JAX,RB,14,7.03,6.85,-1.87,0.3871,7.9,Ohio State,2014,2,true
00-0022414,Malcom Floyd,2006,LAC,WR,9,6,6.9,-1.88,0.378,7.9,Wyoming,,,false
00-0002861,Byron Chamberlain,2002,MIN,TE,13,5.61,3.24,-1.88,0.6308,7.9,Wayne State College; Missouri,1995,7,false
00-0031236,Brandin Cooks,2024,DAL,WR,10,6.96,3.75,-1.88,0.4841,7.9,Oregon State,2014,1,false
00-0030663,Willie Snead,2020,BAL,WR,13,7.25,6.97,-1.88,0.474,7.9,Ball State,,,false
00-0030288,Rex Burkhead,2021,HOU,RB,15,6.95,7.81,-1.88,0.4455,7.9,Nebraska,2013,6,false
00-0001862,Luther Broughton,1999,PHI,TE,16,4.97,5.35,-1.88,0.6615,7.9,Furman,1997,5,false
00-0028202,Shaun Draughn,2016,SF,RB,15,7.26,7.82,-1.89,0.4896,7.9,North Carolina,,,false
00-0040202,Devin Neal,2025,NO,RB,9,6.67,5.27,-1.89,0.4896,7.9,Kansas,2025,6,false
00-0039165,Zach Charbonnet,2023,SEA,RB,16,6.63,4.5,-1.89,0.4667,7.9,UCLA; Michigan,2023,2,false
00-0024268,Anthony Fasano,2013,KC,TE,9,6.78,4.51,-1.89,0.5672,7.9,Notre Dame,2006,2,false
00-0027265,Victor Cruz,2016,NYG,WR,14,7.26,4.75,-1.89,0.4967,7.9,UMass Amherst,,,false
00-0030522,Montee Ball,2013,DEN,RB,16,6.78,6.15,-1.89,0.4839,7.9,Wisconsin,2013,2,false
00-0034383,Dalton Schultz,2024,HOU,TE,17,6.95,4.06,-1.89,0.6282,7.9,Stanford,2018,4,false
00-0019976,Drew Bennett,2007,LA,WR,14,6.32,5.02,-1.89,0.4104,7.9,UCLA,,,false
00-0024300,Brodie Croyle,2007,KC,QB,9,6.32,4.34,-1.89,0.0556,7.9,Alabama,2006,3,false
00-0030532,Stedman Bailey,2014,LA,WR,13,6.68,6.43,-1.9,0.4545,7.9,West Virginia,2013,3,false
00-0020403,Anthony Thomas,2006,BUF,RB,14,5.98,6.15,-1.9,0.4742,7.9,Michigan,2001,2,false
00-0027003,Donald Brown,2012,IND,RB,10,6.8,3.78,-1.9,0.5368,7.9,Connecticut,2009,1,false
00-0022144,Bobby Wade,2004,CHI,WR,16,5.98,3.46,-1.9,0.4444,7.9,Arizona,2003,5,false
00-0025431,Sidney Rice,2013,SEA,WR,8,6.76,8.5,-1.9,0.438,7.9,South Carolina,2007,2,false
00-0020427,Quincy Morgan,2004,DAL,WR,15,5.98,3.92,-1.9,0.437,7.9,Kansas State; Kansas City Junior College; Blinn College,2001,2,true
00-0033921,Chris Godwin Jr.,2017,TB,WR,15,6.17,6.5,-1.9,0.4671,7.9,Penn State,2017,3,false
00-0035457,Tyron Johnson,2020,LAC,WR,11,7.23,5.67,-1.9,0.4675,7.9,Oklahoma State,,,false
00-0024245,Joseph Addai,2011,IND,RB,12,6.13,4.56,-1.9,0.4886,7.9,LSU,2006,1,false
00-0024297,Derek Hagan,2011,LV,WR,9,6.13,5.11,-1.9,0.4122,7.9,Arizona State,2006,3,true
00-0024313,Owen Daniels,2015,DEN,TE,16,7.23,5.64,-1.9,0.6582,7.9,Wisconsin,2006,4,false
00-0020497,Freddie Mitchell,2004,PHI,WR,12,5.97,5.3,-1.91,0.4296,7.9,UCLA,2001,1,false
00-0003663,Zack Crockett,2000,OAK,RB,15,4.75,6.22,-1.91,0.4824,7.9,Florida State; Hinds CC,1995,3,false
00-0033725,Corey Clement,2017,PHI,RB,15,6.16,6.44,-1.91,0.3789,7.9,Wisconsin,,,false
00-0029159,Jermaine Kearse,2014,SEA,WR,15,6.66,3.69,-1.91,0.4476,7.9,Washington,,,false
00-0008313,Shawn Jefferson,2002,ATL,WR,13,5.57,7.38,-1.91,0.3958,7.9,UCF,1991,9,false
00-0019708,Ron Dugans,2002,CIN,WR,16,5.57,4.82,-1.91,0.3889,7.9,Florida State,2000,3,false
00-0032009,Adam Humphries,2019,TEN,WR,12,7.21,4,-1.91,0.5197,7.9,Clemson,,,false
00-0038606,Parker Washington,2024,JAX,WR,14,6.93,6.4,-1.92,0.4777,7.9,Penn State,2023,6,false
00-0027891,Golden Tate,2020,NYG,WR,12,7.21,2.91,-1.92,0.461,7.9,Notre Dame,2010,2,false
00-0022704,Courtney Anderson,2006,LV,TE,11,5.95,3.21,-1.92,0.6167,7.9,San Jose State,2004,7,false
00-0034411,Russell Gage,2019,ATL,WR,14,7.2,5.64,-1.92,0.5132,7.9,LSU,2018,6,false
00-0029273,Robert Turbin,2016,IND,RB,15,7.22,4.24,-1.93,0.4792,7.9,Utah State,2012,4,false
00-0033025,Jalen Richard,2016,LV,RB,16,7.22,5.8,-1.93,0.4688,7.9,Southern Mississippi,,,false
00-0022044,Andre Johnson,2015,IND,WR,16,7.21,6.94,-1.93,0.5099,7.9,Miami,2003,1,false
00-0000856,Michael Basnight,1999,CIN,RB,13,4.92,4.64,-1.93,0.4792,7.9,North Carolina A&T,,,false
00-0022006,Artose Pinner,2004,DET,RB,8,5.95,4.98,-1.93,0.4255,7.8,Kentucky,2003,4,false
00-0029640,Brian Quick,2016,LA,WR,16,7.21,5.56,-1.93,0.4901,7.8,Appalachian State,2012,2,false
00-0013262,Stanley Pritchett,2000,PHI,RB,15,4.72,4.49,-1.93,0.4706,7.8,South Carolina,1996,4,false
00-0031763,DeAndre Carter,2022,LAC,WR,17,6.72,5.79,-1.93,0.44,7.8,Sacramento State,,,false
00-0027651,Dexter McCluster,2012,KC,WR,16,6.76,5.13,-1.94,0.4865,7.8,Mississippi,2010,2,false
00-0020370,Scotty Anderson,2001,DET,WR,8,4.89,4.51,-1.94,0.4326,7.8,Grambling State,2001,5,false
00-0019516,Troy Hambrick,2001,DAL,RB,16,4.88,4.77,-1.94,0.4796,7.8,Savannah State College; South Carolina,,,false
00-0028043,Roy Helu,2013,WAS,RB,16,6.72,6.04,-1.95,0.4731,7.8,Nebraska,2011,4,false
00-0034011,Dan Arnold,2021,JAX,TE,11,6.89,4.9,-1.95,0.6883,7.8,Wisconsin-Platteville,,,true
00-0032741,Peyton Barber,2017,TB,RB,14,6.12,6.29,-1.95,0.3684,7.8,Auburn,,,false
00-0021209,Lamar Gordon,2003,LA,RB,9,5.52,5.69,-1.95,0.4848,7.8,North Dakota State,2002,3,false
00-0021152,Ashley Lelie,2006,ATL,WR,13,5.92,2.88,-1.95,0.3701,7.8,Hawaii,2002,1,false
00-0032775,Demarcus Robinson,2020,KC,WR,15,7.17,4.72,-1.96,0.4545,7.8,Florida,2016,4,false
00-0034272,Marquez Valdes-Scantling,2018,GB,WR,16,6.94,6,-1.96,0.4255,7.8,University of South Florida; N.C. State,2018,5,false
00-0013268,Ricky Proehl,1999,STL,WR,13,4.88,3.37,-1.97,0.3676,7.8,Wake Forest,1990,3,false
00-0021236,Randy McMichael,2007,LA,TE,16,6.24,3.81,-1.97,0.6667,7.8,Georgia,2002,4,false
00-0035535,Darius Slayton,2024,NYG,WR,16,6.88,6.7,-1.97,0.4713,7.8,Auburn,2019,5,false
00-0024243,Marcedes Lewis,2008,JAX,TE,15,6.79,3.93,-1.97,0.6563,7.8,UCLA,2006,1,false
00-0030668,Charcandrick West,2017,KC,RB,12,6.1,4.22,-1.97,0.3579,7.8,Abilene Christian; Louisiana Tech,,,false
00-0031382,Jarvis Landry,2022,NO,WR,9,6.69,5.5,-1.97,0.4333,7.8,LSU,2014,2,false
00-0032951,Laquon Treadwell,2021,JAX,WR,12,6.87,5.43,-1.97,0.471,7.8,Mississippi,2016,1,false
00-0029000,Cole Beasley,2014,DAL,WR,15,6.6,5.53,-1.97,0.4406,7.8,SMU,,,false
00-0033307,Kendrick Bourne,2025,SF,WR,14,6.58,6.89,-1.97,0.5776,7.8,Eastern Washington,,,false
00-0029000,Cole Beasley,2017,DAL,WR,15,6.09,5.34,-1.98,0.4605,7.8,SMU,,,false
00-0022739,Devard Darling,2007,BAL,WR,11,6.24,6.43,-1.98,0.403,7.8,Washington State,2004,3,false
00-0027061,Jared Cook,2016,GB,TE,10,7.17,6.2,-1.98,0.6164,7.8,South Carolina,2009,3,false
00-0034367,Nyheim Hines,2021,IND,RB,17,6.86,5.76,-1.98,0.4356,7.8,N.C. State,2018,4,false
00-0024287,Leonard Pope,2007,ARI,TE,12,6.23,5.98,-1.98,0.6508,7.8,Georgia,2006,3,false
00-0036182,Nick Westbrook-Ikhine,2023,TEN,WR,13,6.54,4.41,-1.98,0.5569,7.8,Indiana,,,false
00-0030513,Latavius Murray,2014,LV,RB,13,6.59,7.35,-1.98,0.4854,7.8,UCF,2013,6,false
00-0034765,Tre'Quan Smith,2019,NO,WR,10,7.14,5.09,-1.98,0.5066,7.8,UCF,2018,3,false
00-0021154,Daniel Graham,2008,DEN,TE,14,6.78,3.56,-1.98,0.6406,7.8,Colorado,2002,1,false
00-0016331,Thurman Thomas,2000,MIA,RB,8,4.66,2.46,-1.99,0.4588,7.8,Oklahoma State,1988,2,false
00-0021406,Derick Armstrong,2004,HOU,WR,13,5.88,6.21,-2,0.4222,7.8,Univ of Arkansas at Monticello; Tyler JC,,,false
00-0022093,Justin Fargas,2006,LV,RB,16,5.88,3.95,-2,0.4639,7.8,USC; Michigan,2003,3,false
00-0007468,Ike Hilliard,2004,NYG,WR,16,5.88,2.52,-2,0.4148,7.8,Florida,1997,1,false
00-0008241,Edgerrin James,2008,ARI,RB,13,6.76,7.78,-2,0.383,7.8,Miami,1999,1,false
00-0023508,Vernand Morency,2006,GB,RB,14,5.87,5.91,-2,0.4536,7.8,Oklahoma State,2005,3,true
00-0031228,Taylor Gabriel,2014,CLE,WR,16,6.57,5.6,-2,0.4336,7.8,Abilene Christian,,,false
00-0033881,Evan Engram,2021,NYG,TE,15,6.83,3.94,-2,0.6753,7.8,Mississippi,2017,1,false
00-0022388,Terrance Copper,2006,NO,WR,13,5.87,6.76,-2.01,0.3622,7.8,East Carolina,,,false
00-0027981,Kyle Rudolph,2014,MIN,TE,9,6.57,4.8,-2.01,0.6842,7.8,Notre Dame,2011,2,false
00-0026123,Evan Moore,2011,CLE,TE,15,6.03,4.54,-2.01,0.589,7.7,Stanford,,,false
00-0030404,Chris Thompson,2015,WAS,RB,13,7.12,5.75,-2.01,0.4688,7.7,Florida State,2013,5,false
00-0036271,Quez Watkins,2021,PHI,WR,17,6.82,4.48,-2.01,0.4645,7.7,Southern Mississippi,2020,6,false
00-0039875,Ray Davis,2024,BUF,RB,17,6.83,6.27,-2.01,0.551,7.7,Kentucky; Vanderbilt; Temple,2024,4,false
00-0036365,Bryan Edwards,2021,LV,WR,16,6.82,5.44,-2.02,0.4581,7.7,South Carolina,2020,3,false
00-0027531,Chris Ivory,2017,JAX,RB,14,6.05,6.19,-2.02,0.3474,7.7,Tiffin; Washington State,,,false
00-0027057,Brandon Tate,2010,NE,WR,16,6.34,6.11,-2.02,0.4366,7.7,North Carolina,2009,3,false
00-0020270,Correll Buckhalter,2010,DEN,RB,14,6.34,6.78,-2.02,0.4667,7.7,Nebraska,2001,4,false
00-0020984,Randy Hymes,2004,BAL,WR,12,5.86,5.4,-2.02,0.4074,7.7,Grambling State,,,false
00-0026210,Earl Bennett,2011,CHI,WR,11,6.01,6.41,-2.03,0.4054,7.7,Vanderbilt,2008,3,false
00-0015091,Antowain Smith,2005,NO,RB,16,6.03,5.37,-2.03,0.4688,7.7,Houston; East Mississippi JC,1997,1,false
00-0023506,Alex Smith,2006,TB,TE,13,5.85,4.28,-2.03,0.6,7.7,Stanford,2005,3,false
00-0019231,Larry Foster,2000,DET,WR,9,4.62,7.78,-2.03,0.4275,7.7,LSU,,,false
00-0027325,LeGarrette Blount,2014,PIT,RB,15,6.54,5.86,-2.03,0.4757,7.7,Oregon; East Mississippi JC,,,true
00-0034975,Justice Hill,2025,BAL,RB,10,6.52,8.56,-2.03,0.4792,7.7,Oklahoma State,2019,4,false
00-0022704,Courtney Anderson,2005,LV,TE,12,6.02,5.49,-2.04,0.6316,7.7,San Jose State,2004,7,false
00-0032980,Marcus Johnson,2019,IND,WR,8,7.09,6.79,-2.04,0.5,7.7,Texas,,,false
00-0031166,Seth Roberts,2017,LV,WR,15,6.03,2.76,-2.04,0.4539,7.7,West Alabama; Pearl River,,,false
00-0023630,Joel Dreessen,2012,DEN,TE,16,6.66,4.84,-2.04,0.6301,7.7,Colorado State,2005,6,false
00-0023074,Samkon Gado,2006,HOU,RB,9,5.83,6.45,-2.04,0.4433,7.7,Liberty,,,true
00-0026996,Brandon Pettigrew,2013,DET,TE,14,6.61,4.27,-2.05,0.5522,7.7,Oklahoma State,2009,1,false
00-0019659,Erron Kinney,2001,TEN,TE,12,4.77,5.03,-2.05,0.6429,7.7,Florida,2000,3,false
00-0001823,Aaron Brooks,2006,LV,QB,8,5.83,5.59,-2.05,0.0294,7.7,Virginia,1999,4,false
00-0025494,Antonio Pittman,2008,LA,RB,9,6.71,4.63,-2.05,0.3723,7.7,Ohio State,2007,4,false
00-0037248,James Cook,2022,BUF,RB,16,6.61,5.56,-2.05,0.4694,7.7,Georgia,2022,2,false
00-0025487,Michael Bush,2012,CHI,RB,13,6.65,6.13,-2.05,0.5263,7.7,Louisville,2007,4,false
00-0028202,Shaun Draughn,2015,SF,RB,11,7.08,7.28,-2.05,0.4583,7.7,North Carolina,,,true
00-0031570,Justin Hardy,2017,ATL,WR,10,6.01,2.94,-2.06,0.4474,7.7,East Carolina,2015,4,false
00-0024268,Anthony Fasano,2012,MIA,TE,16,6.64,4.96,-2.06,0.6164,7.7,Notre Dame,2006,2,false
00-0005816,Olandis Gary,2003,DET,RB,13,5.41,4.22,-2.07,0.4747,7.7,Georgia; Marshall,1999,4,false
00-0025549,Brent Celek,2015,PHI,TE,12,7.07,5.54,-2.07,0.6456,7.7,Cincinnati,2007,5,false
00-0034184,Gus Edwards,2022,BAL,RB,9,6.59,5.68,-2.07,0.4592,7.7,Rutgers; Miami,,,false
00-0036913,Kadarius Toney,2022,KC,WR,9,6.59,6.42,-2.07,0.4267,7.7,Florida,2021,1,true
00-0033757,Robert Tonyan,2022,GB,TE,17,6.59,4.68,-2.07,0.6914,7.7,Indiana State,,,false
00-0035689,Dawson Knox,2025,BUF,TE,16,6.48,5.22,-2.07,0.6163,7.7,Mississippi,2019,3,false
00-0031189,T.J. Jones,2017,DET,WR,13,5.99,4.19,-2.08,0.4408,7.7,Notre Dame,2014,6,false
00-0026000,Davone Bess,2013,CLE,WR,14,6.59,4.73,-2.08,0.4307,7.7,Hawaii,,,false
00-0028021,Jerrel Jernigan,2013,NYG,WR,13,6.58,9.91,-2.08,0.4234,7.7,Troy,2011,3,false
00-0029415,Keshawn Martin,2015,NE,WR,9,7.06,4.66,-2.08,0.5033,7.7,Michigan State,2012,4,false
00-0005091,Kevin Faulk,1999,NE,RB,11,4.77,4.48,-2.08,0.4688,7.7,LSU,1999,2,false
00-0004294,Ken Dilger,2001,IND,TE,16,4.74,3.46,-2.08,0.625,7.6,Illinois,1995,2,false
00-0022889,Reggie Williams,2008,JAX,WR,14,6.68,4.71,-2.08,0.4444,7.6,Washington,2004,1,false
00-0030061,Zach Ertz,2020,PHI,TE,11,7.05,3.59,-2.08,0.6711,7.6,Stanford,2013,2,false
00-0024326,Demetrius Williams,2007,BAL,WR,8,6.13,3.53,-2.09,0.3955,7.6,Oregon,2006,4,false
00-0033466,Isaiah McKenzie,2018,BUF,WR,8,6.81,6.07,-2.09,0.4184,7.6,Georgia,2017,5,true
00-0022206,Kenton Keith,2007,IND,RB,16,6.12,8.4,-2.09,0.4362,7.6,New Mexico State,,,false
00-0029632,Mohamed Sanu,2013,CIN,WR,16,6.57,3.95,-2.1,0.4161,7.6,Rutgers,2012,3,false
00-0032659,Roger Lewis,2017,NYG,WR,15,5.97,4.35,-2.1,0.4342,7.6,Bowling Green,,,false
00-0024813,Pierre Thomas,2007,NO,RB,12,6.11,12.02,-2.1,0.4255,7.6,Illinois,,,false
00-0022054,Visanthe Shiancoe,2011,MIN,TE,16,5.93,4.62,-2.11,0.5753,7.6,Morgan State,2003,3,false
00-0030874,Damien Williams,2017,MIA,RB,10,5.96,5.41,-2.11,0.3368,7.6,Oklahoma; Arizona Western,,,false
00-0034440,Justin Jackson,2018,LAC,RB,9,6.79,6.44,-2.11,0.3763,7.6,Northwestern,2018,7,false
00-0028053,Kendall Hunter,2011,SF,RB,16,5.93,4,-2.11,0.4773,7.6,Oklahoma State,2011,4,false
00-0021183,Doug Jolley,2005,NYJ,TE,11,5.95,6.32,-2.11,0.614,7.6,BYU,2002,2,false
00-0015242,Lamar Smith,1999,NO,RB,13,4.74,4.06,-2.11,0.4583,7.6,Houston,1994,3,false
00-0009869,Jermaine Lewis,1999,BAL,WR,14,4.73,6.38,-2.12,0.3603,7.6,Maryland,1996,5,false
00-0033881,Evan Engram,2025,DEN,TE,16,6.42,3.91,-2.13,0.6047,7.6,Mississippi,2017,1,false
00-0021147,Donte' Stallworth,2011,WAS,WR,11,5.91,6.32,-2.13,0.3986,7.6,Tennessee,2002,1,false
00-0031075,Alfred Blue,2014,HOU,RB,16,6.44,5.44,-2.13,0.466,7.6,LSU,2014,6,false
00-0009323,Jimmy Kleinsasser,2001,MIN,TE,11,4.69,4.18,-2.13,0.6071,7.6,North Dakota,1999,2,false
00-0030181,Jack Doyle,2019,IND,TE,16,6.99,5.07,-2.14,0.7143,7.6,Western Kentucky,,,false
00-0031166,Seth Roberts,2015,LV,WR,16,7,7.37,-2.14,0.4967,7.6,West Alabama; Pearl River,,,false
00-0037838,Isaiah Likely,2022,BAL,TE,14,6.52,6.19,-2.14,0.679,7.6,Coastal Carolina,2022,4,false
00-0028000,Daniel Thomas,2013,MIA,RB,15,6.53,5.29,-2.14,0.4624,7.6,Kansas State; Manhattan Christian Coll. KS (J.C.); Butler County JC; Northwest Mississippi CC,2011,2,false
00-0003700,Germane Crowell,2002,DET,WR,9,5.34,4.19,-2.14,0.3819,7.6,Virginia,1998,2,false
00-0019660,Dez White,2004,ATL,WR,14,5.74,4.15,-2.14,0.4,7.6,Georgia Tech,2000,3,false
00-0030431,Robert Woods,2023,HOU,WR,14,6.38,3.85,-2.14,0.5509,7.6,USC,2013,2,false
00-0024276,Tony Scheffler,2012,DET,TE,15,6.56,3.72,-2.14,0.6027,7.6,Western Michigan,2006,2,false
00-0033858,Jonnu Smith,2019,TEN,TE,15,6.98,6.29,-2.14,0.7,7.6,Florida International,2017,3,false
00-0004888,Bert Emanuel,1999,TB,WR,11,4.71,3.05,-2.14,0.3529,7.6,Rice; UCLA,1994,2,false
00-0007969,Richard Huntley,2000,PIT,RB,13,4.51,4.29,-2.15,0.4471,7.6,Winston Salem State University,1996,4,false
00-0008400,James Jett,2000,OAK,WR,15,4.51,4.75,-2.15,0.4203,7.6,West Virginia,,,false
00-0021931,Kevin Walter,2012,HOU,WR,16,6.55,4.92,-2.15,0.4797,7.6,Eastern Michigan,2003,7,false
00-0033885,David Njoku,2017,CLE,TE,16,5.92,5.07,-2.15,0.6623,7.6,Miami,2017,1,false
00-0035250,Devin Singletary,2025,NYG,RB,17,6.4,6.33,-2.15,0.4688,7.6,Florida Atlantic,2019,3,false
00-0010107,Derek Loville,1999,DEN,RB,9,4.7,3.8,-2.15,0.4479,7.6,Oregon,,,false
00-0021159,Jerramy Stevens,2004,SEA,TE,15,5.73,3.72,-2.16,0.6393,7.6,Washington,2002,1,false
00-0024272,Devin Hester,2007,CHI,WR,16,6.06,7.15,-2.16,0.3881,7.6,Miami,2006,2,false
00-0026210,Earl Bennett,2012,CHI,WR,12,6.54,5.51,-2.16,0.473,7.6,Vanderbilt,2008,3,false
00-0033911,Taywan Taylor,2018,TEN,WR,13,6.74,4.99,-2.16,0.4113,7.5,Western Kentucky,2017,3,false
00-0033090,Hunter Henry,2022,NE,TE,16,6.49,4.96,-2.16,0.6667,7.5,Arkansas,2016,2,false
00-0031166,Seth Roberts,2016,LV,WR,16,6.98,4.29,-2.16,0.4834,7.5,West Alabama; Pearl River,,,false
00-0021031,John Simon,2002,TEN,RB,11,5.32,5.67,-2.17,0.5051,7.5,Louisiana Tech,,,false
00-0022421,Ruvell Martin,2006,GB,WR,11,5.71,5.98,-2.17,0.3543,7.5,Saginaw Valley State,,,false
00-0020964,Tony Fisher,2003,GB,RB,15,5.31,3.4,-2.17,0.4646,7.5,Notre Dame,,,false
00-0024463,Ben Obomanu,2011,SEA,WR,16,5.87,4.76,-2.17,0.3919,7.5,Auburn,2006,7,false
00-0017611,Alvis Whitted,2004,LV,WR,8,5.71,4.35,-2.17,0.3926,7.5,N.C. State,1998,7,false
00-0022909,Roy Williams,2008,DAL,WR,14,6.59,4.3,-2.17,0.437,7.5,Texas,2004,1,true
00-0032775,Demarcus Robinson,2022,BAL,WR,16,6.49,5.48,-2.17,0.42,7.5,Florida,2016,4,false
00-0027666,Montario Hardesty,2011,CLE,RB,9,5.87,5.68,-2.17,0.4659,7.5,Tennessee,2010,2,false
00-0027942,A.J. Green,2020,CIN,WR,16,6.96,6.68,-2.17,0.4481,7.5,Georgia,2011,1,false
00-0024369,Jeff King,2007,CAR,TE,16,6.04,4.64,-2.18,0.6349,7.5,Virginia Tech,2006,5,false
00-0006212,Kent Graham,2000,PIT,QB,8,4.48,4.94,-2.18,0.027,7.5,Ohio State; Notre Dame,1992,8,false
00-0022144,Bobby Wade,2006,TEN,WR,16,5.69,4.49,-2.18,0.3465,7.5,Arizona,2003,5,false
00-0035644,Noah Fant,2019,DEN,TE,16,6.94,6.19,-2.19,0.6857,7.5,Iowa,2019,1,false
00-0030710,Trey Burton,2020,IND,TE,12,6.94,6.27,-2.19,0.6579,7.5,Florida,,,false
00-0011399,Brian Mitchell,2000,PHI,RB,16,4.46,7.39,-2.19,0.4353,7.5,Louisiana-Lafayette,1990,5,false
00-0034418,Cedrick Wilson Jr.,2023,MIA,WR,11,6.33,2.92,-2.19,0.5449,7.5,Boise State; Coffeyville CC,2018,6,false
00-0023612,Bo Scaife,2005,TEN,TE,13,5.87,4.99,-2.19,0.5965,7.5,Texas,2005,6,false
00-0016098,Fred Taylor,2008,JAX,RB,13,6.57,4.45,-2.19,0.3617,7.5,Florida,1998,1,false
00-0032128,Chris Conley,2020,JAX,WR,14,6.94,4.24,-2.19,0.4416,7.5,Georgia,2015,3,false
00-0026221,Early Doucet,2010,ARI,WR,10,6.16,5.54,-2.2,0.4296,7.5,LSU,2008,3,false
00-0030525,Tavon Austin,2014,LA,WR,15,6.37,3.7,-2.2,0.4266,7.5,West Virginia,2013,1,false
00-0020285,Alge Crumpler,2001,ATL,TE,16,4.63,5.2,-2.2,0.5893,7.5,North Carolina,2001,2,false
00-0034753,Mark Andrews,2018,BAL,TE,16,6.7,3.85,-2.2,0.7632,7.5,Oklahoma,2018,3,false
00-0008723,Damon Jones,1999,JAX,TE,14,4.65,2.81,-2.2,0.6462,7.5,Southern Illinois; Michigan,1997,5,false
00-0025701,Jackie Battle,2011,KC,RB,15,5.83,4.67,-2.2,0.4545,7.5,Houston,,,false
00-0037276,Ty Chandler,2023,MIN,RB,16,6.31,6.69,-2.21,0.4556,7.5,North Carolina,2022,5,false
00-0022156,Bryant Johnson,2009,DET,WR,16,6.04,4.77,-2.21,0.4266,7.5,Penn State,2003,1,false
00-0023612,Bo Scaife,2007,TEN,TE,15,6.01,3.32,-2.21,0.619,7.5,Texas,2005,6,false
00-0023490,Roscoe Parrish,2007,BUF,WR,15,6.01,4.79,-2.21,0.3806,7.5,Miami,2005,2,false
00-0022943,Benjamin Watson,2018,NO,TE,13,6.69,4.96,-2.21,0.75,7.5,Georgia; Duke,2004,1,false
00-0004673,Tim Dwight,2003,LAC,WR,8,5.26,2.84,-2.21,0.3206,7.5,Iowa,1998,4,false
00-0023442,Troy Williamson,2005,MIN,WR,13,5.85,4.87,-2.21,0.3759,7.5,South Carolina,2005,1,false
00-0007120,Courtney Hawkins,2000,PIT,WR,11,4.44,5.55,-2.22,0.413,7.5,Michigan State,1992,2,false
00-0038976,Marvin Mims Jr.,2025,DEN,WR,15,6.33,5.54,-2.22,0.5714,7.5,Oklahoma,2023,2,false
00-0034681,Chase Edmonds,2019,ARI,RB,12,6.9,10.58,-2.22,0.4316,7.5,Fordham,2018,4,false
00-0004294,Ken Dilger,2002,TB,TE,15,5.26,3.76,-2.22,0.6154,7.5,Illinois,1995,2,false
00-0027026,Mohamed Massaquoi,2011,CLE,WR,14,5.81,4.15,-2.22,0.3851,7.5,Georgia,2009,2,false
00-0020171,Boo Williams,2004,NO,TE,14,5.66,4.45,-2.22,0.623,7.5,Arkansas; Coffeyville CC,,,false
00-0034253,Dontrell Hilliard,2022,TEN,RB,12,6.43,6.24,-2.23,0.449,7.5,Tulane,,,false
00-0032112,J.J. Nelson,2017,ARI,WR,16,5.84,6.09,-2.23,0.4276,7.5,UAB,2015,5,false
00-0004972,Chuck Evans,1999,BAL,RB,15,4.63,3.58,-2.23,0.4375,7.5,Clark Atlanta University,1992,11,false
00-0010007,Kevin Lockett,2002,WAS,WR,12,5.25,6.65,-2.23,0.375,7.5,Kansas State,1997,2,true
00-0032782,Wendell Smallwood,2017,PHI,RB,8,5.84,5.56,-2.23,0.3263,7.5,West Virginia,2016,5,false
00-0031051,John Brown,2016,ARI,WR,15,6.91,7.68,-2.23,0.4768,7.5,Pittsburg State (KS); Coffeyville CC; Mars Hill,2014,3,false
00-0000166,Stephen Alexander,2004,DET,TE,15,5.65,3.9,-2.24,0.6066,7.5,Oklahoma,1998,2,false
00-0013268,Ricky Proehl,2004,CAR,WR,15,5.64,4.04,-2.24,0.3852,7.4,Wake Forest,1990,3,false
00-0026566,Isaac Redman,2012,PIT,RB,14,6.46,6.36,-2.24,0.5158,7.4,Bowie State,,,false
00-0032385,Sterling Shepard,2025,TB,WR,13,6.31,3.63,-2.25,0.5652,7.4,Oklahoma,2016,2,false
00-0030514,Mychal Rivera,2013,LV,TE,16,6.42,4.69,-2.25,0.5373,7.4,Tennessee; College of the Canyons,2013,6,false
00-0030669,Albert Wilson,2019,MIA,WR,13,6.88,4.73,-2.25,0.4934,7.4,Georgia State,,,false
00-0024243,Marcedes Lewis,2014,JAX,TE,8,6.33,5.29,-2.25,0.6711,7.4,UCLA,2006,1,false
00-0032355,Chester Rogers,2017,IND,WR,10,5.82,6.27,-2.25,0.4211,7.4,Grambling State,,,false
00-0036849,Tutu Atwell,2024,LA,WR,15,6.59,4.23,-2.25,0.465,7.4,Louisville,2021,2,false
00-0036555,Chuba Hubbard,2022,CAR,RB,14,6.41,6.07,-2.25,0.4388,7.4,Oklahoma State,2021,4,false
00-0021223,Jonathan Wells,2004,HOU,RB,14,5.63,5.87,-2.25,0.4149,7.4,Ohio State,2002,4,false
00-0021100,Jeb Putzier,2005,DEN,TE,15,5.81,3.61,-2.25,0.5789,7.4,Boise State,2002,6,false
00-0027089,Louis Murphy,2011,LV,WR,9,5.78,5.52,-2.26,0.3784,7.4,Florida,2009,4,false
00-0023462,Roddy White,2006,ATL,WR,14,5.61,4.9,-2.26,0.3386,7.4,UAB,2005,1,false
00-0025486,Johnnie Lee Higgins,2008,LV,WR,16,6.5,6.92,-2.26,0.4296,7.4,Texas-El Paso,2007,3,false
00-0028825,Terrelle Pryor,2018,NYJ,WR,8,6.64,5.96,-2.26,0.4043,7.4,Ohio State,2011,3,true
00-0010668,Keenan McCardell,2006,LAC,WR,14,5.61,4.17,-2.27,0.3307,7.4,UNLV,1991,12,false
00-0017486,Tyrone Wheatley,2002,OAK,RB,14,5.21,4.87,-2.27,0.4949,7.4,Michigan,1995,1,false
00-0022725,Michael Clayton,2008,TB,WR,14,6.49,3.8,-2.27,0.4222,7.4,LSU,2004,1,false
00-0001907,Dave Brown,1999,ARI,QB,8,4.58,4.03,-2.27,0.0244,7.4,Duke,1992,1,false
00-0027120,Javon Ringer,2011,TEN,RB,12,5.77,4.49,-2.27,0.4432,7.4,Michigan State,2009,5,false
00-0026182,Eddie Royal,2009,DEN,WR,14,5.97,5.19,-2.27,0.4196,7.4,Virginia Tech,2008,2,false
00-0036955,Terrace Marshall Jr.,2022,CAR,WR,13,6.38,4.23,-2.27,0.4133,7.4,LSU,2021,2,false
00-0023440,Cadillac Williams,2011,LA,RB,11,5.76,5.28,-2.27,0.4318,7.4,Auburn,2005,1,false
00-0027685,Emmanuel Sanders,2011,PIT,WR,11,5.76,4.88,-2.27,0.3716,7.4,SMU,2010,3,false
00-0027985,Lance Kendricks,2016,LA,TE,16,6.87,5.4,-2.28,0.6027,7.4,Wisconsin,2011,2,false
00-0017218,Lamont Warren,1999,NE,RB,16,4.58,2.62,-2.28,0.4271,7.4,Colorado,1994,6,false
00-0034928,Steven Sims,2019,WAS,WR,16,6.84,7.63,-2.28,0.4868,7.4,Kansas,,,false
00-0025462,Laurent Robinson,2010,LA,WR,13,6.08,3.72,-2.28,0.4225,7.4,Illinois State,2007,3,false
00-0038794,Jaleel McLaughlin,2023,DEN,RB,17,6.24,5.51,-2.28,0.4444,7.4,Youngstown State,,,false
00-0022555,Ben Utecht,2006,IND,TE,13,5.59,2.84,-2.28,0.5833,7.4,Minnesota,,,false
00-0027691,Andre Roberts,2013,ARI,WR,16,6.38,6.01,-2.28,0.4088,7.4,The Citadel,2010,3,false
00-0034286,Richie James,2020,SF,WR,10,6.84,10.1,-2.29,0.4351,7.4,Middle Tennessee State,2018,7,false
00-0023518,Chris Henry,2009,CIN,WR,8,5.95,3.78,-2.29,0.4126,7.4,West Virginia,2005,3,false
00-0035500,Greg Dortch,2025,ARI,WR,12,6.26,6.02,-2.29,0.559,7.4,Wake Forest,,,false
00-0022095,Quentin Griffin,2003,DEN,RB,9,5.18,5.88,-2.3,0.4545,7.4,Oklahoma,2003,4,false
00-0022171,Kelley Washington,2009,BAL,WR,15,5.95,5.01,-2.3,0.4056,7.4,Tennessee,2003,3,false
00-0029697,Coby Fleener,2017,NO,TE,11,5.77,5.87,-2.3,0.6494,7.4,Stanford,2012,2,false
00-0030549,Tyler Eifert,2013,CIN,TE,15,6.37,4.02,-2.3,0.5224,7.4,Notre Dame,2013,1,false
00-0002469,Isaac Byrd,1999,TEN,WR,11,4.55,5.83,-2.3,0.3456,7.4,Kansas,1997,6,false
00-0026373,Justin Forsett,2016,DEN,RB,9,6.84,2.81,-2.3,0.4583,7.4,California,2008,7,true
00-0029883,Joseph Fauria,2013,DET,TE,13,6.36,6.66,-2.3,0.5075,7.4,UCLA; Notre Dame,,,false
00-0020739,Ricky Williams,2003,IND,RB,13,5.17,8.62,-2.3,0.4444,7.4,Texas Tech,,,false
00-0022011,Justin Griffith,2006,ATL,RB,13,5.57,5.5,-2.31,0.433,7.4,Mississippi State,2003,4,false
00-0027467,Javarris James,2010,IND,RB,10,6.05,6.35,-2.31,0.4556,7.4,Miami,,,false
00-0027918,Andrew Hawkins,2015,CLE,WR,8,6.83,3.97,-2.31,0.4901,7.4,Toledo,,,false
00-0031806,Malcolm Brown,2020,LA,RB,16,6.82,7,-2.31,0.4747,7.4,Texas,,,false
00-0021223,Jonathan Wells,2002,HOU,RB,16,5.17,4.73,-2.31,0.4848,7.4,Ohio State,2002,4,false
00-0005101,Christian Fauria,1999,SEA,TE,16,4.54,3.79,-2.32,0.6308,7.4,Colorado,1995,2,false
00-0030414,Spencer Ware,2018,KC,RB,12,6.58,5.83,-2.32,0.3656,7.4,LSU,2013,6,false
00-0027874,Demaryius Thomas,2010,DEN,WR,10,6.04,6.92,-2.32,0.4155,7.3,Georgia Tech,2010,1,false
00-0025396,Ted Ginn,2007,MIA,WR,16,5.89,5.28,-2.32,0.3731,7.3,Ohio State,2007,1,false
00-0000552,Obafemi Ayanbadejo,2004,ARI,RB,13,5.56,3.52,-2.32,0.4043,7.3,San Diego State; Cabrillo College,,,false
00-0017109,Wesley Walls,2002,CAR,TE,13,5.16,4.26,-2.32,0.6,7.3,Mississippi,1989,2,false
00-0015754,Brandon Stokley,2010,SEA,WR,11,6.04,4.1,-2.32,0.4085,7.3,Louisiana-Lafayette,1999,4,false
00-0023474,Mark Bradley,2009,KC,WR,12,5.92,5.28,-2.32,0.3986,7.3,Oklahoma; University of Arkansas at Pine Bluff,2005,2,false
00-0005616,Irving Fryar,1999,WAS,WR,14,4.53,3.57,-2.32,0.3382,7.3,Nebraska,1984,1,false
00-0009829,Dorsey Levens,2002,PHI,RB,16,5.16,3.83,-2.33,0.4747,7.3,Georgia Tech; Notre Dame,1994,5,false
00-0010859,Tony McGee,1999,CIN,TE,16,4.52,3.91,-2.33,0.6154,7.3,Michigan,1993,2,false
00-0017160,Dedric Ward,1999,NYJ,WR,16,4.52,6.11,-2.33,0.3309,7.3,Northern Iowa,1997,3,false
00-0022414,Malcom Floyd,2015,LAC,WR,15,6.81,6.92,-2.33,0.4834,7.3,Wyoming,,,false
00-0017847,Karl Williams,2001,TB,WR,15,4.49,3.94,-2.33,0.4255,7.3,Texas A&M University-Kingsville,,,false
00-0023479,J.J. Arrington,2005,ARI,RB,15,5.73,3.96,-2.33,0.4583,7.3,California; College of the Canyons,2005,2,false
00-0030578,Cordarrelle Patterson,2018,NE,RB,15,6.57,4.6,-2.33,0.3548,7.3,Tennessee; Hutchinson CC,2013,1,false
00-0006322,E.G. Green,1999,IND,WR,11,4.52,5.39,-2.34,0.3235,7.3,Florida State,1998,3,false
00-0027595,Bryan Walters,2015,JAX,WR,11,6.8,5.38,-2.34,0.4768,7.3,Cornell,,,false
00-0034353,Anthony Miller,2020,CHI,WR,16,6.79,4.99,-2.34,0.4286,7.3,Memphis,2018,2,false
00-0038935,Brenton Strange,2024,JAX,TE,14,6.51,5.27,-2.34,0.6154,7.3,Penn State,2023,2,false
00-0027322,David Nelson,2010,BUF,WR,14,6.02,5.25,-2.34,0.4014,7.3,Florida,,,false
00-0003344,Greg Comella,2001,NYG,RB,16,4.49,4.12,-2.34,0.4694,7.3,Stanford,,,false
00-0024243,Marcedes Lewis,2007,JAX,TE,15,5.87,3.96,-2.34,0.6032,7.3,UCLA,2006,1,false
00-0036936,Rondale Moore,2023,ARI,WR,17,6.18,4.21,-2.34,0.5389,7.3,Purdue,2021,2,false
00-0025450,Brandon Jackson,2009,GB,RB,12,5.9,6.96,-2.34,0.3696,7.3,Nebraska,2007,2,false
00-0032134,C.J. Uzomah,2018,CIN,TE,16,6.56,4.13,-2.34,0.7368,7.3,Auburn,2015,5,false
00-0034272,Marquez Valdes-Scantling,2024,NO,WR,13,6.5,7.9,-2.34,0.4522,7.3,University of South Florida; N.C. State,2018,5,true
00-0038393,Dontayvion Wicks,2024,GB,WR,17,6.5,6.5,-2.34,0.4522,7.3,Virginia,2023,5,false
00-0014918,Tony Simmons,1999,NE,WR,13,4.51,6.28,-2.35,0.3162,7.3,Wisconsin,1998,2,false
00-0032134,C.J. Uzomah,2016,CIN,TE,8,6.8,2.97,-2.35,0.589,7.3,Auburn,2015,5,false
00-0030496,Le'Veon Bell,2020,KC,RB,11,6.78,3.51,-2.35,0.4646,7.3,Michigan State,2013,2,true
00-0031299,Jordan Matthews,2017,BUF,TE,10,5.72,2.81,-2.35,0.6364,7.3,Vanderbilt,2014,2,false
00-0024301,David Thomas,2009,NO,TE,13,5.89,5.22,-2.35,0.6618,7.3,Texas,2006,3,false
00-0022916,Ben Troupe,2004,TEN,TE,13,5.53,5.45,-2.35,0.5902,7.3,Florida,2004,2,false
00-0013712,Mikhael Ricks,2001,KC,TE,11,4.47,2.51,-2.35,0.5714,7.3,Stephen F. Austin State,1998,2,false
00-0019642,Plaxico Burress,2000,PIT,WR,11,4.3,3.19,-2.35,0.4058,7.3,Michigan State,2000,1,false
00-0027012,Brian Robiskie,2010,CLE,WR,13,6,5.71,-2.36,0.3944,7.3,Ohio State,2009,2,false
00-0002876,Chris Chandler,2002,CHI,QB,9,5.12,4.01,-2.36,0,7.3,Washington,1988,3,false
00-0027109,James Casey,2011,HOU,TE,9,5.68,8.81,-2.36,0.5616,7.3,Rice,2009,5,false
00-0021252,Najeh Davenport,2004,GB,RB,10,5.52,8.07,-2.36,0.3936,7.3,Miami,2002,4,false
00-0022064,Arnaz Battle,2008,SF,WR,9,6.4,5.47,-2.36,0.4148,7.3,Notre Dame,2003,6,false
00-0036980,Elijah Moore,2022,NYJ,WR,14,6.29,4.19,-2.37,0.4067,7.3,Mississippi,2021,2,false
00-0000721,Tavian Banks,1999,JAX,RB,8,4.49,3.49,-2.37,0.4167,7.3,Iowa,1998,4,false
00-0026953,Sammie Stroughter,2009,TB,WR,13,5.88,4.22,-2.37,0.3916,7.3,Oregon State,2009,7,false
00-0033460,John Ross,2018,CIN,WR,13,6.53,4.68,-2.37,0.3972,7.3,Washington,2017,1,false
00-0030710,Trey Burton,2017,PHI,TE,14,5.7,6.59,-2.37,0.6234,7.3,Florida,,,false
00-0024243,Marcedes Lewis,2011,JAX,TE,15,5.67,3.45,-2.37,0.5479,7.3,UCLA,2006,1,false
00-0030669,Albert Wilson,2015,KC,WR,14,6.76,5.24,-2.37,0.4702,7.3,Georgia State,,,false
00-0017480,Ryan Wetnight,1999,CHI,TE,16,4.48,2.84,-2.37,0.6,7.3,Stanford; Fresno City College,,,false
00-0028002,Randall Cobb,2022,GB,WR,13,6.28,4.87,-2.37,0.4,7.3,Kentucky,2011,2,false
00-0022421,Ruvell Martin,2007,GB,WR,11,5.84,5.93,-2.38,0.3657,7.3,Saginaw Valley State,,,false
00-0027675,Ed Dickson,2017,CAR,TE,14,5.69,6.03,-2.38,0.6104,7.3,Oregon,2010,3,false
00-0012953,Carl Pickens,2000,TEN,WR,8,4.28,4.56,-2.38,0.3986,7.3,Tennessee,1992,2,false
00-0003739,Daunte Culpepper,2009,DET,QB,8,5.86,7.29,-2.38,0.1795,7.3,UCF,1999,1,false
00-0011425,Pete Mitchell,2000,NYG,TE,13,4.27,3.04,-2.39,0.5333,7.3,Boston College,1995,4,false
00-0036255,Denzel Mims,2020,NYJ,WR,9,6.74,3.71,-2.39,0.4221,7.3,Baylor,2020,2,false
00-0034764,Michael Gallup,2018,DAL,WR,15,6.51,4.97,-2.39,0.3901,7.3,Colorado State; Butler County JC,2018,3,false
00-0034981,Foster Moreau,2024,NO,TE,16,6.46,4.87,-2.39,0.6026,7.3,LSU,2019,4,false
00-0027685,Emmanuel Sanders,2010,PIT,WR,13,5.97,5.37,-2.39,0.3873,7.3,SMU,2010,3,false
00-0022178,Willis McGahee,2010,BAL,RB,15,5.97,4.93,-2.39,0.4444,7.3,Miami,2003,1,false
00-0026366,Chaz Schilens,2011,LV,WR,11,5.65,4.8,-2.39,0.3649,7.3,San Diego State,2008,7,false
00-0029000,Cole Beasley,2013,DAL,WR,14,6.27,4.37,-2.39,0.4015,7.3,SMU,,,false
00-0040237,Tez Johnson,2025,TB,WR,15,6.16,6.51,-2.39,0.5528,7.3,Oregon; Troy,2025,7,false
00-0037837,Calvin Austin III,2025,PIT,WR,14,6.16,5.5,-2.4,0.5466,7.3,Memphis,2022,4,false
00-0032775,Demarcus Robinson,2019,KC,WR,15,6.73,8.8,-2.4,0.4803,7.3,Florida,2016,4,false
00-0035229,T.J. Hockenson,2019,DET,TE,12,6.73,6.81,-2.4,0.6714,7.2,Iowa,2019,1,false
00-0022135,Billy McMullen,2006,MIN,WR,12,5.48,4.07,-2.4,0.3228,7.2,Virginia,2003,3,false
00-0020270,Correll Buckhalter,2006,PHI,RB,16,5.47,4.13,-2.4,0.4227,7.2,Nebraska,2001,4,false
00-0034115,Jeff Wilson,2021,SF,RB,8,6.44,7.26,-2.4,0.4257,7.2,North Texas,,,false
00-0027996,Torrey Smith,2017,PHI,WR,16,5.67,5.43,-2.4,0.4145,7.2,Maryland,2011,2,false
00-0032940,DeAndre Washington,2017,LV,RB,15,5.67,5.36,-2.4,0.3158,7.2,Texas Tech,2016,5,false
00-0033567,Brian Hill,2019,ATL,RB,10,6.72,4.03,-2.4,0.4211,7.2,Wyoming,2017,5,false
00-0002962,Wayne Chrebet,2004,NYJ,WR,14,5.48,4.64,-2.4,0.3778,7.2,Hofstra,,,false
00-0035250,Devin Singletary,2024,NYG,RB,15,6.44,5.36,-2.4,0.5408,7.2,Florida Atlantic,2019,3,false
00-0032054,Breshad Perriman,2016,BAL,WR,15,6.74,4.14,-2.41,0.4702,7.2,UCF,2015,1,false
00-0006047,Andrew Glover,1999,MIN,TE,15,4.45,3.66,-2.41,0.5846,7.2,Grambling State,1991,10,false
00-0008962,Joe Jurevicius,2000,NYG,WR,13,4.25,4.6,-2.41,0.3913,7.2,Penn State,1998,2,false
00-0023544,Marion Barber,2010,DAL,RB,13,5.95,4.11,-2.41,0.4333,7.2,Minnesota,2005,4,false
00-0021273,Robert Royal,2007,BUF,TE,11,5.8,5.48,-2.41,0.5873,7.2,LSU,2002,5,false
00-0019863,Dominic Rhodes,2007,LV,RB,9,5.8,9.13,-2.41,0.4149,7.2,Midwestern State; Tyler JC,,,false
00-0018343,Frank Wycheck,2003,TEN,TE,9,5.06,6.08,-2.42,0.5273,7.2,Maryland,1993,6,false
00-0015754,Brandon Stokley,2001,BAL,WR,16,4.41,3.94,-2.42,0.4184,7.2,Louisiana-Lafayette,1999,4,false
00-0033009,Tyler Boyd,2017,CIN,WR,10,5.65,5.84,-2.42,0.4079,7.2,Pittsburgh,2016,2,false
00-0027077,Brian Hartline,2014,MIA,WR,16,6.15,4.86,-2.42,0.4196,7.2,Ohio State,2009,4,false
00-0029664,Josh Gordon,2019,NE,WR,11,6.7,5.06,-2.42,0.4737,7.2,Utah; Baylor,2012,2,true
00-0038618,Xavier Hutchinson,2025,HOU,WR,16,6.13,5.37,-2.43,0.5404,7.2,Iowa State,2023,6,false
00-0026035,Danny Amendola,2009,LA,WR,14,5.81,4.14,-2.43,0.3846,7.2,Texas Tech,,,false
00-0034981,Foster Moreau,2022,LV,TE,14,6.23,3.69,-2.43,0.6543,7.2,LSU,2019,4,false
00-0036919,Kenny Gainwell,2023,PHI,RB,16,6.09,3.1,-2.43,0.4333,7.2,Memphis,2021,5,false
00-0008560,Kevin Johnson,2004,BAL,WR,14,5.45,2.98,-2.43,0.3704,7.2,Syracuse,1999,2,false
00-0020494,Santana Moss,2013,WAS,WR,16,6.23,5.28,-2.43,0.3942,7.2,Miami,2001,1,false
00-0032227,Jeff Heuerman,2018,DEN,TE,11,6.46,6.49,-2.44,0.7237,7.2,Ohio State,2015,3,false
00-0031325,Sammy Watkins,2021,BAL,WR,11,6.4,5.37,-2.44,0.4516,7.2,Clemson,2014,1,false
00-0000871,Mario Bates,2000,DET,RB,12,4.22,4.28,-2.44,0.4235,7.2,Arizona State,1994,2,false
00-0033025,Jalen Richard,2017,LV,RB,16,5.63,4.99,-2.44,0.3053,7.2,Southern Mississippi,,,false
00-0021317,Bryan Fletcher,2005,IND,TE,10,5.62,4.01,-2.44,0.5614,7.2,UCLA,2002,6,false
00-0020438,T.J. Houshmandzadeh,2001,CIN,WR,10,4.38,7,-2.45,0.4113,7.2,Oregon State; Cerritos College,2001,7,false
00-0034972,Alexander Mattison,2020,MIN,RB,13,6.68,8.43,-2.45,0.4545,7.2,Boise State,2019,3,false
00-0027997,Greg Little,2013,CLE,WR,16,6.22,4.96,-2.45,0.3869,7.2,North Carolina,2011,2,false
00-0031549,Nelson Agholor,2023,BAL,WR,16,6.07,4.98,-2.45,0.5329,7.2,USC,2015,1,false
00-0023500,Frank Gore,2020,NYJ,RB,15,6.68,4.44,-2.45,0.4444,7.2,Miami,2005,3,false
00-0026174,Devin Thomas,2009,WAS,WR,13,5.79,8.11,-2.45,0.3776,7.2,Michigan State; Coffeyville CC,2008,2,false
00-0014655,Mike Sellers,2005,WAS,TE,12,5.61,5.19,-2.45,0.5439,7.2,Walla Walla Community College,,,false
00-0017860,Kevin R. Williams,1999,BUF,WR,16,4.4,3.3,-2.45,0.3088,7.2,Miami,,,false
00-0023506,Alex Smith,2005,TB,TE,16,5.61,5.43,-2.45,0.5263,7.2,Stanford,2005,3,false
00-0028903,Garrett Celek,2017,SF,TE,14,5.61,5.66,-2.45,0.5974,7.2,Michigan State,,,false
00-0032392,Austin Hooper,2024,NE,TE,17,6.39,4.42,-2.46,0.5897,7.2,Stanford,2016,3,false
00-0031344,Cody Latimer,2017,DEN,WR,11,5.61,5.4,-2.46,0.4013,7.2,Indiana,2014,2,false
00-0030549,Tyler Eifert,2019,CIN,TE,16,6.66,4.46,-2.46,0.6571,7.2,Notre Dame,2013,1,false
00-0002565,Dan Campbell,2006,DET,TE,14,5.41,3.5,-2.46,0.5667,7.2,Texas A&M,1999,3,false
00-0021508,Greg Lewis,2007,PHI,WR,10,5.75,7.81,-2.46,0.3582,7.2,Illinois,,,false
00-0023676,Noah Herron,2006,GB,RB,15,5.41,6.95,-2.47,0.4124,7.2,Northwestern,2005,7,false
00-0026956,LaRod Stephens-Howling,2012,ARI,RB,14,6.23,8.18,-2.47,0.5053,7.2,Pittsburgh,2009,7,false
00-0022126,L.J. Smith,2003,PHI,TE,13,5,3.91,-2.47,0.5091,7.2,Rutgers,2003,2,false
00-0033932,Kenny Golladay,2021,NYG,WR,14,6.36,4.62,-2.47,0.4452,7.2,Northern Illinois; North Dakota,2017,3,false
00-0037755,Jelani Woods,2022,IND,TE,12,6.18,5.67,-2.47,0.642,7.2,Virginia,2022,3,false
00-0024324,Jason Avant,2008,PHI,WR,13,6.28,4.18,-2.48,0.4074,7.2,Michigan,2006,4,false
00-0020490,Koren Robinson,2007,GB,WR,9,5.73,4.41,-2.48,0.3507,7.1,N.C. State,2001,1,false
00-0027725,Clay Harbor,2014,JAX,TE,10,6.09,6.33,-2.48,0.6579,7.1,Missouri State,2010,4,false
00-0024324,Jason Avant,2013,PHI,WR,15,6.18,5.04,-2.48,0.3796,7.1,Michigan,2006,4,false
00-0033466,Isaiah McKenzie,2020,BUF,WR,15,6.64,7.48,-2.49,0.4156,7.1,Georgia,2017,5,false
00-0032055,Devin Funchess,2015,CAR,WR,16,6.64,6.69,-2.49,0.4636,7.1,Michigan,2015,2,false
00-0035208,Olamide Zaccheaus,2025,CHI,WR,14,6.06,4.6,-2.5,0.5342,7.1,Virginia,,,false
00-0023462,Roddy White,2015,ATL,WR,15,6.64,3.93,-2.5,0.457,7.1,UAB,2005,1,false
00-0022821,Michael Turner,2006,LAC,RB,13,5.38,5.01,-2.5,0.4021,7.1,Northern Illinois,2004,5,false
00-0034104,Cam Sims,2020,WAS,WR,13,6.63,4.79,-2.5,0.4091,7.1,Alabama,,,false
00-0015195,Irv Smith,1999,CLE,TE,12,4.35,3.8,-2.5,0.5692,7.1,Notre Dame,1993,1,false
00-0002469,Isaac Byrd,2000,CAR,WR,14,4.15,4.48,-2.5,0.3841,7.1,Kansas,1997,6,false
00-0027966,Mark Ingram,2012,NO,RB,16,6.19,4.97,-2.51,0.4947,7.1,Alabama,2011,1,false
00-0012569,Larry Parker,2001,KC,WR,11,4.32,7.39,-2.51,0.4043,7.1,USC,1999,4,false
00-0019564,Aaron Shea,2004,CLE,TE,14,5.37,4.6,-2.51,0.5738,7.1,Michigan,2000,4,false
00-0028400,Armon Binns,2012,CIN,WR,9,6.19,4.99,-2.51,0.4662,7.1,Cincinnati,,,true
00-0004915,Bobby Engram,2001,SEA,WR,16,4.31,3.05,-2.51,0.3972,7.1,Penn State,1996,2,false
00-0036259,Jauan Jennings,2021,SF,WR,13,6.32,7.52,-2.51,0.4387,7.1,Tennessee,2020,7,false
00-0029141,Alfred Morris,2017,DAL,RB,13,5.55,5.51,-2.52,0.2947,7.1,Florida Atlantic,2012,6,false
00-0007103,Matt Hatchette,1999,MIN,WR,9,4.33,6.21,-2.52,0.3015,7.1,Langston University; Mercyhurst College,1997,7,false
00-0021166,Josh Reed,2005,BUF,WR,16,5.54,4.56,-2.52,0.3684,7.1,LSU,2002,2,false
00-0034366,Keke Coutee,2019,HOU,WR,8,6.6,3.89,-2.52,0.4671,7.1,Texas Tech,2018,4,false
00-0020490,Koren Robinson,2005,MIN,WR,14,5.53,6.97,-2.53,0.3609,7.1,N.C. State,2001,1,false
00-0020428,Robert Ferguson,2002,GB,WR,14,4.95,7.96,-2.53,0.3681,7.1,Texas A&M; Tyler JC,2001,2,false
00-0033681,Keelan Cole,2018,JAX,WR,14,6.36,6.43,-2.54,0.383,7.1,Kentucky Wesleyan,,,false
00-0003344,Greg Comella,2000,NYG,RB,16,4.12,3.44,-2.54,0.4118,7.1,Stanford,,,false
00-0031042,Jace Amaro,2014,NYJ,TE,14,6.04,6.1,-2.54,0.6447,7.1,Texas Tech,2014,2,false
00-0033757,Robert Tonyan,2021,GB,TE,8,6.3,5.89,-2.54,0.6623,7.1,Indiana State,,,false
00-0028016,Austin Pettis,2012,LA,WR,13,6.16,3.82,-2.54,0.4595,7.1,Boise State,2011,3,false
00-0026901,Mike Wallace,2015,MIN,WR,15,6.59,5.81,-2.54,0.4503,7.1,Mississippi,2009,3,false
00-0015811,Tai Streets,2001,SF,WR,16,4.28,3.63,-2.54,0.3901,7.1,Michigan,1999,6,false
00-0004541,Donald Driver,2000,GB,WR,15,4.11,3.23,-2.55,0.3768,7.1,Alcorn State,1999,7,false
00-0007468,Ike Hilliard,2006,TB,WR,15,5.33,4.91,-2.55,0.315,7.1,Florida,1997,1,false
00-0017644,Jermaine Wiggins,2001,NE,TE,12,4.27,4.11,-2.55,0.5536,7.1,Georgia; Marshall,,,false
00-0027873,Jermaine Gresham,2017,ARI,TE,14,5.51,4.27,-2.55,0.5844,7.1,Oklahoma,2010,1,false
00-0033611,Ricky Seals-Jones,2021,WAS,TE,11,6.28,4.66,-2.56,0.6494,7.1,Texas A&M,,,false
00-0026566,Isaac Redman,2011,PIT,RB,16,5.48,4.59,-2.56,0.4205,7.1,Bowie State,,,false
00-0026123,Evan Moore,2010,CLE,TE,9,5.8,4.94,-2.56,0.6164,7.1,Stanford,,,false
00-0029510,Jonathan Grimes,2015,HOU,RB,13,6.58,5.62,-2.56,0.4479,7.1,William & Mary,,,false
00-0032208,Phillip Dorsett,2016,IND,WR,15,6.59,4.01,-2.56,0.4636,7.1,Miami,2015,1,false
00-0038619,Andrei Iosivas,2025,CIN,WR,15,5.99,5.18,-2.56,0.528,7,Princeton,2023,6,false
00-0031413,Bishop Sankey,2014,TEN,RB,16,6.01,3.98,-2.56,0.4563,7,Washington,2014,2,false
00-0021213,Chris Baker,2006,NYJ,TE,16,5.31,4.71,-2.56,0.55,7,Michigan State,2002,3,false
00-0033681,Keelan Cole,2019,JAX,WR,12,6.56,4.87,-2.56,0.4605,7,Kentucky Wesleyan,,,false
00-0032778,Tajae Sharpe,2016,TEN,WR,16,6.58,5.6,-2.56,0.457,7,UMass Amherst,2016,5,false
00-0031118,Corey Brown,2014,CAR,WR,13,6.01,4.69,-2.57,0.4126,7,Ohio State,,,false
00-0038621,DeMario Douglas,2025,NE,WR,16,5.99,5.2,-2.57,0.5217,7,Liberty,2023,6,false
00-0020381,Justin McCareins,2006,NYJ,WR,12,5.31,3.67,-2.57,0.3071,7,Northern Illinois,2001,4,false
00-0024276,Tony Scheffler,2010,DET,TE,15,5.79,5.16,-2.57,0.6027,7,Western Michigan,2006,2,false
00-0033611,Ricky Seals-Jones,2019,CLE,TE,9,6.54,6.96,-2.58,0.6429,7,Texas A&M,,,false
00-0023615,Cedric Houston,2005,NYJ,RB,10,5.48,5.8,-2.58,0.4479,7,Tennessee,2005,6,false
00-0005101,Christian Fauria,2003,NE,TE,14,4.89,4.4,-2.58,0.4909,7,Colorado,1995,2,false
00-0024243,Marcedes Lewis,2017,JAX,TE,16,5.49,7.25,-2.58,0.5714,7,UCLA,2006,1,false
00-0032426,Alex Collins,2021,SEA,RB,11,6.25,5.47,-2.58,0.4158,7,Arkansas,2016,5,false
00-0037809,Chig Okonkwo,2022,TEN,TE,16,6.08,5.56,-2.58,0.6296,7,Maryland,2022,4,false
00-0032187,David Johnson,2021,HOU,RB,13,6.25,3.54,-2.58,0.4059,7,Northern Iowa,2015,3,false
00-0034386,Justin Watson,2023,KC,WR,15,5.93,4.53,-2.58,0.5269,7,Penn,2018,5,false
00-0012726,Doug Pederson,2000,CLE,QB,10,4.07,4.94,-2.59,0,7,Louisiana-Monroe,,,false
00-0031868,Damiere Byrd,2019,ARI,WR,11,6.54,5.97,-2.59,0.4539,7,South Carolina,,,false
00-0026366,Chaz Schilens,2008,LV,WR,8,6.17,5.76,-2.59,0.4,7,San Diego State,2008,7,false
00-0019708,Ron Dugans,2000,CIN,WR,8,4.06,2.64,-2.59,0.3696,7,Florida State,2000,3,false
00-0032940,DeAndre Washington,2016,LV,RB,13,6.55,6,-2.59,0.4479,7,Texas Tech,2016,5,false
00-0021184,Ladell Betts,2005,WAS,RB,12,5.47,5.31,-2.59,0.4375,7,Iowa,2002,2,false
00-0019712,Doug Chapman,2001,MIN,RB,13,4.23,3.95,-2.59,0.4592,7,Marshall,2000,3,false
00-0027608,Kyle Williams,2011,SF,WR,12,5.44,6.18,-2.6,0.3581,7,Arizona State,2010,6,false
00-0037263,Tyler Allgeier,2024,ATL,RB,17,6.25,4.66,-2.6,0.5306,7,BYU,2022,5,false
00-0020428,Robert Ferguson,2004,GB,WR,13,5.28,4.5,-2.6,0.363,7,Texas A&M; Tyler JC,2001,2,false
00-0012642,David Patten,2005,WAS,WR,8,5.46,3.67,-2.6,0.3534,7,Western Carolina,,,false
00-0019590,Chad Morton,2000,NO,RB,16,4.06,4.43,-2.6,0.4,7,USC,2000,5,false
00-0000552,Obafemi Ayanbadejo,2001,BAL,RB,15,4.23,5.56,-2.6,0.449,7,San Diego State; Cabrillo College,,,false
00-0039342,Xavier Legette,2025,CAR,WR,15,5.95,6.86,-2.6,0.5155,7,South Carolina,2024,1,false
00-0029293,Marvin Jones,2012,CIN,WR,8,6.1,5.81,-2.6,0.4527,7,California,2012,5,false
00-0034457,Josh Adams,2018,PHI,RB,13,6.3,5.77,-2.6,0.3441,7,Notre Dame,,,false
00-0035406,Lil'Jordan Humphrey,2021,NO,WR,8,6.24,4.09,-2.6,0.4323,7,Texas,,,false
00-0027791,James Starks,2016,GB,RB,9,6.54,6.57,-2.6,0.4375,7,Buffalo,2010,6,false
00-0028045,Kris Durham,2013,DET,WR,16,6.06,4.78,-2.6,0.3723,7,Georgia,2011,4,false
00-0020497,Freddie Mitchell,2001,PHI,WR,13,4.22,4.04,-2.6,0.383,7,UCLA,2001,1,false
00-0023752,Daniel Fells,2010,LA,TE,16,5.76,3.26,-2.6,0.589,7,UC Davis,,,false
00-0024276,Tony Scheffler,2009,DEN,TE,15,5.64,5.34,-2.6,0.6471,7,Western Michigan,2006,2,false
00-0023508,Vernand Morency,2005,HOU,RB,9,5.46,7.51,-2.6,0.4271,7,Oklahoma State,2005,3,false
00-0005589,Gus Frerotte,2007,LA,QB,8,5.61,9.23,-2.61,0.0278,7,Tulsa,1994,7,false
00-0024359,Jerome Harrison,2010,PHI,RB,10,5.75,7,-2.61,0.4222,7,Washington State; Pasadena College; Eastern Michigan,2006,5,true
00-0008430,Anthony Johnson,2000,JAX,RB,11,4.05,3.92,-2.61,0.3882,7,Notre Dame,1990,2,false
00-0037258,Dameon Pierce,2023,HOU,RB,14,5.91,4.49,-2.61,0.4222,7,Florida,2022,4,false
00-0021252,Najeh Davenport,2006,PIT,RB,13,5.26,5.05,-2.61,0.3918,7,Miami,2002,4,false
00-0020964,Tony Fisher,2002,GB,RB,13,4.87,7.25,-2.61,0.4646,7,Notre Dame,,,false
00-0031273,Cameron Brate,2019,TB,TE,14,6.51,5.33,-2.62,0.6286,7,Harvard,,,false
00-0024326,Demetrius Williams,2006,BAL,WR,14,5.26,5.06,-2.62,0.2992,7,Oregon,2006,4,false
00-0023310,Lance Moore,2015,DET,WR,13,6.52,6.88,-2.62,0.4437,7,Toledo,,,false
00-0012603,Bernie Parmalee,2000,NYJ,RB,9,4.03,7.26,-2.62,0.3765,7,Ball State,,,false
00-0020462,LaMont Jordan,2004,NYJ,RB,16,5.26,5.57,-2.63,0.383,7,Maryland,2001,2,false
00-0030578,Cordarrelle Patterson,2014,MIN,RB,16,5.94,5.97,-2.63,0.4466,7,Tennessee; Hutchinson CC,2013,1,false
00-0037291,Jalen Nailor,2025,MIN,WR,17,5.92,6.66,-2.63,0.5093,7,Michigan State,2022,6,false
00-0019708,Ron Dugans,2001,CIN,WR,16,4.19,4.15,-2.63,0.3759,7,Florida State,2000,3,false
00-0013097,Keith Poole,2000,NO,WR,14,4.02,3.53,-2.63,0.3623,7,Arizona State,1997,4,false
00-0008598,Pat Johnson,2002,JAC,WR,8,4.85,6.64,-2.63,0.3611,7,Oregon,1998,2,true
00-0030108,Ryan Griffin,2016,HOU,TE,16,6.51,4.48,-2.63,0.5753,7,Connecticut,2013,6,false
00-0036862,Ben Skowronek,2022,LA,WR,14,6.02,5.35,-2.64,0.3933,7,Notre Dame; Northwestern,2021,7,false
00-0028002,Randall Cobb,2011,GB,WR,15,5.4,4.97,-2.64,0.3514,7,Kentucky,2011,2,false
00-0004774,Robert Edwards,2002,MIA,RB,11,4.85,5.96,-2.64,0.4545,7,Georgia,1998,1,false
00-0022781,Michael Jenkins,2012,MIN,WR,16,6.06,5.08,-2.64,0.4459,6.9,Ohio State,2004,1,false
00-0024272,Devin Hester,2011,CHI,WR,16,5.39,6.56,-2.64,0.3446,6.9,Miami,2006,2,false
00-0027654,Arrelious Benn,2010,TB,WR,14,5.71,4.52,-2.64,0.3803,6.9,Illinois,2010,2,false
00-0036988,Josh Palmer,2021,LAC,WR,15,6.19,5.4,-2.64,0.4258,6.9,Tennessee,2021,3,false
00-0040719,Bhayshul Tuten,2025,JAX,RB,15,5.91,4.92,-2.65,0.4583,6.9,Virginia Tech; North Carolina A&T,2025,4,false
00-0010747,Fred McCrary,1999,SD,RB,15,4.21,2.62,-2.65,0.4063,6.9,Mississippi State,1995,6,false
00-0020471,Travis Henry,2004,BUF,RB,9,5.23,4.56,-2.65,0.3723,6.9,Tennessee,2001,2,false
00-0005324,Terrell Fletcher,2001,SD,RB,12,4.17,2.8,-2.65,0.4388,6.9,Wisconsin,1995,2,false
00-0027996,Torrey Smith,2018,CAR,WR,8,6.25,6.31,-2.65,0.3759,6.9,Maryland,2011,2,false
00-0039847,Theo Johnson,2024,NYG,TE,11,6.19,4.27,-2.65,0.5769,6.9,Penn State,2024,4,false
00-0035537,Ty Johnson,2025,BUF,RB,17,5.9,5.29,-2.65,0.4479,6.9,Maryland,2019,6,false
00-0017109,Wesley Walls,2003,GB,TE,10,4.82,3.99,-2.65,0.4727,6.9,Mississippi,1989,2,false
00-0026268,Keenan Burton,2009,LA,WR,9,5.59,3.65,-2.65,0.3706,6.9,Kentucky,2008,4,false
00-0032141,Geoff Swaim,2018,DAL,TE,9,6.24,3.73,-2.66,0.7105,6.9,Texas; Butte College,2015,7,false
00-0036357,Henry Ruggs III,2020,LV,WR,13,6.47,5.72,-2.66,0.4026,6.9,Alabama,2020,1,false
00-0034829,Mike Gesicki,2025,CIN,TE,12,5.89,5.58,-2.66,0.593,6.9,Penn State,2018,2,false
00-0025450,Brandon Jackson,2008,GB,RB,13,6.1,3.34,-2.66,0.3511,6.9,Nebraska,2007,2,false
00-0009829,Dorsey Levens,2001,GB,RB,15,4.16,4.23,-2.67,0.4286,6.9,Georgia Tech; Notre Dame,1994,5,false
00-0034791,Nick Chubb,2025,HOU,RB,15,5.89,4.38,-2.67,0.4375,6.9,Georgia,2018,2,false
00-0032385,Sterling Shepard,2024,TB,WR,13,6.18,3.01,-2.67,0.4459,6.9,Oklahoma,2016,2,false
00-0032392,Austin Hooper,2021,CLE,TE,15,6.17,4.12,-2.67,0.6364,6.9,Stanford,2016,3,false
00-0031418,Austin Seferian-Jenkins,2014,TB,TE,9,5.9,4.48,-2.67,0.6316,6.9,Washington,2014,2,false
00-0031257,Paul Richardson,2019,WAS,WR,10,6.45,6.61,-2.67,0.4474,6.9,Colorado; UCLA,2014,2,false
00-0004386,Chris Doering,2003,PIT,WR,10,4.8,4.66,-2.67,0.313,6.9,Florida,1996,6,false
00-0026262,Tashard Choice,2010,DAL,RB,12,5.68,5.82,-2.67,0.4111,6.9,Georgia Tech; Oklahoma,2008,4,false
00-0021376,T.J. Duckett,2007,DET,RB,11,5.54,6.55,-2.68,0.4043,6.9,Michigan State,2002,1,false
00-0034011,Dan Arnold,2020,ARI,TE,15,6.45,4.8,-2.68,0.6447,6.9,Wisconsin-Platteville,,,false
00-0015053,Scott Slutzker,1999,NO,TE,8,4.17,5.8,-2.68,0.5538,6.9,Iowa,1996,3,false
00-0027695,Tony Moeaki,2012,KC,TE,14,6.02,4.27,-2.68,0.589,6.9,Iowa,2010,3,false
00-0032054,Breshad Perriman,2018,CLE,WR,10,6.22,4.71,-2.68,0.3688,6.9,UCF,2015,1,false
00-0034440,Justin Jackson,2021,LAC,RB,14,6.16,8.77,-2.68,0.396,6.9,Northwestern,2018,7,false
00-0020315,Derrick Blaylock,2003,KC,RB,13,4.79,6.62,-2.68,0.4343,6.9,Stephen F. Austin State,2001,5,false
00-0021260,Kyle Johnson,2005,DEN,RB,13,5.38,4.3,-2.68,0.4167,6.9,Syracuse,2002,5,false
00-0033375,Tim Patrick,2024,DET,WR,15,6.16,5.81,-2.68,0.4395,6.9,Utah; Grossmont,,,false
00-0007144,Donald Hayes,1999,CAR,WR,12,4.17,7.24,-2.69,0.2941,6.9,Wisconsin,1998,4,false
00-0030288,Rex Burkhead,2018,NE,RB,8,6.21,3.26,-2.69,0.3333,6.9,Nebraska,2013,6,false
00-0004541,Donald Driver,2001,GB,WR,11,4.14,3.75,-2.69,0.3688,6.9,Alcorn State,1999,7,false
00-0028116,Aldrick Robinson,2012,WAS,WR,9,6.01,5.99,-2.69,0.4392,6.9,SMU,2011,6,false
00-0031066,Lorenzo Taliaferro,2014,BAL,RB,12,5.88,6.89,-2.69,0.4369,6.9,Coastal Carolina; Lackawanna JC,2014,4,false
00-0011236,Billy Miller,2007,NO,TE,13,5.52,3.6,-2.69,0.5714,6.9,USC,1999,7,false
00-0014977,Kaseem Sinceno,2000,CHI,TE,11,3.96,2.69,-2.69,0.5167,6.9,Syracuse,,,false
00-0034364,Jordan Akins,2020,HOU,TE,13,6.44,4.42,-2.69,0.6316,6.9,UCF,2018,3,false
00-0030578,Cordarrelle Patterson,2017,LV,RB,16,5.38,5.08,-2.69,0.2842,6.9,Tennessee; Hutchinson CC,2013,1,false
00-0020332,David Martin,2008,MIA,TE,15,6.07,4.79,-2.7,0.625,6.9,Tennessee,2001,6,false
00-0028532,Joseph Morgan,2012,NO,WR,11,6,6.11,-2.7,0.4324,6.9,Walsh; Illinois,,,false
00-0022126,L.J. Smith,2007,PHI,TE,9,5.51,3.62,-2.7,0.5556,6.9,Rutgers,2003,2,false
00-0003663,Zack Crockett,2003,LV,RB,14,4.77,4.61,-2.7,0.4242,6.9,Florida State; Hinds CC,1995,3,false
00-0026262,Tashard Choice,2009,DAL,RB,15,5.54,6.94,-2.7,0.3587,6.9,Georgia Tech; Oklahoma,2008,4,false
00-0013512,Jake Reed,2001,MIN,WR,16,4.12,3.27,-2.71,0.3617,6.9,Grambling State,1991,3,false
00-0031273,Cameron Brate,2018,TB,TE,15,6.19,4.65,-2.71,0.6974,6.9,Harvard,,,false
00-0035577,Devlin Hodges,2019,PIT,QB,8,6.42,4.71,-2.71,0,6.9,Samford,,,false
00-0029141,Alfred Morris,2018,SF,RB,11,6.19,6.01,-2.71,0.3226,6.9,Florida Atlantic,2012,6,false
00-0030521,Justin Hunter,2013,TEN,WR,13,5.95,8.02,-2.71,0.365,6.9,Tennessee,2013,2,false
00-0030068,Marquise Goodwin,2016,BUF,WR,14,6.44,6.1,-2.71,0.4503,6.9,Texas,2013,3,false
00-0030089,Luke Willson,2014,SEA,TE,13,5.86,7.59,-2.71,0.6184,6.9,Rice,2013,5,false
00-0016373,Derrius Thompson,2003,MIA,WR,13,4.76,2.08,-2.71,0.3053,6.9,Baylor,,,false
00-0031260,Logan Thomas,2022,WAS,TE,13,5.95,4.31,-2.71,0.6173,6.9,Virginia Tech,2014,4,false
00-0040162,Dylan Sampson,2025,CLE,RB,15,5.84,5.6,-2.71,0.4271,6.9,Tennessee,2025,4,false
00-0037801,KaVontae Turpin,2024,DAL,WR,17,6.13,4.66,-2.71,0.4331,6.9,TCU,,,false
00-0008962,Joe Jurevicius,1999,NYG,WR,13,4.14,4.46,-2.71,0.2868,6.9,Penn State,1998,2,false
00-0028093,Niles Paul,2014,WAS,TE,16,5.86,6.04,-2.72,0.6053,6.9,Nebraska,2011,5,false
00-0027758,Riley Cooper,2012,PHI,WR,11,5.98,4.53,-2.72,0.4257,6.9,Florida,2010,5,false
00-0031102,Kapri Bibbs,2018,WAS,RB,10,6.18,5.27,-2.72,0.3118,6.9,Colorado State; Front Range CC CO; Snow,,,true
00-0022555,Ben Utecht,2007,IND,TE,13,5.49,3.27,-2.72,0.5397,6.9,Minnesota,,,false
00-0019670,Trevor Gaylor,2000,SD,WR,9,3.93,4.74,-2.72,0.3551,6.9,Miami (Ohio),2000,4,false
00-0038393,Dontayvion Wicks,2025,GB,WR,13,5.83,7.02,-2.72,0.5031,6.9,Virginia,2023,5,false
00-0020342,Brandon Manumaleuna,2006,LAC,TE,8,5.15,5.62,-2.73,0.5333,6.9,Arizona,2001,4,false
00-0028434,Doug Baldwin,2012,SEA,WR,14,5.97,5.81,-2.73,0.4189,6.8,Stanford,,,false
00-0021976,Larry Johnson,2009,KC,RB,14,5.51,4.83,-2.73,0.3478,6.8,Penn State,2003,1,true
00-0028091,Jeremy Kerley,2014,NYJ,WR,16,5.84,5.26,-2.73,0.4056,6.8,TCU,2011,5,false
00-0027691,Andre Roberts,2014,WAS,WR,16,5.84,3.86,-2.74,0.3986,6.8,The Citadel,2010,3,false
00-0033357,Taysom Hill,2019,NO,TE,16,6.39,5.6,-2.74,0.6143,6.8,BYU,,,false
00-0007468,Ike Hilliard,2005,TB,WR,13,5.32,3.5,-2.74,0.3459,6.8,Florida,1997,1,false
00-0026201,Martellus Bennett,2008,DAL,TE,12,6.03,4.1,-2.74,0.6094,6.8,Texas A&M,2008,2,false
00-0029159,Jermaine Kearse,2018,NYJ,WR,13,6.16,6.02,-2.74,0.3617,6.8,Washington,,,false
00-0022726,Keary Colbert,2005,CAR,WR,12,5.32,3.84,-2.74,0.3383,6.8,USC,2004,2,false
00-0011425,Pete Mitchell,2002,JAC,TE,13,4.74,3.99,-2.74,0.5846,6.8,Boston College,1995,4,true
00-0021929,Donald Lee,2005,GB,TE,14,5.31,2.44,-2.75,0.5088,6.8,Mississippi State,2003,5,false
00-0021981,Shaun McDonald,2008,DET,WR,12,6.02,5.28,-2.75,0.3926,6.8,Arizona State,2003,4,false
00-0010539,Terance Mathis,2002,PIT,WR,12,4.73,4.16,-2.75,0.3542,6.8,New Mexico,1990,6,false
00-0025460,Jacoby Jones,2012,BAL,WR,16,5.95,4.49,-2.75,0.4122,6.8,Lane College; Southeastern Louisiana,2007,3,false
00-0035261,Tony Pollard,2019,DAL,RB,14,6.37,8.11,-2.75,0.4105,6.8,Memphis,2019,4,false
00-0031868,Damiere Byrd,2021,CHI,WR,11,6.08,4.74,-2.76,0.4194,6.8,South Carolina,,,false
00-0036328,Antonio Gibson,2024,NE,RB,17,6.08,3.63,-2.76,0.5204,6.8,Memphis; East Central JC,2020,3,false
00-0020332,David Martin,2007,MIA,TE,14,5.45,3.97,-2.76,0.5238,6.8,Tennessee,2001,6,false
00-0023506,Alex Smith,2008,TB,TE,11,6,3.99,-2.76,0.5938,6.8,Stanford,2005,3,false
00-0035414,Jalen Guyton,2021,LAC,WR,16,6.07,5.61,-2.76,0.4129,6.8,North Texas; Trinity Valley CC,,,false
00-0004063,Tyrone Davis,2000,GB,TE,12,3.89,3.14,-2.76,0.5,6.8,Virginia,1995,4,false
00-0008529,J.J. Johnson,2000,MIA,RB,10,3.89,6.56,-2.76,0.3647,6.8,Mississippi State; East Mississippi JC,1999,2,false
00-0020516,Todd Heap,2001,BAL,TE,10,4.06,3.82,-2.76,0.5357,6.8,Arizona State,2001,1,false
00-0000387,Reidel Anthony,2000,TB,WR,16,3.89,4.41,-2.77,0.3478,6.8,Florida,1997,1,false
00-0038794,Jaleel McLaughlin,2024,DEN,RB,16,6.08,3.52,-2.77,0.5102,6.8,Youngstown State,,,false
00-0019054,Trevor Insley,2001,IND,WR,9,4.06,5.16,-2.77,0.3546,6.8,Nevada,,,false
00-0027888,Toby Gerhart,2014,JAX,RB,14,5.8,3.94,-2.77,0.4272,6.8,Stanford,2010,2,false
00-0017611,Alvis Whitted,2000,JAX,WR,11,3.88,6.82,-2.77,0.3406,6.8,N.C. State,1998,7,false
00-0028020,Vincent Brown,2013,LAC,WR,16,5.89,4.58,-2.78,0.3577,6.8,San Diego State,2011,3,false
00-0008570,LeShon Johnson,1999,NYG,RB,12,4.08,5.76,-2.78,0.3958,6.8,Northern Illinois; Northeast Oklahoma,1994,3,false
00-0009842,Chad Lewis,1999,PHI,TE,8,4.07,4.59,-2.78,0.5385,6.8,BYU; Utah Valley,,,true
00-0027321,Jeff Cumberland,2012,NYJ,TE,14,5.92,4.76,-2.78,0.5753,6.8,Illinois,,,false
00-0020462,LaMont Jordan,2001,NYJ,RB,13,4.05,4.22,-2.78,0.4184,6.8,Maryland,2001,2,false
00-0022726,Keary Colbert,2007,CAR,WR,12,5.43,3.35,-2.78,0.3433,6.8,USC,2004,2,false
00-0029738,Darren Fells,2020,HOU,TE,12,6.35,6.06,-2.78,0.6184,6.8,UC Irvine,,,false
00-0019516,Troy Hambrick,2004,ARI,RB,9,5.1,5.36,-2.78,0.3617,6.8,Savannah State College; South Carolina,,,false
00-0011439,Tywan Mitchell,2001,ARI,TE,14,4.04,5.27,-2.78,0.5179,6.8,Minnesota State,,,false
00-0023541,Kyle Orton,2005,CHI,QB,15,5.28,5.07,-2.78,0.0278,6.8,Purdue,2005,4,false
00-0020270,Correll Buckhalter,2007,PHI,RB,14,5.43,5.23,-2.78,0.3936,6.8,Nebraska,2001,4,false
00-0026019,Danny Woodhead,2011,NE,RB,15,5.25,3.43,-2.78,0.4091,6.8,Chadron State,,,false
00-0024447,Devin Aromashodu,2011,MIN,WR,15,5.25,4.47,-2.78,0.3378,6.8,Auburn,2006,7,false
00-0026210,Earl Bennett,2013,CHI,WR,14,5.88,4.47,-2.79,0.3504,6.8,Vanderbilt,2008,3,false
00-0027861,C.J. Spiller,2010,BUF,RB,14,5.57,4.51,-2.79,0.4,6.8,Clemson,2010,1,false
00-0032464,Kalif Raymond,2023,DET,WR,17,5.73,3.9,-2.79,0.521,6.8,Holy Cross,,,false
00-0030108,Ryan Griffin,2015,HOU,TE,9,6.34,5.06,-2.79,0.6329,6.8,Connecticut,2013,6,false
00-0023500,Frank Gore,2019,BUF,RB,15,6.33,5.14,-2.8,0.4,6.8,Miami,2005,3,false
00-0001783,Vincent Brisby,1999,NE,WR,11,4.05,3.07,-2.8,0.2794,6.8,Louisiana-Monroe,1993,2,false
00-0036139,Rico Dowdle,2023,DAL,RB,16,5.72,4.95,-2.8,0.4111,6.8,South Carolina,,,false
00-0035644,Noah Fant,2025,CIN,TE,13,5.75,4.73,-2.8,0.5814,6.8,Iowa,2019,1,false
00-0040134,Pat Bryant,2025,DEN,WR,13,5.75,4.14,-2.8,0.4969,6.8,Illinois,2025,3,false
00-0003663,Zack Crockett,1999,OAK,RB,13,4.05,3.56,-2.8,0.3854,6.8,Florida State; Hinds CC,1995,3,false
00-0027156,Tiquan Underwood,2012,TB,WR,14,5.9,3.76,-2.8,0.4054,6.8,Rutgers,2009,7,false
00-0029572,Jarius Wright,2018,CAR,WR,16,6.1,4.22,-2.8,0.3546,6.8,Arkansas,2012,4,false
00-0023531,Brandon Jones,2008,TEN,WR,16,5.96,4.15,-2.8,0.3852,6.8,Oklahoma,2005,3,false
00-0021750,Arlen Harris,2003,LA,RB,16,4.67,8.62,-2.8,0.4141,6.8,Hofstra; Virginia,,,false
00-0020828,Josh Norman,2002,SD,TE,9,4.68,3.39,-2.81,0.5692,6.8,Oklahoma,,,false
00-0036425,DeeJay Dallas,2020,SEA,RB,9,6.32,7.05,-2.81,0.4343,6.8,Miami,2020,4,false
00-0024318,Brad Smith,2007,NYJ,WR,15,5.4,3.75,-2.81,0.3358,6.7,Missouri,2006,4,false
00-0026224,Harry Douglas,2015,TEN,WR,14,6.32,4.34,-2.81,0.4371,6.7,Louisville,2008,3,false
00-0019643,Ron Dayne,2002,NYG,RB,16,4.67,4.78,-2.81,0.4444,6.7,Wisconsin,2000,1,false
00-0031075,Alfred Blue,2018,HOU,RB,16,6.08,4.24,-2.82,0.3011,6.7,LSU,2014,6,false
00-0013792,Michael Roan,1999,TEN,TE,9,4.03,3.62,-2.82,0.5231,6.7,Wisconsin,1995,4,false
00-0027985,Lance Kendricks,2013,LA,TE,14,5.84,3.81,-2.82,0.4925,6.7,Wisconsin,2011,2,false
00-0040584,Gunnar Helm,2025,TEN,TE,16,5.73,3.99,-2.82,0.5698,6.7,Texas,2025,4,false
00-0032778,Tajae Sharpe,2019,TEN,WR,13,6.3,6.33,-2.82,0.4408,6.7,UMass Amherst,2016,5,false
00-0028497,Kamar Aiken,2014,BAL,WR,13,5.75,4.95,-2.83,0.3916,6.7,UCF,,,false
00-0037228,Jaylen Warren,2022,PIT,RB,16,5.83,4.14,-2.83,0.4286,6.7,Oklahoma State,,,false
00-0025465,James Jones,2008,GB,WR,9,5.93,5.39,-2.83,0.3778,6.7,San Jose State,2007,3,false
00-0027696,Jimmy Graham,2019,GB,TE,16,6.29,5.5,-2.83,0.6,6.7,Miami,2010,3,false
00-0039363,Isaac Guerendo,2024,SF,RB,16,6.01,8.24,-2.83,0.5,6.7,Louisville; Wisconsin,2024,4,false
00-0038040,Zamir White,2023,LV,RB,13,5.68,6.83,-2.83,0.4,6.7,Georgia,2022,4,false
00-0001477,Marty Booker,2008,CHI,WR,8,5.92,5.45,-2.84,0.3704,6.7,Louisiana-Monroe,1999,3,false
00-0029572,Jarius Wright,2013,MIN,WR,15,5.83,5.95,-2.84,0.3431,6.7,Arkansas,2012,4,false
00-0022811,Jerricho Cotchery,2011,PIT,WR,10,5.2,5.55,-2.84,0.3311,6.7,N.C. State,2004,4,false
00-0027994,Shane Vereen,2017,NYG,RB,16,5.23,3.64,-2.84,0.2737,6.7,California,2011,2,false
00-0035329,Donald Parham,2023,LAC,TE,14,5.68,5.6,-2.84,0.6375,6.7,Stetson,,,false
00-0038129,Cade Otton,2022,TB,TE,16,5.82,5.16,-2.84,0.6049,6.7,Washington,2022,4,false
00-0025425,Zach Miller,2012,SEA,TE,16,5.85,3.49,-2.85,0.5616,6.7,Arizona State,2007,2,false
00-0035208,Olamide Zaccheaus,2021,ATL,WR,15,5.99,4.98,-2.85,0.4065,6.7,Virginia,,,false
00-0003378,Albert Connell,2001,NO,WR,11,3.97,5.6,-2.85,0.3475,6.7,Texas A&M; Trinity Valley CC,1997,4,false
00-0039355,Luke McCaffrey,2025,WAS,WR,9,5.7,5.22,-2.85,0.4907,6.7,Rice; Nebraska,2024,3,false
00-0009869,Jermaine Lewis,2000,BAL,WR,15,3.8,4.56,-2.85,0.3333,6.7,Maryland,1996,5,false
00-0021317,Bryan Fletcher,2006,IND,TE,10,5.02,3.52,-2.86,0.5167,6.7,UCLA,2002,6,false
00-0033295,Elijah McGuire,2017,NYJ,RB,15,5.21,6.12,-2.86,0.2632,6.7,Louisiana-Lafayette,2017,6,false
00-0032543,Alex Erickson,2019,CIN,WR,16,6.26,6.13,-2.86,0.4342,6.7,Wisconsin,,,false
00-0005816,Olandis Gary,2001,DEN,RB,9,3.97,4.47,-2.86,0.4082,6.7,Georgia; Marshall,1999,4,false
00-0021915,Sam Aiken,2009,NE,WR,12,5.38,6.3,-2.86,0.3636,6.7,North Carolina,2003,4,false
00-0028995,Stephen Hill,2012,NYJ,WR,11,5.84,7.95,-2.86,0.3986,6.7,Georgia Tech,2012,2,false
00-0008598,Pat Johnson,2000,BAL,WR,11,3.79,4.89,-2.86,0.3261,6.7,Oregon,1998,2,false
00-0039062,Jonathan Mingo,2023,CAR,WR,15,5.65,3.6,-2.86,0.515,6.7,Mississippi,2023,2,false
00-0034159,Will Dissly,2022,SEA,TE,15,5.79,4.16,-2.86,0.5926,6.7,Washington,2018,4,false
00-0006456,Howard Griffith,1999,DEN,RB,16,3.99,2.79,-2.87,0.375,6.7,Illinois,1991,9,false
00-0036554,Nico Collins,2021,HOU,WR,14,5.97,3.83,-2.87,0.4,6.7,Michigan,2021,3,false
00-0027994,Shane Vereen,2012,NE,RB,12,5.83,6.3,-2.87,0.4842,6.7,California,2011,2,false
00-0032543,Alex Erickson,2023,LAC,WR,8,5.65,4.96,-2.87,0.509,6.7,Wisconsin,,,false
00-0020438,T.J. Houshmandzadeh,2010,BAL,WR,16,5.49,4.76,-2.87,0.3732,6.7,Oregon State; Cerritos College,2001,7,false
00-0025549,Brent Celek,2008,PHI,TE,11,5.89,5.22,-2.87,0.5781,6.7,Cincinnati,2007,5,false
00-0028053,Kendall Hunter,2012,SF,RB,11,5.83,3.15,-2.87,0.4737,6.7,Oklahoma State,2011,4,false
00-0034370,DaeSean Hamilton,2018,DEN,WR,11,6.03,6.81,-2.87,0.3475,6.7,Penn State,2018,4,false
00-0030668,Charcandrick West,2016,KC,RB,15,6.27,6.96,-2.87,0.4271,6.7,Abilene Christian; Louisiana Tech,,,false
00-0034208,Mike Boone,2019,MIN,RB,8,6.25,9.27,-2.87,0.3895,6.7,Cincinnati,,,false
00-0034351,Dallas Goedert,2018,PHI,TE,15,6.03,6.15,-2.87,0.6842,6.7,South Dakota State,2018,2,false
00-0039066,Michael Mayer,2025,LV,TE,13,5.68,5.6,-2.88,0.5581,6.7,Notre Dame,2023,2,false
00-0026213,Jamaal Charles,2017,DEN,RB,13,5.19,3.29,-2.88,0.2526,6.7,Texas,2008,3,false
00-0029205,Travaris Cadet,2016,NO,RB,15,6.27,4.69,-2.88,0.4167,6.7,Appalachian State; Pearl River,,,false
00-0027753,Andrew Quarless,2013,GB,TE,13,5.78,6.05,-2.88,0.4776,6.7,Penn State,2010,5,false
00-0014319,Chris Sanders,1999,TEN,WR,15,3.97,5.42,-2.88,0.2721,6.7,Ohio State,1995,3,false
00-0028352,Dane Sanzenbacher,2011,CHI,WR,14,5.16,5.07,-2.88,0.3243,6.7,Ohio State,,,false
00-0034829,Mike Gesicki,2022,MIA,TE,17,5.78,6.6,-2.88,0.5802,6.7,Penn State,2018,2,false
00-0036309,Darnell Mooney,2023,CHI,WR,14,5.64,4.52,-2.88,0.503,6.7,Tulane,2020,5,false
00-0036370,Joshua Kelley,2020,LAC,RB,13,6.25,4.33,-2.88,0.4242,6.7,UCLA,2020,4,false
00-0029429,Bryce Brown,2012,PHI,RB,16,5.81,10.24,-2.89,0.4632,6.7,Kansas State; Tennessee,2012,7,false
00-0024369,Jeff King,2011,ARI,TE,14,5.15,4.18,-2.89,0.5342,6.7,Virginia Tech,2006,5,false
00-0039052,Trey Palmer,2023,TB,WR,17,5.63,3.8,-2.89,0.497,6.7,Nebraska; LSU,2023,6,false
00-0039021,Roschon Johnson,2024,CHI,RB,13,5.95,4.61,-2.89,0.4898,6.7,Texas,2023,4,false
00-0032791,Jakeem Grant,2020,MIA,WR,14,6.24,3.54,-2.89,0.3961,6.7,Texas Tech,2016,6,false
00-0020462,LaMont Jordan,2003,NYJ,RB,14,4.58,5.09,-2.89,0.404,6.6,Maryland,2001,2,false
00-0027861,C.J. Spiller,2015,NO,RB,13,6.24,5.66,-2.9,0.4375,6.6,Clemson,2010,1,false
00-0028237,Chris Hogan,2015,BUF,WR,15,6.24,5.3,-2.9,0.4305,6.6,Monmouth; Penn State,,,false
00-0019302,Bryan Gilmore,2003,ARI,WR,11,4.57,3.43,-2.9,0.2977,6.6,Midwestern State,,,false
00-0026899,Shonn Greene,2013,TEN,RB,11,5.76,6.52,-2.9,0.4516,6.6,Iowa; Kirkwood Community College,2009,3,false
00-0034981,Foster Moreau,2019,LV,TE,11,6.22,4.11,-2.9,0.5857,6.6,LSU,2019,4,false
00-0037664,Alec Pierce,2023,IND,WR,17,5.61,4.73,-2.91,0.491,6.6,Cincinnati,2022,2,false
00-0038558,Darnell Washington,2025,PIT,TE,13,5.65,2.91,-2.91,0.5465,6.6,Georgia,2023,3,false
00-0029159,Jermaine Kearse,2013,SEA,WR,14,5.76,5.23,-2.91,0.3358,6.6,Washington,,,false
00-0022929,Devery Henderson,2010,NO,WR,16,5.45,4.7,-2.91,0.3662,6.6,LSU,2004,2,false
00-0019231,Larry Foster,2001,DET,WR,13,3.92,3.18,-2.91,0.3404,6.6,LSU,,,false
00-0038996,Tucker Kraft,2023,GB,TE,14,5.61,5.11,-2.91,0.625,6.6,South Dakota State,2023,3,false
00-0032218,Dorial Green-Beckham,2016,PHI,WR,14,6.23,4.85,-2.92,0.4437,6.6,Oklahoma; Missouri,2015,2,false
00-0030874,Damien Williams,2016,MIA,RB,15,6.23,4.23,-2.92,0.4063,6.6,Oklahoma; Arizona Western,,,false
00-0037801,KaVontae Turpin,2025,DAL,WR,15,5.63,4.65,-2.92,0.4845,6.6,TCU,,,false
00-0019590,Chad Morton,2003,WAS,RB,15,4.55,3.63,-2.92,0.3939,6.6,USC,2000,5,false
00-0028007,Rob Housler,2012,ARI,TE,15,5.78,4.74,-2.92,0.5479,6.6,Florida Atlantic,2011,3,false
00-0008210,Willie Jackson,2002,ATL,WR,12,4.56,4.45,-2.93,0.3472,6.6,Florida,1994,4,true
00-0022130,Musa Smith,2007,BAL,RB,16,5.29,4.44,-2.93,0.383,6.6,Georgia,2003,3,false
00-0030456,Giovani Bernard,2021,TB,RB,10,5.91,6.2,-2.93,0.3861,6.6,North Carolina,2013,2,false
00-0025622,Chansi Stuckey,2009,CLE,WR,14,5.31,6.11,-2.93,0.3566,6.6,Clemson,2007,7,true
00-0032392,Austin Hooper,2022,TEN,TE,17,5.73,4.71,-2.93,0.5679,6.6,Stanford,2016,3,false
00-0034676,James Washington,2020,PIT,WR,16,6.2,5.55,-2.93,0.3896,6.6,Oklahoma State,2018,2,false
00-0033251,Zach Pascal,2021,IND,WR,16,5.91,5.58,-2.93,0.3935,6.6,Old Dominion,,,false
00-0033895,Gerald Everett,2020,LA,TE,15,6.19,3.52,-2.94,0.6053,6.6,South Alabama; UAB; Hutchinson CC,2017,2,false
00-0022054,Visanthe Shiancoe,2007,MIN,TE,12,5.28,4.68,-2.94,0.5079,6.6,Morgan State,2003,3,false
00-0016347,Jeff Thomason,2000,PHI,TE,12,3.72,4.09,-2.94,0.4833,6.6,Oregon,,,false
00-0030670,Bennie Fowler,2017,DEN,WR,16,5.13,5.19,-2.94,0.3947,6.6,Michigan State,,,false
00-0018382,Craig Yeast,2000,CIN,WR,15,3.71,2.95,-2.95,0.3188,6.6,Kentucky,1999,4,false
00-0031547,DeVante Parker,2023,NE,WR,13,5.57,3.79,-2.95,0.485,6.6,Louisville,2015,1,false
00-0034681,Chase Edmonds,2022,MIA,RB,13,5.71,4.78,-2.95,0.4184,6.6,Fordham,2018,4,true
00-0033471,Isaiah Ford,2020,MIA,WR,9,6.18,3.86,-2.95,0.3831,6.6,Virginia Tech,2017,7,false
00-0006804,Patrick Hape,2001,DEN,TE,11,3.87,2.48,-2.95,0.5,6.6,Alabama,1997,5,false
00-0023429,Rashied Davis,2008,CHI,WR,16,5.81,5.31,-2.96,0.363,6.6,San Jose State; West Los Angeles College,,,false
00-0022751,Darius Watts,2004,DEN,WR,16,4.92,5.16,-2.96,0.3556,6.6,Marshall,2004,2,false
00-0027450,Preston Parker,2014,NYG,WR,16,5.61,5.1,-2.96,0.3846,6.6,North Alabama; Florida State,,,false
00-0025463,Jason Hill,2008,SF,WR,13,5.8,5.66,-2.96,0.3556,6.6,Washington State,2007,3,false
00-0031228,Taylor Gabriel,2017,ATL,WR,16,5.11,4.75,-2.96,0.3882,6.6,Abilene Christian,,,false
00-0026739,Jordan Norwood,2011,CLE,WR,11,5.07,4.58,-2.97,0.3176,6.6,Penn State,,,false
00-0021176,Reche Caldwell,2005,LAC,WR,13,5.09,4.13,-2.97,0.3308,6.6,Florida,2002,2,false
00-0033857,JuJu Smith-Schuster,2023,NE,WR,11,5.55,3.99,-2.97,0.479,6.6,USC,2017,2,false
00-0025439,Brian Leonard,2007,LA,RB,15,5.24,4.28,-2.97,0.3723,6.6,Rutgers,2007,2,false
00-0028091,Jeremy Kerley,2011,NYJ,WR,14,5.06,5.19,-2.98,0.3108,6.6,TCU,2011,5,false
00-0005231,Brian Finneran,2004,ATL,WR,12,4.9,4.06,-2.98,0.3481,6.5,Villanova,,,false
00-0023452,Mike Williams,2005,DET,WR,13,5.08,4.46,-2.98,0.3233,6.5,USC,2005,1,false
00-0010333,Kris Mangum,2006,CAR,TE,9,4.89,3.1,-2.99,0.5,6.5,Mississippi; Alabama,1997,7,false
00-0038544,Quentin Johnston,2023,LAC,WR,17,5.53,4.07,-2.99,0.4731,6.5,TCU,2023,1,false
00-0034766,Chris Herndon,2020,NYJ,TE,12,6.14,6.04,-2.99,0.5921,6.5,Miami,2018,4,false
00-0019533,Patrick Pass,2004,NE,RB,13,4.89,2.84,-2.99,0.3511,6.5,Georgia,2000,7,false
00-0030513,Latavius Murray,2023,BUF,RB,15,5.53,4.04,-2.99,0.3889,6.5,UCF,2013,6,false
00-0010859,Tony McGee,2002,DAL,TE,13,4.49,3.22,-2.99,0.5538,6.5,Michigan,1993,2,false
00-0010436,Cecil Martin,2000,PHI,RB,16,3.66,2.93,-2.99,0.3529,6.5,Wisconsin,1999,6,false
00-0038797,Emanuel Wilson,2025,GB,RB,17,5.56,6.94,-2.99,0.4167,6.5,Fort Valley State College,,,false
00-0038563,Tre Tucker,2023,LV,WR,13,5.52,6.04,-2.99,0.4671,6.5,Cincinnati,2023,3,false
00-0027651,Dexter McCluster,2010,KC,WR,11,5.36,5.04,-2.99,0.3592,6.5,Mississippi,2010,2,false
00-0024380,Quinn Sypniewski,2007,BAL,TE,12,5.22,4.47,-3,0.4921,6.5,Colorado,2006,5,false
00-0032055,Devin Funchess,2016,CAR,WR,14,6.15,4.66,-3,0.4371,6.5,Michigan,2015,2,false
00-0026029,Kregg Lumpkin,2011,TB,RB,16,5.04,4.07,-3,0.3977,6.5,Georgia,,,false
00-0022097,Brandon Lloyd,2003,SF,WR,11,4.47,4.8,-3,0.2901,6.5,Illinois,2003,4,false
00-0007744,Joe Horn,2007,ATL,WR,11,5.21,3.09,-3,0.3284,6.5,Itawamba JC,1996,5,false
00-0027003,Donald Brown,2014,LAC,RB,13,5.57,4.11,-3,0.4175,6.5,Connecticut,2009,1,false
00-0034798,Durham Smythe,2023,MIA,TE,13,5.51,2.94,-3.01,0.6125,6.5,Notre Dame,2018,4,false
00-0033307,Kendrick Bourne,2019,SF,WR,16,6.11,5.31,-3.01,0.4276,6.5,Eastern Washington,,,false
00-0020381,Justin McCareins,2008,TEN,WR,12,5.75,3.49,-3.01,0.3481,6.5,Northern Illinois,2001,4,false
00-0019722,J.R. Redmond,2001,NE,RB,10,3.81,3.07,-3.02,0.398,6.5,Arizona State,2000,3,false
00-0007213,Steve Heiden,2006,CLE,TE,15,4.86,4.29,-3.02,0.4833,6.5,South Dakota State,1999,3,false
00-0034184,Gus Edwards,2024,LAC,RB,11,5.83,5.37,-3.02,0.4796,6.5,Rutgers; Miami,,,false
00-0026213,Jamaal Charles,2008,KC,RB,16,5.74,4.41,-3.02,0.3404,6.5,Texas,2008,3,false
00-0036414,Cam Akers,2024,MIN,RB,16,5.83,4.32,-3.02,0.4694,6.5,Florida State,2020,2,true
00-0021176,Reche Caldwell,2002,SD,WR,14,4.46,4.48,-3.02,0.3403,6.5,Florida,2002,2,false
00-0029159,Jermaine Kearse,2016,SEA,WR,16,6.13,3.82,-3.02,0.4305,6.5,Washington,,,false
00-0037614,John Metchie III,2025,NYJ,WR,13,5.53,5.42,-3.02,0.4783,6.5,Alabama,2022,2,true
00-0039066,Michael Mayer,2023,LV,TE,13,5.49,4.54,-3.03,0.6,6.5,Notre Dame,2023,2,false
00-0033891,Zay Jones,2017,BUF,WR,14,5.04,5.09,-3.03,0.3816,6.5,East Carolina,2017,2,false
00-0021084,Matt Schobel,2004,CIN,TE,13,4.85,5.19,-3.03,0.5574,6.5,TCU; Texas A&M,2002,3,false
00-0034764,Michael Gallup,2023,DAL,WR,16,5.49,5.27,-3.03,0.4611,6.5,Colorado State; Butler County JC,2018,3,false
00-0033555,Mack Hollins,2024,BUF,WR,17,5.81,4.95,-3.03,0.4268,6.5,North Carolina,2017,4,false
00-0031609,A.J. Derby,2017,DEN,TE,11,5.04,5.5,-3.03,0.5584,6.5,Arkansas; Coffeyville CC; Iowa,2015,6,true
00-0024301,David Thomas,2010,NO,TE,12,5.33,4.02,-3.03,0.5753,6.5,Texas,2006,3,false
00-0024251,Chad Jackson,2006,NE,WR,10,4.84,4.47,-3.04,0.2913,6.5,Florida,2006,2,false
00-0013080,Marcus Pollard,2007,SEA,TE,13,5.18,3.09,-3.04,0.4762,6.5,Bradley University; Seward County Community Coll,,,false
00-0024268,Anthony Fasano,2009,MIA,TE,14,5.21,5.41,-3.04,0.6324,6.5,Notre Dame,2006,2,false
00-0007103,Matt Hatchette,2000,MIN,WR,13,3.62,3.91,-3.04,0.3116,6.5,Langston University; Mercyhurst College,1997,7,false
00-0035243,Miles Sanders,2023,CAR,RB,16,5.48,4.46,-3.04,0.3778,6.5,Penn State,2019,2,false
00-0022011,Justin Griffith,2003,ATL,RB,14,4.43,3.46,-3.04,0.3838,6.5,Mississippi State,2003,4,false
00-0031569,Jeremy Langford,2016,CHI,RB,12,6.1,4.69,-3.05,0.3958,6.5,Michigan State,2015,4,false
00-0035006,Bisi Johnson,2019,MIN,WR,13,6.08,3.59,-3.05,0.4211,6.5,Colorado State,2019,7,false
00-0021314,Chester Taylor,2003,BAL,RB,16,4.42,3.16,-3.05,0.3737,6.5,Toledo,2002,6,false
00-0034419,Braxton Berrios,2020,NYJ,WR,16,6.08,6.14,-3.05,0.3766,6.5,Miami,2018,6,false
00-0027791,James Starks,2014,GB,RB,14,5.52,4.74,-3.05,0.4078,6.5,Buffalo,2010,6,false
00-0019614,Michael Wiley,2001,DAL,RB,15,3.77,3.52,-3.05,0.3878,6.5,Ohio State,2000,5,false
00-0020342,Brandon Manumaleuna,2003,LA,TE,15,4.42,3.42,-3.05,0.4545,6.5,Arizona,2001,4,false
00-0004004,John Davis,2000,MIN,TE,12,3.6,3.75,-3.05,0.4667,6.5,Emporia State University; Cisco Junior College,,,false
00-0020516,Todd Heap,2008,BAL,TE,16,5.71,5.76,-3.06,0.5625,6.5,Arizona State,2001,1,false
00-0035689,Dawson Knox,2020,BUF,TE,11,6.07,3.48,-3.06,0.5789,6.5,Mississippi,2019,3,false
00-0035689,Dawson Knox,2023,BUF,TE,10,5.46,2.8,-3.06,0.5875,6.5,Mississippi,2019,3,false
00-0029614,Chris Givens,2013,LA,WR,16,5.61,4.1,-3.06,0.3285,6.5,Wake Forest,2012,4,false
00-0025622,Chansi Stuckey,2010,CLE,WR,15,5.3,3.59,-3.06,0.3521,6.5,Clemson,2007,7,false
00-0039890,Adonai Mitchell,2025,IND,WR,16,5.49,6.79,-3.06,0.472,6.5,Texas; Georgia,2024,2,true
00-0033471,Isaiah Ford,2019,MIA,WR,8,6.06,6.47,-3.06,0.4145,6.5,Virginia Tech,2017,7,false
00-0025516,Scott Chandler,2015,NE,TE,12,6.08,5.39,-3.06,0.6203,6.5,Iowa,2007,4,false
00-0035414,Jalen Guyton,2020,LAC,WR,16,6.07,4.95,-3.06,0.3701,6.5,North Texas; Trinity Valley CC,,,false
00-0021164,DeShaun Foster,2008,SF,RB,11,5.7,5.47,-3.06,0.3298,6.5,UCLA,2002,2,false
00-0014918,Tony Simmons,2000,NE,WR,12,3.59,3.7,-3.06,0.3043,6.5,Wisconsin,1998,2,false
00-0002099,Isaac Bruce,2009,SF,WR,9,5.18,3.5,-3.07,0.3497,6.5,Memphis; Santa Monica; West Los Angeles College,1994,2,false
00-0012637,Jerome Pathon,1999,IND,WR,8,3.79,3.51,-3.07,0.2647,6.5,"Washington; Acadia University, Canada",1998,2,false
00-0036268,Laviska Shenault Jr.,2022,CAR,WR,13,5.59,5.43,-3.07,0.3867,6.5,Colorado,2020,2,false
00-0036309,Darnell Mooney,2025,ATL,WR,15,5.49,3.83,-3.07,0.4658,6.5,Tulane,2020,5,false
00-0000911,Fred Baxter,2001,CHI,TE,13,3.75,3.38,-3.07,0.4821,6.4,Auburn,1993,5,false
00-0021570,Kassim Osgood,2003,LAC,WR,12,4.4,6.07,-3.07,0.2824,6.4,San Diego State; Cal Poly (San Luis Obispo),,,false
00-0020256,Kevin Kasper,2002,ARI,WR,12,4.41,7.08,-3.08,0.3333,6.4,Iowa,2001,6,true
00-0024221,Vernon Davis,2018,WAS,TE,13,5.82,5.22,-3.08,0.6579,6.4,Maryland,2006,1,false
00-0033658,Blake Jarwin,2018,DAL,TE,13,5.82,10.03,-3.08,0.6579,6.4,Oklahoma State,,,false
00-0018056,Robert Wilson,2001,NO,WR,13,3.75,3.76,-3.08,0.3333,6.4,Florida A&M,,,false
00-0002058,Tim Brown,2004,TB,WR,10,4.8,4.57,-3.08,0.3407,6.4,Notre Dame,1988,1,false
00-0036422,Adam Trautman,2021,NO,TE,11,5.75,4.81,-3.08,0.6234,6.4,Dayton,2020,3,false
00-0032128,Chris Conley,2016,KC,WR,16,6.06,3.27,-3.08,0.4238,6.4,Georgia,2015,3,false
00-0030521,Justin Hunter,2015,TEN,WR,9,6.04,2.94,-3.09,0.4238,6.4,Tennessee,2013,2,false
00-0030516,Brice Butler,2017,DAL,WR,13,4.98,5.32,-3.09,0.375,6.4,San Diego State; USC,2013,7,false
00-0029432,Chase Ford,2014,MIN,TE,10,5.48,5.58,-3.09,0.5921,6.4,Miami; Kilgore,,,false
00-0021184,Ladell Betts,2007,WAS,RB,16,5.12,3.91,-3.09,0.3617,6.4,Iowa,2002,2,false
00-0021547,Antonio Gates,2017,LAC,TE,16,4.97,5.02,-3.09,0.5455,6.4,Kent State; Eastern Michigan; Michigan State; College of the Sequoias,,,false
00-0026178,John Carlson,2013,MIN,TE,13,5.57,6.33,-3.1,0.4627,6.4,Notre Dame,2008,2,false
00-0022072,Charles Rogers,2005,DET,WR,8,4.96,5.24,-3.1,0.3158,6.4,Michigan State,2003,1,false
00-0030282,Stepfan Taylor,2014,ARI,RB,12,5.48,5.77,-3.1,0.3981,6.4,Stanford,2013,5,false
00-0029141,Alfred Morris,2015,WAS,RB,16,6.04,4.46,-3.1,0.4271,6.4,Florida Atlantic,2012,6,false
00-0019614,Michael Wiley,2000,DAL,RB,9,3.56,3.89,-3.1,0.3412,6.4,Ohio State,2000,5,false
00-0027105,Jarett Dillard,2011,JAX,WR,13,4.94,3.51,-3.1,0.3041,6.4,Rice,2009,5,false
00-0021174,Tim Carter,2006,NYG,WR,12,4.77,3.9,-3.1,0.2835,6.4,Auburn,2002,2,false
00-0026432,Lance Ball,2011,DEN,RB,16,4.94,4.29,-3.1,0.3864,6.4,Maryland,,,false
00-0037257,David Bell,2023,CLE,WR,9,5.41,7.37,-3.11,0.4551,6.4,Purdue,2022,3,false
00-0026224,Harry Douglas,2012,ATL,WR,15,5.59,3.89,-3.11,0.3919,6.4,Louisville,2008,3,false
00-0031868,Damiere Byrd,2017,CAR,WR,8,4.96,6.47,-3.11,0.3684,6.4,South Carolina,,,false
00-0005324,Terrell Fletcher,2002,SD,RB,8,4.38,4.68,-3.11,0.4343,6.4,Wisconsin,1995,2,false
00-0001661,Kyle Brady,2003,JAX,TE,14,4.36,2.92,-3.11,0.4364,6.4,Penn State,1995,1,false
00-0020476,Shad Meier,2004,TEN,TE,10,4.77,5.71,-3.11,0.541,6.4,Kansas State,2001,3,false
00-0011754,Randy Moss,2012,SF,WR,16,5.59,4.36,-3.11,0.3851,6.4,Marshall; Florida State,1998,1,false
00-0015811,Tai Streets,2004,DET,WR,13,4.77,3.69,-3.11,0.3333,6.4,Michigan,1999,6,false
00-0031075,Alfred Blue,2017,HOU,RB,9,4.96,5.74,-3.11,0.2421,6.4,LSU,2014,6,false
00-0027981,Kyle Rudolph,2011,MIN,TE,14,4.92,3.46,-3.12,0.5205,6.4,Notre Dame,2011,2,false
00-0031285,Devonta Freeman,2014,ATL,RB,16,5.46,4.46,-3.12,0.3883,6.4,Florida State,2014,4,false
00-0024305,Maurice Stovall,2009,TB,WR,13,5.12,4.79,-3.12,0.3427,6.4,Notre Dame,2006,3,false
00-0011770,Eric Moulds,2007,TEN,WR,13,5.09,2.71,-3.12,0.3209,6.4,Mississippi State,1996,1,false
00-0021154,Daniel Graham,2006,NE,TE,11,4.75,3.49,-3.12,0.4667,6.4,Colorado,2002,1,false
00-0019457,Anthony Becht,2000,NYJ,TE,12,3.53,3.68,-3.12,0.45,6.4,West Virginia,2000,1,false
00-0023442,Troy Williamson,2007,MIN,WR,10,5.09,4.63,-3.12,0.3134,6.4,South Carolina,2005,1,false
00-0024172,Patrick Cobbs,2008,MIA,RB,13,5.64,8.1,-3.12,0.3191,6.4,North Texas,,,false
00-0026366,Chaz Schilens,2012,NYJ,WR,12,5.57,4.4,-3.13,0.3784,6.4,San Diego State,2008,7,false
00-0033895,Gerald Everett,2018,LA,TE,15,5.77,5.26,-3.13,0.6447,6.4,South Alabama; UAB; Hutchinson CC,2017,2,false
00-0034109,Phillip Lindsay,2020,DEN,RB,11,6,4.45,-3.13,0.4141,6.4,Colorado,,,false
00-0033879,O.J. Howard,2019,TB,TE,14,5.99,4.75,-3.13,0.5714,6.4,Alabama,2017,1,false
00-0032117,Nick O'Leary,2017,BUF,TE,13,4.94,3.32,-3.13,0.5325,6.4,Florida State,2015,6,false
00-0040669,Isaac TeSlaa,2025,DET,WR,14,5.42,5.61,-3.13,0.4596,6.4,Arkansas; Hillsdale,2025,3,false
00-0014350,O.J. Santiago,2001,CLE,TE,12,3.69,3.68,-3.13,0.4643,6.4,Kent State,1997,3,false
00-0038104,Tyquan Thornton,2022,NE,WR,12,5.52,6.24,-3.13,0.38,6.4,Baylor,2022,2,false
00-0015811,Tai Streets,2000,SF,WR,13,3.52,3.06,-3.14,0.2971,6.4,Michigan,1999,6,false
00-0033307,Kendrick Bourne,2022,NE,WR,16,5.52,6.03,-3.14,0.3733,6.4,Eastern Washington,,,false
00-0029683,Ronnie Hillman,2013,DEN,RB,9,5.52,4.79,-3.14,0.4409,6.4,San Diego State,2012,3,false
00-0034981,Foster Moreau,2021,LV,TE,15,5.69,5.64,-3.15,0.6104,6.4,LSU,2019,4,false
00-0030821,Allen Hurns,2019,MIA,WR,14,5.97,3.75,-3.15,0.4079,6.4,Miami,,,false
00-0023508,Vernand Morency,2007,GB,RB,12,5.06,4.4,-3.15,0.3511,6.4,Oklahoma State,2005,3,false
00-0034414,Boston Scott,2020,PHI,RB,16,5.98,5.49,-3.15,0.404,6.4,Louisiana Tech,2018,6,false
00-0023310,Lance Moore,2007,NO,WR,16,5.06,4.56,-3.16,0.306,6.4,Toledo,,,false
00-0034364,Jordan Akins,2024,CLE,TE,16,5.69,4.79,-3.16,0.5641,6.4,UCF,2018,3,false
00-0031585,MyCole Pruitt,2022,ATL,TE,10,5.5,4.07,-3.16,0.5556,6.3,Southern Illinois,2015,5,false
00-0030470,Vance McDonald,2019,PIT,TE,14,5.96,5.83,-3.16,0.5571,6.3,Rice,2013,2,false
00-0030450,Quinton Patton,2016,SF,WR,13,5.98,4.35,-3.16,0.4172,6.3,Louisiana Tech; Coffeyville CC,2013,4,false
00-0026176,Jordy Nelson,2009,GB,WR,13,5.08,4.73,-3.17,0.3357,6.3,Kansas State,2008,2,false
00-0033567,Brian Hill,2020,ATL,RB,16,5.96,4.46,-3.17,0.3939,6.3,Wyoming,2017,5,false
00-0032977,Rashard Higgins,2017,CLE,WR,14,4.9,6.5,-3.17,0.3618,6.3,Colorado State,2016,5,false
00-0033589,David Moore,2024,CAR,WR,15,5.67,5.16,-3.17,0.4204,6.3,East Central,2017,7,false
00-0024221,Vernon Davis,2015,DEN,TE,13,5.96,5.11,-3.17,0.6076,6.3,Maryland,2006,1,true
00-0030801,Brandon Coleman,2017,NO,WR,15,4.89,4.78,-3.18,0.3553,6.3,Rutgers,,,false
00-0031390,Charles Sims,2017,TB,RB,15,4.89,3.12,-3.18,0.2316,6.3,West Virginia; Houston,2014,3,false
00-0033955,Jeremy McNichols,2021,TEN,RB,13,5.66,4.11,-3.18,0.3762,6.3,Boise State,2017,5,false
00-0038951,Sean Tucker,2025,TB,RB,17,5.38,8.24,-3.18,0.4063,6.3,Syracuse,,,false
00-0036364,Lynn Bowden,2020,MIA,WR,9,5.95,6.1,-3.18,0.3636,6.3,Kentucky,2020,3,false
00-0030663,Willie Snead,2019,BAL,WR,16,5.94,4.91,-3.18,0.4013,6.3,Ball State,,,false
00-0019604,R.Jay Soward,2000,JAX,WR,11,3.47,3.63,-3.18,0.2899,6.3,USC,2000,1,false
00-0029588,Dan Herron,2014,IND,RB,14,5.39,5.36,-3.19,0.3786,6.3,Ohio State,2012,6,false
00-0001098,Brandon Bennett,2001,CIN,RB,16,3.64,2.36,-3.19,0.3776,6.3,South Carolina,,,false
00-0032128,Chris Conley,2018,KC,WR,16,5.71,6.34,-3.19,0.3404,6.3,Georgia,2015,3,false
00-0010007,Kevin Lockett,2001,WAS,WR,15,3.64,3.95,-3.19,0.3262,6.3,Kansas State,1997,2,false
00-0029697,Coby Fleener,2012,IND,TE,12,5.51,4.17,-3.19,0.5342,6.3,Stanford,2012,2,false
00-0021183,Doug Jolley,2004,LV,TE,15,4.69,4.39,-3.2,0.5246,6.3,BYU,2002,2,false
00-0010650,Ed McCaffrey,2003,DEN,WR,9,4.28,2.6,-3.2,0.2748,6.3,Stanford,1991,3,false
00-0027595,Bryan Walters,2016,JAX,WR,10,5.95,6.12,-3.2,0.4106,6.3,Cornell,,,false
00-0038797,Emanuel Wilson,2024,GB,RB,17,5.65,5.16,-3.2,0.4592,6.3,Fort Valley State College,,,false
00-0039874,Jaylen Wright,2025,MIA,RB,9,5.36,5.52,-3.2,0.3958,6.3,Tennessee,2024,4,false
00-0021153,Javon Walker,2002,GB,WR,14,4.29,4.11,-3.2,0.3264,6.3,Florida State; Jones County JC,2002,1,false
00-0024221,Vernon Davis,2008,SF,TE,14,5.56,3.77,-3.2,0.5469,6.3,Maryland,2006,1,false
00-0033681,Keelan Cole,2021,NYJ,WR,14,5.64,4.23,-3.2,0.3871,6.3,Kentucky Wesleyan,,,false
00-0030085,Kenny Stills,2015,MIA,WR,15,5.93,5.76,-3.2,0.4172,6.3,Oklahoma,2013,5,false
00-0037005,Tommy Tremble,2024,CAR,TE,10,5.64,4,-3.2,0.5513,6.3,Notre Dame,2021,3,false
00-0027531,Chris Ivory,2018,BUF,RB,13,5.69,5.01,-3.21,0.2903,6.3,Tiffin; Washington State,,,false
00-0003663,Zack Crockett,2002,OAK,RB,14,4.27,5.39,-3.21,0.4242,6.3,Florida State; Hinds CC,1995,3,false
00-0001098,Brandon Bennett,2003,CIN,RB,15,4.26,3.76,-3.21,0.3636,6.3,South Carolina,,,false
00-0019650,Dennis Northcutt,2001,CLE,WR,11,3.61,4.45,-3.22,0.3191,6.3,Arizona,2000,2,false
00-0022926,Chris Perry,2008,CIN,RB,11,5.55,5.29,-3.22,0.3085,6.3,Michigan,2004,1,false
00-0021306,Adrian Peterson,2005,CHI,RB,13,4.84,5.39,-3.22,0.4063,6.3,Georgia Southern,2002,6,false
00-0009829,Dorsey Levens,2003,NYG,RB,11,4.24,3.87,-3.24,0.3535,6.3,Georgia Tech; Notre Dame,1994,5,false
00-0026182,Eddie Royal,2012,LAC,WR,10,5.46,3.2,-3.24,0.3716,6.3,Virginia Tech,2008,2,false
00-0021357,Rock Cartwright,2009,WAS,RB,16,5,5.77,-3.24,0.337,6.3,Kansas State; Trinity Valley CC,2002,7,false
00-0021182,Maurice Morris,2006,SEA,RB,16,4.63,4.12,-3.25,0.3814,6.2,Oregon; Fresno City College,2002,2,false
00-0020527,Deuce McAllister,2001,NO,RB,16,3.57,5.89,-3.25,0.3673,6.2,Mississippi,2001,1,false
00-0015601,Aaron Stecker,2001,TB,RB,11,3.57,5.85,-3.25,0.3571,6.2,Western Illinois; Wisconsin,,,false
00-0013888,Marcus Robinson,2002,CHI,WR,15,4.23,4.46,-3.26,0.3194,6.2,South Carolina,1997,4,false
00-0026983,Darrius Heyward-Bey,2010,LV,WR,14,5.1,7.01,-3.26,0.3451,6.2,Maryland,2009,1,false
00-0036370,Joshua Kelley,2022,LAC,RB,12,5.4,4.04,-3.26,0.4082,6.2,UCLA,2020,4,false
00-0022901,Ernest Wilford,2004,JAX,WR,13,4.62,3.56,-3.26,0.3259,6.2,Virginia Tech,2004,4,false
00-0029534,Cooper Helfet,2014,SEA,TE,8,5.31,4.97,-3.26,0.5789,6.2,Duke; Johns Hopkins University; Santa Rosa,,,false
00-0034115,Jeff Wilson,2019,SF,RB,8,5.86,6.08,-3.26,0.3789,6.2,North Texas,,,false
00-0032200,Ty Montgomery,2018,GB,WR,13,5.64,4.28,-3.26,0.3333,6.2,Stanford,2015,3,true
00-0026941,Bernard Scott,2009,CIN,RB,10,4.98,6.21,-3.26,0.3261,6.2,Abilene Christian; Blinn College; Central Arkansas; Southeastern Oklahoma State,2009,6,false
00-0031299,Jordan Matthews,2018,PHI,TE,11,5.64,4.34,-3.26,0.6316,6.2,Vanderbilt,2014,2,false
00-0002102,Mark Bruener,2000,PIT,TE,16,3.39,3.54,-3.27,0.4333,6.2,Washington,1995,1,false
00-0032398,Chris Moore,2021,HOU,WR,10,5.57,7.04,-3.27,0.3806,6.2,Cincinnati,2016,4,false
00-0027220,Naaman Roosevelt,2011,BUF,WR,10,4.77,3.81,-3.27,0.2973,6.2,Buffalo,,,false
00-0023503,Courtney Roby,2005,TEN,WR,12,4.79,5.73,-3.27,0.3083,6.2,Indiana,2005,3,false
00-0027006,Kenny Britt,2017,CLE,WR,12,4.8,4.55,-3.27,0.3487,6.2,Rutgers,2009,1,true
00-0020370,Scotty Anderson,2002,DET,WR,15,4.21,4.46,-3.27,0.3125,6.2,Grambling State,2001,5,false
00-0011551,Dave Moore,2002,BUF,TE,10,4.21,4.74,-3.27,0.5385,6.2,Pittsburgh,1992,7,false
00-0003663,Zack Crockett,2004,LV,RB,13,4.61,4.89,-3.27,0.3404,6.2,Florida State; Hinds CC,1995,3,false
00-0027964,Jon Baldwin,2011,KC,WR,11,4.76,4.98,-3.27,0.2905,6.2,Pittsburgh,2011,1,false
00-0000166,Stephen Alexander,2006,DEN,TE,10,4.6,4.29,-3.28,0.45,6.2,Oklahoma,1998,2,false
00-0031045,Carlos Hyde,2014,SF,RB,14,5.29,3.09,-3.28,0.3689,6.2,Ohio State,2014,2,false
00-0032135,Jesse James,2018,PIT,TE,15,5.62,6.08,-3.28,0.6184,6.2,Penn State,2015,5,false
00-0022288,Jason Wright,2007,CLE,RB,16,4.93,4.87,-3.28,0.3404,6.2,Northwestern,,,false
00-0001098,Brandon Bennett,2002,CIN,RB,12,4.2,2.74,-3.28,0.4141,6.2,South Carolina,,,false
00-0029269,Travis Benjamin,2012,CLE,WR,13,5.42,4.34,-3.28,0.3649,6.2,Miami,2012,4,false
00-0031549,Nelson Agholor,2016,PHI,WR,15,5.86,4.22,-3.29,0.404,6.2,USC,2015,1,false
00-0031549,Nelson Agholor,2022,NE,WR,14,5.37,7.1,-3.29,0.3667,6.2,USC,2015,1,false
00-0020514,Michael Bennett,2006,KC,RB,8,4.59,3.43,-3.29,0.3711,6.2,Wisconsin,2001,1,false
00-0033080,Seth DeValve,2017,CLE,TE,16,4.78,2.84,-3.29,0.5195,6.2,Princeton,2016,4,false
00-0021508,Greg Lewis,2006,PHI,WR,15,4.59,5.25,-3.29,0.2756,6.2,Illinois,,,false
00-0036427,Tyler Johnson,2024,LA,WR,11,5.55,4.77,-3.29,0.414,6.2,Minnesota,2020,5,false
00-0029264,Bernard Pierce,2013,BAL,RB,16,5.37,4.12,-3.29,0.4301,6.2,Temple,2012,3,false
00-0017356,Jed Weaver,2001,MIA,TE,14,3.54,3.11,-3.29,0.4464,6.2,Oregon,1999,7,false
00-0034775,Christian Kirk,2025,HOU,WR,11,5.26,4.77,-3.29,0.4534,6.2,Texas A&M,2018,2,false
00-0033526,Samaje Perine,2021,CIN,RB,15,5.55,4.87,-3.29,0.3663,6.2,Oklahoma,2017,4,false
00-0025542,Dante Rosario,2009,CAR,TE,14,4.95,4.77,-3.29,0.6176,6.2,Oregon,2007,5,false
00-0032741,Peyton Barber,2021,LV,RB,9,5.54,7.21,-3.29,0.3564,6.2,Auburn,,,false
00-0029738,Darren Fells,2015,ARI,TE,12,5.84,5.12,-3.29,0.5949,6.2,UC Irvine,,,false
00-0013728,Jay Riemersma,2002,BUF,TE,16,4.19,2.63,-3.3,0.5231,6.2,Michigan,1996,7,false
00-0030669,Albert Wilson,2016,KC,WR,14,5.85,5.9,-3.3,0.3974,6.2,Georgia State,,,false
00-0035341,Trenton Irwin,2023,CIN,WR,12,5.22,4.61,-3.3,0.4491,6.2,Stanford,,,false
00-0032004,Will Tye,2016,NYG,TE,16,5.84,2.4,-3.3,0.5616,6.2,Stony Brook; Florida,,,false
00-0037614,John Metchie III,2024,HOU,WR,10,5.54,5.31,-3.3,0.4076,6.2,Alabama,2022,2,false
00-0036857,Chris Evans,2021,CIN,RB,9,5.53,5.97,-3.3,0.3465,6.2,Michigan,2021,6,false
00-0004200,Autry Denson,2000,MIA,RB,10,3.35,4.49,-3.3,0.3294,6.2,Notre Dame,1999,7,false
00-0022817,Sean Ryan,2009,KC,TE,8,4.94,5.59,-3.31,0.6029,6.2,Boston College,2004,5,false
00-0025701,Jackie Battle,2012,LAC,RB,15,5.39,7.22,-3.31,0.4526,6.2,Houston,,,false
00-0000145,Derrick Alexander,2002,MIN,WR,8,4.18,3.59,-3.31,0.3056,6.2,Michigan,1994,1,false
00-0026221,Early Doucet,2009,ARI,WR,9,4.93,3.62,-3.31,0.3287,6.2,LSU,2008,3,false
00-0022057,LaBrandon Toefield,2004,JAX,RB,14,4.57,4.12,-3.31,0.3298,6.2,LSU,2003,4,false
00-0019831,Nick Goings,2001,CAR,RB,9,3.51,3.32,-3.31,0.3469,6.2,Pittsburgh; Ohio State,,,false
00-0022704,Courtney Anderson,2004,LV,TE,8,4.56,3.93,-3.32,0.5082,6.2,San Jose State,2004,7,false
00-0031273,Cameron Brate,2015,TB,TE,12,5.82,5.31,-3.32,0.5823,6.2,Harvard,,,false
00-0004780,Troy Edwards,2002,STL,WR,11,4.16,4.45,-3.32,0.2986,6.2,Louisiana Tech,1999,1,false
00-0020452,Cedrick Wilson,2005,PIT,WR,15,4.74,3.29,-3.32,0.3008,6.2,Tennessee,2001,6,false
00-0019516,Troy Hambrick,2002,DAL,RB,16,4.16,3.02,-3.32,0.404,6.2,Savannah State College; South Carolina,,,false
00-0010747,Fred McCrary,2000,SD,RB,12,3.33,3.57,-3.32,0.3176,6.2,Mississippi State,1995,6,false
00-0023490,Roscoe Parrish,2006,BUF,WR,16,4.55,6.27,-3.33,0.2677,6.2,Miami,2005,2,false
00-0029239,Brandon Bolden,2015,NE,RB,12,5.81,6,-3.33,0.4167,6.2,Mississippi,,,false
00-0008568,Leon Johnson,2002,CHI,RB,16,4.16,4.65,-3.33,0.3939,6.2,North Carolina,1997,4,false
00-0030422,Dion Sims,2016,MIA,TE,13,5.82,5.88,-3.33,0.5479,6.2,Michigan State,2013,4,false
00-0010333,Kris Mangum,2000,CAR,TE,14,3.32,3.42,-3.33,0.4167,6.2,Mississippi; Alabama,1997,7,false
00-0003103,Cameron Cleeland,2002,NE,TE,8,4.15,3.8,-3.33,0.5077,6.2,Washington,,,false
00-0030670,Bennie Fowler,2019,NYG,WR,8,5.79,3.68,-3.34,0.3947,6.2,Michigan State,,,false
00-0034184,Gus Edwards,2019,BAL,RB,16,5.79,4.31,-3.34,0.3684,6.2,Rutgers; Miami,,,false
00-0029612,Daryl Richardson,2012,LA,RB,16,5.36,3.78,-3.34,0.4421,6.2,Abilene Christian; Cisco Junior College,2012,7,false
00-0001317,Will Blackwell,1999,PIT,WR,11,3.51,2.72,-3.34,0.2574,6.1,San Diego State,1997,2,false
00-0024103,Montell Owens,2012,JAX,RB,9,5.36,6.91,-3.34,0.4316,6.1,Maine,,,false
00-0027109,James Casey,2012,HOU,TE,16,5.35,4.03,-3.35,0.5205,6.1,Rice,2009,5,false
00-0032256,Clive Walford,2016,LV,TE,15,5.79,4.34,-3.35,0.5342,6.1,Miami,2015,3,false
00-0021252,Najeh Davenport,2003,GB,RB,15,4.12,3.95,-3.35,0.3434,6.1,Miami,2002,4,false
00-0027966,Mark Ingram,2013,NO,RB,11,5.31,6.76,-3.36,0.4194,6.1,Alabama,2011,1,false
00-0033526,Samaje Perine,2025,CIN,RB,15,5.19,4.74,-3.36,0.3854,6.1,Oklahoma,2017,4,false
00-0004063,Tyrone Davis,1999,GB,TE,15,3.49,3.72,-3.36,0.5077,6.1,Virginia,1995,4,false
00-0035249,Josh Oliver,2024,MIN,TE,12,5.48,5.22,-3.36,0.5385,6.1,San Jose State,2019,3,false
00-0019484,Sammy Morris,2003,BUF,RB,9,4.11,3.45,-3.36,0.3333,6.1,Texas Tech,2000,5,false
00-0031547,DeVante Parker,2018,MIA,WR,11,5.54,6.36,-3.36,0.3262,6.1,Louisville,2015,1,false
00-0028083,Jacquizz Rodgers,2018,TB,RB,15,5.53,5.82,-3.37,0.2796,6.1,Oregon State,2011,5,false
00-0013499,Andre Reed,2000,WAS,WR,8,3.29,4.43,-3.37,0.2826,6.1,Kutztown,1985,4,false
00-0021273,Robert Royal,2008,BUF,TE,13,5.39,4.93,-3.37,0.5313,6.1,LSU,2002,5,false
00-0026035,Danny Amendola,2016,NE,WR,12,5.77,5.4,-3.37,0.3907,6.1,Texas Tech,,,false
00-0029205,Travaris Cadet,2014,NO,RB,14,5.2,3.71,-3.37,0.3592,6.1,Appalachian State; Pearl River,,,false
00-0006848,Terry Hardy,1999,ARI,TE,15,3.48,3.1,-3.37,0.4923,6.1,Southern Mississippi,1998,5,false
00-0035537,Ty Johnson,2020,NYJ,RB,11,5.75,6.88,-3.38,0.3838,6.1,Maryland,2019,6,true
00-0034765,Tre'Quan Smith,2022,NO,WR,10,5.28,5.57,-3.38,0.36,6.1,UCF,2018,3,false
00-0030470,Vance McDonald,2015,SF,TE,14,5.76,6.61,-3.38,0.5696,6.1,Rice,2013,2,false
00-0020797,Maurice Hicks,2005,SF,RB,14,4.68,6.72,-3.38,0.3958,6.1,North Carolina A&T; Montgomery JC (MD),,,false
00-0033217,Mo Alie-Cox,2020,IND,TE,14,5.74,4.56,-3.39,0.5658,6.1,Virginia Commonwealth Univ.,,,false
00-0026956,LaRod Stephens-Howling,2011,ARI,RB,14,4.65,4.93,-3.39,0.375,6.1,Pittsburgh,2009,7,false
00-0031687,Raheem Mostert,2024,MIA,RB,13,5.45,4.61,-3.39,0.449,6.1,Purdue,,,false
00-0022011,Justin Griffith,2004,ATL,RB,12,4.49,4.53,-3.39,0.3191,6.1,Mississippi State,2003,4,false
00-0004574,Rickey Dudley,2002,TB,TE,13,4.09,3.57,-3.39,0.4923,6.1,Ohio State,1996,1,false
00-0027985,Lance Kendricks,2014,LA,TE,16,5.18,4.17,-3.39,0.5658,6.1,Wisconsin,2011,2,false
00-0036849,Tutu Atwell,2022,LA,WR,12,5.27,4.64,-3.39,0.3533,6.1,Louisville,2021,2,false
00-0025396,Ted Ginn,2019,NO,WR,15,5.73,4.74,-3.4,0.3882,6.1,Ohio State,2007,1,false
00-0009443,Brian Kozlowski,2001,ATL,TE,14,3.43,4.15,-3.4,0.4286,6.1,Connecticut,,,false
00-0031257,Paul Richardson,2014,SEA,WR,12,5.18,4.17,-3.4,0.3776,6.1,Colorado; UCLA,2014,2,false
00-0001281,Eric Bjornson,1999,DAL,TE,9,3.46,2.66,-3.4,0.4769,6.1,Washington,1995,4,false
00-0027080,Mike Goodson,2012,LV,RB,12,5.3,5.63,-3.4,0.4211,6.1,Texas A&M,2009,4,false
00-0006949,Jackie Harris,2001,DAL,TE,12,3.42,3.72,-3.4,0.4107,6.1,Louisiana-Monroe,1990,4,false
00-0021213,Chris Baker,2004,NYJ,TE,13,4.48,3.54,-3.4,0.4918,6.1,Michigan State,2002,3,false
00-0036423,Albert Okwuegbunam,2021,DEN,TE,14,5.43,4.38,-3.41,0.5974,6.1,Missouri,2020,4,false
00-0020187,Marcellus Rivers,2003,NYG,TE,8,4.06,3.1,-3.41,0.4182,6.1,Oklahoma State,,,false
00-0028040,Jordan Cameron,2015,MIA,TE,16,5.73,3.61,-3.41,0.557,6.1,USC; Ventura; BYU,2011,4,false
00-0037838,Isaiah Likely,2025,BAL,TE,12,5.14,4.1,-3.41,0.5349,6.1,Coastal Carolina,2022,4,false
00-0024297,Derek Hagan,2006,MIA,WR,11,4.46,5.25,-3.41,0.2598,6.1,Arizona State,2006,3,false
00-0022057,LaBrandon Toefield,2003,JAX,RB,16,4.06,4.61,-3.41,0.3232,6.1,LSU,2003,4,false
00-0032725,Stephen Anderson,2017,HOU,TE,14,4.66,4.82,-3.41,0.5065,6.1,California,,,false
00-0032972,Devontae Booker,2018,DEN,RB,16,5.49,3.91,-3.41,0.2688,6.1,Utah; American River,2016,4,false
00-0031060,De'Anthony Thomas,2014,KC,WR,12,5.16,2.92,-3.41,0.3706,6.1,Oregon,2014,4,false
00-0032972,Devontae Booker,2020,LV,RB,15,5.71,5.35,-3.42,0.3737,6.1,Utah; American River,2016,4,false
00-0017356,Jed Weaver,2000,MIA,TE,8,3.24,3.87,-3.42,0.4,6.1,Oregon,1999,7,false
00-0029632,Mohamed Sanu,2015,CIN,WR,16,5.72,4.47,-3.42,0.4106,6.1,Rutgers,2012,3,false
00-0036550,Rashod Bateman,2023,BAL,WR,15,5.1,2.27,-3.42,0.4431,6.1,Minnesota,2021,1,false
00-0025602,Ben Patrick,2009,ARI,TE,8,4.83,3.16,-3.42,0.5882,6.1,Delaware; Duke,2007,7,false
00-0029391,Sean McGrath,2013,KC,TE,13,5.25,4.83,-3.42,0.4478,6.1,Henderson State University; Eastern Illinois,,,false
00-0033307,Kendrick Bourne,2024,NE,WR,12,5.42,4.7,-3.42,0.4013,6.1,Eastern Washington,,,false
00-0022178,Willis McGahee,2013,CLE,RB,11,5.25,4.68,-3.42,0.4086,6.1,Miami,2003,1,false
00-0033658,Blake Jarwin,2019,DAL,TE,15,5.7,3.83,-3.42,0.5429,6.1,Oklahoma State,,,false
00-0002586,Mark Campbell,2002,CLE,TE,15,4.06,4.37,-3.42,0.4769,6.1,Michigan,,,false
00-0026189,DeSean Jackson,2021,LV,WR,14,5.41,6.69,-3.42,0.3742,6.1,California,2008,2,true
00-0034487,Trent Sherfield,2022,MIA,WR,16,5.23,4.7,-3.43,0.3467,6.1,Vanderbilt,,,false
00-0027007,Chris Wells,2010,ARI,RB,13,4.93,3.95,-3.43,0.3889,6.1,Ohio State,2009,1,false
00-0036556,Brevin Jordan,2023,HOU,TE,10,5.09,3.56,-3.43,0.575,6.1,Miami,2021,5,false
00-0017915,Ricky Williams,2011,BAL,RB,16,4.61,3.69,-3.43,0.3636,6,Texas,1999,1,false
00-0008196,Terry Jackson,2001,SF,RB,15,3.39,5.43,-3.43,0.3367,6,Florida,1999,5,false
00-0028903,Garrett Celek,2016,SF,TE,14,5.71,4.23,-3.43,0.5205,6,Michigan State,,,false
00-0021570,Kassim Osgood,2004,LAC,WR,13,4.45,4.5,-3.44,0.3185,6,San Diego State; Cal Poly (San Luis Obispo),,,false
00-0007213,Steve Heiden,2008,CLE,TE,9,5.32,3.48,-3.44,0.5156,6,South Dakota State,1999,3,false
00-0017160,Dedric Ward,2001,MIA,WR,13,3.38,2.43,-3.44,0.3121,6,Northern Iowa,1997,3,false
00-0031806,Malcolm Brown,2017,LA,RB,11,4.63,3.3,-3.44,0.2211,6,Texas,,,false
00-0001842,Macey Brooks,1999,CHI,WR,9,3.41,2.58,-3.44,0.25,6,James Madison,1997,4,false
00-0004294,Ken Dilger,2003,TB,TE,13,4.03,3.8,-3.44,0.4,6,Illinois,1995,2,false
00-0004780,Troy Edwards,2001,PIT,WR,16,3.38,2.5,-3.44,0.305,6,Louisiana Tech,1999,1,false
00-0022770,Derrick Ward,2010,HOU,RB,14,4.91,5.38,-3.44,0.3778,6,University of Ottawa (Kans.); Fresno State,2004,7,false
00-0026178,John Carlson,2010,SEA,TE,14,4.91,4.46,-3.44,0.5616,6,Notre Dame,2008,2,false
00-0006804,Patrick Hape,2004,DEN,TE,8,4.44,3.62,-3.44,0.4754,6,Alabama,1997,5,false
00-0035624,N'Keal Harry,2020,NE,TE,13,5.68,4.76,-3.45,0.5526,6,Arizona State,2019,1,false
00-0021314,Chester Taylor,2010,CHI,RB,16,4.91,4.83,-3.45,0.3667,6,Toledo,2002,6,false
00-0030068,Marquise Goodwin,2013,BUF,WR,12,5.22,7.5,-3.45,0.3212,6,Texas,2013,3,false
00-0035537,Ty Johnson,2024,BUF,RB,17,5.39,4.96,-3.45,0.4388,6,Maryland,2019,6,false
00-0022097,Brandon Lloyd,2006,WAS,WR,13,4.42,2.17,-3.45,0.252,6,Illinois,2003,4,false
00-0025431,Sidney Rice,2008,MIN,WR,10,5.31,3.15,-3.45,0.3407,6,South Carolina,2007,2,false
00-0036196,Gabe Davis,2024,JAX,WR,10,5.39,6.35,-3.45,0.3949,6,UCF,2020,4,false
00-0021756,Will Heller,2009,DET,TE,16,4.79,4.16,-3.46,0.5735,6,Georgia Tech,,,false
00-0034972,Alexander Mattison,2022,MIN,RB,17,5.2,5.2,-3.46,0.398,6,Boise State,2019,3,false
00-0024268,Anthony Fasano,2014,KC,TE,14,5.11,4.52,-3.46,0.5526,6,Notre Dame,2006,2,false
00-0024324,Jason Avant,2007,PHI,WR,13,4.75,4.23,-3.46,0.2985,6,Michigan,2006,4,false
00-0010333,Kris Mangum,2005,CAR,TE,12,4.6,2.61,-3.46,0.4912,6,Mississippi; Alabama,1997,7,false
00-0032398,Chris Moore,2017,BAL,WR,13,4.61,4.65,-3.46,0.3421,6,Cincinnati,2016,4,false
00-0000869,D'Wayne Bates,2003,MIN,WR,9,4.01,3.16,-3.46,0.2672,6,Northwestern,1999,3,false
00-0023518,Chris Henry,2008,CIN,WR,10,5.3,4.29,-3.46,0.3333,6,West Virginia,2005,3,false
00-0026298,Kellen Davis,2011,CHI,TE,15,4.57,4.57,-3.46,0.5068,6,Michigan State,2008,5,false
00-0011224,Itula Mili,2004,SEA,TE,12,4.42,2.39,-3.47,0.459,6,BYU,1997,6,false
00-0021166,Josh Reed,2009,BUF,WR,13,4.78,4.05,-3.47,0.3217,6,LSU,2002,2,false
00-0022889,Reggie Williams,2004,JAX,WR,14,4.41,4,-3.47,0.3111,6,Washington,2004,1,false
00-0030547,Denard Robinson,2015,JAX,RB,12,5.67,6.11,-3.47,0.4063,6,Michigan,2013,5,false
00-0021084,Matt Schobel,2002,CIN,TE,15,4.01,3.49,-3.47,0.4615,6,TCU; Texas A&M,2002,3,false
00-0032135,Jesse James,2016,PIT,TE,16,5.67,4.66,-3.47,0.5068,6,Penn State,2015,5,false
00-0034970,Irv Smith,2019,MIN,TE,14,5.65,3.61,-3.47,0.5286,6,Alabama,2019,2,false
00-0020127,Daniel Wilcox,2004,BAL,TE,12,4.41,4.5,-3.47,0.4426,6,Appalachian State; Georgia Military,,,false
00-0029275,Ladarius Green,2013,LAC,TE,14,5.19,5.62,-3.48,0.4328,6,Louisiana-Lafayette,2012,4,false
00-0028995,Stephen Hill,2013,NYJ,WR,12,5.18,6.05,-3.48,0.3139,6,Georgia Tech,2012,2,false
00-0034750,Rashaad Penny,2018,SEA,RB,13,5.42,5.09,-3.48,0.2581,6,San Diego State,2018,1,false
00-0017924,Roland Williams,2000,STL,TE,13,3.17,3.69,-3.49,0.3833,6,Syracuse,1998,4,false
00-0008300,Patrick Jeffers,2001,CAR,WR,8,3.34,4.75,-3.49,0.2979,6,Virginia,1996,5,false
00-0036919,Kenny Gainwell,2022,PHI,RB,17,5.17,4.26,-3.49,0.3878,6,Memphis,2021,5,false
00-0026941,Bernard Scott,2011,CIN,RB,16,4.55,3.48,-3.49,0.3523,6,Abilene Christian; Blinn College; Central Arkansas; Southeastern Oklahoma State,2009,6,false
00-0036182,Nick Westbrook-Ikhine,2022,TEN,WR,16,5.17,7.4,-3.49,0.34,6,Indiana,,,false
00-0023764,Andre Hall,2007,DEN,RB,9,4.72,8.9,-3.49,0.3298,6,University of South Florida; Garden City CC; Georgia Military,,,false
00-0031325,Sammy Watkins,2022,GB,WR,9,5.17,3.83,-3.49,0.3333,6,Clemson,2014,1,true
00-0025559,Legedu Naanee,2009,LAC,WR,13,4.75,4.09,-3.49,0.3147,6,Boise State,2007,5,false
00-0027325,LeGarrette Blount,2018,DET,RB,16,5.41,6.3,-3.49,0.2473,6,Oregon; East Mississippi JC,,,false
00-0034960,Jakobi Meyers,2019,NE,WR,11,5.63,3.52,-3.5,0.3816,6,N.C. State,,,false
00-0036259,Jauan Jennings,2022,SF,WR,16,5.16,4.15,-3.5,0.3267,6,Tennessee,2020,7,false
00-0034830,Hayden Hurst,2021,ATL,TE,12,5.34,3.56,-3.5,0.5844,6,South Carolina,2018,1,false
00-0022754,Samie Parker,2007,KC,WR,14,4.71,3.73,-3.5,0.291,6,Oregon,2004,4,false
00-0019610,Reuben Droughns,2007,NYG,RB,16,4.71,5.08,-3.5,0.3191,6,Oregon; Merced College,2000,3,false
00-0032362,Maurice Harris,2018,WAS,WR,11,5.4,6.56,-3.5,0.3191,6,California,,,false
00-0022427,Wes Welker,2005,MIA,WR,16,4.56,3.64,-3.5,0.2932,6,Texas Tech,,,false
00-0023561,Alvin Pearman,2005,JAX,RB,16,4.56,3.78,-3.5,0.3854,6,Virginia,2005,4,false
00-0028011,Stevan Ridley,2011,NE,RB,12,4.53,4.76,-3.5,0.3409,6,LSU,2011,3,false
00-0019539,Dante Hall,2006,KC,WR,15,4.37,4.45,-3.51,0.2441,6,Texas A&M,2000,5,false
00-0027167,Chris Jennings,2009,CLE,RB,9,4.73,4.81,-3.51,0.3152,6,Arizona; Arizona Western,,,false
00-0000552,Obafemi Ayanbadejo,2005,ARI,RB,14,4.55,3.92,-3.51,0.375,6,San Diego State; Cabrillo College,,,false
00-0034364,Jordan Akins,2019,HOU,TE,16,5.61,5.15,-3.51,0.5143,6,UCF,2018,3,false
00-0003266,Bobby Collins,1999,BUF,TE,10,3.34,3.15,-3.51,0.4615,6,North Alabama; East Mississippi JC,1999,4,false
00-0011224,Itula Mili,2001,SEA,TE,9,3.31,4.58,-3.51,0.3929,6,BYU,1997,6,false
00-0034272,Marquez Valdes-Scantling,2019,GB,WR,15,5.61,7.17,-3.52,0.375,6,University of South Florida; N.C. State,2018,5,false
00-0012764,Chris Penn,1999,SD,WR,14,3.34,4.14,-3.52,0.2426,6,Tulsa; Northeast Oklahoma,1994,3,false
00-0019290,Zeron Flemister,2001,WAS,TE,15,3.31,3.18,-3.52,0.375,6,Iowa,,,false
00-0016347,Jeff Thomason,1999,GB,TE,12,3.33,3.91,-3.52,0.4462,6,Oregon,,,false
00-0025934,Lance Long,2009,KC,WR,8,4.71,4.69,-3.53,0.3077,5.9,Mississippi State; Toledo,,,true
00-0035864,Kendall Hinton,2022,DEN,WR,11,5.13,3.67,-3.53,0.32,5.9,Wake Forest,,,false
00-0003035,Desmond Clark,2008,CHI,TE,16,5.23,3.08,-3.53,0.5,5.9,Wake Forest,1999,6,false
00-0035500,Greg Dortch,2024,ARI,WR,17,5.31,5.24,-3.53,0.3885,5.9,Wake Forest,,,false
00-0019471,Frank Moreau,2000,KC,RB,9,3.12,4.3,-3.53,0.3059,5.9,Louisville,2000,4,false
00-0037744,Trey McBride,2022,ARI,TE,12,5.13,5.85,-3.53,0.5309,5.9,Colorado State,2022,2,false
00-0036534,Shane Zylstra,2022,DET,TE,8,5.13,8.59,-3.53,0.5309,5.9,Minnesota State,,,false
00-0027718,Garrett Graham,2012,HOU,TE,14,5.16,7.14,-3.54,0.5068,5.9,Wisconsin,2010,4,false
00-0030920,Javontee Herndon,2015,LAC,WR,8,5.6,3.37,-3.54,0.404,5.9,Arkansas,,,false
00-0032602,J.D. McKissic,2019,DET,RB,15,5.59,4.08,-3.54,0.3579,5.9,Arkansas State,,,false
00-0033858,Jonnu Smith,2025,PIT,TE,17,5.01,3.92,-3.54,0.5233,5.9,Florida International,2017,3,false
00-0021755,Earnest Graham,2010,TB,RB,11,4.82,5.28,-3.54,0.3556,5.9,Florida,,,false
00-0010824,O.J. McDuffie,2000,MIA,WR,9,3.11,3.25,-3.54,0.2754,5.9,Penn State,1993,1,false
00-0024324,Jason Avant,2014,CAR,WR,15,5.03,4.55,-3.55,0.3636,5.9,Michigan,2006,4,true
00-0021273,Robert Royal,2004,WAS,TE,9,4.33,3.36,-3.55,0.4262,5.9,LSU,2002,5,false
00-0033455,Anthony Firkser,2020,TEN,TE,15,5.58,6.13,-3.55,0.5395,5.9,Harvard,,,false
00-0021525,Casey Fitzsimmons,2003,DET,TE,13,3.92,4.24,-3.55,0.3818,5.9,Carroll College,,,false
00-0021154,Daniel Graham,2007,DEN,TE,13,4.66,4.23,-3.55,0.4603,5.9,Colorado,2002,1,false
00-0021227,Justin Peelle,2003,LAC,TE,9,3.92,3.71,-3.55,0.3636,5.9,Oregon,2002,4,false
00-0020381,Justin McCareins,2002,TEN,WR,16,3.93,4.06,-3.55,0.2917,5.9,Northern Illinois,2001,4,false
00-0038979,Cedric Tillman,2025,CLE,WR,12,5,4.59,-3.55,0.4348,5.9,Tennessee,2023,3,false
00-0040667,Matthew Golden,2025,GB,WR,14,5,4.3,-3.55,0.4348,5.9,Texas; Houston,2025,1,false
00-0036415,Van Jefferson,2025,TEN,WR,14,5,3.38,-3.55,0.4348,5.9,Florida; Mississippi,2020,2,false
00-0036277,Quintez Cephus,2020,DET,WR,12,5.57,4.48,-3.56,0.3571,5.9,Wisconsin,2020,5,false
00-0024465,David Anderson,2009,HOU,WR,16,4.69,3.17,-3.56,0.3007,5.9,Colorado State,2006,7,false
00-0032775,Demarcus Robinson,2018,KC,WR,14,5.34,4.52,-3.56,0.3121,5.9,Florida,2016,4,false
00-0030181,Jack Doyle,2021,IND,TE,15,5.28,5.53,-3.56,0.5714,5.9,Western Kentucky,,,false
00-0034816,Ronald Jones,2021,TB,RB,15,5.28,4.46,-3.56,0.3366,5.9,USC,2018,2,false
00-0035535,Darius Slayton,2021,NYG,WR,13,5.28,4.85,-3.56,0.3677,5.9,Auburn,2019,5,false
00-0010333,Kris Mangum,2001,CAR,TE,11,3.26,3.75,-3.56,0.3571,5.9,Mississippi; Alabama,1997,7,false
00-0029262,Rueben Randle,2012,NYG,WR,13,5.14,6.86,-3.56,0.3581,5.9,LSU,2012,2,false
00-0023429,Rashied Davis,2006,CHI,WR,15,4.31,4.39,-3.56,0.2362,5.9,San Jose State; West Los Angeles College,,,false
00-0005101,Christian Fauria,2004,NE,TE,11,4.32,3.81,-3.56,0.4098,5.9,Colorado,1995,2,false
00-0019650,Dennis Northcutt,2009,DET,WR,16,4.68,4.93,-3.57,0.2937,5.9,Arizona,2000,2,false
00-0034367,Nyheim Hines,2022,BUF,RB,16,5.09,4.68,-3.57,0.3776,5.9,N.C. State,2018,4,true
00-0028083,Jacquizz Rodgers,2014,ATL,RB,16,5,3.2,-3.57,0.3495,5.9,Oregon State,2011,5,false
00-0032104,Ameer Abdullah,2021,CAR,RB,17,5.26,5.36,-3.57,0.3267,5.9,Nebraska,2015,2,true
00-0021184,Ladell Betts,2004,WAS,RB,16,4.31,5.22,-3.58,0.3085,5.9,Iowa,2002,2,false
00-0028903,Garrett Celek,2015,SF,TE,10,5.56,4.88,-3.58,0.5443,5.9,Michigan State,,,false
00-0021982,Justin Gage,2010,TEN,WR,11,4.78,3.62,-3.58,0.338,5.9,Missouri,2003,5,false
00-0025414,Robert Meachem,2012,LAC,WR,9,5.12,7.03,-3.58,0.3514,5.9,Tennessee,2007,1,false
00-0028116,Aldrick Robinson,2013,WAS,WR,13,5.08,5.96,-3.58,0.3066,5.9,SMU,2011,6,false
00-0032166,Sammie Coates,2016,PIT,WR,14,5.56,9.02,-3.58,0.3841,5.9,Auburn,2015,3,false
00-0033858,Jonnu Smith,2018,TEN,TE,12,5.32,5.48,-3.58,0.6053,5.9,Florida International,2017,3,false
00-0031068,Ryan Grant,2018,IND,WR,14,5.31,4.86,-3.59,0.305,5.9,Tulane,2014,5,false
00-0009842,Chad Lewis,2003,PHI,TE,15,3.89,2,-3.59,0.3455,5.9,BYU; Utah Valley,,,false
00-0027651,Dexter McCluster,2014,TEN,WR,13,4.98,3.49,-3.59,0.3566,5.9,Mississippi,2010,2,false
00-0012556,De'Mond Parker,1999,GB,RB,11,3.26,7.62,-3.59,0.3646,5.9,Oklahoma,1999,5,false
00-0033079,Ricardo Louis,2017,CLE,WR,14,4.48,3.74,-3.59,0.3355,5.9,Auburn,2016,4,false
00-0027691,Andre Roberts,2010,ARI,WR,14,4.76,6.37,-3.59,0.331,5.9,The Citadel,2010,3,false
00-0019643,Ron Dayne,2005,DEN,RB,8,4.46,6.17,-3.6,0.3646,5.9,Wisconsin,2000,1,false
00-0030549,Tyler Eifert,2020,JAX,TE,15,5.53,3.71,-3.6,0.5263,5.9,Notre Dame,2013,1,false
00-0004673,Tim Dwight,2005,NE,WR,16,4.46,4.96,-3.6,0.2857,5.9,Iowa,1998,4,false
00-0019659,Erron Kinney,2000,TEN,TE,14,3.05,3.78,-3.6,0.3667,5.9,Florida,2000,3,false
00-0003663,Zack Crockett,2001,OAK,RB,16,3.22,4.51,-3.61,0.3265,5.9,Florida State; Hinds CC,1995,3,false
00-0035215,Deonte Harty,2020,NO,WR,9,5.52,3.68,-3.61,0.3506,5.9,Assumption,,,false
00-0004637,Jason Dunn,2004,KC,TE,11,4.27,3.2,-3.61,0.3934,5.9,Eastern Kentucky,1996,2,false
00-0039793,AJ Barner,2024,SEA,TE,15,5.23,4.1,-3.61,0.5256,5.9,Michigan; Indiana,2024,4,false
00-0014350,O.J. Santiago,1999,ATL,TE,10,3.24,2.82,-3.61,0.4308,5.9,Kent State,1997,3,false
00-0027753,Andrew Quarless,2014,GB,TE,16,4.96,3.84,-3.62,0.5395,5.9,Penn State,2010,5,false
00-0038606,Parker Washington,2023,JAX,WR,8,4.9,6.09,-3.62,0.4371,5.9,Penn State,2023,6,false
00-0027061,Jared Cook,2010,TEN,TE,15,4.74,5.9,-3.62,0.5479,5.9,South Carolina,2009,3,false
00-0026899,Shonn Greene,2009,NYJ,RB,13,4.62,7.14,-3.62,0.3043,5.8,Iowa; Kirkwood Community College,2009,3,false
00-0017611,Alvis Whitted,2006,LV,WR,13,4.25,2.72,-3.62,0.2283,5.8,N.C. State,1998,7,false
00-0033455,Anthony Firkser,2018,TEN,TE,9,5.28,4.13,-3.62,0.5921,5.8,Harvard,,,false
00-0033009,Tyler Boyd,2024,TEN,WR,15,5.22,2.71,-3.62,0.3822,5.8,Pittsburgh,2016,2,false
00-0035644,Noah Fant,2023,SEA,TE,15,4.89,3.41,-3.62,0.5625,5.8,Iowa,2019,1,false
00-0019863,Dominic Rhodes,2005,IND,RB,13,4.43,3.99,-3.63,0.3542,5.8,Midwestern State; Tyler JC,,,false
00-0019647,Shaun Alexander,2000,SEA,RB,16,3.02,3.77,-3.63,0.2941,5.8,Alabama,2000,1,false
00-0024389,Delanie Walker,2011,SF,TE,13,4.41,5.12,-3.63,0.4795,5.8,Central Missouri; Mt. San Antonio,2006,6,false
00-0028112,Charles Clay,2011,MIA,TE,13,4.41,4.72,-3.63,0.4795,5.8,Tulsa,2011,6,false
00-0020452,Cedrick Wilson,2007,PIT,WR,11,4.58,3.3,-3.63,0.2836,5.8,Tennessee,2001,6,false
00-0010436,Cecil Martin,2001,PHI,RB,16,3.19,5.3,-3.63,0.3163,5.8,Wisconsin,1999,6,false
00-0036290,Cole Kmet,2025,CHI,TE,16,4.92,3.24,-3.63,0.5116,5.8,Notre Dame,2020,2,false
00-0017847,Karl Williams,1999,TB,WR,12,3.22,2.65,-3.64,0.2353,5.8,Texas A&M University-Kingsville,,,false
00-0021184,Ladell Betts,2008,WAS,RB,13,5.12,2.99,-3.64,0.2979,5.8,Iowa,2002,2,false
00-0027873,Jermaine Gresham,2016,ARI,TE,16,5.51,4.62,-3.64,0.4932,5.8,Oklahoma,2010,1,false
00-0024404,Jeff Webb,2007,KC,WR,14,4.57,4.79,-3.64,0.2761,5.8,San Diego State,2006,6,false
00-0025417,Craig Davis,2007,LAC,WR,10,4.57,3.45,-3.64,0.2687,5.8,LSU,2007,1,false
00-0028083,Jacquizz Rodgers,2011,ATL,RB,16,4.39,3.04,-3.64,0.3295,5.8,Oregon State,2011,5,false
00-0020337,Steve Smith,2001,CAR,WR,15,3.18,3.41,-3.65,0.2908,5.8,Utah; Santa Monica,2001,3,false
00-0021252,Najeh Davenport,2002,GB,RB,8,3.84,6.06,-3.65,0.3838,5.8,Miami,2002,4,false
00-0011213,Glyn Milburn,1999,CHI,WR,16,3.21,4.23,-3.65,0.2279,5.8,Stanford; Oklahoma,1993,2,false
00-0033094,Marvin Hall,2020,DET,WR,11,5.48,5.28,-3.65,0.3442,5.8,Washington,,,true
00-0027966,Mark Ingram,2022,NO,RB,10,5.01,3.12,-3.65,0.3673,5.8,Alabama,2011,1,false
00-0021273,Robert Royal,2006,BUF,TE,15,4.23,4.08,-3.65,0.4333,5.8,LSU,2002,5,false
00-0023752,Daniel Fells,2009,LA,TE,14,4.59,4.97,-3.65,0.5588,5.8,UC Davis,,,false
00-0036876,Kylen Granson,2023,IND,TE,15,4.87,3.98,-3.65,0.55,5.8,SMU,2021,4,false
00-0026188,Fred Davis,2010,WAS,TE,15,4.71,3.89,-3.65,0.5342,5.8,USC,2008,2,false
00-0033526,Samaje Perine,2020,CIN,RB,12,5.48,8.24,-3.66,0.3636,5.8,Oklahoma,2017,4,false
00-0021227,Justin Peelle,2007,MIA,TE,14,4.56,4.08,-3.66,0.4444,5.8,Oregon,2002,4,false
00-0024318,Brad Smith,2011,BUF,WR,15,4.38,5.47,-3.66,0.2838,5.8,Missouri,2006,4,false
00-0035806,JaMycal Hasty,2022,JAX,RB,14,5,6.65,-3.66,0.3571,5.8,Baylor,,,false
00-0032417,Paul Perkins,2016,NYG,RB,14,5.49,2.93,-3.66,0.3854,5.8,UCLA,2016,5,false
00-0027758,Riley Cooper,2015,PHI,WR,12,5.48,5.43,-3.66,0.3974,5.8,Florida,2010,5,false
00-0010859,Tony McGee,2001,CIN,TE,11,3.16,2.88,-3.66,0.3393,5.8,Michigan,1993,2,false
00-0026176,Jordy Nelson,2008,GB,WR,16,5.1,3.16,-3.66,0.3259,5.8,Kansas State,2008,2,false
00-0022092,Chris Brown,2009,HOU,RB,14,4.58,4.53,-3.66,0.2935,5.8,Colorado; Northwestern; Fort Scott CC,2003,3,false
00-0021236,Randy McMichael,2009,LA,TE,16,4.58,2.24,-3.67,0.5441,5.8,Georgia,2002,4,false
00-0019461,JaJuan Dawson,2002,HOU,WR,13,3.82,3.39,-3.67,0.2847,5.8,Tulane,2000,3,false
00-0023630,Joel Dreessen,2009,HOU,TE,14,4.57,5.38,-3.67,0.5294,5.8,Colorado State,2005,6,false
00-0026780,Kevin Ogletree,2013,DET,WR,12,4.99,4.05,-3.67,0.2993,5.8,Virginia,,,true
00-0030801,Brandon Coleman,2015,NO,WR,16,5.46,5.45,-3.67,0.3907,5.8,Rutgers,,,false
00-0019644,Bubba Franks,2006,GB,TE,11,4.2,2.01,-3.68,0.4167,5.8,Miami,2000,1,false
00-0001842,Macey Brooks,2000,CHI,WR,16,2.98,2.51,-3.68,0.2681,5.8,James Madison,1997,4,false
00-0027981,Kyle Rudolph,2020,MIN,TE,12,5.45,4.06,-3.68,0.5132,5.8,Notre Dame,2011,2,false
00-0000387,Reidel Anthony,2001,TB,WR,10,3.14,3.08,-3.69,0.2837,5.8,Florida,1997,1,false
00-0022725,Michael Clayton,2007,TB,WR,12,4.52,4.08,-3.69,0.2612,5.8,LSU,2004,1,false
00-0036271,Quez Watkins,2022,PHI,WR,17,4.97,4.88,-3.69,0.3133,5.8,Southern Mississippi,2020,6,false
00-0020514,Michael Bennett,2007,TB,RB,13,4.52,3.87,-3.69,0.3085,5.8,Wisconsin,2001,1,true
00-0027061,Jared Cook,2015,LA,TE,16,5.44,4.13,-3.69,0.5316,5.8,South Carolina,2009,3,false
00-0003035,Desmond Clark,2009,CHI,TE,10,4.55,4.42,-3.69,0.5147,5.8,Wake Forest,1999,6,false
00-0006456,Howard Griffith,2000,DEN,RB,13,2.96,3.08,-3.69,0.2824,5.8,Illinois,1991,9,false
00-0019564,Aaron Shea,2005,CLE,TE,9,4.37,4.21,-3.69,0.4737,5.8,Michigan,2000,4,false
00-0038705,Emari Demercado,2025,ARI,RB,12,4.86,4.3,-3.69,0.375,5.8,TCU,,,false
00-0036251,Zack Moss,2022,IND,RB,13,4.96,5.87,-3.7,0.3469,5.8,Utah,2020,3,true
00-0019242,Dane Looker,2008,LA,WR,12,5.07,3.61,-3.7,0.3185,5.8,Washington; Western Washington University,,,false
00-0027888,Toby Gerhart,2010,MIN,RB,15,4.66,4.79,-3.7,0.3444,5.8,Stanford,2010,2,false
00-0023217,Adam Bergen,2005,ARI,TE,14,4.36,3.78,-3.7,0.4561,5.8,Lehigh University,,,false
00-0011187,Terry Mickens,1999,OAK,WR,14,3.15,2.36,-3.7,0.2206,5.8,Florida A&M,1994,5,false
00-0028016,Austin Pettis,2011,LA,WR,12,4.33,3.1,-3.7,0.277,5.8,Boise State,2011,3,false
00-0027772,Anthony Dixon,2014,BUF,RB,14,4.86,4.08,-3.71,0.3398,5.8,Mississippi State,2010,6,false
00-0023408,Greg Camarillo,2007,MIA,WR,8,4.5,7.23,-3.71,0.2537,5.8,Stanford,,,false
00-0036244,Colby Parkinson,2022,SEA,TE,14,4.94,4.23,-3.72,0.5185,5.7,Stanford,2020,4,false
00-0006848,Terry Hardy,2000,ARI,TE,16,2.94,4.07,-3.72,0.35,5.7,Southern Mississippi,1998,5,false
00-0027918,Andrew Hawkins,2011,CIN,WR,12,4.32,3.24,-3.72,0.2703,5.7,Toledo,,,false
00-0030288,Rex Burkhead,2016,CIN,RB,14,5.42,7.56,-3.72,0.375,5.7,Nebraska,2013,6,false
00-0004077,Sean Dawkins,2001,JAC,WR,14,3.1,2.13,-3.73,0.2766,5.7,California,1993,1,true
00-0024221,Vernon Davis,2014,SF,TE,13,4.84,5.04,-3.73,0.5263,5.7,Maryland,2006,1,false
00-0030710,Trey Burton,2016,PHI,TE,14,5.41,5.07,-3.74,0.4795,5.7,Florida,,,false
00-0020485,Eddie Berlin,2004,TEN,WR,13,4.14,4.24,-3.74,0.3037,5.7,Northern Iowa,2001,5,false
00-0020245,Mike Vick,2014,NYJ,QB,9,4.83,6.46,-3.74,0,5.7,Virginia Tech,2001,1,false
00-0033110,Tyler Higbee,2017,LA,TE,14,4.32,3.77,-3.75,0.4935,5.7,Western Kentucky,2016,4,false
00-0036254,Collin Johnson,2020,JAX,WR,11,5.38,6.45,-3.75,0.3377,5.7,Texas,2020,5,false
00-0036247,Freddie Swain,2021,SEA,WR,17,5.09,5.7,-3.75,0.3613,5.7,Florida,2020,6,false
00-0031763,DeAndre Carter,2021,WAS,WR,17,5.09,5.19,-3.75,0.3548,5.7,Sacramento State,,,false
00-0026279,Ryan Torain,2011,WAS,RB,8,4.29,6.27,-3.75,0.3182,5.7,Arizona State; Butler County JC,2008,5,false
00-0024559,D.J. Ware,2011,NYG,RB,15,4.29,4.01,-3.75,0.3068,5.7,Georgia,,,false
00-0023479,J.J. Arrington,2007,ARI,RB,15,4.46,3.35,-3.75,0.2979,5.7,California; College of the Canyons,2005,2,false
00-0027996,Torrey Smith,2016,SF,WR,12,5.39,5.76,-3.75,0.3775,5.7,Maryland,2011,2,false
00-0021929,Donald Lee,2009,GB,TE,15,4.49,3.05,-3.76,0.5,5.7,Mississippi State,2003,5,false
00-0030147,Russell Shepard,2016,TB,WR,13,5.38,5.12,-3.76,0.3709,5.7,LSU,,,false
00-0021268,Terry Jones,2004,BAL,TE,10,4.12,2.22,-3.76,0.377,5.7,Alabama,2002,5,false
00-0026182,Eddie Royal,2011,DEN,WR,12,4.28,4.77,-3.76,0.2635,5.7,Virginia Tech,2008,2,false
00-0025396,Ted Ginn,2011,SF,WR,14,4.27,4.14,-3.77,0.2568,5.7,Ohio State,2007,1,false
00-0007389,Skip Hicks,2000,WAS,RB,8,2.89,2.68,-3.77,0.2706,5.7,UCLA,1998,3,false
00-0033950,Wayne Gallman,2019,NYG,RB,9,5.36,9.36,-3.77,0.3474,5.7,Clemson,2017,4,false
00-0017924,Roland Williams,2002,OAK,TE,13,3.72,3.11,-3.77,0.4462,5.7,Syracuse,1998,4,false
00-0026224,Harry Douglas,2008,ATL,WR,16,4.99,6.77,-3.77,0.3111,5.7,Louisville,2008,3,false
00-0028263,Andre Holmes,2017,BUF,WR,10,4.3,4.42,-3.77,0.3289,5.7,Hillsdale,,,false
00-0019057,Jamel White,2000,CLE,RB,13,2.88,3.37,-3.77,0.2588,5.7,South Dakota,,,false
00-0005101,Christian Fauria,2001,SEA,TE,15,3.05,3.23,-3.77,0.3214,5.7,Colorado,1995,2,false
00-0032009,Adam Humphries,2015,TB,WR,11,5.36,3.88,-3.77,0.3841,5.7,Clemson,,,false
00-0034613,Tanner Hudson,2025,CIN,TE,10,4.78,3.15,-3.77,0.5,5.7,Southern Arkansas; Memphis,,,false
00-0025542,Dante Rosario,2008,CAR,TE,9,4.99,7.12,-3.77,0.4844,5.7,Oregon,2007,5,false
00-0030874,Damien Williams,2021,CHI,RB,12,5.06,6.21,-3.78,0.3168,5.7,Oklahoma; Arizona Western,,,false
00-0019576,Mike Green,2001,TEN,RB,11,3.05,2.98,-3.78,0.3061,5.7,Houston; Blinn College,2000,7,false
00-0019539,Dante Hall,2004,KC,WR,16,4.1,3.55,-3.78,0.2963,5.7,Texas A&M,2000,5,false
00-0030516,Brice Butler,2014,LV,WR,14,4.79,4.37,-3.79,0.3497,5.7,San Diego State; USC,2013,7,false
00-0020332,David Martin,2001,GB,TE,11,3.04,2.25,-3.79,0.3036,5.7,Tennessee,2001,6,false
00-0034487,Trent Sherfield,2018,ARI,WR,9,5.11,5.23,-3.79,0.2979,5.7,Vanderbilt,,,false
00-0035208,Olamide Zaccheaus,2020,ATL,WR,10,5.34,7.35,-3.79,0.3312,5.7,Virginia,,,false
00-0017470,Michael Westbrook,2002,CIN,WR,8,3.69,5.94,-3.8,0.2778,5.7,Colorado,1995,1,false
00-0026237,Andre Caldwell,2010,CIN,WR,13,4.56,5.85,-3.8,0.3239,5.7,Florida,2008,3,false
00-0030147,Russell Shepard,2018,NYG,WR,8,5.1,4.78,-3.8,0.2908,5.7,LSU,,,false
00-0032791,Jakeem Grant,2019,MIA,WR,9,5.32,5.67,-3.8,0.3684,5.7,Texas Tech,2016,6,false
00-0004780,Troy Edwards,2000,PIT,WR,14,2.85,2.7,-3.8,0.2609,5.7,Louisiana Tech,1999,1,false
00-0034830,Hayden Hurst,2023,CAR,TE,9,4.71,4.47,-3.81,0.5375,5.7,South Carolina,2018,1,false
00-0019722,J.R. Redmond,2004,LV,RB,16,4.07,2.56,-3.81,0.2979,5.7,Arizona State,2000,3,false
00-0022130,Musa Smith,2006,BAL,RB,12,4.07,3.48,-3.81,0.3608,5.7,Georgia,2003,3,false
00-0027890,Ben Tate,2012,HOU,RB,11,4.89,7.15,-3.81,0.4105,5.7,Auburn,2010,2,false
00-0014211,Rod Rutledge,2000,NE,TE,11,2.85,3.73,-3.81,0.3333,5.7,Alabama,1998,2,false
00-0035689,Dawson Knox,2019,BUF,TE,15,5.31,4.39,-3.81,0.5,5.7,Mississippi,2019,3,false
00-0040737,Terrance Ferguson,2025,LA,TE,11,4.74,5.2,-3.82,0.4884,5.6,Oregon,2025,2,false
00-0029587,Rhett Ellison,2017,NYG,TE,14,4.25,4.4,-3.82,0.4805,5.6,USC,2012,4,false
00-0020820,Jesse Chatman,2004,LAC,RB,15,4.06,5.67,-3.82,0.2872,5.6,Eastern Washington,,,false
00-0023438,Braylon Edwards,2012,SEA,WR,9,4.88,4.31,-3.82,0.3446,5.6,Michigan,2005,1,true
00-0026178,John Carlson,2014,ARI,TE,16,4.75,2.07,-3.82,0.5132,5.6,Notre Dame,2008,2,false
00-0030117,Kerwynn Williams,2017,ARI,RB,16,4.24,3.74,-3.83,0.2105,5.6,Utah State,2013,7,false
00-0014544,Darnay Scott,2002,DAL,WR,14,3.66,3.09,-3.83,0.2708,5.6,San Diego State,1994,2,false
00-0004386,Chris Doering,2002,WAS,WR,14,3.66,3.27,-3.83,0.2639,5.6,Florida,1996,6,false
00-0027725,Clay Harbor,2012,PHI,TE,11,4.87,4.92,-3.83,0.4932,5.6,Missouri State,2010,4,false
00-0008704,Charlie Jones,1999,SD,WR,8,3.02,4.4,-3.83,0.2132,5.6,Fresno State,1996,4,false
00-0039794,Braelon Allen,2024,NYJ,RB,17,5.01,5.08,-3.83,0.4286,5.6,Wisconsin,2024,4,false
00-0020403,Anthony Thomas,2007,BUF,RB,9,4.38,7.42,-3.83,0.2872,5.6,Michigan,2001,2,false
00-0021980,George Wrighster,2003,JAX,TE,11,3.64,3.84,-3.84,0.3273,5.6,Oregon,2003,4,false
00-0027966,Mark Ingram,2020,BAL,RB,10,5.29,4.59,-3.84,0.3535,5.6,Alabama,2011,1,false
00-0033948,Jamaal Williams,2023,NO,RB,13,4.68,3.47,-3.84,0.3667,5.6,BYU,2017,4,false
00-0012556,De'Mond Parker,2000,GB,RB,8,2.81,3.2,-3.84,0.2471,5.6,Oklahoma,1999,5,false
00-0021337,Ronald Curry,2008,LV,WR,10,4.92,4.67,-3.84,0.3037,5.6,North Carolina,2002,7,false
00-0009119,Reggie Kelly,2006,CIN,TE,13,4.03,3.11,-3.84,0.4,5.6,Mississippi State,1999,2,false
00-0036360,Clyde Edwards-Helaire,2023,KC,RB,15,4.67,5.55,-3.84,0.3556,5.6,LSU,2020,1,false
00-0032112,J.J. Nelson,2015,ARI,WR,10,5.29,8.09,-3.85,0.3775,5.6,UAB,2015,5,false
00-0029273,Robert Turbin,2014,SEA,RB,16,4.72,3.83,-3.85,0.3301,5.6,Utah State,2012,4,false
00-0009443,Brian Kozlowski,2000,ATL,TE,15,2.81,3.13,-3.85,0.3167,5.6,Connecticut,,,false
00-0033466,Isaiah McKenzie,2019,BUF,WR,12,5.28,2.71,-3.85,0.3618,5.6,Georgia,2017,5,false
00-0038976,Marvin Mims Jr.,2023,DEN,WR,16,4.67,6.04,-3.85,0.4311,5.6,Oklahoma,2023,2,false
00-0032775,Demarcus Robinson,2017,KC,WR,10,4.22,3.14,-3.85,0.3224,5.6,Florida,2016,4,false
00-0030300,Jaron Brown,2018,SEA,WR,12,5.05,6.39,-3.85,0.2837,5.6,Clemson,,,false
00-0024259,Sinorice Moss,2008,NYG,WR,8,4.91,6.58,-3.85,0.2963,5.6,Miami,2006,2,false
00-0003035,Desmond Clark,2005,CHI,TE,14,4.21,4.69,-3.85,0.4386,5.6,Wake Forest,1999,6,false
00-0039792,Devontez Walker,2025,BAL,WR,8,4.7,6.47,-3.85,0.4286,5.6,North Carolina; Kent State; North Carolina Central,2024,4,false
00-0000210,James Allen,1999,CHI,RB,10,3,4.97,-3.85,0.3542,5.6,Oklahoma,,,false
00-0030521,Justin Hunter,2016,BUF,WR,10,5.29,3.33,-3.86,0.3642,5.6,Tennessee,2013,2,false
00-0008568,Leon Johnson,2001,CHI,RB,12,2.97,3.97,-3.86,0.2959,5.6,North Carolina,1997,4,false
00-0021756,Will Heller,2007,SEA,TE,9,4.36,5.41,-3.86,0.4286,5.6,Georgia Tech,,,false
00-0035217,Benny Snell,2019,PIT,RB,11,5.26,5.92,-3.86,0.3368,5.6,Kentucky,2019,4,false
00-0028121,Jordan Todman,2014,JAX,RB,16,4.71,5.57,-3.86,0.3204,5.6,Connecticut,2011,6,false
00-0034972,Alexander Mattison,2019,MIN,RB,13,5.26,3.81,-3.86,0.3263,5.6,Boise State,2019,3,false
00-0023921,Miles Austin,2008,DAL,WR,12,4.9,6.23,-3.86,0.2889,5.6,Monmouth,,,false
00-0029572,Jarius Wright,2015,MIN,WR,15,5.27,2.61,-3.86,0.3709,5.6,Arkansas,2012,4,false
00-0029273,Robert Turbin,2012,SEA,RB,15,4.83,3.11,-3.87,0.4,5.6,Utah State,2012,4,false
00-0003035,Desmond Clark,2004,CHI,TE,14,4.01,4.4,-3.87,0.3607,5.6,Wake Forest,1999,6,false
00-0019808,Kenny Watson,2006,CIN,RB,16,4.01,3.25,-3.87,0.3505,5.6,Penn State,,,false
00-0008357,MarTay Jenkins,2000,ARI,WR,16,2.78,1.74,-3.87,0.2536,5.6,Nebraska-Omaha; North Iowa Area Community College,1999,6,false
00-0029251,David Wilson,2012,NYG,RB,16,4.83,7.82,-3.87,0.3895,5.6,Virginia Tech,2012,1,false
00-0022916,Ben Troupe,2006,TEN,TE,10,4,4.14,-3.88,0.3833,5.6,Florida,2004,2,false
00-0032256,Clive Walford,2015,LV,TE,15,5.26,3.76,-3.88,0.519,5.6,Miami,2015,3,false
00-0027675,Ed Dickson,2018,SEA,TE,9,5.02,4.75,-3.88,0.5789,5.6,Oregon,2010,3,false
00-0038938,Jalin Hyatt,2023,NYG,WR,13,4.64,4.82,-3.88,0.4251,5.6,Tennessee,2023,3,false
00-0036269,La'Mical Perine,2020,NYJ,RB,10,5.25,3.97,-3.88,0.3434,5.6,Florida,2020,4,false
00-0032775,Demarcus Robinson,2021,KC,WR,14,4.96,4.54,-3.88,0.3484,5.6,Florida,2016,4,false
00-0021424,Chris Horn,2004,KC,WR,10,4,4.28,-3.88,0.2889,5.6,Rocky Mountain College,,,false
00-0021154,Daniel Graham,2002,NE,TE,10,3.6,3.23,-3.88,0.4308,5.6,Colorado,2002,1,false
00-0033375,Tim Patrick,2018,DEN,WR,12,5.02,5.51,-3.88,0.2766,5.6,Utah; Grossmont,,,false
00-0031273,Cameron Brate,2020,TB,TE,13,5.25,3.73,-3.88,0.5,5.6,Harvard,,,false
00-0029731,Fozzy Whittaker,2014,CAR,RB,8,4.69,4.7,-3.89,0.3107,5.6,Texas,,,false
00-0026204,Kevin Smith,2012,DET,RB,9,4.81,8.07,-3.89,0.3789,5.6,UCF,2008,3,false
00-0019281,Mike Furrey,2003,LA,WR,11,3.58,2.78,-3.89,0.2595,5.6,Northern Iowa; Ohio State,,,false
00-0028116,Aldrick Robinson,2018,MIN,WR,14,5.01,5.73,-3.89,0.2695,5.6,SMU,2011,6,false
00-0021993,Bethel Johnson,2003,NE,WR,15,3.58,4.91,-3.89,0.2519,5.6,Texas A&M,2003,2,false
00-0027659,Jimmy Clausen,2010,CAR,QB,13,4.46,4.23,-3.9,0.0303,5.6,Notre Dame,2010,2,false
00-0030288,Rex Burkhead,2022,HOU,RB,15,4.76,4.04,-3.9,0.3367,5.6,Nebraska,2013,6,false
00-0033307,Kendrick Bourne,2017,SF,WR,10,4.17,3.92,-3.9,0.3158,5.6,Eastern Washington,,,false
00-0022766,Patrick Crayton,2011,LAC,WR,13,4.14,3.88,-3.9,0.25,5.6,Northwestern Oklahoma State University; Tyler JC,2004,7,false
00-0027893,Damian Williams,2012,TEN,WR,13,4.8,2.49,-3.9,0.3378,5.6,USC; Arkansas,2010,3,false
00-0024549,Selvin Young,2008,DEN,RB,8,4.86,4.02,-3.9,0.2872,5.6,Texas,,,false
00-0014655,Mike Sellers,2001,CLE,TE,9,2.92,2.77,-3.9,0.2857,5.6,Walla Walla Community College,,,false
00-0017611,Alvis Whitted,2005,LV,WR,9,4.16,2.41,-3.9,0.2782,5.6,N.C. State,1998,7,false
00-0036906,Khalil Herbert,2021,CHI,RB,16,4.93,6.35,-3.91,0.3069,5.6,Virginia Tech,2021,6,false
00-0027441,Chastin West,2011,JAX,WR,10,4.13,4.3,-3.91,0.2432,5.6,Fresno State,,,false
00-0001766,Jeremy Brigham,2000,OAK,TE,13,2.75,3.84,-3.91,0.3,5.6,Washington,1998,5,false
00-0011727,Johnnie Morton,2005,SF,WR,12,4.15,2.47,-3.91,0.2707,5.6,USC,1994,1,false
00-0038619,Andrei Iosivas,2023,CIN,WR,11,4.6,6.09,-3.92,0.4192,5.5,Princeton,2023,6,false
00-0029572,Jarius Wright,2017,MIN,WR,12,4.15,2.83,-3.92,0.3092,5.5,Arkansas,2012,4,false
00-0027942,A.J. Green,2022,ARI,WR,13,4.74,5.18,-3.92,0.3067,5.5,Georgia,2011,1,false
00-0027758,Riley Cooper,2011,PHI,WR,13,4.12,6.25,-3.92,0.2365,5.5,Florida,2010,5,false
00-0031387,Eric Ebron,2014,DET,TE,12,4.65,3.35,-3.92,0.5,5.5,North Carolina,2014,1,false
00-0031376,Jerick McKinnon,2015,MIN,RB,16,5.21,6.6,-3.92,0.3958,5.5,Georgia Southern,2014,3,false
00-0003175,Mac Cody,2000,ARI,WR,14,2.73,2.43,-3.93,0.2464,5.5,Memphis,,,false
00-0029438,Chris Polk,2013,PHI,RB,8,4.74,5.56,-3.93,0.3978,5.5,Washington,,,false
00-0034115,Jeff Wilson,2023,MIA,RB,9,4.59,3.05,-3.93,0.3444,5.5,North Texas,,,false
00-0031273,Cameron Brate,2021,TB,TE,16,4.91,2.59,-3.93,0.5584,5.5,Harvard,,,false
00-0027918,Andrew Hawkins,2016,CLE,WR,16,5.21,5.5,-3.93,0.3576,5.5,Toledo,,,false
00-0024389,Delanie Walker,2010,SF,TE,14,4.42,4.08,-3.94,0.5205,5.5,Central Missouri; Mt. San Antonio,2006,6,false
00-0034370,DaeSean Hamilton,2020,DEN,WR,12,5.19,5.73,-3.94,0.3247,5.5,Penn State,2018,4,false
00-0033069,Braxton Miller,2017,HOU,WR,10,4.13,3.84,-3.94,0.3026,5.5,Ohio State,2016,3,false
00-0021314,Chester Taylor,2002,BAL,RB,15,3.54,3.9,-3.94,0.3737,5.5,Toledo,2002,6,false
00-0027215,Logan Paulsen,2012,WAS,TE,13,4.75,4.21,-3.95,0.4795,5.5,UCLA,,,false
00-0033611,Ricky Seals-Jones,2018,ARI,TE,15,4.95,3.68,-3.95,0.5658,5.5,Texas A&M,,,false
00-0021268,Terry Jones,2003,BAL,TE,15,3.53,3.19,-3.95,0.3091,5.5,Alabama,2002,5,false
00-0033025,Jalen Richard,2019,LV,RB,16,5.18,3.18,-3.95,0.3158,5.5,Southern Mississippi,,,false
00-0025439,Brian Leonard,2009,CIN,RB,14,4.29,2.13,-3.95,0.2826,5.5,Rutgers,2007,2,false
00-0036876,Kylen Granson,2022,IND,TE,13,4.71,3.08,-3.95,0.5062,5.5,SMU,2021,4,false
00-0019831,Nick Goings,2002,CAR,RB,13,3.53,2.73,-3.95,0.3636,5.5,Pittsburgh; Ohio State,,,false
00-0023645,Derek Anderson,2009,CLE,QB,8,4.29,6.76,-3.95,0.1538,5.5,Oregon State,2005,6,false
00-0036754,Brock Wright,2025,DET,TE,8,4.6,4.21,-3.95,0.4767,5.5,Notre Dame,,,false
00-0029438,Chris Polk,2014,PHI,RB,11,4.62,4.66,-3.95,0.301,5.5,Washington,,,false
00-0026121,Lynell Hamilton,2009,NO,RB,8,4.29,6.15,-3.96,0.2717,5.5,San Diego State,,,false
00-0024204,Fred Jackson,2015,SEA,RB,15,5.18,2.8,-3.96,0.3854,5.5,Coe College,,,false
00-0020268,Tony Stewart,2003,CIN,TE,12,3.52,3.51,-3.96,0.2909,5.5,Penn State,2001,5,false
00-0033282,Curtis Samuel,2017,CAR,WR,8,4.11,3.15,-3.96,0.2961,5.5,Ohio State,2017,2,false
00-0034279,Equanimeous St. Brown,2018,GB,WR,11,4.94,4.69,-3.96,0.2624,5.5,Notre Dame,2018,6,false
00-0039356,Ja'Tavion Sanders,2024,CAR,TE,15,4.88,4.45,-3.96,0.5128,5.5,Texas,2024,4,false
00-0026983,Darrius Heyward-Bey,2013,IND,WR,15,4.7,4.65,-3.96,0.2847,5.5,Maryland,2009,1,false
00-0029778,Darius Johnson,2013,ATL,WR,10,4.7,3.36,-3.96,0.2847,5.5,SMU,,,false
00-0032398,Chris Moore,2023,TEN,WR,15,4.55,2.54,-3.96,0.4132,5.5,Cincinnati,2016,4,false
00-0033455,Anthony Firkser,2021,TEN,TE,15,4.87,4.22,-3.96,0.5455,5.5,Harvard,,,false
00-0010146,Mike Lucky,2001,DAL,TE,10,2.86,2.09,-3.97,0.2679,5.5,Arizona,1999,7,false
00-0026937,Brandon Gibson,2014,MIA,WR,14,4.61,2.67,-3.97,0.3427,5.5,Washington State,2009,6,false
00-0027944,Julio Jones,2023,PHI,WR,8,4.55,5.64,-3.97,0.4072,5.5,Alabama,2011,1,false
00-0038115,Daniel Bellinger,2025,NYG,TE,13,4.58,5.37,-3.97,0.4651,5.5,San Diego State,2022,4,false
00-0035249,Josh Oliver,2025,MIN,TE,12,4.58,5,-3.97,0.4535,5.5,San Jose State,2019,3,false
00-0018608,Reggie Davis,1999,SD,TE,11,2.88,4.44,-3.97,0.4154,5.5,Washington,,,false
00-0033572,Jamal Agnew,2022,JAX,WR,15,4.69,5.98,-3.97,0.3,5.5,San Diego,2017,5,false
00-0030422,Dion Sims,2014,MIA,TE,14,4.6,3.97,-3.97,0.4868,5.5,Michigan State,2013,4,false
00-0029264,Bernard Pierce,2012,BAL,RB,15,4.73,3.54,-3.97,0.3684,5.5,Temple,2012,3,false
00-0032394,Nick Vannett,2018,SEA,TE,15,4.93,4.32,-3.97,0.5526,5.5,Ohio State,2016,3,false
00-0002565,Dan Campbell,2003,DAL,TE,13,3.5,2.64,-3.97,0.2727,5.5,Texas A&M,1999,3,false
00-0021927,David Tyree,2006,NYG,WR,13,3.9,5.27,-3.98,0.2205,5.5,Syracuse,2003,6,false
00-0028142,Virgil Green,2016,DEN,TE,10,5.17,3.7,-3.98,0.4658,5.5,Nevada,2011,7,false
00-0029239,Brandon Bolden,2012,NE,RB,9,4.72,6.83,-3.98,0.3579,5.5,Mississippi,,,false
00-0036232,Harrison Bryant,2020,CLE,TE,12,5.15,5.79,-3.98,0.4868,5.5,Florida Atlantic,2020,4,false
00-0023176,Josh Cribbs,2010,CLE,WR,15,4.38,4.75,-3.98,0.3169,5.5,Kent State,,,false
00-0000765,Reggie Barlow,1999,JAX,WR,14,2.87,3.07,-3.98,0.2059,5.5,Alabama State,1996,4,false
00-0025432,Dwayne Jarrett,2009,CAR,WR,10,4.26,5.32,-3.98,0.2867,5.5,USC,2007,2,false
00-0030525,Tavon Austin,2021,JAX,WR,11,4.85,4.76,-3.98,0.3419,5.5,West Virginia,2013,1,false
00-0031585,MyCole Pruitt,2021,TEN,TE,10,4.85,3.37,-3.99,0.5325,5.5,Southern Illinois,2015,5,false
00-0027026,Mohamed Massaquoi,2012,CLE,WR,9,4.71,4.53,-3.99,0.3311,5.5,Georgia,2009,2,false
00-0022250,Willie Parker,2009,PIT,RB,13,4.25,5.57,-3.99,0.2609,5.5,North Carolina,,,false
00-0024297,Derek Hagan,2014,TEN,WR,11,4.58,4.49,-3.99,0.3357,5.5,Arizona State,2006,3,false
00-0032392,Austin Hooper,2025,NE,TE,13,4.56,2.94,-3.99,0.4419,5.5,Stanford,2016,3,false
00-0032170,Rashad Greene,2015,JAX,WR,9,5.14,5.18,-3.99,0.3642,5.5,Florida State,2015,5,false
00-0022807,Bernard Berrian,2010,MIN,WR,12,4.37,4.47,-3.99,0.3099,5.5,Fresno State,2004,3,false
00-0022135,Billy McMullen,2005,PHI,WR,12,4.07,3.31,-3.99,0.2632,5.5,Virginia,2003,3,false
00-0030801,Brandon Coleman,2016,NO,WR,14,5.15,4.14,-4,0.351,5.5,Rutgers,,,false
00-0008329,Dietrich Jells,1999,PHI,WR,14,2.86,4.66,-4,0.1985,5.5,Pittsburgh,1996,6,false
00-0008454,Charles Johnson,2001,NE,WR,11,2.83,3.4,-4,0.2695,5.5,Colorado,1994,1,false
00-0023752,Daniel Fells,2011,DEN,TE,15,4.04,3.97,-4,0.4658,5.5,UC Davis,,,false
00-0028116,Aldrick Robinson,2017,SF,WR,14,4.07,3.89,-4,0.2895,5.5,SMU,2011,6,false
00-0013770,Andre Rison,1999,KC,WR,15,2.85,2.33,-4,0.1912,5.5,Michigan State,1989,1,false
00-0004916,Curtis Enis,2000,CHI,RB,11,2.65,2.78,-4,0.2353,5.5,Penn State,1998,1,false
00-0034349,Kerryon Johnson,2020,DET,RB,14,5.13,3.86,-4,0.3333,5.5,Auburn,2018,2,false
00-0029795,Benny Cunningham,2017,CHI,RB,14,4.06,4.41,-4,0.2,5.5,Middle Tennessee State,,,false
00-0019703,Jerry Porter,2001,OAK,WR,15,2.82,2.88,-4.01,0.2624,5.5,West Virginia,2000,2,false
00-0023968,Micheal Spurlock,2012,LAC,WR,13,4.69,5.52,-4.01,0.3243,5.5,Mississippi,,,true
00-0013262,Stanley Pritchett,2002,CHI,RB,12,3.47,3.88,-4.01,0.3535,5.5,South Carolina,1996,4,false
00-0033955,Jeremy McNichols,2025,WAS,RB,16,4.54,3.78,-4.01,0.3646,5.5,Boise State,2017,5,false
00-0027985,Lance Kendricks,2011,LA,TE,15,4.03,3.04,-4.01,0.4521,5.5,Wisconsin,2011,2,false
00-0036331,Devin Duvernay,2021,BAL,WR,16,4.83,3.21,-4.01,0.3355,5.5,Texas,2020,3,false
00-0019808,Kenny Watson,2004,CIN,RB,16,3.87,2.91,-4.01,0.2766,5.5,Penn State,,,false
00-0018056,Robert Wilson,2000,NO,WR,10,2.64,6.25,-4.01,0.2391,5.4,Florida A&M,,,false
00-0006324,Eric Green,1999,NYJ,TE,8,2.84,4,-4.02,0.4,5.4,Liberty,1990,1,false
00-0033857,JuJu Smith-Schuster,2024,KC,WR,11,4.83,5.91,-4.02,0.3758,5.4,USC,2017,2,false
00-0026956,LaRod Stephens-Howling,2010,ARI,RB,13,4.34,3.29,-4.02,0.3333,5.4,Pittsburgh,2009,7,false
00-0034928,Steven Sims,2020,WAS,WR,12,5.11,3.8,-4.02,0.3182,5.4,Kansas,,,false
00-0024259,Sinorice Moss,2007,NYG,WR,10,4.19,3.27,-4.02,0.2463,5.4,Miami,2006,2,false
00-0022714,Kris Wilson,2006,KC,TE,12,3.85,2.96,-4.03,0.3667,5.4,Pittsburgh,2004,2,false
00-0022421,Ruvell Martin,2008,GB,WR,8,4.74,3.3,-4.03,0.2815,5.4,Saginaw Valley State,,,false
00-0009550,David LaFleur,2000,DAL,TE,11,2.63,4.73,-4.03,0.2833,5.4,LSU,1997,1,false
00-0020391,Jameel Cook,2003,TB,RB,11,3.45,2.76,-4.03,0.3131,5.4,Illinois,2001,6,false
00-0009119,Reggie Kelly,1999,ATL,TE,8,2.82,3.31,-4.03,0.3846,5.4,Mississippi State,1999,2,false
00-0014328,Frank Sanders,2003,BAL,WR,9,3.44,2.75,-4.03,0.2443,5.4,Auburn,1995,2,false
00-0031025,Michael Campanaro,2017,BAL,WR,13,4.04,4.15,-4.03,0.2829,5.4,Wake Forest,2014,7,false
00-0036626,Dyami Brown,2025,JAX,WR,11,4.52,5.36,-4.03,0.4224,5.4,North Carolina,2021,3,false
00-0030669,Albert Wilson,2021,MIA,WR,10,4.8,4.11,-4.04,0.329,5.4,Georgia State,,,false
00-0028061,Tandon Doss,2013,BAL,WR,12,4.63,4.53,-4.04,0.2774,5.4,Indiana,2011,4,false
00-0027888,Toby Gerhart,2013,MIN,RB,13,4.62,4.41,-4.04,0.3871,5.4,Stanford,2010,2,false
00-0020171,Boo Williams,2002,NO,TE,12,3.44,3.57,-4.04,0.4154,5.4,Arkansas; Coffeyville CC,,,false
00-0001112,Sean Bennett,1999,NYG,RB,9,2.81,3.6,-4.04,0.3438,5.4,Northwestern; University of Evansville; Illinois,1999,4,false
00-0022484,J.P. Foschi,2009,CIN,TE,15,4.2,4.18,-4.04,0.4853,5.4,Georgia Tech,,,false
00-0033943,Josh Reynolds,2024,DEN,WR,8,4.8,5.08,-4.04,0.3694,5.4,Texas A&M; Tyler JC,2017,4,true
00-0022217,Mewelde Moore,2010,PIT,RB,14,4.31,4.9,-4.04,0.3222,5.4,Tulane,2004,4,false
00-0015507,Brian Stablein,1999,DET,WR,11,2.81,2.75,-4.04,0.1838,5.4,Ohio State,1993,8,false
00-0032977,Rashard Higgins,2021,CLE,WR,12,4.79,4.19,-4.05,0.3226,5.4,Colorado State,2016,5,false
00-0021098,Josh Scobey,2004,ARI,RB,12,3.83,3.59,-4.05,0.266,5.4,Kansas State; Northeast Oklahoma,2002,6,false
00-0021154,Daniel Graham,2009,DEN,TE,15,4.19,2.86,-4.05,0.4706,5.4,Colorado,2002,1,false
00-0027783,Anthony McCoy,2012,SEA,TE,14,4.65,5.21,-4.05,0.4658,5.4,USC,2010,6,false
00-0027125,Zach Miller,2009,JAX,TE,13,4.19,7.38,-4.05,0.4559,5.4,Nebraska-Omaha; Nebraska,2009,6,false
00-0039356,Ja'Tavion Sanders,2025,CAR,TE,12,4.5,3.84,-4.05,0.4302,5.4,Texas,2024,4,false
00-0029660,Trevor Graham,2012,BUF,WR,15,4.65,3.07,-4.05,0.3176,5.4,N.C. State,2012,3,false
00-0002565,Dan Campbell,2000,NYG,TE,11,2.6,3.1,-4.05,0.2667,5.4,Texas A&M,1999,3,false
00-0030443,Levine Toilolo,2018,DET,TE,11,4.85,4.68,-4.05,0.5395,5.4,Stanford,2013,4,false
00-0033526,Samaje Perine,2024,KC,RB,17,4.79,2.96,-4.06,0.4184,5.4,Oklahoma,2017,4,false
00-0030990,Josh Huff,2015,PHI,WR,15,5.08,5.09,-4.06,0.3576,5.4,Oregon,2014,3,false
00-0027793,Antonio Brown,2010,PIT,WR,9,4.3,2.7,-4.06,0.3028,5.4,Central Michigan,2010,6,false
00-0038597,Chase Brown,2023,CIN,RB,12,4.46,5.51,-4.06,0.3333,5.4,Illinois; Western Michigan,2023,5,false
00-0033387,Jacob Hollister,2020,SEA,TE,13,5.07,3.55,-4.06,0.4737,5.4,Wyoming; Arizona Western,,,false
00-0019919,Randal Williams,2006,LV,TE,14,3.81,3.05,-4.07,0.35,5.4,New Hampshire,,,false
00-0026878,Tom Crabtree,2012,GB,TE,10,4.63,5.85,-4.07,0.4521,5.4,Miami (Ohio),,,false
00-0023452,Mike Williams,2011,SEA,WR,12,3.97,4.12,-4.07,0.2297,5.4,USC,2005,1,false
00-0029435,Damaris Johnson,2014,HOU,WR,16,4.5,3.67,-4.07,0.3287,5.4,Tulsa,,,false
00-0013262,Stanley Pritchett,2003,CHI,RB,14,3.4,3.08,-4.07,0.303,5.4,South Carolina,1996,4,false
00-0031687,Raheem Mostert,2018,SF,RB,8,4.83,5.96,-4.08,0.2366,5.4,Purdue,,,false
00-0030496,Le'Veon Bell,2021,BAL,RB,8,4.76,4.53,-4.08,0.297,5.4,Michigan State,2013,2,true
00-0010747,Fred McCrary,2002,SD,RB,14,3.41,3.08,-4.08,0.3434,5.4,Mississippi State,1995,6,false
00-0025439,Brian Leonard,2011,CIN,RB,13,3.96,3.25,-4.08,0.2955,5.4,Rutgers,2007,2,false
00-0028000,Daniel Thomas,2014,MIA,RB,12,4.49,3.21,-4.08,0.2913,5.4,Kansas State; Manhattan Christian Coll. KS (J.C.); Butler County JC; Northwest Mississippi CC,2011,2,false
00-0015980,Reggie Swinton,2004,DET,WR,12,3.8,4.1,-4.08,0.2815,5.4,Murray State,,,false
00-0027215,Logan Paulsen,2013,WAS,TE,15,4.58,4.4,-4.08,0.4179,5.4,UCLA,,,false
00-0037742,Treylon Burks,2023,TEN,WR,9,4.43,3.55,-4.08,0.4012,5.4,Arkansas,2022,1,false
00-0038547,Luke Schoonmaker,2024,DAL,TE,12,4.76,5.1,-4.09,0.5,5.4,Michigan,2023,2,false
00-0029615,Lamar Miller,2012,MIA,RB,9,4.61,3.65,-4.09,0.3474,5.4,Miami,2012,4,false
00-0007144,Donald Hayes,2002,NE,WR,11,3.39,4.39,-4.09,0.2569,5.4,Wisconsin,1998,4,false
00-0019242,Dane Looker,2005,LA,WR,11,3.96,4.74,-4.1,0.2556,5.4,Washington; Western Washington University,,,false
00-0032626,Geronimo Allison,2019,GB,WR,15,5.03,3.67,-4.1,0.3553,5.4,Illinois; Iowa Western CC,,,false
00-0032464,Kalif Raymond,2025,DET,WR,15,4.45,4.69,-4.1,0.4161,5.4,Holy Cross,,,false
00-0002102,Mark Bruener,2001,PIT,TE,8,2.73,1.74,-4.1,0.25,5.4,Washington,1995,1,false
00-0039798,Isaiah Davis,2025,NYJ,RB,16,4.45,5.17,-4.1,0.3542,5.4,South Dakota State,2024,5,false
00-0036637,Noah Gray,2023,KC,TE,16,4.41,2.85,-4.11,0.525,5.4,Duke,2021,5,false
00-0020780,Frisman Jackson,2004,CLE,WR,8,3.77,4.04,-4.11,0.2741,5.4,Western Illinois; Northern Illinois,,,false
00-0002102,Mark Bruener,1999,PIT,TE,13,2.74,2.48,-4.11,0.3692,5.4,Washington,1995,1,false
00-0036754,Brock Wright,2022,DET,TE,14,4.54,5.05,-4.12,0.4938,5.4,Notre Dame,,,false
00-0031598,Nick Boyle,2019,BAL,TE,15,5.01,4.18,-4.12,0.4857,5.4,Delaware,2015,5,false
00-0002068,Troy Brown,2004,NE,WR,11,3.76,4.21,-4.12,0.2667,5.3,Marshall; Lees-McRae College,1993,8,false
00-0020285,Alge Crumpler,2008,TEN,TE,12,4.64,2.51,-4.12,0.4688,5.3,North Carolina,2001,2,false
00-0031570,Justin Hardy,2016,ATL,WR,13,5.02,4.53,-4.12,0.3444,5.3,East Carolina,2015,4,false
00-0033251,Zach Pascal,2018,IND,WR,14,4.77,6.15,-4.13,0.2553,5.3,Old Dominion,,,false
00-0011869,Adrian Murrell,2000,WAS,RB,12,2.52,4.07,-4.13,0.2235,5.3,West Virginia,1993,5,false
00-0028202,Shaun Draughn,2012,KC,RB,16,4.57,3.79,-4.13,0.3368,5.3,North Carolina,,,false
00-0020320,Reggie Germany,2001,BUF,WR,12,2.69,3.35,-4.13,0.2553,5.3,Ohio State,2001,7,false
00-0032464,Kalif Raymond,2024,DET,WR,12,4.71,5.5,-4.14,0.3631,5.3,Holy Cross,,,false
00-0024261,Joe Klopfenstein,2006,LA,TE,13,3.74,3.14,-4.14,0.3333,5.3,Colorado,2006,2,false
00-0035217,Benny Snell,2020,PIT,RB,15,4.99,5.91,-4.14,0.3232,5.3,Kentucky,2019,4,false
00-0023490,Roscoe Parrish,2008,BUF,WR,13,4.62,3.8,-4.14,0.2741,5.3,Miami,2005,2,false
00-0006994,Ronnie Harris,1999,ATL,WR,9,2.71,3.63,-4.14,0.1765,5.3,Oregon,,,false
00-0020754,Kelly Campbell,2004,MIN,WR,16,3.74,3.09,-4.14,0.2593,5.3,Georgia Tech,,,false
00-0022385,Eric Edwards,2005,ARI,TE,8,3.91,3.1,-4.15,0.4211,5.3,LSU,,,false
00-0035527,Andy Isabella,2020,ARI,WR,11,4.98,5.64,-4.15,0.3117,5.3,UMass Amherst,2019,2,false
00-0019552,Troy Walters,2006,ARI,WR,15,3.73,4.5,-4.15,0.2126,5.3,Stanford,2000,5,false
00-0021260,Kyle Johnson,2004,DEN,RB,9,3.73,4.76,-4.15,0.2553,5.3,Syracuse,2002,5,false
00-0027725,Clay Harbor,2013,JAX,TE,14,4.51,3.79,-4.15,0.403,5.3,Missouri State,2010,4,false
00-0019109,Scottie Montgomery,2001,DEN,WR,8,2.67,2.59,-4.15,0.2482,5.3,Duke,,,false
00-0032951,Laquon Treadwell,2018,MIN,WR,15,4.75,2.91,-4.15,0.2482,5.3,Mississippi,2016,1,false
00-0032778,Tajae Sharpe,2018,TEN,WR,15,4.75,5.57,-4.15,0.2411,5.3,UMass Amherst,2016,5,false
00-0033217,Mo Alie-Cox,2021,IND,TE,17,4.68,5.14,-4.16,0.5195,5.3,Virginia Commonwealth Univ.,,,false
00-0035806,JaMycal Hasty,2021,SF,RB,11,4.68,2.87,-4.16,0.2871,5.3,Baylor,,,false
00-0032058,Tevin Coleman,2021,NYJ,RB,11,4.68,3.24,-4.16,0.2772,5.3,Indiana,2015,3,false
00-0034829,Mike Gesicki,2023,NE,TE,15,4.36,3.14,-4.16,0.5125,5.3,Penn State,2018,2,false
00-0035703,Miles Boykin,2020,BAL,WR,14,4.97,3.98,-4.16,0.3052,5.3,Notre Dame,2019,3,false
00-0024318,Brad Smith,2009,NYJ,WR,13,4.08,4.04,-4.16,0.2797,5.3,Missouri,2006,4,false
00-0022011,Justin Griffith,2005,ATL,RB,14,3.9,2.98,-4.16,0.3438,5.3,Mississippi State,2003,4,false
00-0024465,David Anderson,2008,HOU,WR,12,4.59,3.74,-4.17,0.2667,5.3,Colorado State,2006,7,false
00-0030216,Josh Hill,2014,NO,TE,14,4.4,5.19,-4.17,0.4737,5.3,Idaho State; Boise State,,,false
00-0032009,Adam Humphries,2021,WAS,WR,17,4.66,3.17,-4.17,0.3161,5.3,Clemson,,,false
00-0030108,Ryan Griffin,2013,HOU,TE,11,4.49,4.65,-4.17,0.3881,5.3,Connecticut,2013,6,false
00-0037666,Jalen Tolbert,2023,DAL,WR,14,4.34,4.3,-4.17,0.3952,5.3,South Alabama,2022,3,false
00-0021647,Jerheme Urban,2009,ARI,WR,9,4.07,4.01,-4.18,0.2727,5.3,Trinity University Texas,,,false
00-0017110,Chris Walsh,2000,MIN,WR,15,2.47,2.31,-4.18,0.2319,5.3,Stanford,1992,9,false
00-0020343,Jonathan Carter,2004,NYJ,WR,9,3.7,3.47,-4.18,0.2519,5.3,Troy,2001,5,false
00-0022092,Chris Brown,2003,TEN,RB,11,3.29,3.24,-4.18,0.2929,5.3,Colorado; Northwestern; Fort Scott CC,2003,3,false
00-0019487,Frank Murphy,2001,TB,WR,8,2.64,3.81,-4.19,0.2411,5.3,Kansas State; Garden City CC; Itawamba JC,2000,6,false
00-0030108,Ryan Griffin,2021,NYJ,TE,14,4.65,3.33,-4.19,0.5065,5.3,Connecticut,2013,6,false
00-0030470,Vance McDonald,2017,PIT,TE,10,3.88,4.2,-4.19,0.4675,5.3,Rice,2013,2,false
00-0030089,Luke Willson,2017,SEA,TE,14,3.88,4.47,-4.19,0.4545,5.3,Rice,2013,5,false
00-0021547,Antonio Gates,2018,LAC,TE,16,4.71,4.96,-4.19,0.5263,5.3,Kent State; Eastern Michigan; Michigan State; College of the Sequoias,,,false
00-0036988,Josh Palmer,2025,BUF,WR,12,4.36,3.06,-4.19,0.4099,5.3,Tennessee,2021,3,false
00-0025439,Brian Leonard,2010,CIN,RB,11,4.16,2.52,-4.19,0.3111,5.3,Rutgers,2007,2,false
00-0021999,Nate Burleson,2006,SEA,WR,15,3.68,3.67,-4.2,0.2047,5.3,Nevada,2003,3,false
00-0034270,Tyler Conklin,2020,MIN,TE,9,4.93,4.92,-4.2,0.4605,5.3,Central Michigan; Northwood,2018,5,false
00-0025549,Brent Celek,2014,PHI,TE,16,4.38,4.54,-4.2,0.4605,5.3,Cincinnati,2007,5,false
00-0035631,Drew Sample,2020,CIN,TE,16,4.93,3.95,-4.2,0.4474,5.3,Washington,2019,2,false
00-0000242,John Allred,1999,CHI,TE,11,2.65,2.1,-4.2,0.3538,5.3,USC,1997,2,false
00-0030181,Jack Doyle,2020,IND,TE,13,4.93,3.84,-4.2,0.4342,5.3,Western Kentucky,,,false
00-0036567,Elijah Mitchell,2023,SF,RB,11,4.32,5.45,-4.2,0.3222,5.3,Louisiana-Lafayette,2021,6,false
00-0028116,Aldrick Robinson,2016,ATL,WR,13,4.95,5.11,-4.2,0.3377,5.3,SMU,2011,6,false
00-0031413,Bishop Sankey,2015,TEN,RB,12,4.93,6.31,-4.2,0.375,5.3,Washington,2014,2,false
00-0027718,Garrett Graham,2014,HOU,TE,10,4.37,4.15,-4.2,0.4474,5.3,Wisconsin,2010,4,false
00-0023752,Daniel Fells,2014,NYG,TE,13,4.37,3.73,-4.2,0.4342,5.3,UC Davis,,,false
00-0028736,William Powell,2012,ARI,RB,12,4.49,3.85,-4.21,0.3263,5.3,Kansas State; Navarro,,,false
00-0029548,LaVon Brazill,2013,IND,WR,9,4.46,6.52,-4.21,0.2701,5.3,Ohio,2012,6,false
00-0022825,Troy Fleming,2004,TEN,RB,14,3.67,4.39,-4.21,0.2447,5.3,Tennessee,2004,6,false
00-0032626,Geronimo Allison,2017,GB,WR,12,3.86,5.17,-4.21,0.2763,5.3,Illinois; Iowa Western CC,,,false
00-0020391,Jameel Cook,2001,TB,RB,10,2.61,2.42,-4.21,0.2857,5.3,Illinois,2001,6,false
00-0032392,Austin Hooper,2016,ATL,TE,13,4.93,4.95,-4.22,0.4521,5.3,Stanford,2016,3,false
00-0040727,Tre Harris,2025,LAC,WR,16,4.34,2.88,-4.22,0.4037,5.3,Mississippi; Louisiana Tech,2025,2,false
00-0026932,Cedric Peerman,2012,CIN,RB,11,4.48,4.76,-4.22,0.3158,5.3,Virginia,2009,6,false
00-0030532,Stedman Bailey,2013,LA,WR,11,4.45,5.01,-4.22,0.2628,5.3,West Virginia,2013,3,false
00-0022217,Mewelde Moore,2009,PIT,RB,16,4.02,4.66,-4.22,0.25,5.3,Tulane,2004,4,false
00-0034370,DaeSean Hamilton,2019,DEN,WR,13,4.9,5.28,-4.22,0.3487,5.3,Penn State,2018,4,false
00-0032128,Chris Conley,2021,HOU,WR,14,4.61,5.02,-4.22,0.3097,5.2,Georgia,2015,3,false
00-0034521,Allen Lazard,2023,NYJ,WR,14,4.29,4.17,-4.22,0.3892,5.2,Iowa State,,,false
00-0035406,Lil'Jordan Humphrey,2023,DEN,WR,11,4.29,4.92,-4.23,0.3832,5.2,Texas,,,false
00-0023310,Lance Moore,2014,PIT,WR,11,4.35,2.99,-4.23,0.3217,5.2,Toledo,,,false
00-0027696,Jimmy Graham,2021,CHI,TE,11,4.61,4.07,-4.23,0.4935,5.2,Miami,2010,3,false
00-0021084,Matt Schobel,2006,PHI,TE,13,3.65,3.85,-4.23,0.3167,5.2,TCU; Texas A&M,2002,3,false
00-0033857,JuJu Smith-Schuster,2025,KC,WR,17,4.32,4.1,-4.23,0.3975,5.2,USC,2017,2,false
00-0025418,Greg Olsen,2020,SEA,TE,11,4.9,4.12,-4.23,0.4211,5.2,Miami; Notre Dame,2007,1,false
00-0021236,Randy McMichael,2011,LAC,TE,15,3.81,2.66,-4.23,0.4384,5.2,Georgia,2002,4,false
00-0036165,Isaiah Hodgins,2023,NYG,WR,14,4.29,4.26,-4.23,0.3772,5.2,Oregon State,2020,6,false
00-0021673,ReShard Lee,2006,LV,RB,14,3.64,4.19,-4.23,0.3402,5.2,Middle Tennessee State,,,false
00-0025549,Brent Celek,2007,PHI,TE,10,3.98,3.56,-4.23,0.4127,5.2,Cincinnati,2007,5,false
00-0007546,James Hodgins,2003,ARI,RB,10,3.24,3.17,-4.23,0.2828,5.2,San Jose State,,,false
00-0005231,Brian Finneran,2010,ATL,WR,13,4.12,4.1,-4.24,0.2958,5.2,Villanova,,,false
00-0024389,Delanie Walker,2012,SF,TE,16,4.46,4.66,-4.24,0.4384,5.2,Central Missouri; Mt. San Antonio,2006,6,false
00-0033110,Tyler Higbee,2018,LA,TE,14,4.66,3.74,-4.24,0.5132,5.2,Western Kentucky,2016,4,false
00-0036387,Jalen Reagor,2021,PHI,WR,17,4.59,4.62,-4.24,0.3032,5.2,TCU,2020,1,false
00-0030280,Knile Davis,2013,KC,RB,16,4.42,6.66,-4.25,0.3763,5.2,Arkansas,2013,3,false
00-0020446,Chris Chambers,2010,KC,WR,12,4.11,3.68,-4.25,0.2887,5.2,Wisconsin,2001,2,false
00-0025708,Matt Moore,2007,CAR,QB,8,3.96,5.54,-4.25,0,5.2,Oregon State; UCLA; College of the Canyons,,,false
00-0002586,Mark Campbell,2008,NO,TE,8,4.51,4.59,-4.25,0.4531,5.2,Michigan,,,false
00-0035406,Lil'Jordan Humphrey,2024,DEN,WR,14,4.59,4.33,-4.25,0.3567,5.2,Texas,,,false
00-0036232,Harrison Bryant,2022,CLE,TE,14,4.41,2.77,-4.25,0.4815,5.2,Florida Atlantic,2020,4,false
00-0030443,Levine Toilolo,2014,ATL,TE,15,4.32,3.28,-4.25,0.4211,5.2,Stanford,2013,4,false
00-0029660,Trevor Graham,2013,BUF,WR,16,4.41,5.26,-4.26,0.2555,5.2,N.C. State,2012,3,false
00-0031431,Marqise Lee,2015,JAX,WR,9,4.88,3.37,-4.26,0.351,5.2,USC,2014,2,false
00-0038041,Jake Ferguson,2022,DAL,TE,11,4.4,3.98,-4.26,0.4691,5.2,Wisconsin,2022,4,false
00-0020127,Daniel Wilcox,2006,BAL,TE,14,3.61,3.96,-4.26,0.3,5.2,Appalachian State; Georgia Military,,,false
00-0026191,Malcolm Kelly,2009,WAS,WR,15,3.98,4.1,-4.26,0.2657,5.2,Oklahoma,2008,2,false
00-0036233,Donovan Peoples-Jones,2020,CLE,WR,12,4.87,6.52,-4.26,0.2987,5.2,Michigan,2020,6,false
00-0015959,Kevin Swayne,2001,NYJ,WR,13,2.56,3.69,-4.26,0.234,5.2,Wayne State College; Palomar College,,,false
00-0039739,Roman Wilson,2025,PIT,WR,9,4.29,6.11,-4.26,0.3913,5.2,Michigan,2024,3,false
00-0023921,Miles Austin,2013,DAL,WR,11,4.4,4.68,-4.26,0.2482,5.2,Monmouth,,,false
00-0030705,Juwan Thompson,2014,DEN,RB,12,4.31,4.09,-4.26,0.2816,5.2,Duke,,,false
00-0016654,Jason Tucker,2000,DAL,WR,15,2.39,3.59,-4.27,0.2246,5.2,TCU,1998,6,false
00-0029587,Rhett Ellison,2018,NYG,TE,13,4.63,4.12,-4.27,0.5,5.2,USC,2012,4,false
00-0004063,Tyrone Davis,2002,GB,TE,8,3.21,3.64,-4.27,0.4,5.2,Virginia,1995,4,false
00-0031023,Quincy Enunwa,2015,NYJ,WR,11,4.86,3.26,-4.27,0.3444,5.2,Nebraska,2014,6,false
00-0022011,Justin Griffith,2007,LV,RB,13,3.94,3.06,-4.27,0.2766,5.2,Mississippi State,2003,4,false
00-0013422,Walter Rasby,2000,DET,TE,10,2.38,2.89,-4.27,0.25,5.2,Wake Forest,,,false
00-0033559,Michael Roberts,2018,DET,TE,8,4.63,6.79,-4.28,0.4868,5.2,Toledo,2017,4,false
00-0025409,Brady Quinn,2012,KC,QB,10,4.42,4.75,-4.28,0.0286,5.2,Notre Dame,2007,1,false
00-0034400,Jordan Wilkins,2018,IND,RB,13,4.62,2.9,-4.28,0.2258,5.2,Mississippi,2018,5,false
00-0016321,Rodney Thomas,1999,TEN,RB,15,2.57,3.99,-4.28,0.3333,5.2,Texas A&M,1995,3,false
00-0033460,John Ross,2021,NYG,WR,9,4.56,5.39,-4.28,0.2968,5.2,Washington,2017,1,false
00-0002713,Tony Carter,1999,NE,RB,13,2.57,2.15,-4.28,0.3229,5.2,Minnesota,,,false
00-0002942,Darrin Chiaverini,2001,DAL,WR,13,2.54,3.06,-4.29,0.227,5.2,Colorado; Beloit College; Riverside Community College,1999,5,false
00-0036550,Rashod Bateman,2025,BAL,WR,13,4.26,4.77,-4.29,0.3851,5.2,Minnesota,2021,1,false
00-0038454,Keaton Mitchell,2025,BAL,RB,13,4.26,3.27,-4.29,0.3438,5.2,East Carolina,,,false
00-0029269,Travis Benjamin,2014,CLE,WR,16,4.28,5.48,-4.29,0.3147,5.2,Miami,2012,4,false
00-0027753,Andrew Quarless,2010,GB,TE,12,4.07,3.58,-4.29,0.5068,5.2,Penn State,2010,5,false
00-0037005,Tommy Tremble,2025,CAR,TE,15,4.26,4.54,-4.29,0.4186,5.2,Notre Dame,2021,3,false
00-0033282,Curtis Samuel,2024,BUF,WR,14,4.55,4.97,-4.29,0.3503,5.2,Ohio State,2017,2,false
00-0035329,Donald Parham,2021,LAC,TE,13,4.54,4.68,-4.3,0.4805,5.2,Stetson,,,false
00-0026262,Tashard Choice,2011,DAL,RB,13,3.74,3.48,-4.3,0.2841,5.2,Georgia Tech; Oklahoma,2008,4,true
00-0031359,Kelvin Benjamin,2018,BUF,WR,15,4.6,3.35,-4.3,0.234,5.2,Florida State,2014,1,true
00-0029738,Darren Fells,2017,DET,TE,14,3.76,4.72,-4.3,0.4416,5.2,UC Irvine,,,false
00-0024369,Jeff King,2009,CAR,TE,16,3.94,3.24,-4.31,0.4412,5.2,Virginia Tech,2006,5,false
00-0038611,Chris Rodriguez Jr.,2023,WAS,RB,9,4.21,5.87,-4.31,0.3111,5.2,Kentucky,2023,6,false
00-0021241,Darnell Sanders,2003,CLE,TE,9,3.17,2.45,-4.31,0.2545,5.2,Ohio State,2002,4,false
00-0023679,Billy Bajema,2010,LA,TE,10,4.05,5.54,-4.31,0.4932,5.2,Oklahoma State,2005,7,false
00-0032688,Robbie Chosen,2022,ARI,WR,12,4.35,5.94,-4.31,0.2933,5.2,Temple,,,true
00-0007749,Tony Horne,2000,STL,WR,11,2.35,4.92,-4.31,0.2174,5.2,Clemson,,,false
00-0022706,Michael Gaines,2007,BUF,TE,15,3.9,3.16,-4.31,0.3968,5.2,UCF,2004,7,false
00-0019505,Charles Lee,2000,GB,WR,10,2.34,2.5,-4.31,0.2101,5.2,UCF,2000,7,false
00-0029438,Chris Polk,2015,HOU,RB,15,4.82,4.26,-4.32,0.3646,5.2,Washington,,,false
00-0034830,Hayden Hurst,2019,BAL,TE,16,4.81,3.75,-4.32,0.4714,5.2,South Carolina,2018,1,false
00-0034838,Royce Freeman,2023,LA,RB,11,4.2,4.67,-4.32,0.3,5.2,Oregon,2018,3,false
00-0014655,Mike Sellers,2007,WAS,TE,14,3.89,5.32,-4.32,0.381,5.2,Walla Walla Community College,,,false
00-0015601,Aaron Stecker,2006,NO,RB,11,3.55,3.96,-4.32,0.3299,5.2,Western Illinois; Wisconsin,,,false
00-0014655,Mike Sellers,2000,WAS,TE,12,2.33,2.8,-4.32,0.2333,5.2,Walla Walla Community College,,,false
00-0025425,Zach Miller,2011,SEA,TE,13,3.72,2.28,-4.32,0.4247,5.2,Arizona State,2007,2,false
00-0030300,Jaron Brown,2019,SEA,WR,10,4.8,5.68,-4.32,0.3421,5.2,Clemson,,,false
00-0002713,Tony Carter,2000,NE,RB,16,2.33,2.22,-4.32,0.2118,5.2,Minnesota,,,false
00-0033858,Jonnu Smith,2022,NE,TE,12,4.33,2.87,-4.33,0.4568,5.2,Florida International,2017,3,false
00-0029731,Fozzy Whittaker,2013,CLE,RB,13,4.34,4.29,-4.33,0.3656,5.2,Texas,,,true
00-0031560,Jaelen Strong,2015,HOU,WR,10,4.81,6.68,-4.33,0.3377,5.2,Arizona State; Pierce College,2015,3,false
00-0022725,Michael Clayton,2009,TB,WR,12,3.92,4.28,-4.33,0.2587,5.2,LSU,2004,1,false
00-0019831,Nick Goings,2003,CAR,RB,11,3.15,4.09,-4.33,0.2727,5.2,Pittsburgh; Ohio State,,,false
00-0019650,Dennis Northcutt,2006,CLE,WR,13,3.54,2.8,-4.34,0.1969,5.1,Arizona,2000,2,false
00-0036427,Tyler Johnson,2021,TB,WR,16,4.5,3.77,-4.34,0.2903,5.1,Minnesota,2020,5,false
00-0028121,Jordan Todman,2013,JAX,RB,16,4.32,5.08,-4.34,0.3548,5.1,Connecticut,2011,6,false
00-0013422,Walter Rasby,2001,WAS,TE,14,2.49,4.29,-4.34,0.2321,5.1,Wake Forest,,,false
00-0024301,David Thomas,2012,NO,TE,10,4.36,5.15,-4.34,0.4247,5.1,Texas,2006,3,false
00-0031868,Damiere Byrd,2022,ATL,WR,12,4.32,5.65,-4.34,0.2867,5.1,South Carolina,,,false
00-0019614,Michael Wiley,2002,DAL,RB,16,3.14,3.29,-4.35,0.3333,5.1,Ohio State,2000,5,false
00-0035594,Travis Homer,2022,SEA,RB,10,4.31,4.32,-4.35,0.3265,5.1,Miami,2019,6,false
00-0027891,Golden Tate,2010,SEA,WR,11,4.01,2.54,-4.35,0.2817,5.1,Notre Dame,2010,2,false
00-0026953,Sammie Stroughter,2010,TB,WR,12,4.01,3.36,-4.35,0.2746,5.1,Oregon State,2009,7,false
00-0036626,Dyami Brown,2024,WAS,WR,15,4.49,3.4,-4.35,0.3439,5.1,North Carolina,2021,3,false
00-0033555,Mack Hollins,2017,PHI,WR,12,3.72,3.83,-4.35,0.2697,5.1,North Carolina,2017,4,false
00-0032355,Chester Rogers,2019,IND,WR,10,4.77,4.54,-4.35,0.3355,5.1,Grambling State,,,false
00-0022943,Benjamin Watson,2008,NE,TE,12,4.41,5.65,-4.35,0.4375,5.1,Georgia; Duke,2004,1,false
00-0029702,Juron Criner,2012,LV,WR,9,4.34,3.5,-4.36,0.3108,5.1,Arizona,2012,5,false
00-0034386,Justin Watson,2019,TB,WR,9,4.77,6.67,-4.36,0.3289,5.1,Penn,2018,5,false
00-0022006,Artose Pinner,2006,MIN,RB,11,3.52,9.48,-4.36,0.3196,5.1,Kentucky,2003,4,false
00-0024268,Anthony Fasano,2015,TEN,TE,14,4.78,5.14,-4.36,0.5063,5.1,Notre Dame,2006,2,false
00-0021980,George Wrighster,2005,JAX,TE,10,3.7,4.11,-4.36,0.4035,5.1,Oregon,2003,4,false
00-0023438,Braylon Edwards,2011,SF,WR,9,3.68,3.12,-4.36,0.223,5.1,Michigan,2005,1,false
00-0030068,Marquise Goodwin,2019,SF,WR,8,4.76,5.68,-4.36,0.3224,5.1,Texas,2013,3,false
00-0023897,John Madsen,2006,LV,TE,9,3.51,4.76,-4.36,0.2833,5.1,Utah; Snow,,,false
00-0036427,Tyler Johnson,2025,NYJ,WR,9,4.19,5.22,-4.36,0.3789,5.1,Minnesota,2020,5,false
00-0029640,Brian Quick,2013,LA,WR,14,4.3,4.12,-4.36,0.2409,5.1,Appalachian State,2012,2,false
00-0039074,Davis Allen,2025,LA,TE,15,4.19,2.93,-4.37,0.407,5.1,Clemson,2023,5,false
00-0039814,Erick All,2024,CIN,TE,8,4.47,2.41,-4.37,0.4872,5.1,Iowa; Michigan,2024,4,false
00-0019997,Antonio Chatman,2004,GB,WR,16,3.51,3.95,-4.37,0.2444,5.1,Cincinnati; El Camino,,,false
00-0030669,Albert Wilson,2014,KC,WR,10,4.2,5.03,-4.37,0.3077,5.1,Georgia State,,,false
00-0027089,Louis Murphy,2012,CAR,WR,15,4.33,3.61,-4.37,0.3041,5.1,Florida,2009,4,false
00-0036754,Brock Wright,2021,DET,TE,8,4.46,4.95,-4.38,0.4675,5.1,Notre Dame,,,false
00-0033885,David Njoku,2020,CLE,TE,11,4.75,4.29,-4.38,0.4079,5.1,Miami,2017,1,false
00-0020381,Justin McCareins,2007,NYJ,WR,11,3.84,2.55,-4.38,0.2388,5.1,Northern Illinois,2001,4,false
00-0033895,Gerald Everett,2017,LA,TE,14,3.69,3.8,-4.38,0.4286,5.1,South Alabama; UAB; Hutchinson CC,2017,2,false
00-0012603,Bernie Parmalee,1999,NYJ,RB,16,2.48,2.89,-4.38,0.3125,5.1,Ball State,,,false
00-0019662,Ron Dixon,2001,NYG,WR,15,2.45,3.39,-4.38,0.2199,5.1,Lambuth; West Georgia; Itawamba JC; Tallahassee CC,2000,3,false
00-0037273,Kyle Philips,2023,TEN,WR,8,4.14,3.98,-4.38,0.3713,5.1,UCLA,2022,5,false
00-0031384,Richard Rodgers,2014,GB,TE,13,4.19,4.19,-4.38,0.4079,5.1,California,2014,3,false
00-0021927,David Tyree,2004,NYG,WR,9,3.5,6.7,-4.38,0.237,5.1,Syracuse,2003,6,false
00-0030290,Cobi Hamilton,2016,PIT,WR,11,4.76,4.47,-4.38,0.3311,5.1,Arkansas,2013,6,false
00-0031428,Allen Robinson,2023,PIT,WR,15,4.13,3.19,-4.38,0.3653,5.1,Penn State,2014,2,false
00-0019660,Dez White,2000,CHI,WR,10,2.27,2.94,-4.38,0.2029,5.1,Georgia Tech,2000,3,false
00-0038090,Skyy Moore,2023,KC,WR,13,4.13,4.29,-4.39,0.3593,5.1,Western Michigan,2022,2,false
00-0024287,Leonard Pope,2011,KC,TE,15,3.65,3.35,-4.39,0.411,5.1,Georgia,2006,3,false
00-0019863,Dominic Rhodes,2003,IND,RB,11,3.08,3.83,-4.39,0.2626,5.1,Midwestern State; Tyler JC,,,false
00-0031590,Jay Ajayi,2015,MIA,RB,9,4.74,3.67,-4.39,0.3542,5.1,Boise State,2015,5,false
00-0030450,Quinton Patton,2015,SF,WR,16,4.74,3.64,-4.39,0.3311,5.1,Louisiana Tech; Coffeyville CC,2013,4,false
00-0032775,Demarcus Robinson,2025,SF,WR,14,4.16,3,-4.4,0.3727,5.1,Florida,2016,4,false
00-0027214,Keiland Williams,2011,DET,RB,12,3.64,4.86,-4.4,0.2727,5.1,LSU,,,false
00-0033375,Tim Patrick,2019,DEN,WR,8,4.73,4.51,-4.4,0.3158,5.1,Utah; Grossmont,,,false
00-0010333,Kris Mangum,2003,CAR,TE,12,3.07,2.56,-4.4,0.2364,5.1,Mississippi; Alabama,1997,7,false
00-0036244,Colby Parkinson,2023,SEA,TE,15,4.11,3.46,-4.4,0.5,5.1,Stanford,2020,4,false
00-0036955,Terrace Marshall Jr.,2023,CAR,WR,8,4.11,5.05,-4.41,0.3533,5.1,LSU,2021,2,false
00-0035021,Ashton Dulin,2022,IND,WR,10,4.25,4.37,-4.41,0.28,5.1,Malone,,,false
00-0031344,Cody Latimer,2019,NYG,WR,14,4.71,4.6,-4.41,0.3092,5.1,Indiana,2014,2,false
00-0002565,Dan Campbell,2001,NYG,TE,14,2.41,2.15,-4.41,0.2143,5.1,Texas A&M,1999,3,false
00-0000883,Marco Battaglia,1999,CIN,TE,12,2.44,2.16,-4.41,0.3385,5.1,Rutgers,1996,2,false
00-0029275,Ladarius Green,2014,LAC,TE,10,4.16,3.52,-4.41,0.3947,5.1,Louisiana-Lafayette,2012,4,false
00-0034400,Jordan Wilkins,2020,IND,RB,13,4.72,5.34,-4.41,0.3131,5.1,Mississippi,2018,5,false
00-0021376,T.J. Duckett,2008,SEA,RB,15,4.35,5.67,-4.42,0.2766,5.1,Michigan State,2002,1,false
00-0001766,Jeremy Brigham,2001,OAK,TE,11,2.41,3.39,-4.42,0.1964,5.1,Washington,1998,5,false
00-0020407,Rudi Johnson,2008,DET,RB,13,4.35,6.11,-4.42,0.266,5.1,Auburn; Butler County JC,2001,4,false
00-0038679,Tyrell Shavers,2025,BUF,WR,11,4.14,5.36,-4.42,0.3665,5.1,San Diego State; Mississippi State; Alabama,,,false
00-0026186,Jerome Simpson,2012,MIN,WR,12,4.28,2.83,-4.42,0.2973,5.1,Coastal Carolina,2008,2,false
00-0033854,Dare Ogunbowale,2019,TB,RB,16,4.71,3.04,-4.42,0.3053,5.1,Wisconsin,,,false
00-0035249,Josh Oliver,2023,MIN,TE,13,4.1,4,-4.42,0.4875,5.1,San Jose State,2019,3,false
00-0021460,Cortez Hankton,2003,JAX,WR,11,3.05,2.66,-4.42,0.2366,5.1,Texas Southern,,,false
00-0022288,Jason Wright,2006,CLE,RB,9,3.46,3.93,-4.42,0.3093,5.1,Northwestern,,,false
00-0035594,Travis Homer,2021,SEA,RB,14,4.41,5.04,-4.42,0.2673,5.1,Miami,2019,6,false
00-0026201,Martellus Bennett,2010,DAL,TE,15,3.93,2.98,-4.42,0.4795,5.1,Texas A&M,2008,2,false
00-0036219,Marquez Callaway,2020,NO,WR,9,4.7,5.12,-4.43,0.2922,5.1,Tennessee,,,false
00-0021982,Justin Gage,2004,CHI,WR,8,3.45,2.33,-4.43,0.2296,5.1,Missouri,2003,5,false
00-0000911,Fred Baxter,1999,NYJ,TE,11,2.42,3.15,-4.44,0.3231,5.1,Auburn,1993,5,false
00-0030216,Josh Hill,2019,NO,TE,14,4.69,3.81,-4.44,0.4571,5.1,Idaho State; Boise State,,,false
00-0036913,Kadarius Toney,2023,KC,WR,13,4.08,3.18,-4.44,0.3473,5,Florida,2021,1,false
00-0022093,Justin Fargas,2004,LV,RB,10,3.44,2.37,-4.44,0.234,5,USC; Michigan,2003,3,false
00-0020285,Alge Crumpler,2009,TEN,TE,14,3.8,4.05,-4.44,0.4265,5,North Carolina,2001,2,false
00-0036332,Josiah Deguara,2021,GB,TE,14,4.39,4.42,-4.44,0.4545,5,Cincinnati,2020,3,false
00-0030525,Tavon Austin,2017,LA,WR,14,3.62,3.66,-4.45,0.2632,5,West Virginia,2013,1,false
00-0002469,Isaac Byrd,2002,CAR,WR,12,3.03,5.24,-4.45,0.25,5,Kansas,1997,6,false
00-0002565,Dan Campbell,2002,NYG,TE,15,3.03,2.42,-4.45,0.3846,5,Texas A&M,1999,3,false
00-0034676,James Washington,2021,PIT,WR,15,4.39,4.85,-4.45,0.2839,5,Oklahoma State,2018,2,false
00-0009288,Terry Kirby,2001,OAK,RB,11,2.37,2.52,-4.45,0.2755,5,Virginia,1993,3,false
00-0023953,Sam Hurd,2007,DAL,WR,15,3.76,3.66,-4.45,0.2313,5,Northern Illinois,,,false
00-0034646,Brandon Powell,2023,MIN,WR,17,4.06,4.09,-4.45,0.3413,5,Florida,,,false
00-0019659,Erron Kinney,2002,TEN,TE,10,3.03,2.52,-4.45,0.3692,5,Florida,2000,3,false
00-0038752,Jake Bobo,2023,SEA,WR,14,4.06,4.55,-4.45,0.3353,5,UCLA; Duke,,,false
00-0016321,Rodney Thomas,2000,TEN,RB,15,2.2,3.63,-4.45,0.2,5,Texas A&M,1995,3,false
00-0022097,Brandon Lloyd,2014,SF,WR,12,4.12,4.89,-4.46,0.3007,5,Illinois,2003,4,false
00-0021927,David Tyree,2003,NYG,WR,12,3.02,4.5,-4.46,0.229,5,Syracuse,2003,6,false
00-0024260,LenDale White,2006,TEN,RB,13,3.42,2.36,-4.46,0.299,5,USC,2006,2,false
00-0035359,David Sills,2025,ATL,WR,12,4.09,4.68,-4.46,0.3602,5,West Virginia,,,false
00-0009119,Reggie Kelly,2003,CIN,TE,9,3.01,2.36,-4.46,0.2182,5,Mississippi State,1999,2,false
00-0022144,Bobby Wade,2003,CHI,WR,9,3.01,2.66,-4.46,0.2214,5,Arizona,2003,5,false
00-0032141,Geoff Swaim,2021,TEN,TE,16,4.38,4.32,-4.46,0.4286,5,Texas; Butte College,2015,7,false
00-0034798,Durham Smythe,2021,MIA,TE,16,4.38,3.29,-4.46,0.4286,5,Notre Dame,2018,4,false
00-0015970,Justin Swift,2001,SF,WR,10,2.36,1.99,-4.46,0.2128,5,Kansas State,1999,7,false
00-0027321,Jeff Cumberland,2014,NYJ,TE,16,4.11,4.89,-4.47,0.3816,5,Illinois,,,false
00-0019641,Thomas Jones,2011,KC,RB,16,3.57,2.57,-4.47,0.2614,5,Virginia,2000,1,false
00-0021304,John Gilmore,2010,TB,TE,9,3.89,2.77,-4.47,0.4658,5,Penn State,2002,6,false
00-0032214,Tyler Kroft,2021,NYJ,TE,9,4.37,3.05,-4.47,0.4156,5,Rutgers,2015,3,false
00-0002102,Mark Bruener,2006,HOU,TE,8,3.4,2.54,-4.48,0.2667,5,Washington,1995,1,false
00-0019491,James Williams,2000,SEA,WR,8,2.17,2.25,-4.48,0.1957,5,Marshall; Hinds CC,2000,6,false
00-0011236,Billy Miller,2004,HOU,TE,12,3.4,4.03,-4.48,0.3443,5,USC,1999,7,false
00-0028050,Greg Salas,2014,NYJ,WR,8,4.09,3.4,-4.49,0.2937,5,Hawaii,2011,4,false
00-0035500,Greg Dortch,2023,ARI,WR,16,4.03,5.7,-4.49,0.3293,5,Wake Forest,,,false
00-0002586,Mark Campbell,2000,CLE,TE,12,2.17,2.49,-4.49,0.2167,5,Michigan,,,false
00-0004888,Bert Emanuel,2000,MIA,WR,9,2.17,3.71,-4.49,0.1884,5,Rice; UCLA,1994,2,false
00-0023490,Roscoe Parrish,2005,BUF,WR,10,3.57,3.56,-4.49,0.2481,5,Miami,2005,2,false
00-0019600,Michael L. Lewis,2003,NO,WR,13,2.98,5.45,-4.49,0.2137,5,,,,false
00-0037005,Tommy Tremble,2023,CAR,TE,15,4.03,3.07,-4.49,0.475,5,Notre Dame,2021,3,false
00-0020700,James Mungro,2004,IND,RB,9,3.39,2.99,-4.49,0.2234,5,Syracuse,,,false
00-0037563,Malik Davis,2025,DAL,RB,10,4.06,4.81,-4.49,0.3333,5,Florida,,,false
00-0037258,Dameon Pierce,2024,HOU,RB,10,4.35,8.09,-4.49,0.4082,5,Florida,2022,4,false
00-0031060,De'Anthony Thomas,2015,KC,WR,10,4.64,4.24,-4.5,0.3245,5,Oregon,2014,4,false
00-0033246,Johnny Mundt,2023,MIN,TE,10,4.02,4.55,-4.5,0.4625,5,Oregon,,,false
00-0033111,Pharoh Cooper,2019,ARI,WR,12,4.63,3.17,-4.5,0.3026,5,South Carolina,2016,4,false
00-0040194,Jackson Hawes,2025,BUF,TE,13,4.05,2.63,-4.5,0.3953,5,Georgia Tech; Yale,2025,5,false
00-0038979,Cedric Tillman,2023,CLE,WR,11,4.02,3.27,-4.5,0.3234,5,Tennessee,2023,3,false
00-0027675,Ed Dickson,2013,BAL,TE,14,4.16,3.06,-4.5,0.3731,5,Oregon,2010,3,false
00-0030155,Demetrius Harris,2017,KC,TE,13,3.57,3.74,-4.5,0.4156,5,Wisconsin-Milwaukee; Mineral Area CC,,,false
00-0009119,Reggie Kelly,2001,ATL,TE,13,2.32,2.32,-4.5,0.1786,5,Mississippi State,1999,2,false
00-0031897,Thomas Rawls,2017,SEA,RB,9,3.57,3.09,-4.5,0.1895,5,Central Michigan; Michigan,,,false
00-0031273,Cameron Brate,2022,TB,TE,9,4.16,2.84,-4.5,0.4444,5,Harvard,,,false
00-0022087,Tyrone Calico,2005,TEN,WR,11,3.55,2.94,-4.51,0.2406,5,Middle Tennessee State,2003,2,false
00-0039451,Isaiah Williams,2025,NYJ,WR,15,4.05,4.43,-4.51,0.354,5,Illinois,,,false
00-0009443,Brian Kozlowski,1999,ATL,TE,15,2.35,3.86,-4.51,0.3077,5,Connecticut,,,false
00-0030821,Allen Hurns,2018,DAL,WR,14,4.39,3.62,-4.51,0.227,5,Miami,,,false
00-0031558,Maxx Williams,2015,BAL,TE,14,4.63,4.36,-4.51,0.4937,5,Minnesota,2015,2,false
00-0030300,Jaron Brown,2014,ARI,WR,14,4.06,4.95,-4.51,0.2867,5,Clemson,,,false
00-0011236,Billy Miller,2006,NO,TE,8,3.36,2.3,-4.51,0.25,5,USC,1999,7,false
00-0024389,Delanie Walker,2007,SF,TE,12,3.7,3.71,-4.51,0.3651,5,Central Missouri; Mt. San Antonio,2006,6,false
00-0022706,Michael Gaines,2008,DET,TE,12,4.25,2.67,-4.51,0.4219,5,UCF,2004,7,false
00-0024318,Brad Smith,2012,BUF,WR,15,4.19,4.6,-4.51,0.2905,5,Missouri,2006,4,false
00-0028142,Virgil Green,2017,DEN,TE,11,3.55,2.42,-4.51,0.4026,5,Nevada,2011,7,false
00-0027893,Damian Williams,2010,TEN,WR,10,3.84,3.12,-4.52,0.2676,5,USC; Arkansas,2010,3,false
00-0026373,Justin Forsett,2011,SEA,RB,16,3.52,2.69,-4.52,0.25,5,California,2008,7,false
00-0027964,Jon Baldwin,2012,KC,WR,14,4.18,4.05,-4.52,0.2838,5,Pittsburgh,2011,1,false
00-0035287,KeeSean Johnson,2019,ARI,WR,10,4.6,3.36,-4.52,0.2961,5,Fresno State,2019,6,false
00-0019831,Nick Goings,2005,CAR,RB,12,3.53,3.28,-4.53,0.3333,5,Pittsburgh; Ohio State,,,false
00-0040138,Jaylin Noel,2025,HOU,WR,17,4.02,4.91,-4.53,0.3478,5,Iowa State,2025,3,false
00-0039050,Payne Durham,2024,TB,TE,8,4.31,4.73,-4.53,0.4744,5,Purdue,2023,5,false
00-0017896,Nicolas Luchey,2002,CIN,RB,10,2.95,5.94,-4.53,0.3232,5,Miami,1999,5,false
00-0020022,Marcel Shipp,2006,ARI,RB,12,3.34,5.97,-4.53,0.2887,5,UMass Amherst,,,false
00-0026983,Darrius Heyward-Bey,2015,PIT,WR,14,4.6,5.75,-4.54,0.3179,5,Maryland,2009,1,false
00-0006299,Tony Graziani,1999,ATL,QB,11,2.31,4.14,-4.54,0,5,Oregon,1997,7,false
00-0031384,Richard Rodgers,2016,GB,TE,15,4.61,3.58,-4.54,0.4384,5,California,2014,3,false
00-0036637,Noah Gray,2022,KC,TE,17,4.12,2.46,-4.54,0.4321,5,Duke,2021,5,false
00-0004673,Tim Dwight,2006,NYJ,WR,9,3.33,3.73,-4.54,0.189,5,Iowa,1998,4,false
00-0029429,Bryce Brown,2013,PHI,RB,15,4.12,4.49,-4.54,0.3441,5,Kansas State; Tennessee,2012,7,false
00-0037291,Jalen Nailor,2022,MIN,WR,8,4.11,6.55,-4.55,0.2733,5,Michigan State,2022,6,false
00-0032227,Jeff Heuerman,2017,DEN,TE,10,3.52,4.29,-4.55,0.3896,5,Ohio State,2015,3,false
00-0007798,Desmond Howard,2001,DET,WR,14,2.27,3.15,-4.55,0.2057,4.9,Michigan,1992,1,false
00-0034457,Josh Adams,2020,NYJ,RB,8,4.58,5.47,-4.56,0.303,4.9,Notre Dame,,,false
00-0036259,Jauan Jennings,2023,SF,WR,13,3.96,4.24,-4.56,0.3174,4.9,Tennessee,2020,7,false
00-0032475,Tanner McEvoy,2016,SEA,WR,8,4.59,4.8,-4.56,0.3245,4.9,Wisconsin; South Carolina; Arizona Western,,,false
00-0035771,Mitchell Wilcox,2022,CIN,TE,9,4.1,4.01,-4.56,0.4198,4.9,University of South Florida,,,false
00-0031236,Brandin Cooks,2025,NO,WR,13,3.99,3.64,-4.56,0.3416,4.9,Oregon State,2014,1,true
00-0033562,Ryan Switzer,2018,PIT,WR,16,4.34,3.82,-4.56,0.2199,4.9,North Carolina,2017,4,false
00-0020391,Jameel Cook,2006,HOU,RB,8,3.31,2.8,-4.56,0.2784,4.9,Illinois,2001,6,false
00-0026224,Harry Douglas,2010,ATL,WR,15,3.79,3.85,-4.56,0.2606,4.9,Louisville,2008,3,false
00-0003136,Mike Cloud,1999,KC,RB,8,2.29,2.44,-4.57,0.3021,4.9,Boston College,1999,2,false
00-0034613,Tanner Hudson,2024,CIN,TE,9,4.28,4.87,-4.57,0.4615,4.9,Southern Arkansas; Memphis,,,false
00-0020397,Chad Johnson,2011,NE,WR,14,3.47,3.25,-4.57,0.2162,4.9,Oregon State; Langston University; Santa Monica,2001,2,false
00-0026221,Early Doucet,2012,ARI,WR,12,4.13,2.73,-4.57,0.277,4.9,LSU,2008,3,false
00-0020805,Jason McKie,2006,CHI,RB,13,3.31,2.64,-4.57,0.268,4.9,Temple,,,false
00-0030089,Luke Willson,2013,SEA,TE,13,4.09,4.83,-4.57,0.3582,4.9,Rice,2013,5,false
00-0017896,Nicolas Luchey,2000,CIN,RB,10,2.08,1.59,-4.57,0.1882,4.9,Miami,1999,5,false
00-0034407,Ray-Ray McCloud,2021,PIT,WR,16,4.26,4.21,-4.58,0.2774,4.9,Clemson,2018,6,false
00-0033375,Tim Patrick,2025,JAX,WR,13,3.98,5.7,-4.58,0.3354,4.9,Utah; Grossmont,,,false
00-0004463,Dameane Douglas,2001,PHI,WR,11,2.25,7.45,-4.58,0.1986,4.9,California,1999,4,false
00-0029415,Keshawn Martin,2013,HOU,WR,16,4.08,4.56,-4.58,0.2336,4.9,Michigan State,2012,4,false
00-0033955,Jeremy McNichols,2024,WAS,RB,15,4.25,5.41,-4.59,0.398,4.9,Boise State,2017,5,false
00-0017027,Derrick Walker,1999,OAK,TE,8,2.26,3.17,-4.59,0.2923,4.9,Michigan,1990,6,false
00-0020452,Cedrick Wilson,2002,SF,WR,13,2.89,3.09,-4.59,0.2431,4.9,Tennessee,2001,6,false
00-0017896,Nicolas Luchey,1999,CIN,RB,10,2.26,2.35,-4.59,0.2917,4.9,Miami,1999,5,false
00-0025439,Brian Leonard,2013,TB,RB,16,4.07,3.54,-4.6,0.3333,4.9,Rutgers,2007,2,false
00-0036628,John Bates,2021,WAS,TE,12,4.24,3.43,-4.6,0.4026,4.9,Boise State,2021,4,false
00-0036924,Michael Carter,2023,NYJ,RB,15,3.92,3.84,-4.6,0.2889,4.9,North Carolina,2021,4,true
00-0024332,Leon Washington,2014,TEN,RB,14,3.97,5.5,-4.6,0.2718,4.9,Florida State,2006,4,false
00-0038839,Mitchell Tinsley,2025,CIN,WR,8,3.95,3.87,-4.6,0.3292,4.9,Penn State; Western Kentucky,,,false
00-0036415,Van Jefferson,2024,PIT,WR,15,4.24,3.37,-4.6,0.3376,4.9,Florida; Mississippi,2020,2,false
00-0032211,Tyler Lockett,2025,LV,WR,17,3.95,3.54,-4.61,0.323,4.9,Kansas State,2015,3,true
00-0019127,Todd Yoder,2003,TB,TE,9,2.87,6.09,-4.61,0.2,4.9,Vanderbilt,,,false
00-0034798,Durham Smythe,2020,MIA,TE,13,4.52,2.67,-4.61,0.3947,4.9,Notre Dame,2018,4,false
00-0029141,Alfred Morris,2020,NYG,RB,9,4.52,5.37,-4.61,0.2929,4.9,Florida Atlantic,2012,6,false
00-0023968,Micheal Spurlock,2010,TB,WR,16,3.75,4.57,-4.61,0.2535,4.9,Mississippi,,,false
00-0032134,C.J. Uzomah,2019,CIN,TE,14,4.51,5.16,-4.61,0.4429,4.9,Auburn,2015,5,false
00-0020127,Daniel Wilcox,2005,BAL,TE,12,3.45,6,-4.61,0.386,4.9,Appalachian State; Georgia Military,,,false
00-0034073,Ross Dwelley,2019,SF,TE,8,4.51,5.77,-4.61,0.4286,4.9,San Diego,,,false
00-0030532,Stedman Bailey,2015,LA,WR,8,4.52,4.72,-4.61,0.3113,4.9,West Virginia,2013,3,false
00-0026899,Shonn Greene,2014,TEN,RB,13,3.96,3.77,-4.61,0.2621,4.9,Iowa; Kirkwood Community College,2009,3,false
00-0030564,DeAndre Hopkins,2025,BAL,WR,17,3.94,4.17,-4.61,0.3168,4.9,Clemson,2013,1,false
00-0035298,Scott Miller,2019,TB,WR,9,4.51,5.18,-4.61,0.2895,4.9,Bowling Green,2019,6,false
00-0027048,Glen Coffee,2009,SF,RB,13,3.63,5.66,-4.61,0.2391,4.9,Alabama,2009,3,false
00-0024463,Ben Obomanu,2007,SEA,WR,10,3.6,5.05,-4.61,0.2239,4.9,Auburn,2006,7,false
00-0022807,Bernard Berrian,2004,CHI,WR,16,3.27,3.67,-4.61,0.2222,4.9,Fresno State,2004,3,false
00-0034279,Equanimeous St. Brown,2022,CHI,WR,16,4.04,3.54,-4.61,0.2667,4.9,Notre Dame,2018,6,false
00-0012971,Aaron Pierce,1999,BAL,TE,8,2.24,2.01,-4.62,0.2769,4.9,Washington,1992,3,false
00-0001862,Luther Broughton,2000,PHI,TE,11,2.04,2.1,-4.62,0.2,4.9,Furman,1997,5,false
00-0017356,Jed Weaver,2002,MIA,TE,11,2.86,3.73,-4.62,0.3538,4.9,Oregon,1999,7,false
00-0035689,Dawson Knox,2024,BUF,TE,14,4.22,2.83,-4.62,0.4487,4.9,Mississippi,2019,3,false
00-0003136,Mike Cloud,2002,KC,RB,12,2.86,3.04,-4.63,0.3131,4.9,Boston College,1999,2,false
00-0033858,Jonnu Smith,2021,NE,TE,16,4.21,3.43,-4.63,0.3896,4.9,Florida International,2017,3,false
00-0024287,Leonard Pope,2009,KC,TE,12,3.62,3.21,-4.63,0.4118,4.9,Georgia,2006,3,false
00-0022821,Michael Turner,2005,LAC,RB,15,3.43,5.19,-4.63,0.3229,4.9,Northern Illinois,2004,5,false
00-0038794,Jaleel McLaughlin,2025,DEN,RB,8,3.92,2.83,-4.63,0.3229,4.9,Youngstown State,,,false
00-0029614,Chris Givens,2015,BAL,WR,14,4.51,4.07,-4.63,0.3046,4.9,Wake Forest,2012,4,true
00-0002380,Steve Bush,2002,ARI,RB,13,2.85,2.63,-4.63,0.303,4.9,Arizona State,,,false
00-0033292,Trent Taylor,2018,SF,WR,13,4.27,4.91,-4.63,0.2128,4.9,Louisiana Tech,2017,5,false
00-0010598,Alonzo Mayes,1999,CHI,TE,10,2.22,2.21,-4.63,0.2615,4.9,Oklahoma State; Rose State Coll. OK (J.C.),1998,4,false
00-0038705,Emari Demercado,2024,ARI,RB,13,4.21,4.62,-4.64,0.3878,4.9,TCU,,,false
00-0028057,Delone Carter,2012,IND,RB,8,4.06,3.36,-4.64,0.3053,4.9,Syracuse,2011,4,false
00-0027918,Andrew Hawkins,2013,CIN,WR,8,4.02,4.39,-4.64,0.2263,4.9,Toledo,,,false
00-0019600,Michael L. Lewis,2002,NO,WR,16,2.84,6.12,-4.64,0.2361,4.9,,,,false
00-0029731,Fozzy Whittaker,2016,CAR,RB,16,4.51,5.34,-4.64,0.3646,4.9,Texas,,,false
00-0022929,Devery Henderson,2012,NO,WR,15,4.06,6.92,-4.64,0.2703,4.9,LSU,2004,2,false
00-0032134,C.J. Uzomah,2022,NYJ,TE,14,4.01,4.4,-4.64,0.4074,4.9,Auburn,2015,5,false
00-0025414,Robert Meachem,2013,NO,WR,15,4.02,4.79,-4.64,0.219,4.9,Tennessee,2007,1,false
00-0023564,Darren Sproles,2007,LAC,RB,15,3.57,7.17,-4.65,0.266,4.9,Kansas State,2005,4,false
00-0026224,Harry Douglas,2016,TEN,WR,8,4.5,3.44,-4.65,0.3179,4.9,Louisville,2008,3,false
00-0009323,Jimmy Kleinsasser,2000,MIN,TE,12,2.01,1.8,-4.65,0.1833,4.9,North Dakota,1999,2,false
00-0031570,Justin Hardy,2015,ATL,WR,9,4.49,1.97,-4.65,0.298,4.9,East Carolina,2015,4,false
00-0019457,Anthony Becht,2006,TB,TE,11,3.23,2.54,-4.65,0.2333,4.9,West Virginia,2000,1,false
00-0039868,Troy Franklin,2024,DEN,WR,16,4.19,3.36,-4.65,0.3312,4.9,Oregon,2024,4,false
00-0032355,Chester Rogers,2021,TEN,WR,16,4.19,3.59,-4.65,0.271,4.9,Grambling State,,,false
00-0034386,Justin Watson,2024,KC,WR,15,4.19,3.58,-4.65,0.3248,4.9,Penn,2018,5,false
00-0036265,AJ Dillon,2020,GB,RB,9,4.48,8.15,-4.65,0.2828,4.9,Boston College,2020,2,false
00-0036849,Tutu Atwell,2025,LA,WR,8,3.9,5.69,-4.65,0.3106,4.9,Louisville,2021,2,false
00-0021915,Sam Aiken,2004,BUF,WR,8,3.23,3.52,-4.66,0.2148,4.9,North Carolina,2003,4,false
00-0024756,Matt Willis,2011,DEN,WR,15,3.38,3.3,-4.66,0.2095,4.9,UCLA,,,false
00-0030216,Josh Hill,2016,NO,TE,8,4.49,5.27,-4.66,0.4247,4.9,Idaho State; Boise State,,,false
00-0020187,Marcellus Rivers,2005,HOU,TE,12,3.4,2.51,-4.66,0.3684,4.9,Oklahoma State,,,false
00-0035297,Kelvin Harmon,2019,WAS,WR,15,4.46,3.55,-4.66,0.2829,4.9,N.C. State,2019,6,false
00-0011068,Johnny McWilliams,1999,ARI,TE,11,2.19,2.19,-4.66,0.2462,4.9,USC,1996,3,false
00-0026364,Steve Johnson,2008,BUF,WR,8,4.1,3.5,-4.66,0.2593,4.9,Kentucky; Chabot College,2008,7,false
00-0021509,Reno Mahe,2004,PHI,RB,11,3.22,4.76,-4.66,0.2128,4.9,BYU; Dixie College (UT),,,false
00-0018588,Alan Ricard,2002,BAL,RB,12,2.82,3.09,-4.67,0.2929,4.9,Louisiana-Monroe,,,false
00-0031384,Richard Rodgers,2017,GB,TE,10,3.4,5.2,-4.67,0.3766,4.8,California,2014,3,false
00-0031744,Matt LaCosse,2018,DEN,TE,13,4.23,3.78,-4.67,0.4737,4.8,Illinois,,,false
00-0028057,Delone Carter,2011,IND,RB,15,3.37,4.11,-4.67,0.2386,4.8,Syracuse,2011,4,false
00-0030388,Joseph Randle,2014,DAL,RB,14,3.9,4.36,-4.67,0.2524,4.8,Oklahoma State,2013,5,false
00-0031045,Carlos Hyde,2021,JAX,RB,11,4.16,4.08,-4.67,0.2574,4.8,Ohio State,2014,2,false
00-0021376,T.J. Duckett,2006,WAS,RB,9,3.2,3.19,-4.68,0.2577,4.8,Michigan State,2002,1,false
00-0025544,David Clowney,2009,NYJ,WR,11,3.56,5.85,-4.68,0.2517,4.8,Virginia Tech,2007,5,false
00-0019302,Bryan Gilmore,2004,MIA,WR,13,3.2,4.23,-4.68,0.2074,4.8,Midwestern State,,,false
00-0021980,George Wrighster,2007,JAX,TE,10,3.53,2.89,-4.68,0.3492,4.8,Oregon,2003,4,false
00-0036232,Harrison Bryant,2021,CLE,TE,15,4.15,3.28,-4.68,0.3766,4.8,Florida Atlantic,2020,4,false
00-0021273,Robert Royal,2005,WAS,TE,11,3.37,2.91,-4.69,0.3509,4.8,LSU,2002,5,false
00-0016440,James Thrash,2007,WAS,WR,9,3.52,8.31,-4.69,0.2164,4.8,Missouri Southern,,,false
00-0021314,Chester Taylor,2011,ARI,RB,11,3.35,2.17,-4.69,0.2273,4.8,Toledo,2002,6,false
00-0032398,Chris Moore,2025,WAS,WR,10,3.86,4.32,-4.69,0.3043,4.8,Cincinnati,2016,4,false
00-0037666,Jalen Tolbert,2025,DAL,WR,12,3.86,4.41,-4.69,0.2981,4.8,South Alabama,2022,3,false
00-0022724,Sean McHugh,2007,DET,TE,12,3.52,2.63,-4.7,0.3333,4.8,Penn State,2004,7,false
00-0023504,Andrew Walter,2006,LV,QB,12,3.17,3.27,-4.7,0,4.8,Arizona State,2005,3,false
00-0028087,Dion Lewis,2019,TEN,RB,15,4.42,2.97,-4.7,0.2947,4.8,Pittsburgh,2011,5,false
00-0008572,Lonnie Johnson,1999,KC,TE,12,2.15,3.74,-4.7,0.2308,4.8,Florida State,1994,2,false
00-0023547,Ciatrick Fason,2005,MIN,RB,9,3.36,3.51,-4.7,0.3125,4.8,Florida,2005,4,false
00-0024318,Brad Smith,2010,NYJ,WR,16,3.65,5.21,-4.71,0.2465,4.8,Missouri,2006,4,false
00-0030108,Ryan Griffin,2018,HOU,TE,13,4.19,4.32,-4.71,0.4605,4.8,Connecticut,2013,6,false
00-0030670,Bennie Fowler,2018,NYG,WR,10,4.19,2.78,-4.71,0.2057,4.8,Michigan State,,,false
00-0005860,Chris Gedney,2000,ARI,TE,9,1.94,1.09,-4.71,0.1667,4.8,Syracuse,1993,3,false
00-0001661,Kyle Brady,2007,NE,TE,8,3.5,3.34,-4.71,0.3175,4.8,Penn State,1995,1,false
00-0030874,Damien Williams,2014,MIA,RB,15,3.86,4.98,-4.71,0.2427,4.8,Oklahoma; Arizona Western,,,false
00-0024243,Marcedes Lewis,2006,JAX,TE,10,3.16,2.45,-4.72,0.2167,4.8,UCLA,2006,1,false
00-0031598,Nick Boyle,2017,BAL,TE,15,3.35,2.18,-4.72,0.3636,4.8,Delaware,2015,5,false
00-0031075,Alfred Blue,2016,HOU,RB,14,4.43,4.71,-4.72,0.3542,4.8,LSU,2014,6,false
00-0032450,Dwayne Washington,2016,DET,RB,11,4.43,2,-4.72,0.3438,4.8,Washington,2016,7,false
00-0025542,Dante Rosario,2010,CAR,TE,16,3.64,2.28,-4.72,0.4521,4.8,Oregon,2007,5,false
00-0031068,Ryan Grant,2015,WAS,WR,14,4.41,4.45,-4.72,0.2914,4.8,Tulane,2014,5,false
00-0021268,Terry Jones,2002,BAL,TE,10,2.76,2.97,-4.72,0.3385,4.8,Alabama,2002,5,false
00-0024345,Domenik Hixon,2009,NYG,WR,13,3.52,3.34,-4.73,0.2448,4.8,Akron,2006,4,false
00-0023506,Alex Smith,2011,CLE,TE,10,3.31,2.52,-4.73,0.3973,4.8,Stanford,2005,3,false
00-0031549,Nelson Agholor,2015,PHI,WR,13,4.41,4.33,-4.73,0.2848,4.8,USC,2015,1,false
00-0025609,Derek Schouman,2008,BUF,TE,9,4.03,3.48,-4.73,0.4063,4.8,Boise State,2007,7,false
00-0021084,Matt Schobel,2005,CIN,TE,13,3.33,3.06,-4.73,0.3333,4.8,TCU; Texas A&M,2002,3,false
00-0029492,Jamize Olawale,2016,LV,RB,13,4.42,5.13,-4.73,0.3333,4.8,North Texas,,,false
00-0020332,David Martin,2003,GB,TE,12,2.74,3.14,-4.73,0.1818,4.8,Tennessee,2001,6,false
00-0023545,Brandon Jacobs,2005,NYG,RB,15,3.33,4.42,-4.73,0.3021,4.8,Southern Illinois; Auburn; Coffeyville CC,2005,4,false
00-0031189,T.J. Jones,2018,DET,WR,12,4.17,5.33,-4.73,0.1986,4.8,Notre Dame,2014,6,false
00-0028409,DuJuan Harris,2016,SF,RB,8,4.41,8.08,-4.73,0.3229,4.8,Troy,,,false
00-0029264,Bernard Pierce,2014,BAL,RB,13,3.84,3.72,-4.73,0.233,4.8,Temple,2012,3,false
00-0030514,Mychal Rivera,2015,LV,TE,15,4.4,3.67,-4.74,0.481,4.8,Tennessee; College of the Canyons,2013,6,false
00-0002005,Na Brown,2000,PHI,WR,12,1.92,2.07,-4.74,0.1812,4.8,North Carolina,1999,4,false
00-0036142,Isaiah Wright,2020,WAS,WR,11,4.39,3.58,-4.74,0.2857,4.8,Temple,,,false
00-0022051,Teyo Johnson,2003,LV,TE,12,2.73,3.23,-4.74,0.1636,4.8,Stanford,2003,2,false
00-0028049,Clyde Gates,2012,NYJ,WR,10,3.96,4.86,-4.74,0.2635,4.8,Abilene Christian; Tyler JC,2011,4,false
00-0032980,Marcus Johnson,2020,IND,WR,9,4.39,5.14,-4.74,0.2792,4.8,Texas,,,false
00-0028249,Jeremy Ross,2014,DET,WR,16,3.83,3.61,-4.74,0.2797,4.8,California,,,false
00-0036422,Adam Trautman,2023,DEN,TE,16,3.77,3.93,-4.74,0.45,4.8,Dayton,2020,3,false
00-0027985,Lance Kendricks,2015,LA,TE,14,4.39,4.11,-4.74,0.4684,4.8,Wisconsin,2011,2,false
00-0027675,Ed Dickson,2012,BAL,TE,11,3.95,3.31,-4.75,0.411,4.8,Oregon,2010,3,false
00-0002586,Mark Campbell,2006,NO,TE,11,3.13,1.98,-4.75,0.2,4.8,Michigan,,,false
00-0024359,Jerome Harrison,2008,CLE,RB,15,4.01,4.73,-4.75,0.2553,4.8,Washington State; Pasadena College; Eastern Michigan,2006,5,false
00-0029632,Mohamed Sanu,2021,SF,WR,8,4.09,3.22,-4.75,0.2645,4.8,Rutgers,2012,3,false
00-0021236,Randy McMichael,2010,LAC,TE,15,3.61,4.47,-4.75,0.4384,4.8,Georgia,2002,4,false
00-0030068,Marquise Goodwin,2021,CHI,WR,14,4.09,5.33,-4.75,0.2581,4.8,Texas,2013,3,false
00-0026267,Jacob Tamme,2011,IND,TE,13,3.28,4.46,-4.75,0.3836,4.8,Kentucky,2008,4,false
00-0008921,Randy Jordan,1999,OAK,RB,14,2.1,5.34,-4.75,0.2813,4.8,North Carolina,,,false
00-0032208,Phillip Dorsett,2015,IND,WR,11,4.38,3.55,-4.75,0.2781,4.8,Miami,2015,1,false
00-0034052,Brandon Zylstra,2021,CAR,WR,12,4.08,4.28,-4.75,0.2516,4.8,Concordia College; Augustana (SD),,,false
00-0032782,Wendell Smallwood,2016,PHI,RB,12,4.39,5.1,-4.75,0.3125,4.8,West Virginia,2016,5,false
00-0022288,Jason Wright,2008,CLE,RB,13,4.01,4.36,-4.75,0.2447,4.8,Northwestern,,,false
00-0038824,Ryan Miller,2024,TB,WR,9,4.09,3.05,-4.75,0.3185,4.8,Furman,,,false
00-0027155,Rashad Jennings,2009,JAX,RB,15,3.49,3.15,-4.76,0.2283,4.8,Liberty; Pittsburgh,2009,7,false
00-0036244,Colby Parkinson,2024,LA,TE,16,4.09,3.6,-4.76,0.4359,4.8,Stanford,2020,4,false
00-0034054,River Cracraft,2022,MIA,WR,8,3.9,4,-4.76,0.26,4.8,Washington State,,,false
00-0031277,Branden Oliver,2015,LAC,RB,8,4.38,5.04,-4.76,0.3438,4.8,Buffalo,,,false
00-0028112,Charles Clay,2012,MIA,TE,13,3.94,5.78,-4.76,0.3973,4.8,Tulsa,2011,6,false
00-0002005,Na Brown,2001,PHI,WR,8,2.06,2.41,-4.76,0.1915,4.8,North Carolina,1999,4,false
00-0033658,Blake Jarwin,2021,DAL,TE,8,4.08,3.36,-4.76,0.3636,4.8,Oklahoma State,,,false
00-0027608,Kyle Williams,2012,SF,WR,11,3.94,4.33,-4.76,0.2568,4.8,Arizona State,2010,6,false
00-0001766,Jeremy Brigham,1999,OAK,TE,9,2.09,2.04,-4.76,0.2154,4.8,Washington,1998,5,false
00-0030400,Marlon Brown,2014,BAL,WR,13,3.81,3.18,-4.77,0.2727,4.8,Georgia,,,false
00-0010500,Derrick Mason,2011,HOU,WR,11,3.27,3.15,-4.77,0.2027,4.8,Michigan State,1997,4,true
00-0021931,Kevin Walter,2005,CIN,WR,14,3.29,4.42,-4.77,0.2331,4.8,Eastern Michigan,2003,7,false
00-0039144,Luke Musgrave,2025,GB,TE,13,3.78,2.62,-4.77,0.3837,4.8,Oregon State,2023,2,false
00-0036040,Juwan Johnson,2021,NO,TE,13,4.07,5.01,-4.77,0.3506,4.8,Oregon; Penn State,,,false
00-0020984,Randy Hymes,2005,BAL,WR,11,3.29,3.1,-4.77,0.2256,4.8,Grambling State,,,false
00-0029319,Josh Bellamy,2016,CHI,WR,13,4.38,4.25,-4.77,0.3113,4.8,Louisville; Butte College,,,false
00-0027948,Blaine Gabbert,2018,TEN,QB,8,4.13,3.84,-4.77,0,4.8,Missouri,2011,1,false
00-0019564,Aaron Shea,2001,CLE,TE,11,2.05,2.8,-4.77,0.1607,4.8,Michigan,2000,4,false
00-0016677,Jerame Tuman,2001,PIT,TE,11,2.05,2.93,-4.77,0.1429,4.8,Michigan,1999,5,false
00-0034104,Cam Sims,2021,WAS,WR,12,4.07,4.96,-4.77,0.2452,4.8,Alabama,,,false
00-0030181,Jack Doyle,2014,IND,TE,11,3.8,3.72,-4.77,0.3684,4.8,Western Kentucky,,,false
00-0031387,Eric Ebron,2021,PIT,TE,8,4.06,4.09,-4.78,0.3377,4.8,North Carolina,2014,1,false
00-0021216,Brian Westbrook,2002,PHI,RB,14,2.71,2.03,-4.78,0.2828,4.8,Villanova,2002,3,false
00-0022217,Mewelde Moore,2011,PIT,RB,12,3.26,3.23,-4.78,0.2159,4.8,Tulane,2004,4,false
00-0019662,Ron Dixon,2000,NYG,WR,12,1.88,3.25,-4.78,0.1739,4.8,Lambuth; West Georgia; Itawamba JC; Tallahassee CC,2000,3,false
00-0019606,Todd Pinkston,2000,PHI,WR,15,1.87,2.57,-4.78,0.1667,4.8,Southern Mississippi,2000,2,false
00-0039875,Ray Davis,2025,BUF,RB,17,3.77,6.26,-4.78,0.3125,4.8,Kentucky; Vanderbilt; Temple,2024,4,false
00-0020425,Ken-Yon Rambo,2002,DAL,WR,13,2.7,2.93,-4.78,0.2292,4.8,Ohio State,2001,7,false
00-0020849,Charles Stackhouse,2002,NYG,RB,14,2.7,3.22,-4.78,0.2727,4.8,Mississippi,,,false
00-0021190,Antwaan Randle El,2010,PIT,WR,16,3.57,3.55,-4.78,0.2394,4.7,Indiana,2002,2,false
00-0009119,Reggie Kelly,2008,CIN,TE,13,3.98,2.14,-4.79,0.3906,4.7,Mississippi State,1999,2,false
00-0037801,KaVontae Turpin,2023,DAL,WR,16,3.73,3.86,-4.79,0.3114,4.7,TCU,,,false
00-0033536,Mike Williams,2024,NYJ,WR,14,4.06,3.48,-4.79,0.3057,4.7,Clemson,2017,1,true
00-0039880,Malik Washington,2024,MIA,WR,14,4.06,3.81,-4.79,0.3057,4.7,Virginia; Northwestern,2024,6,false
00-0027779,Deji Karim,2011,JAX,RB,12,3.25,3.02,-4.79,0.2045,4.7,Southern Illinois; Northeast Oklahoma,2010,6,false
00-0034309,Chad Beebe,2020,MIN,WR,12,4.34,5.75,-4.79,0.2727,4.7,Northern Illinois,,,false
00-0021993,Bethel Johnson,2004,NE,WR,13,3.09,3.19,-4.79,0.2,4.7,Texas A&M,2003,2,false
00-0038589,Josh Whyle,2024,TEN,TE,15,4.05,4.27,-4.79,0.4231,4.7,Cincinnati,2023,5,false
00-0030578,Cordarrelle Patterson,2020,CHI,RB,16,4.34,4.1,-4.79,0.2727,4.7,Tennessee; Hutchinson CC,2013,1,false
00-0031228,Taylor Gabriel,2015,CLE,WR,12,4.34,3.4,-4.79,0.2715,4.7,Abilene Christian,,,false
00-0031035,Xavier Grimble,2016,PIT,TE,8,4.35,3.45,-4.8,0.411,4.7,USC,,,false
00-0026367,Peyton Hillis,2014,NYG,RB,8,3.77,4.3,-4.8,0.2233,4.7,Arkansas,2008,7,false
00-0015980,Reggie Swinton,2003,DET,WR,12,2.68,3.69,-4.8,0.2061,4.7,Murray State,,,true
00-0012368,Winslow Oliver,1999,ATL,RB,11,2.05,2.9,-4.8,0.2708,4.7,New Mexico,1996,3,false
00-0033933,Chad Williams,2018,ARI,WR,10,4.1,3.89,-4.8,0.1915,4.7,Grambling State,2017,3,false
00-0030236,Dennis Johnson,2013,HOU,RB,8,3.86,3.08,-4.8,0.3226,4.7,Arkansas,,,false
00-0032394,Nick Vannett,2024,TEN,TE,12,4.04,3.75,-4.8,0.4103,4.7,Ohio State,2016,3,false
00-0038951,Sean Tucker,2024,TB,RB,17,4.04,8.13,-4.8,0.3776,4.7,Syracuse,,,false
00-0022613,Glenn Martinez,2007,DEN,WR,11,3.41,3.84,-4.8,0.209,4.7,Saginaw Valley State,,,false
00-0033858,Jonnu Smith,2017,TEN,TE,14,3.26,3.65,-4.8,0.3506,4.7,Florida International,2017,3,false
00-0015980,Reggie Swinton,2001,DAL,WR,15,2.02,4.32,-4.8,0.1844,4.7,Murray State,,,false
00-0034799,Kalen Ballage,2019,MIA,RB,12,4.32,3.67,-4.81,0.2842,4.7,Arizona State,2018,4,false
00-0034339,Trey Quinn,2019,WAS,WR,12,4.32,3.8,-4.81,0.2763,4.7,SMU; LSU,2018,7,false
00-0021508,Greg Lewis,2004,PHI,WR,12,3.08,3.03,-4.81,0.1926,4.7,Illinois,,,false
00-0024529,Gijon Robinson,2008,IND,TE,9,3.96,4.17,-4.81,0.375,4.7,Missouri Western,,,false
00-0033217,Mo Alie-Cox,2022,IND,TE,14,3.85,6.85,-4.81,0.3951,4.7,Virginia Commonwealth Univ.,,,false
00-0033080,Seth DeValve,2016,CLE,TE,8,4.34,3.31,-4.81,0.3973,4.7,Princeton,2016,4,false
00-0008196,Terry Jackson,2004,SF,RB,14,3.07,2.44,-4.81,0.2021,4.7,Florida,1999,5,false
00-0031257,Paul Richardson,2016,SEA,WR,13,4.33,3.98,-4.82,0.3046,4.7,Colorado; UCLA,2014,2,false
00-0027088,Shawn Nelson,2009,BUF,TE,11,3.43,2.66,-4.82,0.3971,4.7,Southern Mississippi,2009,4,false
00-0008430,Anthony Johnson,1999,CAR,RB,14,2.04,2.57,-4.82,0.2604,4.7,Notre Dame,1990,2,false
00-0033555,Mack Hollins,2021,MIA,WR,15,4.02,5.26,-4.82,0.2387,4.7,North Carolina,2017,4,false
00-0030422,Dion Sims,2017,CHI,TE,12,3.25,3.36,-4.82,0.3377,4.7,Michigan State,2013,4,false
00-0034860,Dante Pettis,2022,CHI,WR,17,3.84,5.07,-4.82,0.2533,4.7,Washington,2018,2,false
00-0002380,Steve Bush,2001,ARI,RB,8,2,2.49,-4.83,0.2653,4.7,Arizona State,,,false
00-0004052,Stephen Davis,2006,LA,RB,14,3.05,3.33,-4.83,0.2474,4.7,Auburn,1996,4,false
00-0030514,Mychal Rivera,2016,LV,TE,10,4.32,3.66,-4.83,0.3836,4.7,Tennessee; College of the Canyons,2013,6,false
00-0017110,Chris Walsh,2002,MIN,WR,14,2.66,2.41,-4.83,0.2222,4.7,Stanford,1992,9,false
00-0031782,Eli Rogers,2017,PIT,WR,12,3.24,3.11,-4.83,0.2566,4.7,Louisville,,,false
00-0033471,Isaiah Ford,2021,MIA,WR,10,4.01,4.49,-4.83,0.2323,4.7,Virginia Tech,2017,7,false
00-0040078,Brashard Smith,2025,KC,RB,17,3.72,4.01,-4.83,0.3021,4.7,SMU; Miami,2025,7,false
00-0038496,Xavier Gipson,2023,NYJ,WR,17,3.69,3.53,-4.83,0.3054,4.7,Stephen F. Austin State,,,false
00-0029738,Darren Fells,2018,CLE,TE,10,4.07,4.41,-4.83,0.4474,4.7,UC Irvine,,,false
00-0031166,Seth Roberts,2019,BAL,WR,14,4.29,4.35,-4.83,0.2697,4.7,West Alabama; Pearl River,,,false
00-0027825,Jim Dray,2013,ARI,TE,15,3.83,3.39,-4.83,0.3433,4.7,Stanford,2010,7,false
00-0022943,Benjamin Watson,2013,NO,TE,14,3.83,3.13,-4.84,0.3284,4.7,Georgia; Duke,2004,1,false
00-0034164,Trenton Cannon,2018,NYJ,RB,12,4.06,3.25,-4.84,0.2151,4.7,Virginia State; Shepherd,2018,6,false
00-0019302,Bryan Gilmore,2006,SF,WR,12,3.03,3.36,-4.84,0.1811,4.7,Midwestern State,,,false
00-0030544,Gavin Escobar,2013,DAL,TE,9,3.82,3.29,-4.84,0.3134,4.7,San Diego State,2013,2,false
00-0001477,Marty Booker,2009,ATL,WR,12,3.4,4.55,-4.84,0.2378,4.7,Louisiana-Monroe,1999,3,false
00-0034860,Dante Pettis,2024,NO,WR,8,4,2.95,-4.84,0.2994,4.7,Washington,2018,2,false
00-0002586,Mark Campbell,1999,CLE,TE,11,2.01,2.15,-4.84,0.2,4.7,Michigan,,,false
00-0027135,Brandon Myers,2014,TB,TE,11,3.73,3.5,-4.85,0.3553,4.7,Iowa,2009,6,false
00-0019997,Antonio Chatman,2007,CIN,WR,12,3.37,2.56,-4.85,0.2015,4.7,Cincinnati; El Camino,,,false
00-0037840,Kyren Williams,2022,LA,RB,8,3.81,3.12,-4.85,0.3163,4.7,Notre Dame,2022,5,false
00-0030456,Giovani Bernard,2019,CIN,RB,16,4.28,2.4,-4.85,0.2737,4.7,North Carolina,2013,2,false
00-0034418,Cedrick Wilson Jr.,2024,NO,WR,13,4,4.6,-4.85,0.293,4.7,Boise State; Coffeyville CC,2018,6,false
00-0031376,Jerick McKinnon,2021,KC,RB,9,3.99,4.18,-4.85,0.2475,4.7,Georgia Southern,2014,3,false
00-0033572,Jamal Agnew,2023,JAX,WR,11,3.66,4.92,-4.85,0.2994,4.7,San Diego,2017,5,false
00-0024243,Marcedes Lewis,2016,JAX,TE,10,4.29,2.79,-4.86,0.3699,4.7,UCLA,2006,1,false
00-0023806,DeDe Dorsey,2007,CIN,RB,9,3.36,2.56,-4.86,0.2553,4.7,Lindenwood; University of Ottawa (Kans.),,,false
00-0037086,Grant Calcaterra,2024,PHI,TE,15,3.99,3.81,-4.86,0.3974,4.7,SMU; Oklahoma,2022,6,false
00-0027981,Kyle Rudolph,2021,NYG,TE,15,3.98,2.64,-4.86,0.3247,4.7,Notre Dame,2011,2,false
00-0002713,Tony Carter,2001,DEN,RB,9,1.97,1.49,-4.86,0.2551,4.7,Minnesota,,,false
00-0022129,Mike Seidman,2004,CAR,TE,13,3.02,3.22,-4.86,0.3279,4.7,UCLA,2003,3,false
00-0004463,Dameane Douglas,1999,PHI,WR,11,1.99,4.14,-4.86,0.1691,4.7,California,1999,4,false
00-0033217,Mo Alie-Cox,2018,IND,TE,8,4.04,4.1,-4.86,0.4342,4.7,Virginia Commonwealth Univ.,,,false
00-0028307,Drew Davis,2013,ATL,WR,12,3.8,6.07,-4.86,0.2117,4.7,Oregon,,,false
00-0033589,David Moore,2019,SEA,WR,14,4.26,3.68,-4.87,0.2632,4.7,East Central,2017,7,false
00-0026739,Jordan Norwood,2015,DEN,WR,10,4.27,2.41,-4.87,0.2649,4.7,Penn State,,,false
00-0027518,Donald Jones,2010,BUF,WR,13,3.49,5.25,-4.87,0.2324,4.7,Youngstown State; Lackawanna JC,,,false
00-0008903,Andrew Jordan,2000,MIN,TE,8,1.79,2.06,-4.87,0.15,4.7,Western Carolina; North Greenville College,1994,6,false
00-0019290,Zeron Flemister,2002,WAS,TE,14,2.61,4.24,-4.87,0.3231,4.7,Iowa,,,false
00-0032935,Johnny Holton,2017,LV,WR,14,3.2,5.13,-4.87,0.25,4.7,Cincinnati; College of DuPage,,,false
00-0026026,Joey Haynos,2009,MIA,TE,14,3.37,3.76,-4.87,0.3824,4.7,Maryland,,,false
00-0029614,Chris Givens,2014,LA,WR,9,3.7,3.38,-4.87,0.2657,4.7,Wake Forest,2012,4,false
00-0021182,Maurice Morris,2005,SEA,RB,14,3.19,4.34,-4.87,0.2917,4.7,Oregon; Fresno City College,2002,2,false
00-0024297,Derek Hagan,2012,LV,WR,12,3.83,3.64,-4.87,0.25,4.7,Arizona State,2006,3,false
00-0007213,Steve Heiden,2001,SD,TE,10,1.95,2.28,-4.88,0.125,4.7,South Dakota State,1999,3,false
00-0021357,Rock Cartwright,2002,WAS,RB,12,2.61,3.5,-4.88,0.2626,4.7,Kansas State; Trinity Valley CC,2002,7,false
00-0037746,Brian Robinson,2025,SF,RB,17,3.68,3.2,-4.88,0.2917,4.7,Alabama,2022,3,false
00-0022714,Kris Wilson,2007,KC,TE,14,3.34,3.22,-4.88,0.3016,4.7,Pittsburgh,2004,2,false
00-0036219,Marquez Callaway,2022,NO,WR,10,3.78,3.02,-4.88,0.2467,4.7,Tennessee,,,false
00-0003663,Zack Crockett,2005,LV,RB,16,3.18,3.7,-4.88,0.2813,4.7,Florida State; Hinds CC,1995,3,false
00-0019997,Antonio Chatman,2008,CIN,WR,10,3.88,5.05,-4.88,0.2519,4.7,Cincinnati; El Camino,,,false
00-0031697,Jordan Taylor,2016,DEN,WR,11,4.26,3.35,-4.88,0.298,4.7,Rice,,,false
00-0014655,Mike Sellers,1999,WAS,TE,15,1.97,3.5,-4.89,0.1846,4.7,Walla Walla Community College,,,false
00-0036370,Joshua Kelley,2023,LAC,RB,17,3.63,4.38,-4.89,0.2778,4.7,UCLA,2020,4,false
00-0035703,Miles Boykin,2019,BAL,WR,12,4.23,4.13,-4.89,0.2566,4.7,Notre Dame,2019,3,false
00-0030485,Eddie Lacy,2017,SEA,RB,9,3.18,3.18,-4.89,0.1789,4.7,Alabama,2013,2,false
00-0021213,Chris Baker,2009,NE,TE,12,3.35,4.21,-4.89,0.3676,4.7,Michigan State,2002,3,false
00-0027125,Zach Miller,2010,JAX,TE,14,3.46,4.87,-4.89,0.4247,4.7,Nebraska-Omaha; Nebraska,2009,6,false
00-0019594,Mike Anderson,2006,BAL,RB,13,2.98,3.02,-4.9,0.2371,4.7,Utah; Mount San Jacinto College,2000,6,false
00-0009237,Brian Kinchen,1999,CAR,TE,11,1.95,3.52,-4.9,0.1692,4.7,LSU,1988,12,false
00-0034419,Braxton Berrios,2023,MIA,WR,16,3.62,4.22,-4.9,0.2934,4.7,Miami,2018,6,false
00-0033006,Jaydon Mickens,2017,JAX,WR,10,3.17,6.92,-4.9,0.2434,4.7,Washington,,,false
00-0029683,Ronnie Hillman,2012,DEN,RB,14,3.8,3.4,-4.9,0.2947,4.7,San Diego State,2012,3,false
00-0004637,Jason Dunn,2001,KC,TE,8,1.93,3.53,-4.9,0.1071,4.7,Eastern Kentucky,1996,2,false
00-0033439,Pharaoh Brown,2020,HOU,TE,10,4.23,5.11,-4.9,0.3816,4.7,Oregon,,,false
00-0034273,Damion Ratley,2019,CLE,WR,9,4.22,4.65,-4.9,0.25,4.7,Texas A&M; Blinn College,2018,6,false
00-0031806,Malcolm Brown,2019,LA,RB,14,4.22,5.09,-4.9,0.2632,4.7,Texas,,,false
00-0030000,Kenbrell Thompkins,2014,LV,WR,13,3.67,4.49,-4.9,0.2587,4.7,Cincinnati; El Camino; Palomar College,,,true
00-0027985,Lance Kendricks,2017,GB,TE,14,3.16,3.59,-4.9,0.3247,4.7,Wisconsin,2011,2,false
00-0040782,Isaiah Bond,2025,CLE,WR,15,3.65,3.21,-4.91,0.2919,4.6,Texas; Alabama,,,false
00-0006804,Patrick Hape,2002,DEN,TE,8,2.58,2.91,-4.91,0.3077,4.6,Alabama,1997,5,false
00-0028497,Kamar Aiken,2016,BAL,WR,16,4.24,3.42,-4.91,0.2914,4.6,UCF,,,false
00-0038115,Daniel Bellinger,2023,NYG,TE,14,3.61,2.96,-4.91,0.4375,4.6,San Diego State,2022,4,false
00-0008196,Terry Jackson,2000,SF,RB,14,1.74,3.67,-4.91,0.1765,4.6,Florida,1999,5,false
00-0025633,Kenneth Darby,2010,LA,RB,13,3.45,4,-4.91,0.3,4.6,Alabama,2007,7,false
00-0022060,Aaron Walker,2003,SF,TE,10,2.56,2.4,-4.91,0.1455,4.6,Florida,2003,5,false
00-0019552,Troy Walters,2005,IND,WR,15,3.15,7.05,-4.91,0.218,4.6,Stanford,2000,5,false
00-0016321,Rodney Thomas,2001,ATL,RB,9,1.91,1.66,-4.91,0.2449,4.6,Texas A&M,1995,3,false
00-0021242,Ron Johnson,2002,BAL,WR,13,2.57,3.29,-4.91,0.2153,4.6,Minnesota,2002,4,false
00-0025487,Michael Bush,2013,CHI,RB,14,3.75,4.05,-4.91,0.3118,4.6,Louisville,2007,4,false
00-0036829,Caleb Huntley,2022,ATL,RB,12,3.74,3.48,-4.92,0.3061,4.6,Ball State,,,false
00-0035537,Ty Johnson,2023,BUF,RB,9,3.6,4.74,-4.92,0.2667,4.6,Maryland,2019,6,false
00-0036527,DJ Turner,2024,LV,WR,12,3.93,3.82,-4.92,0.2866,4.6,Pittsburgh; Maryland,,,false
00-0005562,Antonio Freeman,2003,GB,WR,11,2.55,1.79,-4.92,0.1985,4.6,Virginia Tech,1995,3,false
00-0024268,Anthony Fasano,2006,DAL,TE,9,2.96,2.13,-4.92,0.1833,4.6,Notre Dame,2006,2,false
00-0006431,Damon Griffin,1999,CIN,WR,12,1.93,2.83,-4.92,0.1618,4.6,Oregon,,,false
00-0030854,Erik Swoope,2016,IND,TE,12,4.23,3.95,-4.92,0.3562,4.6,Miami,,,false
00-0024013,Hank Baskett,2007,PHI,WR,11,3.29,3.28,-4.92,0.194,4.6,New Mexico,,,false
00-0026367,Peyton Hillis,2012,KC,RB,13,3.78,3.83,-4.92,0.2842,4.6,Arkansas,2008,7,false
00-0035631,Drew Sample,2023,CIN,TE,14,3.59,3.39,-4.92,0.425,4.6,Washington,2019,2,false
00-0033555,Mack Hollins,2023,ATL,WR,12,3.59,3.25,-4.93,0.2874,4.6,North Carolina,2017,4,false
00-0039921,Trey Benson,2024,ARI,RB,12,3.92,3.76,-4.93,0.3673,4.6,Florida State; Oregon,2024,3,false
00-0022055,Seneca Wallace,2009,SEA,QB,13,3.32,5.59,-4.93,0.1282,4.6,Iowa State; Sacramento City,2003,4,false
00-0037742,Treylon Burks,2025,WAS,WR,8,3.63,3.25,-4.93,0.2857,4.6,Arkansas,2022,1,false
00-0021929,Donald Lee,2010,GB,TE,10,3.43,3.38,-4.93,0.411,4.6,Mississippi State,2003,5,false
00-0018382,Craig Yeast,1999,CIN,WR,8,1.92,3.06,-4.93,0.1544,4.6,Kentucky,1999,4,false
00-0033308,Matt Breida,2020,MIA,RB,10,4.2,3.03,-4.93,0.2626,4.6,Georgia Southern,,,false
00-0026225,Craig Stevens,2012,TEN,TE,15,3.77,3.19,-4.93,0.3836,4.6,California,2008,3,false
00-0036422,Adam Trautman,2022,NO,TE,12,3.72,2.93,-4.93,0.3827,4.6,Dayton,2020,3,false
00-0031731,Corey Grant,2017,JAX,RB,14,3.14,4.78,-4.93,0.1684,4.6,Auburn; Alabama,,,false
00-0034301,Darrel Williams,2020,KC,RB,13,4.19,3.59,-4.94,0.2525,4.6,LSU,,,false
00-0021508,Greg Lewis,2008,PHI,WR,13,3.82,4.41,-4.94,0.2444,4.6,Illinois,,,false
00-0008598,Pat Johnson,2003,WAS,WR,15,2.53,3.34,-4.94,0.1908,4.6,Oregon,1998,2,false
00-0027825,Jim Dray,2014,CLE,TE,13,3.63,3.46,-4.94,0.3421,4.6,Stanford,2010,7,false
00-0030544,Gavin Escobar,2014,DAL,TE,12,3.63,6.23,-4.95,0.3289,4.6,San Diego State,2013,2,false
00-0016440,James Thrash,2005,WAS,WR,11,3.11,2.61,-4.95,0.2105,4.6,Missouri Southern,,,false
00-0027712,Joe McKnight,2011,NYJ,RB,15,3.09,4.79,-4.95,0.1932,4.6,USC,2010,4,false
00-0011392,Basil Mitchell,1999,GB,RB,15,1.9,3.98,-4.95,0.25,4.6,TCU,,,false
00-0021213,Chris Baker,2003,NYJ,TE,11,2.52,1.64,-4.96,0.1273,4.6,Michigan State,2002,3,false
00-0034981,Foster Moreau,2023,NO,TE,13,3.56,2.49,-4.96,0.4125,4.6,LSU,2019,4,false
00-0034681,Chase Edmonds,2018,ARI,RB,16,3.94,5.22,-4.96,0.2043,4.6,Fordham,2018,4,false
00-0017644,Jermaine Wiggins,2002,CAR,TE,8,2.52,3.19,-4.96,0.2923,4.6,Georgia; Marshall,,,true
00-0004172,Greg DeLong,1999,BAL,TE,12,1.89,3.44,-4.96,0.1538,4.6,North Carolina,,,false
00-0035298,Scott Miller,2023,ATL,WR,11,3.55,3.55,-4.96,0.2814,4.6,Bowling Green,2019,6,false
00-0026267,Jacob Tamme,2013,DEN,TE,12,3.7,4.64,-4.96,0.2985,4.6,Kentucky,2008,4,false
00-0007213,Steve Heiden,2000,SD,TE,9,1.69,2.39,-4.97,0.1333,4.6,South Dakota State,1999,3,false
00-0038555,Tank Bigsby,2025,PHI,RB,15,3.59,5.16,-4.97,0.2813,4.6,Auburn,2023,3,true
00-0001103,Edgar Bennett,1999,CHI,RB,14,1.89,2.11,-4.97,0.2396,4.6,Florida State,1992,4,false
00-0012321,Jeff Ogden,1999,DAL,WR,14,1.89,1.92,-4.97,0.1471,4.6,Eastern Washington,,,false
00-0034400,Jordan Wilkins,2019,IND,RB,13,4.15,4.53,-4.97,0.2526,4.6,Mississippi,2018,5,false
00-0032791,Jakeem Grant,2017,MIA,WR,15,3.1,5.94,-4.97,0.2368,4.6,Texas Tech,2016,6,false
00-0003400,Ernie Conwell,2004,NO,TE,9,2.91,3.73,-4.97,0.3115,4.6,Washington,1996,2,false
00-0019831,Nick Goings,2006,CAR,RB,11,2.9,3.41,-4.98,0.2268,4.6,Pittsburgh; Ohio State,,,false
00-0000883,Marco Battaglia,2000,CIN,TE,14,1.68,1.29,-4.98,0.1167,4.6,Rutgers,1996,2,false
00-0037475,Stone Smartt,2024,LAC,TE,9,3.87,3.28,-4.98,0.3846,4.6,Old Dominion,,,false
00-0028097,Lee Smith,2018,LV,TE,9,3.92,3.27,-4.98,0.4079,4.6,Marshall; Tennessee,2011,5,false
00-0034830,Hayden Hurst,2018,BAL,TE,9,3.92,3.46,-4.98,0.4079,4.6,South Carolina,2018,1,false
00-0033911,Taywan Taylor,2017,TEN,WR,16,3.09,3.86,-4.98,0.2303,4.6,Western Kentucky,2017,3,false
00-0025637,Ahmad Bradshaw,2008,NYG,RB,15,3.78,5.25,-4.98,0.234,4.6,Marshall,2007,7,false
00-0019552,Troy Walters,2002,IND,WR,16,2.5,4.23,-4.98,0.2083,4.6,Stanford,2000,5,false
00-0033854,Dare Ogunbowale,2021,JAX,RB,13,3.85,5.45,-4.98,0.2376,4.6,Wisconsin,,,false
00-0034159,Will Dissly,2021,SEA,TE,13,3.85,2.4,-4.98,0.3117,4.6,Washington,2018,4,false
00-0031598,Nick Boyle,2020,BAL,TE,9,4.14,4.24,-4.99,0.3684,4.6,Delaware,2015,5,false
00-0034272,Marquez Valdes-Scantling,2023,KC,WR,16,3.53,4.18,-4.99,0.2754,4.6,University of South Florida; N.C. State,2018,5,false
00-0034867,Malik Turner,2019,SEA,WR,11,4.14,3.18,-4.99,0.2434,4.6,Illinois,,,false
00-0038440,Zavier Scott,2025,MIN,RB,11,3.56,4.67,-4.99,0.2708,4.6,Maine,,,false
00-0015507,Brian Stablein,2000,DET,WR,8,1.66,0.93,-4.99,0.1594,4.6,Ohio State,1993,8,false
00-0032951,Laquon Treadwell,2017,MIN,WR,13,3.08,2.62,-4.99,0.2237,4.6,Mississippi,2016,1,false
00-0031008,Silas Redd,2014,WAS,RB,9,3.58,4.31,-4.99,0.2136,4.6,USC; Penn State,,,false
00-0020256,Kevin Kasper,2001,DEN,WR,10,1.83,2.24,-5,0.1773,4.6,Iowa,2001,6,false
00-0036290,Cole Kmet,2020,CHI,TE,15,4.13,4.52,-5,0.3553,4.6,Notre Dame,2020,2,false
00-0034272,Marquez Valdes-Scantling,2025,PIT,WR,9,3.56,3.34,-5,0.2795,4.6,University of South Florida; N.C. State,2018,5,true
00-0038394,Will Mallory,2023,IND,TE,11,3.52,3.51,-5,0.4,4.6,Miami,2023,5,false
00-0029435,Damaris Johnson,2012,PHI,WR,14,3.7,3.58,-5,0.2432,4.6,Tulsa,,,false
00-0021424,Chris Horn,2005,KC,WR,12,3.06,3.91,-5,0.203,4.6,Rocky Mountain College,,,false
00-0034073,Ross Dwelley,2020,SF,TE,12,4.13,3.17,-5.01,0.3289,4.6,San Diego,,,false
00-0034981,Foster Moreau,2020,LV,TE,8,4.13,4.54,-5.01,0.3289,4.6,LSU,2019,4,false
00-0038685,Chris Brooks,2024,GB,RB,11,3.84,2.82,-5.01,0.3571,4.6,BYU; California,,,false
00-0033045,Ezekiel Elliott,2024,DAL,RB,15,3.83,3.85,-5.01,0.3469,4.6,Ohio State,2016,1,false
00-0033217,Mo Alie-Cox,2023,IND,TE,14,3.51,3.66,-5.01,0.3875,4.6,Virginia Commonwealth Univ.,,,false
00-0025542,Dante Rosario,2007,CAR,TE,9,3.2,4.6,-5.01,0.2857,4.6,Oregon,2007,5,false
00-0036626,Dyami Brown,2022,WAS,WR,9,3.64,7.9,-5.01,0.24,4.6,North Carolina,2021,3,false
00-0033591,Noah Brown,2021,DAL,WR,9,3.82,3.72,-5.02,0.2258,4.6,Ohio State,2017,7,false
00-0021227,Justin Peelle,2009,ATL,TE,11,3.23,4.46,-5.02,0.3529,4.6,Oregon,2002,4,false
00-0026237,Andre Caldwell,2013,DEN,WR,15,3.65,6.33,-5.02,0.2044,4.6,Florida,2008,3,false
00-0027893,Damian Williams,2013,TEN,WR,9,3.64,3,-5.02,0.1971,4.6,USC; Arkansas,2010,3,false
00-0020342,Brandon Manumaleuna,2002,STL,TE,10,2.46,2.96,-5.02,0.2769,4.6,Arizona,2001,4,false
00-0035208,Olamide Zaccheaus,2023,PHI,WR,11,3.49,4.44,-5.03,0.2695,4.6,Virginia,,,false
00-0032394,Nick Vannett,2017,SEA,TE,10,3.04,3.5,-5.03,0.3117,4.5,Ohio State,2016,3,false
00-0005231,Brian Finneran,2000,ATL,WR,8,1.63,2.02,-5.03,0.1522,4.5,Villanova,,,false
00-0027666,Montario Hardesty,2012,CLE,RB,10,3.67,3.78,-5.03,0.2737,4.5,Tennessee,2010,2,false
00-0037005,Tommy Tremble,2022,CAR,TE,15,3.63,4.03,-5.03,0.3704,4.5,Notre Dame,2021,3,false
00-0016811,Iheanyi Uwaezuoke,2000,CAR,WR,9,1.62,2.22,-5.03,0.1449,4.5,California,1996,5,false
00-0028958,Cory Harkey,2013,LA,TE,10,3.63,3.64,-5.03,0.2836,4.5,UCLA,,,false
00-0036572,Shi Smith,2022,CAR,WR,17,3.62,4.74,-5.03,0.2333,4.5,South Carolina,2021,6,false
00-0022840,Julius Jones,2010,NO,RB,13,3.32,3.13,-5.04,0.2889,4.5,Notre Dame,2004,2,true
00-0032139,Ben Koyack,2016,JAX,TE,10,4.11,3.88,-5.04,0.3425,4.5,Notre Dame,2015,7,false
00-0034378,Ito Smith,2020,ATL,RB,14,4.09,4.44,-5.04,0.2424,4.5,Southern Mississippi,2018,4,false
00-0003142,Ben Coates,2000,BAL,TE,12,1.62,1.4,-5.04,0.1,4.5,Livingstone College,1991,5,false
00-0040131,Kyle Williams,2025,NE,WR,14,3.51,5.07,-5.04,0.2733,4.5,Washington State,2025,3,false
00-0026035,Danny Amendola,2014,NE,WR,15,3.53,4.03,-5.04,0.2517,4.5,Texas Tech,,,false
00-0036427,Tyler Johnson,2020,TB,WR,10,4.09,3.75,-5.04,0.2662,4.5,Minnesota,2020,5,false
00-0021100,Jeb Putzier,2006,HOU,TE,9,2.83,0.8,-5.04,0.1667,4.5,Boise State,2002,6,false
00-0021174,Tim Carter,2005,NYG,WR,11,3.02,2.24,-5.04,0.1955,4.5,Auburn,2002,2,false
00-0021309,Lee Mays,2004,PIT,WR,8,2.84,2.11,-5.04,0.1852,4.5,Texas-El Paso,2002,6,false
00-0004004,John Davis,2001,CHI,TE,10,1.78,1.75,-5.04,0.0893,4.5,Emporia State University; Cisco Junior College,,,false
00-0021166,Josh Reed,2004,BUF,WR,11,2.84,2.23,-5.05,0.1778,4.5,LSU,2002,2,false
00-0031057,Ka'Deem Carey,2015,CHI,RB,9,4.09,4.63,-5.05,0.3333,4.5,Arizona,2014,4,false
00-0030443,Levine Toilolo,2017,ATL,TE,10,3.02,3.41,-5.05,0.2987,4.5,Stanford,2013,4,false
00-0009119,Reggie Kelly,2007,CIN,TE,13,3.16,2.16,-5.05,0.2698,4.5,Mississippi State,1999,2,false
00-0026566,Isaac Redman,2010,PIT,RB,16,3.31,3.46,-5.05,0.2667,4.5,Bowie State,,,false
00-0026941,Bernard Scott,2010,CIN,RB,16,3.31,3.82,-5.05,0.2778,4.5,Abilene Christian; Blinn College; Central Arkansas; Southeastern Oklahoma State,2009,6,false
00-0009323,Jimmy Kleinsasser,2005,MIN,TE,13,3.01,2.08,-5.05,0.3158,4.5,North Dakota,1999,2,false
00-0036422,Adam Trautman,2025,DEN,TE,13,3.5,2.93,-5.05,0.3721,4.5,Dayton,2020,3,false
00-0029587,Rhett Ellison,2019,NYG,TE,10,4.07,3.39,-5.05,0.4143,4.5,USC,2012,4,false
00-0034983,Hunter Renfrow,2023,LV,WR,14,3.46,2.81,-5.05,0.2635,4.5,Clemson,2019,5,false
00-0029848,Nick Williams,2015,ATL,WR,11,4.08,3.54,-5.05,0.2583,4.5,Connecticut,,,false
00-0034159,Will Dissly,2020,SEA,TE,15,4.07,2.78,-5.06,0.3158,4.5,Washington,2018,4,false
00-0027140,Chris Ogbonnaya,2012,CLE,RB,12,3.64,3.44,-5.06,0.2632,4.5,Texas,2009,7,false
00-0034208,Mike Boone,2022,DEN,RB,8,3.6,3.57,-5.06,0.2959,4.5,Cincinnati,,,false
00-0009119,Reggie Kelly,2005,CIN,TE,10,3,2.91,-5.06,0.2982,4.5,Mississippi State,1999,2,false
00-0019663,Darrell Jackson,2008,DEN,WR,10,3.7,3.16,-5.06,0.237,4.5,Florida,2000,3,false
00-0030147,Russell Shepard,2017,CAR,WR,15,3.01,3.58,-5.06,0.2171,4.5,LSU,,,false
00-0021353,David Givens,2002,NE,WR,10,2.42,3.33,-5.06,0.2014,4.5,Notre Dame,2002,7,false
00-0010202,Mitch Lyons,1999,PIT,TE,9,1.79,1.74,-5.06,0.1385,4.5,Michigan State,1993,6,false
00-0006666,Lamont Hall,2000,NO,TE,9,1.59,2.47,-5.07,0.0833,4.5,Clemson,,,false
00-0030990,Josh Huff,2016,PHI,WR,10,4.08,4.8,-5.07,0.2848,4.5,Oregon,2014,3,true
00-0031549,Nelson Agholor,2024,BAL,WR,13,3.78,3.45,-5.07,0.2803,4.5,USC,2015,1,false
00-0002586,Mark Campbell,2005,BUF,TE,11,2.99,2.5,-5.07,0.2807,4.5,Michigan,,,false
00-0017160,Dedric Ward,2002,MIA,WR,15,2.41,1.96,-5.07,0.1944,4.5,Northern Iowa,1997,3,false
00-0027888,Toby Gerhart,2012,MIN,RB,15,3.63,2.31,-5.07,0.2526,4.5,Stanford,2010,2,false
00-0003103,Cameron Cleeland,2003,LA,TE,10,2.4,2.25,-5.07,0.1091,4.5,Washington,,,false
00-0005620,Chris Fuamatu-Ma'afala,2003,JAX,RB,9,2.4,1.79,-5.07,0.2525,4.5,Utah,1998,6,false
00-0029795,Benny Cunningham,2015,LA,RB,16,4.06,4.23,-5.07,0.3229,4.5,Middle Tennessee State,,,false
00-0019610,Reuben Droughns,2003,DEN,RB,13,2.39,3.97,-5.08,0.2424,4.5,Oregon; Merced College,2000,3,false
00-0033439,Pharaoh Brown,2023,NE,TE,11,3.44,4.56,-5.08,0.375,4.5,Oregon,,,false
00-0025486,Johnnie Lee Higgins,2009,LV,WR,15,3.16,3.98,-5.08,0.2308,4.5,Texas-El Paso,2007,3,false
00-0033455,Anthony Firkser,2019,TEN,TE,10,4.04,3.81,-5.08,0.4,4.5,Harvard,,,false
00-0020417,Benjamin Gay,2001,CLE,RB,14,1.74,3.71,-5.09,0.2347,4.5,Garden City CC,,,false
00-0003136,Mike Cloud,2000,KC,RB,14,1.56,3.16,-5.09,0.1647,4.5,Boston College,1999,2,false
00-0007213,Steve Heiden,2002,CLE,TE,14,2.39,2.37,-5.09,0.2615,4.5,South Dakota State,1999,3,false
00-0035537,Ty Johnson,2022,NYJ,RB,12,3.57,4.7,-5.09,0.2857,4.5,Maryland,2019,6,false
00-0010500,Derrick Mason,1999,TEN,WR,13,1.76,3.36,-5.09,0.1397,4.5,Michigan State,1997,4,false
00-0035287,KeeSean Johnson,2020,ARI,WR,8,4.04,2.27,-5.09,0.2597,4.5,Fresno State,2019,6,false
00-0039751,Jordan Whittington,2024,LA,WR,14,3.75,5.7,-5.09,0.2739,4.5,Texas,2024,6,false
00-0026790,Tyrell Sutton,2010,CAR,RB,8,3.26,3.62,-5.1,0.2556,4.5,Northwestern,,,false
00-0036365,Bryan Edwards,2020,LV,WR,9,4.03,4.06,-5.1,0.2532,4.5,South Carolina,2020,3,false
00-0039373,Audric Estimé,2024,DEN,RB,13,3.75,3.31,-5.1,0.3367,4.5,Notre Dame,2024,5,false
00-0021756,Will Heller,2004,TB,TE,10,2.78,3.26,-5.1,0.2951,4.5,Georgia Tech,,,false
00-0034297,Byron Pringle,2022,CHI,WR,10,3.55,4.1,-5.11,0.2267,4.5,Kansas State,,,false
00-0019455,Peter Warrick,2005,SEA,WR,10,2.95,2.9,-5.11,0.188,4.5,Florida State,2000,1,false
00-0040187,Mitchell Evans,2025,CAR,TE,14,3.44,3.21,-5.11,0.3605,4.5,Notre Dame,2025,5,false
00-0031744,Matt LaCosse,2019,NE,TE,8,4.01,2,-5.11,0.3857,4.5,Illinois,,,false
00-0036755,Jaret Patterson,2021,WAS,RB,15,3.73,5.27,-5.11,0.2277,4.5,Buffalo,,,false
00-0024272,Devin Hester,2012,CHI,WR,15,3.59,3.91,-5.11,0.2365,4.5,Miami,2006,2,false
00-0026373,Justin Forsett,2012,HOU,RB,14,3.59,4.19,-5.11,0.2421,4.5,California,2008,7,false
00-0023439,Cedric Benson,2005,CHI,RB,9,2.94,3,-5.12,0.2708,4.5,Texas,2005,1,false
00-0016440,James Thrash,2006,WAS,WR,12,2.76,3.83,-5.12,0.1732,4.5,Missouri Southern,,,false
00-0037282,James Mitchell,2022,DET,TE,8,3.54,2.41,-5.12,0.358,4.5,Virginia Tech,2022,5,false
00-0026209,Jacob Hester,2010,LAC,RB,15,3.23,3.28,-5.13,0.2444,4.5,LSU,2008,3,false
00-0022701,D.J. Hackett,2008,CAR,WR,8,3.64,2.8,-5.13,0.2296,4.5,Colorado; California State-Northridge,2004,5,false
00-0032694,Jalin Marshall,2016,NYJ,WR,10,4.02,5.19,-5.13,0.2781,4.5,Ohio State,,,false
00-0000166,Stephen Alexander,2005,DEN,TE,15,2.93,2.16,-5.13,0.2632,4.5,Oklahoma,1998,2,false
00-0001661,Kyle Brady,2004,JAX,TE,11,2.75,3.12,-5.13,0.2787,4.5,Penn State,1995,1,false
00-0035298,Scott Miller,2022,TB,WR,12,3.53,3.77,-5.13,0.22,4.5,Bowling Green,2019,6,false
00-0039041,Elijah Higgins,2025,ARI,TE,17,3.42,3.95,-5.14,0.3488,4.5,Stanford,2023,6,false
00-0029580,Rishard Matthews,2014,MIA,WR,11,3.44,2.85,-5.14,0.2448,4.5,Nevada; Bakersfield College,2012,7,false
00-0020342,Brandon Manumaleuna,2004,LA,TE,14,2.74,3.64,-5.14,0.2623,4.5,Arizona,2001,4,false
00-0035329,Donald Parham,2020,LAC,TE,11,3.99,4.66,-5.14,0.3026,4.5,Stetson,,,false
00-0040164,Jaylin Lane,2025,WAS,WR,15,3.41,2.83,-5.14,0.2671,4.5,Virginia Tech; Middle Tennessee State,2025,4,false
00-0019905,Jimmy Farris,2003,ATL,WR,12,2.33,4.29,-5.14,0.1832,4.5,Montana,,,false
00-0033308,Matt Breida,2022,NYG,RB,17,3.52,3.2,-5.14,0.2755,4.5,Georgia Southern,,,false
00-0021845,Cecil Sapp,2007,DEN,RB,14,3.07,3.59,-5.14,0.2447,4.5,Colorado State,,,false
00-0016677,Jerame Tuman,2003,PIT,TE,10,2.33,1.46,-5.14,0.0909,4.5,Michigan,1999,5,false
00-0028083,Jacquizz Rodgers,2017,TB,RB,16,2.93,4.09,-5.14,0.1579,4.5,Oregon State,2011,5,false
00-0032208,Phillip Dorsett,2017,NE,WR,11,2.92,3.25,-5.15,0.2105,4.5,Miami,2015,1,false
00-0030516,Brice Butler,2016,DAL,WR,14,3.99,4.49,-5.15,0.2715,4.5,San Diego State; USC,2013,7,false
00-0028114,Dwayne Harris,2012,DAL,WR,15,3.55,3.94,-5.15,0.2297,4.5,East Carolina,2011,6,false
00-0017356,Jed Weaver,1999,PHI,TE,13,1.7,2.14,-5.15,0.1231,4.5,Oregon,1999,7,false
00-0020342,Brandon Manumaleuna,2008,LAC,TE,11,3.61,3.08,-5.15,0.3594,4.5,Arizona,2001,4,false
00-0021182,Maurice Morris,2003,SEA,RB,16,2.32,2.72,-5.15,0.2323,4.5,Oregon; Fresno City College,2002,2,false
00-0002102,Mark Bruener,2002,PIT,TE,11,2.33,2.53,-5.16,0.2462,4.5,Washington,1995,1,false
00-0030089,Luke Willson,2016,SEA,TE,10,3.99,3.99,-5.16,0.3288,4.4,Rice,2013,5,false
00-0032426,Alex Collins,2016,SEA,RB,9,3.99,3.8,-5.16,0.3021,4.4,Arkansas,2016,5,false
00-0029587,Rhett Ellison,2014,MIN,TE,14,3.41,2.61,-5.16,0.3158,4.4,USC,2012,4,false
00-0034418,Cedrick Wilson Jr.,2020,DAL,WR,13,3.97,7.82,-5.16,0.2468,4.4,Boise State; Coffeyville CC,2018,6,false
00-0009119,Reggie Kelly,2002,ATL,TE,13,2.32,1.94,-5.16,0.2308,4.4,Mississippi State,1999,2,false
00-0036919,Kenny Gainwell,2024,PHI,RB,17,3.68,2.74,-5.16,0.3265,4.4,Memphis,2021,5,false
00-0031060,De'Anthony Thomas,2017,KC,WR,14,2.91,4.38,-5.16,0.2039,4.4,Oregon,2014,4,false
00-0020805,Jason McKie,2008,CHI,RB,10,3.6,3.61,-5.16,0.2234,4.4,Temple,,,false
00-0021147,Donte' Stallworth,2008,CLE,WR,11,3.6,3.22,-5.16,0.2222,4.4,Tennessee,2002,1,false
00-0026432,Lance Ball,2012,DEN,RB,11,3.54,4.21,-5.16,0.2316,4.4,Maryland,,,false
00-0022388,Terrance Copper,2007,NO,WR,13,3.05,3.02,-5.17,0.1866,4.4,East Carolina,,,false
00-0034970,Irv Smith,2023,CIN,TE,10,3.35,3.35,-5.17,0.3625,4.4,Alabama,2019,2,false
00-0031690,Eric Tomlinson,2017,NYJ,TE,9,2.9,2.95,-5.17,0.2857,4.4,Texas-El Paso,,,false
00-0025396,Ted Ginn,2010,SF,WR,13,3.18,3.75,-5.17,0.2254,4.4,Ohio State,2007,1,false
00-0031391,Tre Mason,2015,LA,RB,13,3.96,3.42,-5.17,0.3125,4.4,Auburn,2014,3,false
00-0024332,Leon Washington,2010,SEA,RB,16,3.18,3.69,-5.18,0.2333,4.4,Florida State,2006,4,false
00-0019127,Todd Yoder,2001,TB,TE,9,1.64,2.69,-5.18,0.0714,4.4,Vanderbilt,,,false
00-0038040,Zamir White,2024,LV,RB,8,3.66,2.51,-5.18,0.3163,4.4,Georgia,2022,4,false
00-0022706,Michael Gaines,2006,CAR,TE,11,2.69,2.91,-5.18,0.15,4.4,UCF,2004,7,false
00-0019673,Paul Smith,2000,SF,RB,10,1.47,2.48,-5.18,0.1529,4.4,Texas-El Paso,2000,5,false
00-0024369,Jeff King,2008,CAR,TE,13,3.58,2.58,-5.19,0.3438,4.4,Virginia Tech,2006,5,false
00-0021227,Justin Peelle,2008,ATL,TE,12,3.57,3.94,-5.19,0.3281,4.4,Oregon,2002,4,false
00-0024332,Leon Washington,2011,SEA,RB,16,2.85,4.32,-5.19,0.1818,4.4,Florida State,2006,4,false
00-0031558,Maxx Williams,2018,BAL,TE,10,3.71,3.74,-5.19,0.3947,4.4,Minnesota,2015,2,false
00-0030443,Levine Toilolo,2016,ATL,TE,13,3.95,4.51,-5.19,0.3151,4.4,Stanford,2013,4,false
00-0022255,Jarrett Payton,2005,TEN,RB,11,2.86,3.03,-5.2,0.2604,4.4,Miami,,,false
00-0037429,Raheem Blackshear,2022,CAR,RB,13,3.46,5.16,-5.2,0.2653,4.4,Virginia Tech,,,false
00-0032227,Jeff Heuerman,2019,DEN,TE,8,3.92,2.37,-5.2,0.3714,4.4,Ohio State,2015,3,false
00-0017611,Alvis Whitted,2003,LV,WR,12,2.28,4.5,-5.2,0.1756,4.4,N.C. State,1998,7,false
00-0037267,Jerome Ford,2025,CLE,RB,13,3.35,3.29,-5.2,0.2604,4.4,Cincinnati; Alabama,2022,5,false
00-0033025,Jalen Richard,2020,LV,RB,13,3.93,2.56,-5.2,0.2323,4.4,Southern Mississippi,,,false
00-0032795,Cody Core,2018,CIN,WR,10,3.7,3.55,-5.2,0.1844,4.4,Mississippi,2016,6,false
00-0026465,Anthony Armstrong,2011,WAS,WR,11,2.84,4.28,-5.2,0.1959,4.4,West Texas State,,,false
00-0032741,Peyton Barber,2020,WAS,RB,14,3.93,4.07,-5.2,0.2222,4.4,Auburn,,,false
00-0021273,Robert Royal,2009,CLE,TE,10,3.04,4.88,-5.2,0.3382,4.4,LSU,2002,5,false
00-0037805,Jeremy Ruckert,2025,NYJ,TE,14,3.35,2.33,-5.2,0.3372,4.4,Ohio State,2022,3,false
00-0037745,Velus Jones Jr.,2022,CHI,WR,11,3.45,4.61,-5.2,0.2133,4.4,Tennessee; USC,2022,3,false
00-0033466,Isaiah McKenzie,2021,BUF,WR,15,3.63,7.55,-5.2,0.2194,4.4,Georgia,2017,5,false
00-0037741,Jahan Dotson,2025,PHI,WR,15,3.35,3.48,-5.21,0.2609,4.4,Penn State,2022,1,false
00-0020805,Jason McKie,2004,CHI,RB,12,2.68,4.05,-5.21,0.1915,4.4,Temple,,,false
00-0031598,Nick Boyle,2018,BAL,TE,12,3.69,2.28,-5.21,0.3816,4.4,Delaware,2015,5,false
00-0011151,Eric Metcalf,1999,CAR,WR,16,1.64,2.35,-5.21,0.1324,4.4,Texas,1989,1,false
00-0039391,Kimani Vidal,2024,LAC,RB,9,3.63,3.69,-5.21,0.3061,4.4,Troy,2024,6,false
00-0032208,Phillip Dorsett,2022,HOU,WR,15,3.45,3.87,-5.21,0.2067,4.4,Miami,2015,1,false
00-0007546,James Hodgins,2001,STL,RB,8,1.61,2.8,-5.21,0.2245,4.4,San Jose State,,,false
00-0029738,Darren Fells,2016,ARI,TE,9,3.93,3.01,-5.21,0.3014,4.4,UC Irvine,,,false
00-0021006,Charlie Adams,2005,DEN,WR,15,2.85,2.49,-5.21,0.1805,4.4,Hofstra,,,false
00-0000552,Obafemi Ayanbadejo,2006,ARI,RB,13,2.66,2.28,-5.21,0.2165,4.4,San Diego State; Cabrillo College,,,false
00-0031598,Nick Boyle,2015,BAL,TE,9,3.92,2.11,-5.21,0.4557,4.4,Delaware,2015,5,false
00-0034386,Justin Watson,2022,KC,WR,17,3.44,4.02,-5.22,0.2,4.4,Penn,2018,5,false
00-0039041,Elijah Higgins,2023,ARI,TE,11,3.3,4.12,-5.22,0.35,4.4,Stanford,2023,6,false
00-0029388,Deonte Thompson,2016,CHI,WR,15,3.93,6.35,-5.22,0.2649,4.4,Florida,,,false
00-0028053,Kendall Hunter,2013,SF,RB,16,3.44,3.98,-5.22,0.3011,4.4,Oklahoma State,2011,4,false
00-0034631,Vyncint Smith,2019,NYJ,WR,13,3.9,2.98,-5.22,0.2368,4.4,Limestone,,,false
00-0037837,Calvin Austin III,2023,PIT,WR,16,3.29,4.25,-5.22,0.2575,4.4,Memphis,2022,4,false
00-0029000,Cole Beasley,2012,DAL,WR,8,3.48,4.32,-5.22,0.223,4.4,SMU,,,false
00-0022555,Ben Utecht,2008,CIN,TE,8,3.54,2.36,-5.23,0.3125,4.4,Minnesota,,,false
00-0028040,Jordan Cameron,2012,CLE,TE,14,3.47,3.33,-5.23,0.3699,4.4,USC; Ventura; BYU,2011,4,false
00-0021182,Maurice Morris,2002,SEA,RB,11,2.25,3.81,-5.23,0.2525,4.4,Oregon; Fresno City College,2002,2,false
00-0023408,Greg Camarillo,2010,MIN,WR,16,3.13,3.21,-5.23,0.2183,4.4,Stanford,,,false
00-0026745,Curtis Brinkley,2012,LAC,RB,9,3.47,4.21,-5.23,0.2211,4.4,Syracuse,,,false
00-0032430,David Morgan,2017,MIN,TE,9,2.83,3.11,-5.24,0.2727,4.4,Texas-San Antonio,2016,6,false
00-0036628,John Bates,2022,WAS,TE,9,3.42,3.94,-5.24,0.3457,4.4,Boise State,2021,4,false
00-0019231,Larry Foster,2002,DET,WR,13,2.25,2.34,-5.24,0.1875,4.4,LSU,,,false
00-0026298,Kellen Davis,2012,CHI,TE,15,3.46,3.4,-5.24,0.3562,4.4,Michigan State,2008,5,false
00-0034407,Ray-Ray McCloud,2022,SF,WR,17,3.42,4.59,-5.24,0.1933,4.4,Clemson,2018,6,false
00-0003400,Ernie Conwell,2000,STL,TE,8,1.41,1.27,-5.24,0.0667,4.4,Washington,1996,2,false
00-0025463,Jason Hill,2009,SF,WR,10,3,6.45,-5.24,0.2238,4.4,Washington State,2007,3,false
00-0021756,Will Heller,2012,DET,TE,11,3.45,3.49,-5.25,0.3425,4.4,Georgia Tech,,,false
00-0019457,Anthony Becht,2004,NYJ,TE,11,2.64,2.93,-5.25,0.2459,4.4,West Virginia,2000,1,false
00-0037261,Khalil Shakir,2022,BUF,WR,10,3.41,4.87,-5.25,0.1867,4.4,Boise State,2022,5,false
00-0031558,Maxx Williams,2017,BAL,TE,10,2.82,3.06,-5.25,0.2597,4.4,Minnesota,2015,2,false
00-0035249,Josh Oliver,2022,BAL,TE,12,3.41,5.13,-5.25,0.3333,4.4,San Jose State,2019,3,false
00-0034426,Javon Wims,2019,CHI,WR,11,3.87,4.05,-5.25,0.2303,4.4,Georgia; Hinds CC,2018,7,false
00-0034440,Justin Jackson,2022,DET,RB,15,3.41,3.49,-5.25,0.2551,4.4,Northwestern,2018,7,false
00-0035006,Bisi Johnson,2020,MIN,WR,9,3.88,5.4,-5.25,0.2403,4.4,Colorado State,2019,7,false
00-0022538,Shaud Williams,2005,BUF,RB,16,2.81,2.59,-5.25,0.25,4.4,Alabama; Texas Tech,,,false
00-0033943,Josh Reynolds,2019,LA,WR,16,3.87,4.48,-5.25,0.2237,4.4,Texas A&M; Tyler JC,2017,4,false
00-0011399,Brian Mitchell,2001,PHI,RB,16,1.57,3.52,-5.26,0.2143,4.4,Louisiana-Lafayette,1990,5,false
00-0036984,Trey Sermon,2024,IND,RB,15,3.59,4.5,-5.26,0.2959,4.4,Ohio State; Oklahoma,2021,3,false
00-0034676,James Washington,2018,PIT,WR,12,3.64,3.66,-5.26,0.1773,4.4,Oklahoma State,2018,2,false
00-0022797,Thomas Tapeh,2006,PHI,RB,12,2.62,2.58,-5.26,0.2062,4.4,Minnesota,2004,5,false
00-0028263,Andre Holmes,2015,LV,WR,15,3.87,5.57,-5.26,0.2517,4.4,Hillsdale,,,false
00-0004705,Quinn Early,1999,NYJ,WR,9,1.59,1.95,-5.26,0.125,4.4,Iowa,1988,3,false
00-0034419,Braxton Berrios,2022,NYJ,WR,17,3.39,3.33,-5.27,0.18,4.4,Miami,2018,6,false
00-0029004,Lance Dunbar,2014,DAL,RB,15,3.31,2.61,-5.27,0.2039,4.4,North Texas,,,false
00-0021209,Lamar Gordon,2005,PHI,RB,14,2.79,3.42,-5.27,0.2396,4.4,North Dakota State,2002,3,false
00-0035222,Zach Gentry,2021,PIT,TE,10,3.57,2.67,-5.27,0.2987,4.4,Michigan,2019,5,false
00-0014655,Mike Sellers,2009,WAS,TE,15,2.97,3.65,-5.27,0.3235,4.4,Walla Walla Community College,,,false
00-0022821,Michael Turner,2007,LAC,RB,14,2.94,5.44,-5.27,0.234,4.4,Northern Illinois,2004,5,false
00-0021282,Ryan Hannam,2005,SEA,TE,10,2.79,2.46,-5.27,0.2456,4.4,Northern Iowa,2002,5,false
00-0005231,Brian Finneran,2008,ATL,WR,12,3.49,2.87,-5.27,0.2148,4.4,Villanova,,,false
00-0037292,Andrew Ogletree,2023,IND,TE,11,3.25,4.64,-5.27,0.3375,4.4,Youngstown State,2022,6,false
00-0028042,Luke Stocker,2018,TEN,TE,12,3.63,3.09,-5.28,0.3684,4.4,Tennessee,2011,4,false
00-0028602,Brandon Saine,2011,GB,RB,8,2.76,3.43,-5.28,0.1705,4.4,Ohio State,,,false
00-0029673,DeVier Posey,2013,HOU,WR,9,3.39,2.22,-5.28,0.1898,4.4,Ohio State,2012,3,false
00-0032104,Ameer Abdullah,2022,LV,RB,16,3.38,3.76,-5.28,0.2449,4.4,Nebraska,2015,2,false
00-0015601,Aaron Stecker,2002,TB,RB,16,2.21,2.95,-5.28,0.2424,4.4,Western Illinois; Wisconsin,,,false
00-0022811,Jerricho Cotchery,2005,NYJ,WR,16,2.78,3.34,-5.28,0.1729,4.4,N.C. State,2004,4,false
00-0024369,Jeff King,2010,CAR,TE,14,3.08,2.79,-5.28,0.3973,4.4,Virginia Tech,2006,5,false
00-0021929,Donald Lee,2004,MIA,TE,10,2.6,2.74,-5.28,0.2295,4.4,Mississippi State,2003,5,false
00-0034860,Dante Pettis,2019,SF,WR,9,3.84,4.48,-5.29,0.2171,4.4,Washington,2018,2,false
00-0021227,Justin Peelle,2006,MIA,TE,13,2.58,2.9,-5.29,0.1333,4.3,Oregon,2002,4,false
00-0021508,Greg Lewis,2009,MIN,WR,8,2.95,3.72,-5.29,0.2168,4.3,Illinois,,,false
00-0037005,Tommy Tremble,2021,CAR,TE,15,3.54,3.09,-5.3,0.2857,4.3,Notre Dame,2021,3,false
00-0021508,Greg Lewis,2010,MIN,WR,12,3.06,2.32,-5.3,0.2113,4.3,Illinois,,,false
00-0021227,Justin Peelle,2004,LAC,TE,11,2.58,3.25,-5.3,0.2131,4.3,Oregon,2002,4,false
00-0036620,Dee Eskridge,2021,SEA,WR,8,3.54,4.07,-5.3,0.2129,4.3,Western Michigan,2021,2,false
00-0036425,DeeJay Dallas,2021,SEA,RB,17,3.54,4.69,-5.3,0.2178,4.3,Miami,2020,4,false
00-0016347,Jeff Thomason,2002,PHI,TE,16,2.18,3.09,-5.31,0.2154,4.3,Oregon,,,false
00-0021192,Deion Branch,2012,NE,WR,9,3.39,2.49,-5.31,0.2162,4.3,Louisville; Jones County JC,2002,2,false
00-0022943,Benjamin Watson,2019,NE,TE,9,3.81,2.62,-5.31,0.3571,4.3,Georgia; Duke,2004,1,false
00-0039798,Isaiah Davis,2024,NYJ,RB,13,3.53,4.99,-5.31,0.2857,4.3,South Dakota State,2024,5,false
00-0021931,Kevin Walter,2006,HOU,WR,13,2.56,1.75,-5.31,0.1654,4.3,Eastern Michigan,2003,7,false
00-0001661,Kyle Brady,2005,JAX,TE,13,2.75,3.55,-5.31,0.2281,4.3,Penn State,1995,1,false
00-0021304,John Gilmore,2008,TB,TE,11,3.45,3.47,-5.32,0.2969,4.3,Penn State,2002,6,false
00-0031806,Malcolm Brown,2018,LA,RB,11,3.58,3.08,-5.32,0.1935,4.3,Texas,,,false
00-0020797,Maurice Hicks,2006,SF,RB,16,2.56,3.42,-5.32,0.1959,4.3,North Carolina A&T; Montgomery JC (MD),,,false
00-0024267,Greg Jennings,2015,MIA,WR,12,3.82,3.63,-5.32,0.245,4.3,Western Michigan,2006,2,false
00-0015601,Aaron Stecker,2003,TB,RB,15,2.15,2.22,-5.32,0.2222,4.3,Western Illinois; Wisconsin,,,false
00-0036422,Adam Trautman,2020,NO,TE,10,3.81,3.63,-5.32,0.2895,4.3,Dayton,2020,3,false
00-0031118,Corey Brown,2016,CAR,WR,16,3.82,4.17,-5.32,0.2583,4.3,Ohio State,,,false
00-0029319,Josh Bellamy,2015,CHI,WR,14,3.81,5.01,-5.32,0.2384,4.3,Louisville; Butte College,,,false
00-0026314,Josh Morgan,2014,CHI,WR,8,3.25,2.02,-5.32,0.2378,4.3,Virginia Tech,2008,6,false
00-0027691,Andre Roberts,2015,WAS,WR,8,3.81,2.88,-5.32,0.2318,4.3,The Citadel,2010,3,false
00-0031044,Troy Niklas,2017,ARI,TE,11,2.75,3.25,-5.32,0.2468,4.3,Notre Dame,2014,2,false
00-0031418,Austin Seferian-Jenkins,2016,NYJ,TE,9,3.82,3.01,-5.32,0.2877,4.3,Washington,2014,2,true
00-0036020,Salvon Ahmed,2021,MIA,RB,11,3.51,1.77,-5.33,0.2079,4.3,Washington,,,false
00-0033943,Josh Reynolds,2017,LA,WR,10,2.74,4.22,-5.33,0.1974,4.3,Texas A&M; Tyler JC,2017,4,false
00-0019547,Avion Black,2002,HOU,WR,8,2.15,2.88,-5.33,0.1806,4.3,Tennessee State,2000,4,false
00-0019576,Mike Green,2002,TEN,RB,12,2.15,2.93,-5.33,0.2323,4.3,Houston; Blinn College,2000,7,false
00-0035864,Kendall Hinton,2021,DEN,WR,11,3.5,3.48,-5.33,0.2065,4.3,Wake Forest,,,false
00-0019569,James Whalen,2002,DAL,TE,15,2.15,2.58,-5.34,0.2,4.3,Kentucky; Shasta College,2000,5,false
00-0036383,Eno Benjamin,2021,ARI,RB,8,3.5,4,-5.34,0.198,4.3,Arizona State,2020,7,false
00-0033357,Taysom Hill,2025,NO,TE,13,3.21,4.16,-5.34,0.3256,4.3,BYU,,,false
00-0033879,O.J. Howard,2022,HOU,TE,11,3.32,5.12,-5.34,0.321,4.3,Alabama,2017,1,false
00-0019533,Patrick Pass,2001,NE,RB,13,1.48,3.01,-5.34,0.2041,4.3,Georgia,2000,7,false
00-0014211,Rod Rutledge,1999,NE,TE,9,1.51,0.88,-5.34,0.1077,4.3,Alabama,1998,2,false
00-0033854,Dare Ogunbowale,2024,HOU,RB,16,3.5,4.8,-5.34,0.2755,4.3,Wisconsin,,,false
00-0017892,Moe Williams,1999,MIN,RB,14,1.51,2.65,-5.35,0.2292,4.3,Kentucky,1996,3,false
00-0031697,Jordan Taylor,2017,DEN,WR,10,2.72,3.88,-5.35,0.1908,4.3,Rice,,,false
00-0036387,Jalen Reagor,2023,NE,WR,9,3.17,3.64,-5.35,0.2515,4.3,TCU,2020,1,false
00-0024535,Eric Weems,2014,ATL,WR,10,3.22,3.95,-5.35,0.2308,4.3,Bethune-Cookman College,,,false
00-0006331,Jacquez Green,2002,WAS,WR,10,2.13,2.7,-5.35,0.1736,4.3,Florida,1998,2,true
00-0024268,Anthony Fasano,2007,DAL,TE,12,2.86,2.43,-5.35,0.254,4.3,Notre Dame,2006,2,false
00-0022739,Devard Darling,2008,KC,WR,14,3.41,4.11,-5.36,0.2074,4.3,Washington State,2004,3,false
00-0010333,Kris Mangum,2002,CAR,TE,15,2.13,1.89,-5.36,0.1846,4.3,Mississippi; Alabama,1997,7,false
00-0021973,David Kircus,2006,DEN,WR,11,2.52,2.3,-5.36,0.1575,4.3,Grand Valley,2003,6,false
00-0035537,Ty Johnson,2019,DET,RB,16,3.76,2.62,-5.36,0.2421,4.3,Maryland,2019,6,false
00-0023179,Tony Curtis,2007,DAL,TE,8,2.85,3.96,-5.36,0.2381,4.3,Portland State; Fresno City College,,,false
00-0025464,Matt Spaeth,2008,PIT,TE,9,3.4,4.58,-5.36,0.2813,4.3,Minnesota,2007,3,false
00-0023210,Tory Humphrey,2008,GB,TE,8,3.4,3.17,-5.36,0.2656,4.3,Central Michigan,,,false
00-0034364,Jordan Akins,2021,HOU,TE,12,3.48,3.48,-5.36,0.2727,4.3,UCF,2018,3,false
00-0029384,Bobby Rainey,2016,NYG,RB,11,3.78,5.01,-5.36,0.2917,4.3,Western Kentucky,,,false
00-0037569,Peyton Hendershot,2022,DAL,TE,12,3.29,3.64,-5.37,0.3086,4.3,Indiana,,,false
00-0010747,Fred McCrary,2001,SD,RB,14,1.46,1.7,-5.37,0.1939,4.3,Mississippi State,1995,6,false
00-0032417,Paul Perkins,2017,NYG,RB,8,2.7,1.82,-5.37,0.1474,4.3,UCLA,2016,5,false
00-0036255,Denzel Mims,2022,NYJ,WR,9,3.29,3.24,-5.37,0.1733,4.3,Baylor,2020,2,false
00-0040198,Ollie Gordon II,2025,MIA,RB,17,3.18,4.35,-5.37,0.25,4.3,Oklahoma State,2025,6,false
00-0023921,Miles Austin,2015,PHI,WR,11,3.76,4.66,-5.37,0.2252,4.3,Monmouth,,,false
00-0027772,Anthony Dixon,2010,SF,RB,14,2.99,3.67,-5.37,0.2222,4.3,Mississippi State,2010,6,false
00-0021929,Donald Lee,2006,GB,TE,10,2.5,2.15,-5.38,0.1167,4.3,Mississippi State,2003,5,false
00-0036980,Elijah Moore,2025,BUF,WR,9,3.18,3.42,-5.38,0.2547,4.3,Mississippi,2021,2,false
00-0027346,Alfonso Smith,2011,ARI,RB,8,2.66,4.09,-5.38,0.1591,4.3,Kentucky,,,false
00-0026373,Justin Forsett,2013,JAX,RB,8,3.29,2.06,-5.38,0.2903,4.3,California,2008,7,false
00-0021755,Earnest Graham,2009,TB,RB,11,2.86,3.01,-5.38,0.2174,4.3,Florida,,,false
00-0033733,Greg Ward,2021,PHI,WR,10,3.46,4.39,-5.38,0.2,4.3,Houston,,,false
00-0038558,Darnell Washington,2024,PIT,TE,13,3.46,2.5,-5.38,0.3718,4.3,Georgia,2023,3,false
00-0010843,Wane McGarity,2001,NO,WR,12,1.44,4.3,-5.38,0.1702,4.3,Texas,1999,4,true
00-0035510,Jeff Smith,2020,NYJ,WR,9,3.74,4.73,-5.39,0.2338,4.3,Boston College,,,false
00-0032117,Nick O'Leary,2019,MIA,TE,8,3.74,4.37,-5.39,0.3429,4.3,Florida State,2015,6,true
00-0024389,Delanie Walker,2009,SF,TE,16,2.86,3,-5.39,0.3088,4.3,Central Missouri; Mt. San Antonio,2006,6,false
00-0025633,Kenneth Darby,2009,LA,RB,15,2.85,2.95,-5.39,0.2065,4.3,Alabama,2007,7,false
00-0031959,Marcus Murphy,2018,BUF,RB,11,3.51,3.46,-5.39,0.1828,4.3,Missouri,2015,7,false
00-0033308,Matt Breida,2023,NYG,RB,15,3.13,3.71,-5.39,0.2556,4.3,Georgia Southern,,,false
00-0025637,Ahmad Bradshaw,2007,NYG,RB,10,2.82,6.52,-5.39,0.2234,4.3,Marshall,2007,7,false
00-0019863,Dominic Rhodes,2004,IND,RB,16,2.49,3.28,-5.39,0.1809,4.3,Midwestern State; Tyler JC,,,false
00-0016440,James Thrash,2004,WAS,WR,15,2.49,3.93,-5.4,0.1704,4.3,Missouri Southern,,,false
00-0036754,Brock Wright,2023,DET,TE,9,3.12,3,-5.4,0.325,4.3,Notre Dame,,,false
00-0039912,Ben Sinnott,2025,WAS,TE,9,3.16,2.37,-5.4,0.314,4.3,Kansas State,2024,2,false
00-0026268,Keenan Burton,2008,LA,WR,11,3.36,2.81,-5.4,0.2,4.3,Kentucky,2008,4,false
00-0014655,Mike Sellers,2006,WAS,TE,16,2.48,2.39,-5.4,0.1,4.3,Walla Walla Community College,,,false
00-0023408,Greg Camarillo,2011,MIN,WR,8,2.64,1.89,-5.4,0.1892,4.3,Stanford,,,false
00-0025388,JaMarcus Russell,2009,LV,QB,12,2.84,3.92,-5.4,0.1026,4.3,LSU,2007,1,false
00-0027120,Javon Ringer,2010,TEN,RB,16,2.96,2.83,-5.4,0.2111,4.3,Michigan State,2009,5,false
00-0025549,Brent Celek,2017,PHI,TE,12,2.67,2.53,-5.4,0.2338,4.3,Cincinnati,2007,5,false
00-0032062,Blake Bell,2015,SF,TE,9,3.73,3.75,-5.4,0.443,4.3,Oklahoma,2015,4,false
00-0012642,David Patten,1999,NYG,WR,16,1.45,2.23,-5.4,0.1176,4.3,Western Carolina,,,false
00-0026225,Craig Stevens,2011,TEN,TE,12,2.63,2.65,-5.4,0.3699,4.3,California,2008,3,false
00-0037805,Jeremy Ruckert,2023,NYJ,TE,10,3.11,2.09,-5.41,0.3125,4.3,Ohio State,2022,3,false
00-0032778,Tajae Sharpe,2021,ATL,WR,14,3.43,3.17,-5.41,0.1935,4.3,UMass Amherst,2016,5,false
00-0019661,Chris Cole,2001,DEN,WR,14,1.41,2.4,-5.41,0.1631,4.3,Texas A&M,2000,3,false
00-0033854,Dare Ogunbowale,2022,HOU,RB,15,3.25,3.64,-5.41,0.2347,4.3,Wisconsin,,,false
00-0008921,Randy Jordan,2001,OAK,RB,15,1.41,1.34,-5.41,0.1837,4.3,North Carolina,,,false
00-0020583,Marc Boerigter,2003,KC,WR,13,2.06,2.01,-5.41,0.1679,4.3,Hastings,,,false
00-0017847,Karl Williams,2003,TB,WR,10,2.06,1.95,-5.41,0.1603,4.3,Texas A&M University-Kingsville,,,false
00-0020268,Tony Stewart,2006,CIN,TE,13,2.46,2.45,-5.41,0.0833,4.3,Penn State,2001,5,false
00-0029269,Travis Benjamin,2013,CLE,WR,8,3.25,2.95,-5.41,0.1825,4.3,Miami,2012,4,false
00-0026201,Martellus Bennett,2011,DAL,TE,12,2.62,2.27,-5.42,0.3562,4.3,Texas A&M,2008,2,false
00-0019794,Aveion Cason,2007,DET,RB,11,2.79,2.96,-5.42,0.2128,4.3,Illinois State,,,false
00-0024243,Marcedes Lewis,2021,GB,TE,13,3.42,2.77,-5.42,0.2597,4.3,UCLA,2006,1,false
00-0022093,Justin Fargas,2003,LV,RB,10,2.05,2.28,-5.42,0.2121,4.2,USC; Michigan,2003,3,false
00-0037539,Lucas Krull,2024,DEN,TE,10,3.42,2.14,-5.42,0.359,4.2,Pittsburgh,,,false
00-0034159,Will Dissly,2023,SEA,TE,13,3.09,3.68,-5.43,0.3,4.2,Washington,2018,4,false
00-0021852,Todd Devoe,2005,DEN,WR,9,2.63,5.42,-5.43,0.1654,4.2,Central Missouri,,,false
00-0029004,Lance Dunbar,2013,DAL,RB,8,3.24,3.62,-5.43,0.2796,4.2,North Texas,,,false
00-0024260,LenDale White,2009,TEN,RB,13,2.82,2.8,-5.43,0.1957,4.2,USC,2006,2,false
00-0005720,Joey Galloway,2010,WAS,WR,10,2.93,3.9,-5.43,0.2042,4.2,Ohio State,1995,1,false
00-0021357,Rock Cartwright,2005,WAS,RB,13,2.63,3.89,-5.43,0.2292,4.2,Kansas State; Trinity Valley CC,2002,7,false
00-0022156,Bryant Johnson,2010,DET,WR,14,2.93,2.28,-5.43,0.1972,4.2,Penn State,2003,1,false
00-0028087,Dion Lewis,2020,NYG,RB,16,3.7,3.99,-5.43,0.2121,4.2,Pittsburgh,2011,5,false
00-0020448,Travis Minor,2003,MIA,RB,15,2.04,2.28,-5.43,0.202,4.2,Florida State,2001,3,false
00-0032464,Kalif Raymond,2019,TEN,WR,8,3.69,3.5,-5.44,0.2105,4.2,Holy Cross,,,false
00-0020497,Freddie Mitchell,2002,PHI,WR,11,2.05,2.34,-5.44,0.1597,4.2,UCLA,2001,1,false
00-0019510,Ahmad Merritt,2002,CHI,WR,11,2.05,2.16,-5.44,0.1597,4.2,Wisconsin,,,false
00-0030578,Cordarrelle Patterson,2023,ATL,RB,12,3.07,2.11,-5.44,0.2444,4.2,Tennessee; Hutchinson CC,2013,1,false
00-0027725,Clay Harbor,2015,JAX,TE,10,3.69,4.06,-5.45,0.4304,4.2,Missouri State,2010,4,false
00-0027139,John Phillips,2011,DAL,TE,12,2.59,2.65,-5.45,0.3425,4.2,Virginia,2009,6,false
00-0031690,Eric Tomlinson,2022,DEN,TE,9,3.21,4.08,-5.45,0.2963,4.2,Texas-El Paso,,,false
00-0028007,Rob Housler,2011,ARI,TE,9,2.59,1.99,-5.45,0.3288,4.2,Florida Atlantic,2011,3,false
00-0030992,Crockett Gillmore,2014,BAL,TE,9,3.12,2.39,-5.45,0.3026,4.2,Colorado State,2014,3,false
00-0020173,James Fenderson,2002,NO,RB,10,2.03,4.92,-5.45,0.2222,4.2,Hawaii; Long Beach City College,,,false
00-0035671,Jace Sternberger,2020,GB,TE,8,3.68,3.34,-5.46,0.2763,4.2,Texas A&M; Northeast Oklahoma; Kansas,2019,3,false
00-0026281,Gary Barnidge,2009,CAR,TE,13,2.78,3.71,-5.46,0.2941,4.2,Louisville,2008,5,false
00-0024268,Anthony Fasano,2017,MIA,TE,11,2.61,3.34,-5.46,0.2208,4.2,Notre Dame,2006,2,false
00-0003944,Billy Davis,1999,BAL,WR,13,1.39,2.91,-5.46,0.1103,4.2,Pittsburgh,,,false
00-0017847,Karl Williams,2004,ARI,WR,15,2.42,3.89,-5.46,0.163,4.2,Texas A&M University-Kingsville,,,false
00-0034681,Chase Edmonds,2023,TB,RB,13,3.05,2.98,-5.46,0.2333,4.2,Fordham,2018,4,false
00-0035268,Ryquell Armstead,2019,JAX,RB,14,3.66,6.12,-5.47,0.2316,4.2,Temple,2019,5,false
00-0035246,J.J. Arcega-Whiteside,2019,PHI,WR,9,3.66,2.99,-5.47,0.2039,4.2,Stanford,2019,2,false
00-0003175,Mac Cody,1999,ARI,WR,13,1.38,2.35,-5.47,0.1029,4.2,Memphis,,,false
00-0037231,Kevin Austin Jr.,2024,NO,WR,8,3.38,1.93,-5.47,0.2675,4.2,Notre Dame,,,false
00-0036654,Demetric Felton,2021,CLE,RB,15,3.37,3.98,-5.47,0.1881,4.2,UCLA,2021,6,false
00-0029683,Ronnie Hillman,2016,MIN,RB,8,3.67,4.19,-5.47,0.2813,4.2,San Diego State,2012,3,true
00-0025542,Dante Rosario,2012,LAC,TE,11,3.23,7.93,-5.47,0.3288,4.2,Oregon,2007,5,false
00-0036422,Adam Trautman,2024,DEN,TE,13,3.37,5.29,-5.47,0.3462,4.2,Dayton,2020,3,false
00-0019350,Kwame Cavil,2000,BUF,WR,9,1.18,1.98,-5.48,0.1377,4.2,Texas,,,false
00-0033950,Wayne Gallman,2018,NYG,RB,13,3.42,2.69,-5.48,0.172,4.2,Clemson,2017,4,false
00-0035639,Parris Campbell,2023,NYG,WR,10,3.04,2.81,-5.48,0.2455,4.2,Ohio State,2019,2,false
00-0026931,Bear Pascoe,2011,NYG,TE,10,2.56,1.63,-5.48,0.3151,4.2,Fresno State,2009,6,false
00-0035547,Joseph Fortson,2022,KC,TE,10,3.18,3.22,-5.48,0.284,4.2,Valdosta State; Erie CC,,,false
00-0007546,James Hodgins,1999,STL,RB,12,1.38,2,-5.48,0.2188,4.2,San Jose State,,,false
00-0020342,Brandon Manumaleuna,2007,LAC,TE,9,2.73,2.72,-5.48,0.2222,4.2,Arizona,2001,4,false
00-0032098,Daniel Brown,2017,CHI,TE,10,2.59,2.15,-5.48,0.2078,4.2,James Madison,,,false
00-0017239,Damon Washington,2001,NYG,RB,10,1.34,3.02,-5.49,0.1735,4.2,Colorado State,,,false
00-0035594,Travis Homer,2020,SEA,RB,9,3.64,3.58,-5.49,0.202,4.2,Miami,2019,6,false
00-0033879,O.J. Howard,2021,TB,TE,10,3.35,4.98,-5.49,0.2468,4.2,Alabama,2017,1,false
00-0020427,Quincy Morgan,2005,PIT,WR,14,2.57,3.6,-5.49,0.1579,4.2,Kansas State; Kansas City Junior College; Blinn College,2001,2,false
00-0033382,Austin Carr,2018,NO,WR,9,3.41,3.04,-5.49,0.1702,4.2,Northwestern,,,false
00-0034854,KhaDarel Hodge,2022,ATL,WR,13,3.17,4.05,-5.49,0.1667,4.2,Prairie View A&M; Hinds CC; Alcorn State,,,false
00-0020415,Andre King,2003,CLE,WR,12,1.98,3.37,-5.49,0.1527,4.2,Miami,2001,7,false
00-0031763,DeAndre Carter,2018,HOU,WR,13,3.41,4.24,-5.49,0.1631,4.2,Sacramento State,,,true
00-0032392,Austin Hooper,2023,LV,TE,16,3.02,1.99,-5.49,0.2875,4.2,Stanford,2016,3,false
00-0038104,Tyquan Thornton,2023,NE,WR,9,3.02,1.58,-5.5,0.2395,4.2,Baylor,2022,2,false
00-0031787,Jake Kumerow,2019,GB,WR,11,3.63,3.99,-5.5,0.1974,4.2,Wisconsin-Whitewater; Illinois,,,false
00-0028112,Charles Clay,2018,BUF,TE,11,3.4,2.68,-5.5,0.3553,4.2,Tulsa,2011,6,false
00-0011151,Eric Metcalf,2001,WAS,WR,9,1.32,2.05,-5.5,0.156,4.2,Texas,1989,1,false
00-0010436,Cecil Martin,1999,PHI,RB,10,1.35,1.22,-5.5,0.2083,4.2,Wisconsin,1999,6,false
00-0027732,Michael Hoomanawanui,2013,NE,TE,10,3.16,3.42,-5.5,0.2687,4.2,Illinois,2010,5,false
00-0034686,Auden Tate,2020,CIN,WR,8,3.63,4.37,-5.51,0.2273,4.2,Florida State,2018,7,false
00-0029269,Travis Benjamin,2018,LAC,WR,12,3.39,4.03,-5.51,0.156,4.2,Miami,2012,4,false
00-0029033,Griff Whalen,2015,IND,WR,12,3.63,4.7,-5.51,0.2185,4.2,Stanford,,,false
00-0021227,Justin Peelle,2010,ATL,TE,9,2.84,2.8,-5.51,0.3836,4.2,Oregon,2002,4,false
00-0027725,Clay Harbor,2011,PHI,TE,14,2.52,3.68,-5.52,0.3014,4.2,Missouri State,2010,4,false
00-0039066,Michael Mayer,2024,LV,TE,11,3.33,3.78,-5.52,0.3333,4.2,Notre Dame,2023,2,false
00-0031951,James O'Shaughnessy,2020,JAX,TE,15,3.61,2.62,-5.52,0.2632,4.2,Illinois State,2015,5,false
00-0022011,Justin Griffith,2009,SEA,RB,13,2.72,2.81,-5.52,0.1848,4.2,Mississippi State,2003,4,false
00-0024561,Marcus Mason,2009,WAS,RB,9,2.72,2.32,-5.52,0.1739,4.2,Youngstown State; Illinois,,,false
00-0029795,Benny Cunningham,2013,LA,RB,14,3.14,4.91,-5.52,0.2688,4.2,Middle Tennessee State,,,false
00-0032393,C.J. Prosise,2019,SEA,RB,8,3.6,3.11,-5.52,0.2211,4.2,Notre Dame,2016,3,false
00-0030432,Christine Michael,2015,DAL,RB,8,3.61,3.78,-5.52,0.3021,4.2,Texas A&M,2013,2,true
00-0040729,Jack Bech,2025,LV,WR,14,3.03,3.17,-5.52,0.2484,4.2,TCU; LSU,2025,2,false
00-0023630,Joel Dreessen,2007,HOU,TE,8,2.69,3.95,-5.53,0.2063,4.2,Colorado State,2005,6,false
00-0030216,Josh Hill,2018,NO,TE,12,3.38,3.41,-5.53,0.3421,4.2,Idaho State; Boise State,,,false
00-0035631,Drew Sample,2024,CIN,TE,11,3.32,3.22,-5.53,0.3205,4.2,Washington,2019,2,false
00-0026225,Craig Stevens,2015,TEN,TE,10,3.61,3.22,-5.53,0.4177,4.2,California,2008,3,false
00-0034365,Ian Thomas,2022,CAR,TE,13,3.13,1.76,-5.53,0.2716,4.2,Indiana; Nassau CC,2018,4,false
00-0022943,Benjamin Watson,2014,NO,TE,15,3.04,3.12,-5.53,0.2895,4.2,Georgia; Duke,2004,1,false
00-0016373,Derrius Thompson,2001,WAS,WR,11,1.29,3.06,-5.53,0.1489,4.2,Baylor,,,false
00-0038359,Xavier Smith,2025,LA,WR,16,3.02,3.75,-5.53,0.2422,4.2,Florida A&M,,,false
00-0021508,Greg Lewis,2003,PHI,WR,8,1.94,1.35,-5.54,0.145,4.2,Illinois,,,false
00-0032741,Peyton Barber,2016,TB,RB,10,3.61,4.71,-5.54,0.2708,4.2,Auburn,,,false
00-0016440,James Thrash,1999,WAS,WR,13,1.32,2.62,-5.54,0.0956,4.2,Missouri Southern,,,false
00-0012321,Jeff Ogden,2001,MIA,WR,15,1.29,2.94,-5.54,0.1418,4.2,Eastern Washington,,,false
00-0029311,Junior Hemingway,2013,KC,WR,12,3.13,4.42,-5.54,0.1752,4.2,Michigan,2012,7,false
00-0011224,Itula Mili,1999,SEA,TE,9,1.31,2.36,-5.54,0.0923,4.2,BYU,1997,6,false
00-0010436,Cecil Martin,2002,PHI,RB,13,1.94,2.5,-5.54,0.2121,4.2,Wisconsin,1999,6,false
00-0001233,Eric Bieniemy,1999,PHI,RB,14,1.31,2.74,-5.55,0.1979,4.2,Colorado,1991,2,false
00-0029910,Timothy Wright,2015,DET,TE,8,3.59,3.96,-5.55,0.4051,4.2,Rutgers,,,false
00-0023470,Reggie Brown,2009,PHI,WR,9,2.69,2.92,-5.55,0.2098,4.2,Georgia,2005,2,false
00-0006804,Patrick Hape,2000,TB,TE,9,1.1,1.18,-5.55,0.05,4.2,Alabama,1997,5,false
00-0019643,Ron Dayne,2004,NYG,RB,11,2.33,2.9,-5.55,0.1702,4.2,Wisconsin,2000,1,false
00-0031731,Corey Grant,2016,JAX,RB,10,3.59,6.94,-5.56,0.2604,4.2,Auburn; Alabama,,,false
00-0030095,Corey Fuller,2014,DET,WR,13,3.02,4,-5.56,0.2238,4.2,Virginia Tech; Kansas,2013,6,false
00-0025480,Garrett Wolfe,2007,CHI,RB,11,2.65,3.52,-5.56,0.2021,4.2,Northern Illinois,2007,3,false
00-0030155,Demetrius Harris,2019,CLE,TE,14,3.56,3.33,-5.56,0.3286,4.2,Wisconsin-Milwaukee; Mineral Area CC,,,false
00-0029793,Brandon Williams,2017,IND,TE,10,2.51,1.65,-5.56,0.1948,4.2,Oregon; Joliet Junior College,,,false
00-0021509,Reno Mahe,2005,PHI,RB,11,2.5,3.13,-5.56,0.2188,4.2,BYU; Dixie College (UT),,,false
00-0032128,Chris Conley,2015,KC,WR,12,3.58,5.16,-5.56,0.2119,4.2,Georgia,2015,3,false
00-0006133,Hunter Goodwin,2000,MIA,TE,13,1.09,2.6,-5.56,0.0333,4.2,Texas A&M; Texas A&M University-Kingsville,1996,4,false
00-0034365,Ian Thomas,2019,CAR,TE,10,3.56,5.16,-5.56,0.3143,4.2,Indiana; Nassau CC,2018,4,false
00-0039041,Elijah Higgins,2024,ARI,TE,15,3.28,2.48,-5.56,0.3077,4.2,Stanford,2023,6,false
00-0021993,Bethel Johnson,2006,MIN,WR,11,2.31,2.87,-5.57,0.1496,4.1,Texas A&M,2003,2,false
00-0029572,Jarius Wright,2019,CAR,WR,16,3.56,2.77,-5.57,0.1908,4.1,Arkansas,2012,4,false
00-0036415,Van Jefferson,2023,ATL,WR,14,2.95,2.24,-5.57,0.2335,4.1,Florida; Mississippi,2020,2,true
00-0001582,Fabien Bownes,1999,SEA,WR,12,1.28,3.9,-5.57,0.0882,4.1,Western Illinois,,,false
00-0014655,Mike Sellers,2010,WAS,TE,16,2.79,2.16,-5.57,0.3699,4.1,Walla Walla Community College,,,false
00-0038090,Skyy Moore,2022,KC,WR,16,3.09,3.32,-5.57,0.16,4.1,Western Michigan,2022,2,false
00-0029048,Joe Banyard,2014,MIN,RB,8,3,2.62,-5.57,0.1942,4.1,Texas-El Paso; TCU,,,false
00-0033627,Jason Croom,2018,BUF,TE,15,3.33,2.68,-5.57,0.3289,4.1,Tennessee,,,false
00-0026957,David Johnson,2011,PIT,TE,11,2.46,2.3,-5.57,0.2877,4.1,Arkansas State,2009,7,false
00-0022811,Jerricho Cotchery,2012,PIT,WR,12,3.13,2.44,-5.57,0.2095,4.1,N.C. State,2004,4,false
00-0003663,Zack Crockett,2006,LV,RB,12,2.3,2.42,-5.58,0.1856,4.1,Florida State; Hinds CC,1995,3,false
00-0034414,Boston Scott,2022,PHI,RB,15,3.08,3.72,-5.58,0.2143,4.1,Louisiana Tech,2018,6,false
00-0036425,DeeJay Dallas,2022,SEA,RB,15,3.08,4.17,-5.58,0.2143,4.1,Miami,2020,4,false
00-0026983,Darrius Heyward-Bey,2009,LV,WR,11,2.66,3.08,-5.58,0.2028,4.1,Maryland,2009,1,false
00-0038678,Jordan Mims,2024,NO,RB,8,3.26,2.85,-5.58,0.2653,4.1,Fresno State,,,false
00-0034798,Durham Smythe,2022,MIA,TE,13,3.08,2.92,-5.58,0.2593,4.1,Notre Dame,2018,4,false
00-0024287,Leonard Pope,2006,ARI,TE,14,2.29,1.8,-5.58,0.0667,4.1,Georgia,2006,3,false
00-0015048,David Sloan,2002,NO,TE,13,1.9,1.32,-5.58,0.1692,4.1,New Mexico; Fresno City College,1995,3,false
00-0033925,D'Onta Foreman,2024,CLE,RB,10,3.26,3.03,-5.58,0.2551,4.1,Texas,2017,3,false
00-0032058,Tevin Coleman,2015,ATL,RB,12,3.55,3.26,-5.59,0.2917,4.1,Indiana,2015,3,false
00-0028115,Evan Royster,2012,WAS,RB,15,3.11,3.93,-5.59,0.2105,4.1,Penn State,2011,6,false
00-0022746,Jeff Dugan,2009,MIN,TE,9,2.66,3.14,-5.59,0.2794,4.1,Maryland,2004,7,false
00-0036331,Devin Duvernay,2020,BAL,WR,15,3.54,2.92,-5.59,0.2208,4.1,Texas,2020,3,false
00-0024447,Devin Aromashodu,2010,CHI,WR,9,2.77,4.02,-5.59,0.1901,4.1,Auburn,2006,7,false
00-0025480,Garrett Wolfe,2009,CHI,RB,8,2.65,3.58,-5.59,0.163,4.1,Northern Illinois,2007,3,false
00-0019491,James Williams,2002,SEA,WR,10,1.89,1.85,-5.59,0.1528,4.1,Marshall; Hinds CC,2000,6,false
00-0030216,Josh Hill,2017,NO,TE,12,2.48,2.63,-5.59,0.1818,4.1,Idaho State; Boise State,,,false
00-0034109,Phillip Lindsay,2021,HOU,RB,14,3.24,3.18,-5.59,0.1782,4.1,Colorado,,,true
00-0020617,Nate Jackson,2008,DEN,TE,8,3.16,2.73,-5.6,0.25,4.1,Menlo College; Cal Poly (San Luis Obispo),,,false
00-0017892,Moe Williams,2000,MIN,RB,15,1.05,1.22,-5.6,0.1412,4.1,Kentucky,1996,3,false
00-0023549,Jerome Mathis,2005,HOU,WR,12,2.46,3.48,-5.6,0.1504,4.1,Hampton,2005,4,false
00-0027029,LeSean McCoy,2020,TB,RB,8,3.52,2.34,-5.61,0.1919,4.1,Pittsburgh,2009,2,false
00-0030035,Adam Thielen,2015,MIN,WR,10,3.53,4.32,-5.61,0.2053,4.1,Minnesota State,,,false
00-0020448,Travis Minor,2002,MIA,RB,16,1.88,2.66,-5.61,0.202,4.1,Florida State,2001,3,false
00-0018971,Shyrone Stith,2000,JAX,RB,11,1.05,2.56,-5.61,0.1294,4.1,Virginia Tech,2000,7,false
00-0019484,Sammy Morris,2001,BUF,RB,13,1.22,1.45,-5.61,0.1633,4.1,Texas Tech,2000,5,false
00-0019919,Randal Williams,2005,LV,TE,12,2.45,2.26,-5.61,0.2105,4.1,New Hampshire,,,false
00-0019547,Avion Black,2001,BUF,WR,14,1.21,1.38,-5.61,0.1348,4.1,Tennessee State,2000,4,false
00-0024243,Marcedes Lewis,2020,GB,TE,11,3.52,3.46,-5.61,0.25,4.1,UCLA,2006,1,false
00-0027057,Brandon Tate,2014,CIN,WR,15,2.96,3.94,-5.61,0.2168,4.1,North Carolina,2009,3,false
00-0026314,Josh Morgan,2013,WAS,WR,14,3.05,3.12,-5.61,0.1679,4.1,Virginia Tech,2008,6,false
00-0028142,Virgil Green,2018,LAC,TE,14,3.29,2.86,-5.61,0.3158,4.1,Nevada,2011,7,false
00-0000007,Rabih Abdullah,2000,TB,RB,10,1.04,1.85,-5.61,0.1176,4.1,Lehigh University,,,false
00-0033246,Johnny Mundt,2024,MIN,TE,14,3.23,2.89,-5.62,0.2949,4.1,Oregon,,,false
00-0029273,Robert Turbin,2015,DAL,RB,10,3.52,3.25,-5.62,0.2813,4.1,Utah State,2012,4,true
00-0033528,Jeremy Sprinkle,2019,WAS,TE,16,3.51,2.11,-5.62,0.3,4.1,Arkansas,2017,5,false
00-0017110,Chris Walsh,2001,MIN,WR,13,1.21,1.63,-5.62,0.1277,4.1,Stanford,1992,9,false
00-0020692,Eddie Drummond,2004,DET,WR,11,2.26,4.14,-5.62,0.1556,4.1,Penn State,,,false
00-0004541,Donald Driver,2012,GB,WR,9,3.08,3.63,-5.62,0.2027,4.1,Alcorn State,1999,7,false
00-0021525,Casey Fitzsimmons,2009,DET,TE,11,2.62,3.24,-5.62,0.2647,4.1,Carroll College,,,false
00-0024272,Devin Hester,2006,CHI,WR,16,2.25,3.71,-5.63,0.1417,4.1,Miami,2006,2,false
00-0029432,Chase Ford,2013,MIN,TE,8,3.04,3.49,-5.63,0.2537,4.1,Miami; Kilgore,,,false
00-0025602,Ben Patrick,2010,ARI,TE,10,2.73,2.67,-5.63,0.3562,4.1,Delaware; Duke,2007,7,false
00-0033891,Zay Jones,2019,LV,WR,14,3.49,1.45,-5.63,0.1842,4.1,East Carolina,2017,2,true
00-0037257,David Bell,2022,CLE,WR,15,3.03,2.37,-5.63,0.1533,4.1,Purdue,2022,3,false
00-0029239,Brandon Bolden,2018,MIA,RB,9,3.27,6.23,-5.63,0.1613,4.1,Mississippi,,,false
00-0032104,Ameer Abdullah,2025,IND,RB,13,2.92,2.72,-5.64,0.2396,4.1,Nebraska,2015,2,false
00-0025464,Matt Spaeth,2011,CHI,TE,10,2.4,3.6,-5.64,0.274,4.1,Minnesota,2007,3,false
00-0029129,Rod Streater,2016,SF,WR,14,3.51,5.18,-5.64,0.2517,4.1,Temple; Alfred University,,,false
00-0037078,Cole Turner,2023,WAS,TE,8,2.87,2.31,-5.64,0.275,4.1,Nevada,2022,5,false
00-0027352,Max Komar,2010,ARI,WR,8,2.71,2.13,-5.65,0.1831,4.1,Idaho,,,false
00-0005620,Chris Fuamatu-Ma'afala,2002,PIT,RB,8,1.84,2.15,-5.65,0.1919,4.1,Utah,1998,6,false
00-0033893,Dalvin Cook,2023,NYJ,RB,14,2.87,2.26,-5.65,0.2222,4.1,Florida State,2017,2,false
00-0019609,Travis Prentice,2001,MIN,RB,13,1.18,2.28,-5.65,0.1531,4.1,Miami (Ohio),2000,3,false
00-0000872,Michael Bates,2000,CAR,WR,16,1.01,1.71,-5.65,0.1304,4.1,Arizona,1992,6,false
00-0028903,Garrett Celek,2018,SF,TE,8,3.25,5.62,-5.65,0.3026,4.1,Michigan State,,,false
00-0020373,Jabari Holloway,2003,HOU,TE,9,1.82,2.07,-5.65,0.0727,4.1,Notre Dame,2001,4,false
00-0021213,Chris Baker,2008,NYJ,TE,13,3.11,2.51,-5.65,0.2344,4.1,Michigan State,2002,3,false
00-0031951,James O'Shaughnessy,2018,JAX,TE,14,3.24,2.92,-5.66,0.2895,4.1,Illinois State,2015,5,false
00-0033246,Johnny Mundt,2022,MIN,TE,13,3,1.9,-5.66,0.2469,4.1,Oregon,,,false
00-0036754,Brock Wright,2024,DET,TE,11,3.18,3.14,-5.66,0.2821,4.1,Notre Dame,,,false
00-0024174,Glenn Holt,2007,CIN,WR,16,2.55,4.81,-5.66,0.1791,4.1,Kentucky,,,false
00-0036887,Luke Farrell,2023,JAX,TE,10,2.85,2.33,-5.67,0.2625,4.1,Ohio State,2021,5,false
00-0027813,Terrence Austin,2011,WAS,WR,10,2.37,2.62,-5.67,0.1824,4.1,UCLA,2010,7,false
00-0021306,Adrian Peterson,2006,CHI,RB,14,2.21,3.72,-5.67,0.1753,4.1,Georgia Southern,2002,6,false
00-0033896,Adam Shaheen,2020,MIA,TE,13,3.46,4.14,-5.67,0.2368,4.1,Ashland; Pittsburgh-Johnstown,2017,2,false
00-0019302,Bryan Gilmore,2005,MIA,WR,9,2.39,3.74,-5.67,0.1429,4.1,Midwestern State,,,false
00-0015970,Justin Swift,2002,SF,WR,9,1.81,1.46,-5.67,0.1458,4.1,Kansas State,1999,7,false
00-0037120,Tyler Goodson,2024,IND,RB,14,3.17,4.44,-5.67,0.2449,4.1,Iowa,,,false
00-0019464,Dustin Lyman,2004,CHI,TE,11,2.21,2.31,-5.67,0.1967,4.1,Wake Forest,2000,3,false
00-0013080,Marcus Pollard,2006,DET,TE,10,2.2,1.28,-5.68,0.05,4.1,Bradley University; Seward County Community Coll,,,false
00-0027732,Michael Hoomanawanui,2015,NO,TE,10,3.46,4.9,-5.68,0.3924,4.1,Illinois,2010,5,false
00-0006777,Karl Hankton,2000,CAR,WR,8,0.97,1.36,-5.68,0.1232,4.1,Trinity Christian College; LSU; Valley Forge Christian College,,,false
00-0026262,Tashard Choice,2012,BUF,RB,10,3.02,4.19,-5.68,0.2,4.1,Georgia Tech; Oklahoma,2008,4,false
00-0036556,Brevin Jordan,2022,HOU,TE,9,2.98,2.46,-5.68,0.2346,4.1,Miami,2021,5,false
00-0039890,Adonai Mitchell,2024,IND,WR,17,3.16,3.74,-5.68,0.2611,4.1,Texas; Georgia,2024,2,false
00-0028042,Luke Stocker,2011,TB,TE,9,2.36,1.87,-5.68,0.2603,4.1,Tennessee,2011,4,false
00-0040218,Jimmy Horn Jr.,2025,CAR,WR,10,2.87,1.73,-5.68,0.236,4.1,Colorado; University of South Florida,2025,6,false
00-0015980,Reggie Swinton,2002,DAL,WR,12,1.8,3.24,-5.68,0.1389,4.1,Murray State,,,false
00-0024359,Jerome Harrison,2006,CLE,RB,9,2.19,2.01,-5.69,0.1546,4.1,Washington State; Pasadena College; Eastern Michigan,2006,5,false
00-0021260,Kyle Johnson,2006,DEN,RB,9,2.19,3.07,-5.69,0.1546,4.1,Syracuse,2002,5,false
00-0025438,Steve Smith,2012,LA,WR,9,3.01,2.48,-5.69,0.1959,4.1,USC,2007,2,false
00-0019127,Todd Yoder,2007,WAS,TE,9,2.52,3.16,-5.69,0.1905,4.1,Vanderbilt,,,false
00-0022156,Bryant Johnson,2011,HOU,WR,9,2.34,4.14,-5.69,0.1757,4.1,Penn State,2003,1,false
00-0023436,Alex Smith,2005,SF,QB,9,2.37,4.76,-5.69,0,4.1,Utah,2005,1,false
00-0033439,Pharaoh Brown,2022,CLE,TE,8,2.96,2.25,-5.7,0.2222,4.1,Oregon,,,true
00-0006777,Karl Hankton,2002,CAR,WR,13,1.78,1.99,-5.7,0.1319,4.1,Trinity Christian College; LSU; Valley Forge Christian College,,,false
00-0026739,Jordan Norwood,2016,DEN,WR,14,3.44,3.96,-5.7,0.245,4.1,Penn State,,,false
00-0036364,Lynn Bowden,2023,NO,WR,8,2.81,2.41,-5.71,0.2275,4.1,Kentucky,2020,3,false
00-0019290,Zeron Flemister,2003,WAS,TE,9,1.77,1.69,-5.71,0.0545,4.1,Iowa,,,false
00-0033555,Mack Hollins,2020,MIA,WR,11,3.42,3.85,-5.71,0.2143,4,North Carolina,2017,4,false
00-0026281,Gary Barnidge,2014,CLE,TE,10,2.86,2.81,-5.71,0.2763,4,Louisville,2008,5,false
00-0026855,Antone Smith,2013,ATL,RB,10,2.95,5.84,-5.71,0.2581,4,Florida State,,,false
00-0040739,Elijah Arroyo,2025,SEA,TE,13,2.84,3.33,-5.71,0.3023,4,Miami,2025,2,false
00-0020342,Brandon Manumaleuna,2005,LA,TE,12,2.34,2.59,-5.72,0.193,4,Arizona,2001,4,false
00-0032543,Alex Erickson,2017,CIN,WR,16,2.35,3.68,-5.72,0.1842,4,Wisconsin,,,false
00-0030187,Rashad Ross,2015,WAS,WR,13,3.42,5.12,-5.72,0.1987,4,Arizona State; Butte College,,,false
00-0020917,Joe Burns,2003,BUF,RB,14,1.75,2.48,-5.72,0.1919,4,Georgia Tech,,,false
00-0037525,Jordan Mason,2023,SF,RB,16,2.79,4.17,-5.72,0.2111,4,Georgia Tech,,,false
00-0030035,Adam Thielen,2025,MIN,WR,14,2.83,2.65,-5.72,0.2298,4,Minnesota State,,,true
00-0038465,Malik Heath,2023,GB,WR,12,2.79,3.07,-5.73,0.2216,4,Mississippi; Mississippi State,,,false
00-0032429,Jerell Adams,2016,NYG,TE,10,3.42,3.22,-5.73,0.274,4,South Carolina,2016,6,false
00-0030089,Luke Willson,2015,SEA,TE,13,3.41,3.23,-5.73,0.3797,4,Rice,2013,5,false
00-0029239,Brandon Bolden,2019,NE,RB,15,3.39,4.48,-5.73,0.2105,4,Mississippi,,,false
00-0029548,LaVon Brazill,2012,IND,WR,12,2.97,3.22,-5.73,0.1892,4,Ohio,2012,6,false
00-0003944,Billy Davis,2000,BAL,WR,10,0.92,1.98,-5.73,0.1159,4,Pittsburgh,,,false
00-0038720,Julian Hill,2025,MIA,TE,11,2.82,2,-5.73,0.2907,4,Campbell University,,,false
00-0030525,Tavon Austin,2019,DAL,WR,14,3.39,4.38,-5.74,0.1776,4,West Virginia,2013,1,false
00-0019673,Paul Smith,2001,SF,RB,8,1.09,3.08,-5.74,0.1429,4,Texas-El Paso,2000,5,false
00-0027783,Anthony McCoy,2011,SEA,TE,12,2.3,1.97,-5.74,0.2466,4,USC,2010,6,false
00-0003681,Howard Cross,1999,NYG,TE,13,1.12,1.73,-5.74,0.0769,4,Alabama,1989,6,false
00-0028042,Luke Stocker,2012,TB,TE,13,2.96,2.67,-5.74,0.3151,4,Tennessee,2011,4,false
00-0019281,Mike Furrey,2009,CLE,WR,16,2.5,3.32,-5.74,0.1958,4,Northern Iowa; Ohio State,,,false
00-0009119,Reggie Kelly,2004,CIN,TE,11,2.14,1.98,-5.75,0.1803,4,Mississippi State,1999,2,false
00-0032054,Breshad Perriman,2022,TB,WR,8,2.91,4.68,-5.75,0.1467,4,UCF,2015,1,false
00-0004060,Troy Davis,1999,NO,RB,14,1.11,2.03,-5.75,0.1875,4,Iowa State,1997,3,false
00-0032975,Jonathan Williams,2022,WAS,RB,9,2.91,2.87,-5.75,0.2041,4,Arkansas,2016,5,false
00-0022388,Terrance Copper,2004,DAL,WR,10,2.13,3.69,-5.75,0.1481,4,East Carolina,,,false
00-0024305,Maurice Stovall,2007,TB,WR,10,2.46,3.48,-5.75,0.1716,4,Notre Dame,2006,3,false
00-0026780,Kevin Ogletree,2011,DAL,WR,13,2.28,2.12,-5.75,0.1689,4,Virginia,,,false
00-0019673,Paul Smith,2002,SF,RB,10,1.73,2.85,-5.75,0.1818,4,Texas-El Paso,2000,5,false
00-0020361,Alex Bannister,2001,SEA,WR,14,1.07,2.11,-5.75,0.1206,4,Eastern Kentucky,2001,5,false
00-0038941,Tyler Scott,2023,CHI,WR,13,2.76,2.2,-5.76,0.2156,4,Cincinnati,2023,4,false
00-0034838,Royce Freeman,2020,DEN,RB,11,3.37,1.5,-5.76,0.1818,4,Oregon,2018,3,false
00-0034799,Kalen Ballage,2018,MIA,RB,12,3.14,5.44,-5.76,0.1505,4,Arizona State,2018,4,false
00-0022781,Michael Jenkins,2004,ATL,WR,9,2.12,2.18,-5.76,0.1407,4,Ohio State,2004,1,false
00-0019127,Todd Yoder,2004,JAX,TE,14,2.12,2.28,-5.76,0.1639,4,Vanderbilt,,,false
00-0033217,Mo Alie-Cox,2025,IND,TE,11,2.79,3.17,-5.76,0.2791,4,Virginia Commonwealth Univ.,,,false
00-0007749,Tony Horne,1999,STL,WR,11,1.09,2.43,-5.76,0.0809,4,Clemson,,,false
00-0011236,Billy Miller,1999,DEN,TE,10,1.09,1.8,-5.76,0.0615,4,USC,1999,7,false
00-0032902,Kenneth Farrow,2016,LAC,RB,11,3.38,4.5,-5.76,0.25,4,Houston,,,false
00-0030035,Adam Thielen,2014,MIN,WR,12,2.81,5.13,-5.76,0.2098,4,Minnesota State,,,false
00-0012370,Brock Olivo,2000,DET,RB,9,0.89,1.34,-5.77,0.1059,4,Missouri,,,false
00-0004634,David Dunn,2000,OAK,WR,15,0.89,1.96,-5.77,0.1087,4,Fresno State; Bakersfield College,1995,5,false
00-0038046,Charlie Kolar,2025,BAL,TE,13,2.78,3.23,-5.77,0.2674,4,Iowa State,2022,4,false
00-0033840,Chad Hansen,2017,NYJ,WR,8,2.3,2.67,-5.77,0.1776,4,California; Idaho State,2017,4,false
00-0017847,Karl Williams,2000,TB,WR,13,0.88,1.89,-5.77,0.1014,4,Texas A&M University-Kingsville,,,false
00-0022825,Troy Fleming,2005,TEN,RB,10,2.29,3.19,-5.77,0.2083,4,Tennessee,2004,6,false
00-0028249,Jeremy Ross,2013,DET,WR,12,2.89,4.07,-5.77,0.1606,4,California,,,true
00-0022217,Mewelde Moore,2007,MIN,RB,9,2.43,4.13,-5.78,0.1915,4,Tulane,2004,4,false
00-0003681,Howard Cross,2000,NYG,TE,8,0.88,1.09,-5.78,0.0167,4,Alabama,1989,6,false
00-0036415,Van Jefferson,2020,LA,WR,14,3.35,3.39,-5.78,0.2078,4,Florida; Mississippi,2020,2,false
00-0036637,Noah Gray,2025,KC,TE,14,2.77,2.03,-5.78,0.2558,4,Duke,2021,5,false
00-0032951,Laquon Treadwell,2019,MIN,WR,10,3.34,4.47,-5.78,0.1711,4,Mississippi,2016,1,false
00-0027215,Logan Paulsen,2011,WAS,TE,11,2.25,2.28,-5.78,0.2329,4,UCLA,,,false
00-0036991,Amari Rodgers,2022,GB,WR,15,2.87,4.17,-5.78,0.14,4,Clemson,2021,3,true
00-0035973,Patrick Taylor,2023,GB,RB,11,2.73,2.17,-5.79,0.2,4,Memphis,,,false
00-0033536,Mike Williams,2017,LAC,WR,9,2.28,2.83,-5.79,0.1711,4,Clemson,2017,1,false
00-0025864,Jonathan Stupar,2010,BUF,TE,9,2.57,2.55,-5.79,0.3425,4,Virginia,,,false
00-0024607,Daniel Coats,2007,CIN,TE,10,2.42,2.21,-5.79,0.1746,4,BYU,,,false
00-0020315,Derrick Blaylock,2002,KC,RB,10,1.69,3.52,-5.79,0.1717,4,Stephen F. Austin State,2001,5,false
00-0019457,Anthony Becht,2005,TB,TE,12,2.27,1.32,-5.79,0.1754,4,West Virginia,2000,1,false
00-0035624,N'Keal Harry,2021,NE,TE,10,3.04,2.19,-5.8,0.2338,4,Arizona State,2019,1,false
00-0022901,Ernest Wilford,2009,JAX,WR,12,2.44,2.82,-5.8,0.1888,4,Virginia Tech,2004,4,false
00-0022307,Jamal Jones,2006,NO,WR,11,2.07,3.87,-5.8,0.1339,4,North Carolina A&T; North Carolina,,,false
00-0022726,Keary Colbert,2008,SEA,WR,10,2.96,1.99,-5.8,0.1926,4,USC,2004,2,true
00-0033891,Zay Jones,2020,LV,WR,11,3.32,2.86,-5.81,0.2013,4,East Carolina,2017,2,false
00-0038589,Josh Whyle,2023,TEN,TE,9,2.71,3.17,-5.81,0.25,4,Cincinnati,2023,5,false
00-0030155,Demetrius Harris,2018,KC,TE,15,3.09,4.37,-5.81,0.2763,4,Wisconsin-Milwaukee; Mineral Area CC,,,false
00-0027076,Mike Thomas,2012,JAX,WR,14,2.89,2.94,-5.81,0.1824,4,Arizona,2009,4,true
00-0006133,Hunter Goodwin,1999,MIA,TE,11,1.05,1.44,-5.81,0.0462,4,Texas A&M; Texas A&M University-Kingsville,1996,4,false
00-0026432,Lance Ball,2010,DEN,RB,8,2.55,2.19,-5.81,0.2,4,Maryland,,,false
00-0037475,Stone Smartt,2023,LAC,TE,12,2.71,3.48,-5.81,0.2375,4,Old Dominion,,,false
00-0027129,Aaron Brown,2009,DET,RB,15,2.43,2.76,-5.81,0.1522,4,TCU,2009,6,false
00-0036232,Harrison Bryant,2023,CLE,TE,14,2.71,4.54,-5.81,0.225,4,Florida Atlantic,2020,4,false
00-0019610,Reuben Droughns,2002,DEN,RB,14,1.67,3.12,-5.81,0.1616,4,Oregon; Merced College,2000,3,false
00-0019404,John Jones,2002,BAL,TE,10,1.67,3.17,-5.81,0.1538,4,"Indiana PA,  University of; Pittsburgh",,,false
00-0032398,Chris Moore,2018,BAL,WR,15,3.09,1.61,-5.81,0.1489,4,Cincinnati,2016,4,false
00-0030443,Levine Toilolo,2013,ATL,TE,10,2.85,3.12,-5.81,0.2388,4,Stanford,2013,4,false
00-0026174,Devin Thomas,2008,WAS,WR,13,2.95,2.65,-5.82,0.1852,4,Michigan State; Coffeyville CC,2008,2,false
00-0019065,Joe Dean Davenport,2002,IND,TE,9,1.67,1.63,-5.82,0.1385,4,Arkansas,,,false
00-0020797,Maurice Hicks,2007,SF,RB,16,2.39,3.01,-5.82,0.1809,4,North Carolina A&T; Montgomery JC (MD),,,false
00-0036630,Tylan Wallace,2024,BAL,WR,12,3.03,5.74,-5.82,0.2548,4,Oklahoma State,2021,4,false
00-0023429,Rashied Davis,2007,CHI,WR,14,2.39,2.57,-5.82,0.1642,4,San Jose State; West Los Angeles College,,,false
00-0027608,Kyle Williams,2013,SF,WR,9,2.84,2.75,-5.82,0.1533,4,Arizona State,2010,6,false
00-0036628,John Bates,2025,WAS,TE,10,2.73,2.65,-5.82,0.2442,4,Boise State,2021,4,false
00-0018588,Alan Ricard,2003,BAL,RB,14,1.65,1.33,-5.82,0.1818,4,Louisiana-Monroe,,,false
00-0030348,Khiry Robinson,2013,NO,RB,10,2.84,3.42,-5.82,0.2473,4,West Texas State; Blinn College,,,false
00-0022064,Arnaz Battle,2004,SF,WR,14,2.06,3.2,-5.82,0.1333,4,Notre Dame,2003,6,false
00-0023474,Mark Bradley,2007,CHI,WR,8,2.39,2.82,-5.83,0.1567,4,Oklahoma; University of Arkansas at Pine Bluff,2005,2,false
00-0024607,Daniel Coats,2009,CIN,TE,12,2.42,2.42,-5.83,0.25,4,BYU,,,false
00-0027873,Jermaine Gresham,2015,ARI,TE,14,3.31,3.49,-5.83,0.3671,4,Oklahoma,2010,1,false
00-0025621,Syndric Steptoe,2008,CLE,WR,12,2.93,1.81,-5.83,0.1778,4,Arizona,2007,7,false
00-0036268,Laviska Shenault Jr.,2023,CAR,WR,8,2.69,1.3,-5.83,0.2096,4,Colorado,2020,2,false
00-0020245,Mike Vick,2009,PHI,QB,12,2.41,4.27,-5.83,0.0769,4,Virginia Tech,2001,1,false
00-0028043,Roy Helu,2015,LV,RB,8,3.3,3.83,-5.84,0.2708,4,Nebraska,2011,4,false
00-0024465,David Anderson,2010,HOU,WR,9,2.52,2.35,-5.84,0.1761,4,Colorado State,2006,7,false
00-0019539,Dante Hall,2008,LA,WR,8,2.92,2.65,-5.84,0.1704,4,Texas A&M,2000,5,false
00-0032355,Chester Rogers,2016,IND,WR,14,3.31,3.98,-5.84,0.2384,4,Grambling State,,,false
00-0034365,Ian Thomas,2025,LV,TE,9,2.71,2.45,-5.84,0.2326,4,Indiana; Nassau CC,2018,4,false
00-0038098,Pierre Strong,2023,CLE,RB,16,2.68,2.71,-5.84,0.1889,4,South Dakota State,2022,4,false
00-0026225,Craig Stevens,2010,TEN,TE,14,2.51,3.81,-5.84,0.3288,4,California,2008,3,false
00-0017847,Karl Williams,2002,TB,WR,16,1.64,3.88,-5.85,0.125,4,Texas A&M University-Kingsville,,,false
00-0033118,Kenyan Drake,2016,MIA,RB,15,3.3,3.79,-5.85,0.2396,4,Alabama,2016,3,false
00-0019534,Rondell Mealey,2001,GB,RB,9,0.98,2.31,-5.85,0.1327,4,LSU,2000,7,false
00-0037741,Jahan Dotson,2024,PHI,WR,14,2.99,4.11,-5.85,0.2484,4,Penn State,2022,1,false
00-0035628,D'Ernest Johnson,2024,JAX,RB,12,2.99,2.83,-5.85,0.2347,4,University of South Florida,,,false
00-0025533,Aundrae Allison,2007,MIN,WR,10,2.36,4.05,-5.85,0.1493,4,East Carolina; Georgia Military; Coffeyville CC,2007,5,false
00-0016677,Jerame Tuman,2002,PIT,TE,10,1.63,2.83,-5.85,0.1231,4,Michigan,1999,5,false
00-0012321,Jeff Ogden,2000,MIA,WR,13,0.8,1.76,-5.85,0.0942,4,Eastern Washington,,,false
00-0029510,Jonathan Grimes,2016,HOU,RB,10,3.29,3.02,-5.86,0.2292,4,William & Mary,,,false
00-0034646,Brandon Powell,2022,LA,WR,17,2.8,3.35,-5.86,0.1333,4,Florida,,,false
00-0034975,Justice Hill,2022,BAL,RB,15,2.8,2.4,-5.86,0.1939,4,Oklahoma State,2019,4,false
00-0031854,Chris Harper,2016,SF,WR,8,3.29,2.37,-5.86,0.2318,4,California,,,false
00-0034854,KhaDarel Hodge,2023,ATL,WR,14,2.66,3.29,-5.86,0.2036,4,Prairie View A&M; Hinds CC; Alcorn State,,,false
00-0003344,Greg Comella,1999,NYG,RB,12,0.99,2.51,-5.86,0.1771,4,Stanford,,,false
00-0026209,Jacob Hester,2008,LAC,RB,14,2.9,4.8,-5.86,0.2128,4,LSU,2008,3,false
00-0024609,Jesse Holley,2011,DAL,WR,11,2.17,3.9,-5.87,0.1622,3.9,North Carolina,,,false
00-0019109,Scottie Montgomery,2002,DEN,WR,11,1.62,2.72,-5.87,0.1181,3.9,Duke,,,false
00-0015152,Detron Smith,2000,DEN,RB,9,0.79,2.37,-5.87,0.0941,3.9,Texas A&M,1996,3,false
00-0026201,Martellus Bennett,2009,DAL,TE,13,2.38,2.38,-5.87,0.2353,3.9,Texas A&M,2008,2,false
00-0032404,Tyler Ervin,2020,GB,RB,8,3.26,3.59,-5.87,0.1717,3.9,San Jose State,2016,4,false
00-0038640,Jalen Brooks,2024,DAL,WR,12,2.98,2.3,-5.87,0.242,3.9,South Carolina; Tarleton State; Wingate,2023,7,false
00-0027325,LeGarrette Blount,2012,TB,RB,10,2.83,3.88,-5.87,0.1895,3.9,Oregon; East Mississippi JC,,,false
00-0027675,Ed Dickson,2010,BAL,TE,13,2.48,3.38,-5.88,0.3151,3.9,Oregon,2010,3,false
00-0022388,Terrance Copper,2011,KC,WR,9,2.16,2.97,-5.88,0.1554,3.9,East Carolina,,,false
00-0035567,Craig Reynolds,2023,DET,RB,12,2.63,3.77,-5.88,0.1778,3.9,Kutztown,,,false
00-0027816,Marc Mariani,2015,CHI,WR,16,3.25,3.87,-5.89,0.1921,3.9,Montana,2010,7,false
00-0028064,Bilal Powell,2014,NYJ,RB,15,2.69,2.76,-5.89,0.1845,3.9,Louisville,2011,4,false
00-0027215,Logan Paulsen,2018,ATL,TE,8,3.01,2.6,-5.89,0.2632,3.9,UCLA,,,false
00-0031951,James O'Shaughnessy,2017,JAX,TE,16,2.18,3.65,-5.89,0.1688,3.9,Illinois State,2015,5,false
00-0026267,Jacob Tamme,2014,DEN,TE,13,2.68,3.35,-5.89,0.2632,3.9,Kentucky,2008,4,false
00-0012515,David Palmer,1999,MIN,RB,8,0.96,1.42,-5.89,0.1563,3.9,Alabama,1994,2,false
00-0014809,Paul Shields,1999,IND,RB,8,0.96,1.16,-5.89,0.1667,3.9,Arizona; Scottsdale CC,,,false
00-0035215,Deonte Harty,2023,BUF,WR,16,2.63,3.03,-5.89,0.1976,3.9,Assumption,,,false
00-0021094,Jason McAddley,2005,SF,WR,9,2.17,2.36,-5.89,0.1353,3.9,Alabama,2002,5,false
00-0035631,Drew Sample,2025,CIN,TE,12,2.66,2.85,-5.89,0.2209,3.9,Washington,2019,2,false
00-0021084,Matt Schobel,2007,PHI,TE,12,2.32,2.15,-5.9,0.1587,3.9,TCU; Texas A&M,2002,3,false
00-0027758,Riley Cooper,2010,PHI,WR,10,2.46,4.34,-5.9,0.169,3.9,Florida,2010,5,false
00-0000849,Mike Bartrum,2001,PHI,TE,8,0.93,2.62,-5.9,0.0536,3.9,Marshall,,,false
00-0020094,Stephen Trejo,2001,DET,RB,12,0.92,1.82,-5.9,0.1224,3.9,Arizona State,,,false
00-0027985,Lance Kendricks,2018,GB,TE,14,3,2.78,-5.9,0.25,3.9,Wisconsin,2011,2,false
00-0028442,Ricardo Lockette,2014,SEA,WR,16,2.67,3.83,-5.9,0.2028,3.9,Fort Valley State College; Wallace State CC AL (J.C.),,,false
00-0021175,Andre Davis,2008,HOU,WR,12,2.86,3.05,-5.9,0.163,3.9,Virginia Tech,2002,2,false
00-0033439,Pharaoh Brown,2021,HOU,TE,13,2.93,2.8,-5.91,0.2208,3.9,Oregon,,,false
00-0017110,Chris Walsh,1999,MIN,WR,11,0.95,2.65,-5.91,0.0735,3.9,Stanford,1992,9,false
00-0022144,Bobby Wade,2005,CHI,WR,14,2.15,2.46,-5.91,0.1278,3.9,Arizona,2003,5,true
00-0038738,Hunter Luepke,2025,DAL,RB,14,2.64,2.83,-5.91,0.2292,3.9,North Dakota State,,,false
00-0021525,Casey Fitzsimmons,2008,DET,TE,10,2.85,2.42,-5.91,0.2188,3.9,Carroll College,,,false
00-0035148,Darwin Thompson,2019,KC,RB,10,3.21,3.52,-5.91,0.2,3.9,Utah State; Northeast Oklahoma,2019,6,false
00-0030874,Damien Williams,2015,MIA,RB,14,3.22,3.17,-5.91,0.2604,3.9,Oklahoma; Arizona Western,,,false
00-0031570,Justin Hardy,2019,ATL,WR,12,3.21,2.75,-5.91,0.1645,3.9,East Carolina,2015,4,false
00-0031585,MyCole Pruitt,2023,ATL,TE,10,2.6,2.54,-5.92,0.2125,3.9,Southern Illinois,2015,5,false
00-0027070,Travis Beckum,2010,NYG,TE,15,2.44,2.47,-5.92,0.3014,3.9,Wisconsin,2009,3,false
00-0000552,Obafemi Ayanbadejo,2003,MIA,RB,11,1.55,3.11,-5.92,0.1717,3.9,San Diego State; Cabrillo College,,,false
00-0030663,Willie Snead,2017,NO,WR,8,2.15,1.53,-5.92,0.1645,3.9,Ball State,,,false
00-0039920,Malachi Corley,2025,CLE,WR,12,2.63,1.88,-5.92,0.2236,3.9,Western Kentucky,2024,3,false
00-0004824,Keith Elias,1999,IND,RB,9,0.93,2.1,-5.92,0.1458,3.9,Princeton,,,false
00-0027063,Deon Butler,2009,SEA,WR,14,2.32,2.36,-5.92,0.1818,3.9,Penn State,2009,3,false
00-0028114,Dwayne Harris,2013,DAL,WR,13,2.74,3.39,-5.93,0.146,3.9,East Carolina,2011,6,false
00-0025544,David Clowney,2010,CAR,WR,8,2.42,2.61,-5.93,0.162,3.9,Virginia Tech,2007,5,true
00-0032791,Jakeem Grant,2021,CHI,WR,15,2.9,6.15,-5.94,0.1871,3.9,Texas Tech,2016,6,true
00-0038098,Pierre Strong,2022,NE,RB,10,2.72,5.47,-5.94,0.1837,3.9,South Dakota State,2022,4,false
00-0022127,Jason Witten,2020,LV,TE,10,3.19,3.08,-5.94,0.2237,3.9,Tennessee,2003,3,false
00-0029640,Brian Quick,2012,LA,WR,14,2.76,3.49,-5.94,0.1757,3.9,Appalachian State,2012,2,false
00-0028112,Charles Clay,2019,ARI,TE,15,3.18,2.97,-5.94,0.2857,3.9,Tulsa,2011,6,false
00-0038783,Nate Adkins,2024,DEN,TE,15,2.9,3.05,-5.94,0.2692,3.9,South Carolina,,,false
00-0029795,Benny Cunningham,2016,LA,RB,11,3.2,3.02,-5.95,0.2188,3.9,Middle Tennessee State,,,false
00-0036332,Josiah Deguara,2022,GB,TE,9,2.71,2.87,-5.95,0.2099,3.9,Cincinnati,2020,3,false
00-0034383,Dalton Schultz,2018,DAL,TE,8,2.95,2.27,-5.95,0.2368,3.9,Stanford,2018,4,false
00-0022388,Terrance Copper,2010,KC,WR,14,2.41,2.76,-5.95,0.1549,3.9,East Carolina,,,false
00-0000872,Michael Bates,1999,CAR,WR,16,0.9,2.04,-5.95,0.0662,3.9,Arizona,1992,6,false
00-0031558,Maxx Williams,2019,ARI,TE,13,3.17,3.06,-5.95,0.2714,3.9,Minnesota,2015,2,false
00-0034838,Royce Freeman,2021,CAR,RB,12,2.88,3.29,-5.95,0.1683,3.9,Oregon,2018,3,true
00-0034279,Equanimeous St. Brown,2020,GB,WR,8,3.17,3.18,-5.96,0.1948,3.9,Notre Dame,2018,6,false
00-0032104,Ameer Abdullah,2023,LV,RB,16,2.56,1.66,-5.96,0.1667,3.9,Nebraska,2015,2,false
00-0031682,Terron Ward,2015,ATL,RB,10,3.18,4.69,-5.96,0.25,3.9,Oregon State,,,false
00-0031277,Branden Oliver,2017,LAC,RB,8,2.11,2.41,-5.96,0.1368,3.9,Buffalo,,,false
00-0030578,Cordarrelle Patterson,2024,PIT,RB,13,2.88,3.71,-5.96,0.2245,3.9,Tennessee; Hutchinson CC,2013,1,false
00-0025542,Dante Rosario,2011,DEN,TE,9,2.08,2.11,-5.96,0.2192,3.9,Oregon,2007,5,false
00-0021981,Shaun McDonald,2006,LA,WR,16,1.91,2.32,-5.96,0.126,3.9,Arizona State,2003,4,false
00-0034159,Will Dissly,2025,LAC,TE,8,2.59,1.86,-5.97,0.2093,3.9,Washington,2018,4,false
00-0039379,Jamari Thrash,2025,CLE,WR,8,2.59,1.54,-5.97,0.2174,3.9,Louisville; Georgia State,2024,5,false
00-0032134,C.J. Uzomah,2017,CIN,TE,12,2.1,2.48,-5.97,0.1558,3.9,Auburn,2015,5,false
00-0027691,Andre Roberts,2016,DET,WR,16,3.17,3.82,-5.97,0.2252,3.9,The Citadel,2010,3,false
00-0026281,Gary Barnidge,2013,CLE,TE,14,2.69,3.56,-5.97,0.2239,3.9,Louisville,2008,5,false
00-0007213,Steve Heiden,2007,CLE,TE,10,2.24,1.04,-5.97,0.1429,3.9,South Dakota State,1999,3,false
00-0011641,Sean Morey,2007,ARI,WR,10,2.24,3.88,-5.97,0.1418,3.9,Brown,1999,7,false
00-0020485,Eddie Berlin,2003,TEN,WR,8,1.5,4.24,-5.97,0.1374,3.9,Northern Iowa,2001,5,false
00-0019600,Michael L. Lewis,2004,NO,WR,14,1.91,2.6,-5.97,0.1259,3.9,,,,false
00-0033373,Taquan Mizzell,2018,CHI,RB,8,2.93,3.7,-5.97,0.1398,3.9,Virginia,,,false
00-0021159,Jerramy Stevens,2009,TB,TE,15,2.27,3.23,-5.98,0.2206,3.9,Washington,2002,1,false
00-0028841,Will Johnson,2012,PIT,RB,13,2.72,2.35,-5.98,0.1789,3.9,West Virginia,,,false
00-0021227,Justin Peelle,2005,LAC,TE,10,2.08,3.2,-5.98,0.1579,3.9,Oregon,2002,4,false
00-0036906,Khalil Herbert,2024,CIN,RB,11,2.86,4.82,-5.98,0.2143,3.9,Virginia Tech,2021,6,true
00-0036984,Trey Sermon,2023,IND,RB,8,2.54,3.27,-5.98,0.1556,3.9,Ohio State; Oklahoma,2021,3,false
00-0031599,Cameron Artis-Payne,2017,CAR,RB,8,2.09,4.4,-5.98,0.1263,3.9,Auburn; Allan Hancock College,2015,5,false
00-0036247,Freddie Swain,2020,SEA,WR,13,3.15,3.6,-5.98,0.1883,3.9,Florida,2020,6,false
00-0014350,O.J. Santiago,2003,LV,TE,8,1.49,2.47,-5.99,0.0364,3.9,Kent State,1997,3,false
00-0031375,Terrance West,2015,BAL,RB,8,3.15,2.29,-5.99,0.2396,3.9,Towson State,2014,3,true
00-0020018,Arnold Jackson,2001,ARI,WR,16,0.84,1.59,-5.99,0.1135,3.9,Louisville,,,false
00-0004055,Thabiti Davis,2000,NYG,WR,9,0.67,1.37,-5.99,0.087,3.9,Wake Forest,,,false
00-0031102,Kapri Bibbs,2016,DEN,RB,9,3.16,4.67,-5.99,0.2083,3.9,Colorado State; Front Range CC CO; Snow,,,false
00-0026266,Lavelle Hawkins,2009,TEN,WR,8,2.25,3.31,-5.99,0.1748,3.9,California; City College (SF),2008,4,false
00-0035021,Ashton Dulin,2021,IND,WR,16,2.84,3.44,-5.99,0.1806,3.9,Malone,,,false
00-0006305,Ahman Green,1999,SEA,RB,14,0.86,1.31,-6,0.1354,3.9,Nebraska,1998,3,false
00-0016837,Tamarick Vanover,1999,KC,WR,14,0.86,2.18,-6,0.0588,3.9,Florida State,1995,3,false
00-0028093,Niles Paul,2017,WAS,TE,11,2.07,1.85,-6,0.1429,3.9,Nebraska,2011,5,false
00-0034521,Allen Lazard,2025,NYJ,WR,9,2.56,2.69,-6,0.2112,3.9,Iowa State,,,false
00-0032881,Tommylee Lewis,2017,NO,WR,14,2.07,3.4,-6,0.1579,3.9,Northern Illinois,,,false
00-0039623,Mason Tipton,2025,NO,WR,8,2.55,3.35,-6,0.205,3.9,Yale,,,false
00-0011854,Yo Murphy,1999,TB,WR,8,0.85,2.4,-6,0.0515,3.9,Idaho,,,true
00-0029878,MarQueis Gray,2016,MIA,TE,10,3.14,3.39,-6.01,0.2603,3.9,Minnesota,,,false
00-0004673,Tim Dwight,2004,LAC,WR,12,1.88,3.14,-6.01,0.1185,3.9,Iowa,1998,4,false
00-0025997,Chad Simpson,2009,IND,RB,14,2.24,3.53,-6.01,0.1413,3.9,Morgan State; University of South Florida,,,false
00-0037525,Jordan Mason,2022,SF,RB,12,2.65,2.76,-6.01,0.1735,3.9,Georgia Tech,,,false
00-0021525,Casey Fitzsimmons,2005,DET,TE,10,2.05,2.09,-6.01,0.1404,3.9,Carroll College,,,false
00-0032959,Charone Peake,2016,NYJ,WR,12,3.13,2.59,-6.01,0.2185,3.9,Clemson,2016,7,false
00-0006977,Mark Harris,1999,SF,WR,15,0.84,1.25,-6.01,0.0441,3.9,Stanford; Southern Utah State; Ricks College,,,false
00-0033859,Josh Malone,2017,CIN,WR,9,2.06,3.72,-6.01,0.1513,3.9,Tennessee,2017,4,false
00-0038046,Charlie Kolar,2024,BAL,TE,10,2.83,4.66,-6.01,0.2564,3.9,Iowa State,2022,4,false
00-0034365,Ian Thomas,2020,CAR,TE,13,3.12,2.47,-6.01,0.2105,3.9,Indiana; Nassau CC,2018,4,false
00-0021154,Daniel Graham,2010,DEN,TE,14,2.34,2.05,-6.02,0.2877,3.9,Colorado,2002,1,false
00-0029689,Dwayne Allen,2017,NE,TE,12,2.05,2.56,-6.02,0.1299,3.9,Clemson,2012,3,false
00-0021525,Casey Fitzsimmons,2007,DET,TE,13,2.19,2.42,-6.02,0.127,3.9,Carroll College,,,false
00-0030670,Bennie Fowler,2016,DEN,WR,12,3.12,4.74,-6.02,0.2119,3.9,Michigan State,,,false
00-0024559,D.J. Ware,2010,NYG,RB,9,2.33,2.13,-6.02,0.1889,3.8,Georgia,,,false
00-0013422,Walter Rasby,2002,WAS,TE,12,1.46,1.72,-6.03,0.1077,3.8,Wake Forest,,,false
00-0008196,Terry Jackson,1999,SF,RB,11,0.83,1.84,-6.03,0.125,3.8,Florida,1999,5,false
00-0036626,Dyami Brown,2021,WAS,WR,10,2.81,2.89,-6.03,0.1742,3.8,North Carolina,2021,3,false
00-0007798,Desmond Howard,2000,DET,WR,15,0.63,1.61,-6.03,0.0797,3.8,Michigan,1992,1,false
00-0034829,Mike Gesicki,2018,MIA,TE,14,2.87,2.49,-6.03,0.2237,3.8,Penn State,2018,2,false
00-0034975,Justice Hill,2019,BAL,RB,16,3.09,4.08,-6.03,0.1895,3.8,Oklahoma State,2019,4,false
00-0015601,Aaron Stecker,2000,TB,RB,9,0.62,1.21,-6.03,0.0824,3.8,Western Illinois; Wisconsin,,,false
00-0005231,Brian Finneran,2009,ATL,WR,10,2.21,1.66,-6.03,0.1678,3.8,Villanova,,,false
00-0040590,Konata Mumpfield,2025,LA,WR,10,2.52,2.91,-6.03,0.1988,3.8,Pittsburgh; Akron,2025,7,false
00-0021330,Daryl Jones,2002,NYG,WR,12,1.45,2.17,-6.03,0.1111,3.8,Miami,2002,7,false
00-0031326,Bruce Ellington,2014,SF,WR,13,2.54,5.23,-6.03,0.1958,3.8,South Carolina,2014,4,false
00-0029004,Lance Dunbar,2016,DAL,RB,12,3.11,2.4,-6.04,0.1979,3.8,North Texas,,,false
00-0034439,Ryan Izzo,2020,NE,TE,10,3.09,2.39,-6.04,0.1974,3.8,Florida State,2018,7,false
00-0034928,Steven Sims,2022,PIT,WR,12,2.62,2.44,-6.04,0.1267,3.8,Kansas,,,false
00-0022582,Richard Owens,2006,MIN,TE,9,1.83,2.69,-6.04,0.0333,3.8,Louisville,,,false
00-0037086,Grant Calcaterra,2025,PHI,TE,9,2.51,3.08,-6.04,0.1977,3.8,SMU; Oklahoma,2022,6,false
00-0032134,C.J. Uzomah,2023,NYJ,TE,8,2.48,2.26,-6.04,0.2,3.8,Auburn,2015,5,false
00-0027012,Brian Robiskie,2009,CLE,WR,8,2.2,3.83,-6.04,0.1608,3.8,Ohio State,2009,2,false
00-0027346,Alfonso Smith,2013,ARI,RB,10,2.62,3.75,-6.04,0.2366,3.8,Kentucky,,,false
00-0029119,Derek Carrier,2015,WAS,TE,12,3.09,3.24,-6.04,0.3544,3.8,Beloit College,,,false
00-0024447,Devin Aromashodu,2012,MIN,WR,11,2.65,3.1,-6.05,0.1689,3.8,Auburn,2006,7,false
00-0030465,Kenjon Barner,2016,PHI,RB,11,3.1,3.11,-6.05,0.1875,3.8,Oregon,2013,6,false
00-0028497,Kamar Aiken,2017,IND,WR,14,2.02,2.13,-6.05,0.1447,3.8,UCF,,,false
00-0026209,Jacob Hester,2011,LAC,RB,16,1.99,2.56,-6.05,0.1477,3.8,LSU,2008,3,false
00-0024275,Maurice Jones-Drew,2014,LV,RB,11,2.52,2.27,-6.05,0.1748,3.8,UCLA,2006,2,false
00-0033069,Braxton Miller,2016,HOU,WR,10,3.09,3.96,-6.06,0.2053,3.8,Ohio State,2016,3,false
00-0030113,Charles D. Johnson,2016,MIN,WR,14,3.09,3.22,-6.06,0.1987,3.8,Grand Valley; Antelope Valley Junior College; Eastern Kentucky,2013,7,false
00-0022847,Ben Hartsock,2007,TEN,TE,12,2.15,1.27,-6.06,0.1111,3.8,Ohio State,2004,3,false
00-0030108,Ryan Griffin,2014,HOU,TE,10,2.51,2.56,-6.06,0.25,3.8,Connecticut,2013,6,false
00-0022054,Visanthe Shiancoe,2006,NYG,TE,10,1.81,1,-6.07,0.0167,3.8,Morgan State,2003,3,false
00-0034286,Richie James,2018,SF,WR,12,2.83,4.04,-6.07,0.1418,3.8,Middle Tennessee State,2018,7,false
00-0036438,Stephen Sullivan,2023,CAR,TE,10,2.45,2.22,-6.07,0.1875,3.8,LSU,2020,7,false
00-0036741,Jack Stoll,2022,PHI,TE,9,2.59,2.03,-6.07,0.1975,3.8,Nebraska,,,false
00-0027059,Patrick Turner,2011,NYJ,WR,12,1.97,2.74,-6.07,0.1486,3.8,USC,2009,3,false
00-0025396,Ted Ginn,2014,ARI,WR,16,2.5,2.94,-6.07,0.1888,3.8,Ohio State,2007,1,false
00-0024243,Marcedes Lewis,2019,GB,TE,12,3.05,2.18,-6.07,0.2571,3.8,UCLA,2006,1,false
00-0025460,Jacoby Jones,2007,HOU,WR,13,2.14,3.2,-6.07,0.1343,3.8,Lane College; Southeastern Louisiana,2007,3,false
00-0035140,Mecole Hardman,2024,KC,WR,12,2.77,3.86,-6.08,0.2357,3.8,Georgia,2019,2,false
00-0034364,Jordan Akins,2018,HOU,TE,14,2.82,2.14,-6.08,0.2105,3.8,UCF,2018,3,false
00-0006133,Hunter Goodwin,2001,MIA,TE,9,0.74,1.23,-6.08,0.0357,3.8,Texas A&M; Texas A&M University-Kingsville,1996,4,false
00-0030300,Jaron Brown,2013,ARI,WR,12,2.58,3.23,-6.08,0.1387,3.8,Clemson,,,false
00-0029510,Jonathan Grimes,2014,HOU,RB,12,2.49,3.26,-6.08,0.165,3.8,William & Mary,,,false
00-0019025,Ronney Jenkins,2001,SD,RB,16,0.74,2.05,-6.08,0.1122,3.8,Northern Arizona; BYU,,,false
00-0022811,Jerricho Cotchery,2004,NYJ,WR,10,1.8,2.93,-6.08,0.1111,3.8,N.C. State,2004,4,false
00-0029878,MarQueis Gray,2014,BUF,TE,9,2.49,3.15,-6.08,0.2368,3.8,Minnesota,,,true
00-0017611,Alvis Whitted,1999,JAX,WR,9,0.77,1.98,-6.09,0.0368,3.8,N.C. State,1998,7,false
00-0032725,Stephen Anderson,2021,LAC,TE,14,2.75,3.65,-6.09,0.2078,3.8,California,,,false
00-0021182,Maurice Morris,2004,SEA,RB,15,1.79,1.68,-6.09,0.1596,3.8,Oregon; Fresno City College,2002,2,false
00-0034860,Dante Pettis,2025,NO,WR,8,2.46,4.1,-6.09,0.1925,3.8,Washington,2018,2,false
00-0006431,Damon Griffin,2000,CIN,WR,8,0.56,1.06,-6.09,0.0725,3.8,Oregon,,,false
00-0032141,Geoff Swaim,2023,ARI,TE,8,2.43,1.64,-6.09,0.175,3.8,Texas; Butte College,2015,7,false
00-0027135,Brandon Myers,2011,LV,TE,16,1.94,1.91,-6.09,0.2055,3.8,Iowa,2009,6,false
00-0031610,Darren Waller,2016,BAL,TE,10,3.05,3.14,-6.1,0.2466,3.8,Georgia Tech,2015,6,false
00-0020425,Ken-Yon Rambo,2001,DAL,WR,8,0.73,1.03,-6.1,0.1064,3.8,Ohio State,2001,7,false
00-0029638,Michael Floyd,2018,WAS,WR,10,2.8,2.18,-6.1,0.1348,3.8,Notre Dame,2012,1,false
00-0033576,Eric Saubert,2022,DEN,TE,14,2.56,3.24,-6.1,0.1852,3.8,Drake,2017,5,false
00-0031687,Raheem Mostert,2025,LV,RB,12,2.45,2.3,-6.1,0.2188,3.8,Purdue,,,false
00-0036955,Terrace Marshall Jr.,2021,CAR,WR,12,2.73,2.65,-6.1,0.1677,3.8,LSU,2021,2,false
00-0027202,Michael Palmer,2011,ATL,TE,12,1.93,2.46,-6.1,0.1918,3.8,Clemson,,,false
00-0020448,Travis Minor,2007,LA,RB,13,2.11,3.48,-6.1,0.1702,3.8,Florida State,2001,3,false
00-0038046,Charlie Kolar,2023,BAL,TE,9,2.41,3.04,-6.11,0.1625,3.8,Iowa State,2022,4,false
00-0030431,Robert Woods,2024,HOU,WR,14,2.74,1.97,-6.11,0.2293,3.8,USC,2013,2,false
00-0037617,Hassan Haskins,2024,LAC,RB,12,2.73,4.37,-6.11,0.2041,3.8,Michigan,2022,4,false
00-0021845,Cecil Sapp,2006,DEN,RB,11,1.76,1.6,-6.11,0.1443,3.8,Colorado State,,,false
00-0023437,Ronnie Brown,2013,LAC,RB,14,2.55,2.51,-6.11,0.2258,3.8,Auburn,2005,1,false
00-0032008,Donteea Dye,2015,TB,WR,10,3.02,2.77,-6.12,0.1854,3.8,Heidelberg College,,,false
00-0019134,Joey Goodspeed,2004,LA,RB,14,1.76,1.76,-6.12,0.1489,3.8,Notre Dame,,,false
00-0033217,Mo Alie-Cox,2024,IND,TE,12,2.73,3.76,-6.12,0.2436,3.8,Virginia Commonwealth Univ.,,,false
00-0029626,Isaiah Pead,2013,LA,RB,9,2.54,4.35,-6.12,0.2151,3.8,Cincinnati,2012,2,false
00-0024172,Patrick Cobbs,2010,MIA,RB,13,2.24,4.38,-6.12,0.1778,3.8,North Texas,,,false
00-0019484,Sammy Morris,2005,MIA,RB,13,1.94,2.22,-6.12,0.1979,3.8,Texas Tech,2000,5,false
00-0007795,Chris Howard,1999,JAX,RB,10,0.73,0.98,-6.12,0.1146,3.8,Michigan,1998,5,false
00-0034652,Cameron Batson,2020,TEN,WR,10,3,3.19,-6.13,0.1818,3.8,Texas Tech,,,false
00-0020058,David Allen,2003,JAX,RB,14,1.34,3.03,-6.13,0.1616,3.8,Kansas State,,,false
00-0039751,Jordan Whittington,2025,LA,WR,15,2.42,2.18,-6.13,0.1863,3.8,Texas,2024,6,false
00-0034788,Jaeden Graham,2019,ATL,TE,10,2.99,4.49,-6.13,0.2429,3.8,Yale,,,false
00-0016347,Jeff Thomason,2001,PHI,TE,12,0.69,1.06,-6.13,0.0179,3.8,Oregon,,,false
00-0028581,Patrick DiMarco,2015,ATL,RB,12,3,4.69,-6.14,0.2292,3.8,South Carolina,,,false
00-0038098,Pierre Strong,2024,CLE,RB,13,2.71,3.09,-6.14,0.1939,3.8,South Dakota State,2022,4,false
00-0025701,Jackie Battle,2013,TEN,RB,11,2.53,2.83,-6.14,0.2043,3.8,Houston,,,false
00-0009443,Brian Kozlowski,2003,ATL,TE,14,1.34,1.18,-6.14,0.0182,3.8,Connecticut,,,false
00-0032135,Jesse James,2020,DET,TE,13,2.99,3.36,-6.14,0.1842,3.8,Penn State,2015,5,false
00-0029273,Robert Turbin,2013,SEA,RB,16,2.52,1.74,-6.14,0.1935,3.8,Utah State,2012,4,false
00-0034286,Richie James,2023,KC,WR,9,2.38,2.53,-6.14,0.1916,3.8,Middle Tennessee State,2018,7,false
00-0033854,Dare Ogunbowale,2020,JAX,RB,10,2.99,4.38,-6.14,0.1616,3.8,Wisconsin,,,false
00-0019025,Ronney Jenkins,2000,SD,RB,15,0.51,1.83,-6.14,0.0706,3.8,Northern Arizona; BYU,,,false
00-0034407,Ray-Ray McCloud,2023,SF,WR,12,2.38,2.45,-6.14,0.1856,3.8,Clemson,2018,6,false
00-0023953,Sam Hurd,2011,CHI,WR,10,1.89,2.8,-6.15,0.1419,3.8,Northern Illinois,,,false
00-0038647,Ronnie Bell,2023,SF,WR,13,2.37,3.77,-6.15,0.1796,3.8,Michigan,2023,7,false
00-0031941,Jamison Crowder,2023,WAS,WR,16,2.37,5.69,-6.15,0.1737,3.8,Duke,2015,4,false
00-0029673,DeVier Posey,2012,HOU,WR,8,2.55,2.92,-6.15,0.1622,3.8,Ohio State,2012,3,false
00-0033591,Noah Brown,2020,DAL,WR,10,2.98,2.94,-6.15,0.1753,3.8,Ohio State,2017,7,false
00-0033681,Keelan Cole,2022,LV,WR,12,2.51,3.69,-6.15,0.12,3.8,Kentucky Wesleyan,,,false
00-0036254,Collin Johnson,2021,NYG,WR,8,2.69,3.37,-6.15,0.1613,3.8,Texas,2020,5,false
00-0023953,Sam Hurd,2009,DAL,WR,12,2.09,3.74,-6.15,0.1538,3.8,Northern Illinois,,,false
00-0032429,Jerell Adams,2017,NYG,TE,9,1.91,2.5,-6.16,0.1039,3.8,South Carolina,2016,6,false
00-0027732,Michael Hoomanawanui,2017,NO,TE,9,1.91,3.41,-6.16,0.1039,3.8,Illinois,2010,5,false
00-0023176,Josh Cribbs,2007,CLE,WR,16,2.05,2.28,-6.16,0.1269,3.8,Kent State,,,false
00-0031057,Ka'Deem Carey,2014,CHI,RB,11,2.41,2.72,-6.16,0.1553,3.8,Arizona,2014,4,false
00-0039355,Luke McCaffrey,2024,WAS,WR,13,2.68,2.1,-6.17,0.2229,3.8,Rice; Nebraska,2024,3,false
00-0034845,Sony Michel,2022,LAC,RB,10,2.49,2.49,-6.17,0.1633,3.8,Georgia,2018,1,false
00-0029119,Derek Carrier,2019,LV,TE,11,2.95,2.86,-6.17,0.2286,3.8,Beloit College,,,false
00-0038821,Rakim Jarrett,2024,TB,WR,8,2.68,2.82,-6.17,0.2166,3.8,Maryland,,,false
00-0028061,Tandon Doss,2012,BAL,WR,10,2.53,2.88,-6.17,0.1554,3.8,Indiana,2011,4,false
00-0038573,Derius Davis,2024,LAC,WR,15,2.67,3.46,-6.17,0.2102,3.8,TCU,2023,4,false
00-0035527,Andy Isabella,2019,ARI,WR,12,2.95,5.02,-6.17,0.1579,3.8,UMass Amherst,2019,2,false
00-0034869,Sam Darnold,2023,SF,QB,10,2.34,5.66,-6.18,0,3.8,USC,2018,1,false
00-0024318,Brad Smith,2006,NYJ,WR,15,1.69,1.84,-6.18,0.1181,3.8,Missouri,2006,4,false
00-0033937,Amara Darboh,2017,SEA,WR,8,1.89,1.62,-6.18,0.1382,3.8,Michigan,2017,3,false
00-0020617,Nate Jackson,2004,DEN,TE,9,1.7,2.59,-6.18,0.1475,3.8,Menlo College; Cal Poly (San Luis Obispo),,,false
00-0023251,Kyle Eckel,2007,NE,RB,11,2.03,3.72,-6.19,0.1596,3.8,Navy,,,false
00-0029140,Chris Rainey,2012,PIT,RB,16,2.51,3.36,-6.19,0.1684,3.8,Florida,2012,5,false
00-0023797,Darcy Johnson,2008,NYG,TE,8,2.58,3.56,-6.19,0.2031,3.8,UCF,,,false
00-0039623,Mason Tipton,2024,NO,WR,9,2.66,3.18,-6.19,0.2038,3.8,Yale,,,false
00-0029634,James Hanna,2017,DAL,TE,10,1.88,3.15,-6.19,0.0909,3.8,Oklahoma,2012,6,false
00-0034487,Trent Sherfield,2023,BUF,WR,11,2.33,3.32,-6.19,0.1677,3.8,Vanderbilt,,,false
00-0027061,Jared Cook,2009,TEN,TE,8,2.05,2.27,-6.19,0.2059,3.7,South Carolina,2009,3,false
00-0027057,Brandon Tate,2012,CIN,WR,16,2.51,4.22,-6.19,0.1486,3.7,North Carolina,2009,3,false
00-0033948,Jamaal Williams,2024,NO,RB,14,2.65,3.05,-6.19,0.1837,3.7,BYU,2017,4,false
00-0020332,David Martin,2010,BUF,TE,8,2.16,2.43,-6.2,0.274,3.7,Tennessee,2001,6,false
00-0025549,Brent Celek,2016,PHI,TE,10,2.95,2.6,-6.2,0.2329,3.7,Cincinnati,2007,5,false
00-0021673,ReShard Lee,2004,DAL,RB,12,1.68,2.78,-6.2,0.1383,3.7,Middle Tennessee State,,,false
00-0023176,Josh Cribbs,2008,CLE,WR,15,2.56,2.46,-6.2,0.1556,3.7,Kent State,,,false
00-0020794,Edell Shepherd,2005,TB,WR,12,1.86,5.04,-6.2,0.1203,3.7,San Jose State; West Los Angeles College,,,false
00-0034297,Byron Pringle,2023,WAS,WR,13,2.32,2.51,-6.2,0.1617,3.7,Kansas State,,,false
00-0033955,Jeremy McNichols,2020,TEN,RB,15,2.93,3.06,-6.2,0.1515,3.7,Boise State,2017,5,false
00-0020692,Eddie Drummond,2002,DET,WR,9,1.28,2.31,-6.21,0.1042,3.7,Penn State,,,false
00-0034297,Byron Pringle,2019,KC,WR,12,2.92,6.27,-6.21,0.1513,3.7,Kansas State,,,false
00-0024369,Jeff King,2012,ARI,TE,12,2.49,2.03,-6.21,0.3014,3.7,Virginia Tech,2006,5,false
00-0034365,Ian Thomas,2021,CAR,TE,14,2.63,2.45,-6.21,0.1948,3.7,Indiana; Nassau CC,2018,4,false
00-0033725,Corey Clement,2021,DAL,RB,11,2.63,5.43,-6.21,0.1584,3.7,Wisconsin,,,false
00-0000007,Rabih Abdullah,2001,TB,RB,14,0.61,2.13,-6.21,0.102,3.7,Lehigh University,,,false
00-0028086,Denarius Moore,2014,LV,WR,10,2.36,2.14,-6.21,0.1818,3.7,Tennessee,2011,5,false
00-0037614,John Metchie III,2023,HOU,WR,14,2.3,1.18,-6.22,0.1557,3.7,Alabama,2022,2,false
00-0026316,Jalen Parmele,2012,JAX,RB,11,2.48,3.61,-6.22,0.1579,3.7,Toledo,2008,6,false
00-0032725,Stephen Anderson,2016,HOU,TE,9,2.92,2.51,-6.22,0.2192,3.7,California,,,false
00-0027772,Anthony Dixon,2012,SF,RB,8,2.48,3.14,-6.22,0.1474,3.7,Mississippi State,2010,6,false
00-0024698,Clifton Dawson,2007,IND,RB,8,1.99,2.97,-6.23,0.1489,3.7,Harvard; Northwestern,,,true
00-0034777,DJ Chark,2018,JAX,WR,11,2.67,3.6,-6.23,0.1277,3.7,LSU,2018,2,false
00-0022060,Aaron Walker,2004,SF,TE,13,1.65,2.25,-6.23,0.1311,3.7,Florida,2003,5,false
00-0027429,Verran Tucker,2010,KC,WR,11,2.13,2.81,-6.23,0.1479,3.7,California; El Camino,,,false
00-0035567,Craig Reynolds,2024,DET,RB,8,2.61,2.8,-6.23,0.1735,3.7,Kutztown,,,false
00-0034854,KhaDarel Hodge,2024,ATL,WR,10,2.61,4.53,-6.23,0.1975,3.7,Prairie View A&M; Hinds CC; Alcorn State,,,false
00-0033757,Robert Tonyan,2019,GB,TE,9,2.89,2.3,-6.23,0.2143,3.7,Indiana State,,,false
00-0012569,Larry Parker,2000,KC,WR,11,0.42,1.63,-6.24,0.0652,3.7,USC,1999,4,false
00-0009323,Jimmy Kleinsasser,2010,MIN,TE,15,2.12,1.71,-6.24,0.2603,3.7,North Dakota,1999,2,false
00-0028198,Matt Asiata,2015,MIN,RB,15,2.89,1.95,-6.24,0.2188,3.7,Utah; Snow,,,false
00-0024287,Leonard Pope,2010,KC,TE,14,2.11,2.6,-6.24,0.2466,3.7,Georgia,2006,3,false
00-0036628,John Bates,2023,WAS,TE,15,2.27,2.33,-6.24,0.15,3.7,Boise State,2021,4,false
00-0031189,T.J. Jones,2015,DET,WR,10,2.89,3.69,-6.25,0.1788,3.7,Notre Dame,2014,6,false
00-0030780,Ryan Hewitt,2014,CIN,TE,8,2.33,2.52,-6.25,0.2237,3.7,Stanford,,,false
00-0023679,Billy Bajema,2011,LA,TE,9,1.79,1.83,-6.25,0.1781,3.7,Oklahoma State,2005,7,false
00-0036398,John Hightower,2020,PHI,WR,10,2.88,2.77,-6.25,0.1688,3.7,Boise State,2020,5,false
00-0033376,Patrick Ricard,2021,BAL,RB,8,2.59,4.17,-6.25,0.1485,3.7,Maine,,,false
00-0027109,James Casey,2014,PHI,TE,9,2.32,3.91,-6.25,0.2105,3.7,Rice,2009,5,false
00-0030516,Brice Butler,2013,LV,WR,8,2.41,2.67,-6.25,0.1314,3.7,San Diego State; USC,2013,7,false
00-0011333,John Henry Mills,1999,MIN,RB,10,0.6,1.3,-6.25,0.1042,3.7,Wake Forest,1993,5,false
00-0013958,Charlie Rogers,2000,SEA,RB,15,0.4,1.55,-6.25,0.0588,3.7,Georgia Tech,1999,5,false
00-0019206,Shockmain Davis,2000,NE,WR,8,0.4,1.13,-6.25,0.058,3.7,Angelo State University,,,false
00-0024069,Troy Bienemann,2007,ARI,TE,9,1.96,2.09,-6.26,0.0952,3.7,Washington State,,,false
00-0033251,Zach Pascal,2022,PHI,WR,15,2.4,3.46,-6.26,0.1133,3.7,Old Dominion,,,false
00-0009869,Jermaine Lewis,2001,BAL,WR,15,0.57,0.99,-6.26,0.0993,3.7,Maryland,1996,5,false
00-0033025,Jalen Richard,2021,LV,RB,9,2.58,1.83,-6.26,0.1386,3.7,Southern Mississippi,,,false
00-0029141,Alfred Morris,2016,DAL,RB,14,2.89,2.7,-6.26,0.1771,3.7,Florida Atlantic,2012,6,false
00-0037306,John FitzPatrick,2025,GB,TE,11,2.29,2.72,-6.26,0.186,3.7,Georgia,2022,6,false
00-0012370,Brock Olivo,1999,DET,RB,11,0.59,1.32,-6.26,0.0938,3.7,Missouri,,,false
00-0008229,Nate Jacquet,2000,SD,WR,9,0.39,1.17,-6.27,0.0507,3.7,San Diego State; Mt. San Antonio,1997,5,false
00-0025464,Matt Spaeth,2010,PIT,TE,11,2.09,3.54,-6.27,0.2329,3.7,Minnesota,2007,3,false
00-0036999,Anthony Schwartz,2021,CLE,WR,13,2.57,3.91,-6.27,0.1548,3.7,Auburn,2021,3,false
00-0024687,Dominique Zeigler,2010,SF,WR,9,2.09,2.4,-6.27,0.1408,3.7,Baylor,,,false
00-0015152,Detron Smith,1999,DEN,RB,12,0.58,1.4,-6.27,0.0833,3.7,Texas A&M,1996,3,false
00-0027069,Chase Coffman,2014,TEN,TE,8,2.3,4.25,-6.27,0.1974,3.7,Missouri,2009,3,false
00-0025636,Derek Stanley,2008,LA,WR,8,2.49,5.45,-6.28,0.1481,3.7,Wisconsin-Whitewater,2007,7,false
00-0021253,Jarrod Baxter,2002,HOU,RB,13,1.21,2.28,-6.28,0.1515,3.7,New Mexico,2002,5,false
00-0032659,Roger Lewis,2016,NYG,WR,10,2.87,3.72,-6.28,0.1921,3.7,Bowling Green,,,false
00-0030216,Josh Hill,2015,NO,TE,14,2.86,3.38,-6.28,0.3418,3.7,Idaho State; Boise State,,,false
00-0034854,KhaDarel Hodge,2021,DET,WR,12,2.56,3.5,-6.28,0.1484,3.7,Prairie View A&M; Hinds CC; Alcorn State,,,false
00-0019552,Troy Walters,2007,DET,WR,13,1.93,3.15,-6.28,0.1194,3.7,Stanford,2000,5,false
00-0036842,Kene Nwangwu,2021,MIN,RB,9,2.56,2.77,-6.28,0.1287,3.7,Iowa State,2021,4,false
00-0033455,Anthony Firkser,2022,ATL,TE,8,2.38,1.29,-6.28,0.1728,3.7,Harvard,,,false
00-0036887,Luke Farrell,2025,SF,TE,13,2.27,3.32,-6.28,0.1744,3.7,Ohio State,2021,5,false
00-0037557,Ronnie Rivers,2023,LA,RB,9,2.23,2.61,-6.28,0.1444,3.7,Fresno State,,,false
00-0010632,Fred McAfee,2000,NO,RB,10,0.37,1.28,-6.28,0.0471,3.7,Mississippi College,1991,6,false
00-0032115,Kaelin Clay,2017,CAR,WR,13,1.78,2.65,-6.28,0.1316,3.7,Utah; Mt. San Antonio; California,2015,6,true
00-0023512,Ryan Moats,2008,HOU,RB,8,2.47,4.89,-6.29,0.2021,3.7,Louisiana Tech,2005,3,false
00-0032385,Sterling Shepard,2023,NYG,WR,10,2.23,2.3,-6.29,0.1497,3.7,Oklahoma,2016,2,false
00-0029638,Michael Floyd,2017,MIN,WR,10,1.78,1.36,-6.29,0.125,3.7,Notre Dame,2012,1,false
00-0037348,Tanner Conner,2025,MIA,TE,8,2.26,1.59,-6.29,0.1628,3.7,Idaho State,,,false
00-0004055,Thabiti Davis,2001,NYG,WR,12,0.53,1.25,-6.29,0.0922,3.7,Wake Forest,,,false
00-0037098,Samori Toure,2023,GB,WR,8,2.23,1.74,-6.29,0.1437,3.7,Nebraska,2022,7,false
00-0031035,Xavier Grimble,2017,PIT,TE,8,1.78,2.34,-6.29,0.0779,3.7,USC,,,false
00-0028702,Chris Matthews,2015,SEA,WR,12,2.84,3.57,-6.29,0.1722,3.7,Kentucky; LAHC,,,true
00-0036959,Michael Bandy,2022,LAC,WR,8,2.36,3.14,-6.3,0.1,3.7,San Diego,,,false
00-0032980,Marcus Johnson,2022,NYG,WR,8,2.36,3,-6.3,0.1,3.7,Texas,,,false
00-0027690,Eric Decker,2010,DEN,WR,10,2.06,3.69,-6.3,0.1338,3.7,Minnesota,2010,3,false
00-0029394,Brenton Bersin,2014,CAR,WR,15,2.27,2.91,-6.3,0.1748,3.7,Wofford,,,false
00-0038573,Derius Davis,2023,LAC,WR,17,2.22,2.49,-6.3,0.1377,3.7,TCU,2023,4,false
00-0001862,Luther Broughton,2001,CAR,TE,8,0.52,0.98,-6.3,0,3.7,Furman,1997,5,false
00-0021048,Damien Anderson,2003,ARI,RB,14,1.17,1.34,-6.3,0.1515,3.7,Northwestern,,,false
00-0035891,Cody White,2025,SEA,WR,8,2.25,4.5,-6.3,0.1801,3.7,Michigan State,,,false
00-0021313,Javin Hunter,2002,BAL,WR,8,1.18,1.39,-6.31,0.0972,3.7,Notre Dame,2002,6,false
00-0038547,Luke Schoonmaker,2023,DAL,TE,12,2.21,3.25,-6.31,0.1375,3.7,Michigan,2023,2,false
00-0019466,Curtis Keaton,2001,CIN,RB,13,0.52,1.28,-6.31,0.0918,3.7,James Madison; West Virginia,2000,4,false
00-0030860,Orleans Darkwa,2014,NYG,RB,8,2.26,4.4,-6.31,0.1456,3.7,Tulane,,,true
00-0021213,Chris Baker,2010,SEA,TE,13,2.05,2.7,-6.31,0.2192,3.7,Michigan State,2002,3,false
00-0017611,Alvis Whitted,2001,JAC,WR,8,0.51,0.84,-6.31,0.0851,3.7,N.C. State,1998,7,true
00-0021255,John Owens,2008,DET,TE,8,2.45,2.34,-6.31,0.1875,3.7,Notre Dame,2002,5,false
00-0035645,Gunner Olszewski,2025,NYG,WR,16,2.24,5.01,-6.31,0.1739,3.7,Bemidji State University,,,false
00-0026272,Derek Fine,2009,BUF,TE,8,1.93,2.76,-6.32,0.1912,3.7,Kansas,2008,4,false
00-0029731,Fozzy Whittaker,2017,CAR,RB,10,1.75,3.83,-6.32,0.1158,3.7,Texas,,,false
00-0003103,Cameron Cleeland,2004,LA,TE,8,1.56,1.24,-6.32,0.1148,3.7,Washington,,,false
00-0021525,Casey Fitzsimmons,2004,DET,TE,13,1.56,1.07,-6.32,0.0984,3.7,Carroll College,,,false
00-0030710,Trey Burton,2019,CHI,TE,8,2.8,2.07,-6.32,0.2,3.7,Florida,,,false
00-0000007,Rabih Abdullah,2003,CHI,RB,15,1.15,1.47,-6.33,0.1414,3.7,Lehigh University,,,false
00-0026780,Kevin Ogletree,2009,DAL,WR,9,1.91,2.3,-6.33,0.1469,3.7,Virginia,,,false
00-0036626,Dyami Brown,2023,WAS,WR,16,2.19,3.53,-6.33,0.1317,3.7,North Carolina,2021,3,false
00-0037331,Zander Horvath,2022,LAC,RB,8,2.33,3.53,-6.33,0.1531,3.7,Purdue,2022,7,false
00-0020361,Alex Bannister,2003,SEA,WR,13,1.14,3.69,-6.33,0.1298,3.7,Eastern Kentucky,2001,5,false
00-0030400,Marlon Brown,2015,BAL,WR,9,2.8,1.82,-6.34,0.1656,3.7,Georgia,,,false
00-0027419,Chris Gronkowski,2010,DAL,RB,9,2.02,3.27,-6.34,0.1667,3.7,Arizona; Maryland,,,false
00-0018588,Alan Ricard,2004,BAL,RB,12,1.54,1.17,-6.34,0.1277,3.7,Louisiana-Monroe,,,false
00-0037085,Tyler Badie,2025,DEN,RB,16,2.21,1.7,-6.34,0.2083,3.7,Missouri,2022,6,false
00-0025439,Brian Leonard,2012,CIN,RB,12,2.36,1.86,-6.34,0.1368,3.7,Rutgers,2007,2,false
00-0035628,D'Ernest Johnson,2023,JAX,RB,16,2.17,2.59,-6.34,0.1333,3.7,University of South Florida,,,false
00-0020485,Eddie Berlin,2001,TEN,WR,10,0.48,1.52,-6.35,0.078,3.7,Northern Iowa,2001,5,false
00-0020415,Andre King,2002,CLE,WR,8,1.14,1.64,-6.35,0.0903,3.7,Miami,2001,7,false
00-0034364,Jordan Akins,2023,CLE,TE,13,2.17,1.4,-6.35,0.125,3.7,UCF,2018,3,false
00-0013958,Charlie Rogers,1999,SEA,RB,12,0.5,1.73,-6.35,0.0729,3.7,Georgia Tech,1999,5,false
00-0029388,Deonte Thompson,2018,DAL,WR,13,2.55,2.38,-6.35,0.1206,3.7,Florida,,,true
00-0030465,Kenjon Barner,2017,PHI,RB,13,1.72,2.66,-6.35,0.1053,3.7,Oregon,2013,6,false
00-0024432,Todd Watkins,2009,LV,WR,9,1.89,1.7,-6.35,0.1399,3.7,BYU; Norfolk State; Grossmont,2006,7,false
00-0028064,Bilal Powell,2019,NYJ,RB,12,2.77,2.98,-6.36,0.1789,3.7,Louisville,2011,4,false
00-0023953,Sam Hurd,2010,DAL,WR,13,2,2.2,-6.36,0.1268,3.7,Northern Illinois,,,false
00-0035222,Zach Gentry,2022,PIT,TE,14,2.3,2.53,-6.36,0.1605,3.7,Michigan,2019,5,false
00-0028263,Andre Holmes,2016,LV,WR,16,2.79,3.81,-6.36,0.1854,3.7,Hillsdale,,,false
00-0012946,Dino Philyaw,1999,NO,RB,12,0.49,1.22,-6.36,0.0625,3.7,Oregon; Taft College,1995,6,false
00-0022797,Thomas Tapeh,2007,PHI,RB,8,1.85,1.43,-6.36,0.1383,3.7,Minnesota,2004,5,false
00-0023176,Josh Cribbs,2006,CLE,WR,16,1.51,2.32,-6.36,0.1102,3.7,Kent State,,,false
00-0038752,Jake Bobo,2024,SEA,WR,12,2.48,2.35,-6.37,0.1911,3.7,UCLA; Duke,,,false
00-0032104,Ameer Abdullah,2019,MIN,RB,15,2.75,3.64,-6.37,0.1684,3.7,Nebraska,2015,2,false
00-0025494,Antonio Pittman,2007,LA,RB,10,1.84,1.98,-6.37,0.1277,3.6,Ohio State,2007,4,false
00-0022288,Jason Wright,2009,ARI,RB,15,1.87,2.54,-6.38,0.1304,3.6,Northwestern,,,false
00-0019590,Chad Morton,2002,NYJ,RB,16,1.11,3.42,-6.38,0.1414,3.6,USC,2000,5,false
00-0026956,LaRod Stephens-Howling,2009,ARI,RB,16,1.86,2.58,-6.38,0.1196,3.6,Pittsburgh,2009,7,false
00-0020587,Jamal Robertson,2004,SF,RB,11,1.5,3.09,-6.38,0.117,3.6,Ohio Northern University,,,true
00-0000765,Reggie Barlow,2000,JAX,WR,14,0.27,1.02,-6.38,0.0435,3.6,Alabama State,1996,4,false
00-0028142,Virgil Green,2014,DEN,TE,9,2.19,4.38,-6.38,0.1842,3.6,Nevada,2011,7,false
00-0036245,Malcolm Perry,2020,MIA,RB,9,2.74,3.17,-6.39,0.1414,3.6,Navy,2020,7,false
00-0029055,Kevin Elliott,2012,JAX,WR,9,2.31,2.57,-6.39,0.1419,3.6,Florida A&M,,,false
00-0024297,Derek Hagan,2009,NYG,WR,13,1.85,2.78,-6.39,0.1329,3.6,Arizona State,2006,3,false
00-0027786,Jonathan Dwyer,2013,PIT,RB,15,2.27,2.06,-6.39,0.1828,3.6,Georgia Tech,2010,6,false
00-0029119,Derek Carrier,2017,LA,TE,9,1.68,1.08,-6.39,0.0649,3.6,Beloit College,,,false
00-0036590,Quintin Morris,2022,BUF,TE,9,2.27,2.96,-6.39,0.1481,3.6,Bowling Green,,,false
00-0007798,Desmond Howard,1999,GB,WR,13,0.46,1.66,-6.39,0.0294,3.6,Michigan,1992,1,true
00-0039359,Cade Stover,2024,HOU,TE,14,2.45,3,-6.39,0.2308,3.6,Ohio State,2024,4,false
00-0000765,Reggie Barlow,2003,TB,WR,9,1.08,3.12,-6.4,0.1221,3.6,Alabama State,1996,4,false
00-0019975,Jimmy Redmond,2003,JAX,WR,9,1.08,1.65,-6.4,0.1145,3.6,McNeese State,,,false
00-0024261,Joe Klopfenstein,2008,LA,TE,9,2.37,1.67,-6.4,0.1719,3.6,Colorado,2006,2,false
00-0023784,Greg Estandia,2008,JAX,TE,9,2.37,2.76,-6.4,0.1563,3.6,UNLV; Moorpark College,,,false
00-0020268,Tony Stewart,2004,CIN,TE,14,1.49,2.35,-6.4,0.082,3.6,Penn State,2001,5,false
00-0033079,Ricardo Louis,2016,CLE,WR,14,2.75,3.58,-6.4,0.1788,3.6,Auburn,2016,4,false
00-0019057,Jamel White,2004,BAL,RB,11,1.48,1.46,-6.4,0.1064,3.6,South Dakota,,,true
00-0009443,Brian Kozlowski,2002,ATL,TE,11,1.08,1.61,-6.4,0.0923,3.6,Connecticut,,,false
00-0034253,Dontrell Hilliard,2019,CLE,RB,14,2.72,4.25,-6.4,0.1579,3.6,Tulane,,,false
00-0032104,Ameer Abdullah,2020,MIN,RB,11,2.73,3.66,-6.4,0.1313,3.6,Nebraska,2015,2,false
00-0011213,Glyn Milburn,2001,SD,WR,10,0.42,0.84,-6.41,0.0709,3.6,Stanford; Oklahoma,1993,2,true
00-0038045,Isaiah Spiller,2023,LAC,RB,9,2.11,1.77,-6.41,0.1222,3.6,Texas A&M,2022,4,false
00-0023429,Rashied Davis,2010,CHI,WR,12,1.95,4.25,-6.41,0.1197,3.6,San Jose State; West Los Angeles College,,,false
00-0008346,James Jenkins,1999,WAS,TE,9,0.44,1.33,-6.41,0.0308,3.6,Rutgers,,,false
00-0040581,Dont'e Thornton Jr.,2025,LV,WR,11,2.14,2.18,-6.42,0.1677,3.6,Tennessee; Oregon,2025,4,false
00-0034132,Christian Blake,2020,ATL,WR,10,2.71,2.75,-6.42,0.1623,3.6,Northern Illinois,,,false
00-0028142,Virgil Green,2015,DEN,TE,13,2.72,3.11,-6.42,0.3291,3.6,Nevada,2011,7,false
00-0026300,Josh Johnson,2011,TB,QB,9,1.62,5.37,-6.42,0,3.6,San Diego,2008,5,false
00-0028097,Lee Smith,2014,BUF,TE,8,2.15,2.8,-6.42,0.1711,3.6,Marshall; Tennessee,2011,5,false
00-0028270,Weslye Saunders,2011,PIT,TE,8,1.61,2.47,-6.43,0.1644,3.6,South Carolina,,,false
00-0040009,Savion Williams,2025,GB,WR,12,2.12,2.5,-6.43,0.1615,3.6,TCU,2025,3,false
00-0017697,Terrence Wilkins,2002,STL,WR,13,1.05,1.47,-6.43,0.0833,3.6,Virginia,,,false
00-0028091,Jeremy Kerley,2015,NYJ,WR,16,2.7,5.04,-6.44,0.1589,3.6,TCU,2011,5,false
00-0009323,Jimmy Kleinsasser,1999,MIN,TE,8,0.41,1.89,-6.44,0.0154,3.6,North Dakota,1999,2,false
00-0011236,Billy Miller,2000,DEN,TE,8,0.21,0.6,-6.44,0,3.6,USC,1999,7,false
00-0024846,Gary Russell,2009,LV,RB,12,1.8,3.11,-6.44,0.1087,3.6,Minnesota,,,false
00-0031302,C.J. Fiedorowicz,2015,HOU,TE,14,2.69,2.56,-6.44,0.3165,3.6,Iowa,2014,3,false
00-0031570,Justin Hardy,2018,ATL,WR,16,2.46,4.13,-6.44,0.1135,3.6,East Carolina,2015,4,false
00-0035806,JaMycal Hasty,2024,NE,RB,12,2.4,4.41,-6.44,0.1633,3.6,Baylor,,,false
00-0033111,Pharoh Cooper,2017,LA,WR,16,1.63,1.98,-6.44,0.1184,3.6,South Carolina,2016,4,false
00-0027772,Anthony Dixon,2011,SF,RB,14,1.59,2.94,-6.44,0.1364,3.6,Mississippi State,2010,6,false
00-0024324,Jason Avant,2015,KC,WR,10,2.69,2.57,-6.45,0.1523,3.6,Michigan,2006,4,false
00-0030282,Stepfan Taylor,2013,ARI,RB,12,2.22,2.43,-6.45,0.172,3.6,Stanford,2013,5,false
00-0032394,Nick Vannett,2020,DEN,TE,11,2.68,3.49,-6.45,0.1711,3.6,Ohio State,2016,3,false
00-0027156,Tiquan Underwood,2010,JAX,WR,10,1.91,2.5,-6.45,0.1127,3.6,Rutgers,2009,7,false
00-0020403,Anthony Thomas,2005,DAL,RB,9,1.61,1.45,-6.45,0.1875,3.6,Michigan,2001,2,true
00-0020430,James Jackson,2002,CLE,RB,9,1.03,1.06,-6.45,0.1313,3.6,Miami,2001,3,false
00-0027675,Ed Dickson,2014,CAR,TE,13,2.12,2.58,-6.46,0.1579,3.6,Oregon,2010,3,false
00-0034578,Reggie Bonnafon,2019,CAR,RB,11,2.66,4.18,-6.46,0.1474,3.6,Louisville,,,false
00-0026008,Matthew Mulligan,2012,LA,TE,10,2.24,2.86,-6.46,0.2877,3.6,Maine; Husson College,,,false
00-0032054,Breshad Perriman,2017,BAL,WR,11,1.61,1.93,-6.46,0.1118,3.6,UCF,2015,1,false
00-0028093,Niles Paul,2012,WAS,TE,13,2.24,3.02,-6.46,0.274,3.6,Nebraska,2011,5,false
00-0037487,Deven Thompkins,2023,TB,WR,17,2.05,3.65,-6.46,0.1257,3.6,Utah State,,,false
00-0030422,Dion Sims,2015,MIA,TE,13,2.67,3.63,-6.47,0.3038,3.6,Michigan State,2013,4,false
00-0032543,Alex Erickson,2018,CIN,WR,16,2.43,3.32,-6.47,0.1064,3.6,Wisconsin,,,false
00-0020018,Arnold Jackson,2002,ARI,WR,15,1.01,3.05,-6.47,0.0764,3.6,Louisville,,,false
00-0028345,Robert Hughes,2014,ARI,RB,11,2.1,2,-6.47,0.1359,3.6,Notre Dame,,,false
00-0039299,George Holani,2025,SEA,RB,10,2.08,3.24,-6.47,0.1979,3.6,Boise State,,,false
00-0024535,Eric Weems,2009,ATL,WR,16,1.77,3.26,-6.47,0.1259,3.6,Bethune-Cookman College,,,false
00-0026963,Cameron Morrah,2010,SEA,TE,11,1.88,2.91,-6.48,0.2055,3.6,California,2009,7,false
00-0028068,Jamie Harper,2011,TEN,RB,10,1.56,2.19,-6.48,0.125,3.6,Clemson,2011,4,false
00-0026983,Darrius Heyward-Bey,2017,PIT,WR,10,1.59,3.07,-6.48,0.1053,3.6,Maryland,2009,1,false
00-0030155,Demetrius Harris,2016,KC,TE,14,2.66,4.05,-6.48,0.2055,3.6,Wisconsin-Milwaukee; Mineral Area CC,,,false
00-0036233,Donovan Peoples-Jones,2023,CLE,WR,14,2.04,2.27,-6.48,0.1198,3.6,Michigan,2020,6,true
00-0023561,Alvin Pearman,2006,JAX,RB,13,1.39,3.57,-6.48,0.134,3.6,Virginia,2005,4,false
00-0033953,Jordan Leggett,2018,NYJ,TE,13,2.42,2.71,-6.48,0.1974,3.6,Clemson,2017,5,false
00-0013467,Jamie Reader,2001,PHI,RB,10,0.34,0.74,-6.49,0.0816,3.6,Akron,,,false
00-0023591,Justin Green,2005,BAL,RB,8,1.57,1.65,-6.49,0.1771,3.6,Montana; San Diego Mesa College; San Diego State,2005,5,false
00-0011399,Brian Mitchell,2003,NYG,RB,16,0.99,2.48,-6.49,0.1313,3.6,Louisiana-Lafayette,1990,5,false
00-0026209,Jacob Hester,2009,LAC,RB,13,1.75,2.52,-6.49,0.0978,3.6,LSU,2008,3,false
00-0029492,Jamize Olawale,2015,LV,RB,13,2.65,3.06,-6.49,0.2083,3.6,North Texas,,,false
00-0040563,Efton Chism III,2025,NE,WR,8,2.06,4.31,-6.49,0.1553,3.6,Eastern Washington,,,false
00-0019552,Troy Walters,2000,MIN,WR,11,0.16,0.45,-6.49,0.0362,3.6,Stanford,2000,5,false
00-0029319,Josh Bellamy,2018,CHI,WR,14,2.41,2.87,-6.49,0.0993,3.6,Louisville; Butte College,,,false
00-0031900,Rod Smith,2018,DAL,RB,14,2.41,3.52,-6.49,0.129,3.6,Ohio State,,,false
00-0019649,Trung Canidate,2002,STL,RB,10,0.99,1.86,-6.49,0.1212,3.6,Arizona,2000,1,false
00-0021255,John Owens,2002,DET,TE,10,0.99,1.41,-6.49,0.0769,3.6,Notre Dame,2002,5,false
00-0000007,Rabih Abdullah,1999,TB,RB,12,0.36,0.66,-6.5,0.0521,3.6,Lehigh University,,,false
00-0039052,Trey Palmer,2024,TB,WR,15,2.35,3.31,-6.5,0.1847,3.6,Nebraska; LSU,2023,6,false
00-0028042,Luke Stocker,2015,TB,TE,8,2.64,3.97,-6.5,0.2911,3.6,Tennessee,2011,4,false
00-0029311,Junior Hemingway,2014,KC,WR,11,2.07,2.79,-6.5,0.1678,3.6,Michigan,2012,7,false
00-0026281,Gary Barnidge,2012,CAR,TE,9,2.2,2.91,-6.5,0.2603,3.6,Louisville,2008,5,false
00-0005932,Damon Gibson,2001,JAC,WR,16,0.33,0.7,-6.5,0.0638,3.6,Iowa,,,true
00-0023679,Billy Bajema,2009,LA,TE,10,1.74,2.05,-6.5,0.1765,3.6,Oklahoma State,2005,7,false
00-0031260,Logan Thomas,2019,DET,TE,15,2.62,2.79,-6.5,0.1857,3.6,Virginia Tech,2014,4,false
00-0011213,Glyn Milburn,2000,CHI,WR,16,0.15,0.46,-6.5,0.029,3.6,Stanford; Oklahoma,1993,2,false
00-0039907,Ja'Lynn Polk,2024,NE,WR,14,2.34,3.03,-6.51,0.1783,3.6,Washington; Texas Tech,2024,2,false
00-0028097,Lee Smith,2017,LV,TE,10,1.56,1.51,-6.51,0.0519,3.6,Marshall; Tennessee,2011,5,false
00-0022217,Mewelde Moore,2012,IND,RB,9,2.19,2.46,-6.51,0.1263,3.6,Tulane,2004,4,false
00-0022421,Ruvell Martin,2011,BUF,WR,10,1.52,3.22,-6.52,0.1351,3.6,Saginaw Valley State,,,false
00-0023479,J.J. Arrington,2006,ARI,RB,16,1.36,2.19,-6.52,0.1237,3.6,California; College of the Canyons,2005,2,false
00-0030300,Jaron Brown,2015,ARI,WR,12,2.62,3.15,-6.52,0.1457,3.6,Clemson,,,false
00-0020187,Marcellus Rivers,2002,NYG,TE,13,0.96,2.43,-6.52,0.0615,3.6,Oklahoma State,,,false
00-0027057,Brandon Tate,2017,BUF,WR,13,1.55,2.96,-6.52,0.0987,3.6,North Carolina,2009,3,false
00-0028987,Phillip Supernaw,2017,TEN,TE,9,1.54,3.19,-6.52,0.039,3.6,Ouachita Baptist University,,,false
00-0022664,Jonathan Smith,2004,BUF,WR,9,1.36,2.1,-6.53,0.1037,3.6,Georgia Tech,2004,7,false
00-0027691,Andre Roberts,2018,NYJ,WR,16,2.37,3.31,-6.53,0.0922,3.6,The Citadel,2010,3,false
00-0019453,Rod Smart,2003,CAR,RB,16,0.94,1.7,-6.54,0.1212,3.6,Western Kentucky,,,false
00-0023192,Tyson Thompson,2005,DAL,RB,15,1.52,2.63,-6.54,0.1667,3.6,San Jose State; Garden City CC,,,false
00-0031167,Scott Simonson,2018,NYG,TE,10,2.36,3.38,-6.54,0.1842,3.6,Assumption,,,false
00-0027135,Brandon Myers,2010,LV,TE,11,1.82,1.93,-6.54,0.1918,3.6,Iowa,2009,6,false
00-0027779,Deji Karim,2010,JAX,RB,11,1.82,2.57,-6.54,0.1556,3.6,Southern Illinois; Northeast Oklahoma,2010,6,false
00-0036950,Avery Williams,2022,ATL,RB,17,2.12,2.43,-6.54,0.1429,3.6,Boise State,2021,5,false
00-0021993,Bethel Johnson,2005,NE,WR,11,1.52,3.75,-6.54,0.1128,3.6,Texas A&M,2003,2,false
00-0024011,Mike Bell,2010,CLE,RB,13,1.82,2.94,-6.54,0.1444,3.6,Arizona,,,true
00-0039062,Jonathan Mingo,2024,CAR,WR,14,2.3,2.19,-6.54,0.172,3.6,Mississippi,2023,2,true
00-0036326,Chase Claypool,2023,MIA,WR,11,1.97,3.71,-6.54,0.1138,3.6,Notre Dame,2020,2,true
00-0026162,Felix Jones,2013,PIT,RB,15,2.11,1.52,-6.55,0.1613,3.6,Arkansas,2008,1,false
00-0033258,Darrell Daniels,2020,ARI,TE,9,2.58,3.17,-6.55,0.1579,3.6,Washington,,,false
00-0028063,Taiwan Jones,2015,LV,RB,12,2.58,3.96,-6.55,0.1979,3.6,Eastern Washington,2011,4,false
00-0038840,Brycen Tremayne,2025,CAR,WR,15,2,2.66,-6.55,0.1491,3.6,Stanford,,,false
00-0024846,Gary Russell,2008,PIT,RB,12,2.21,3.01,-6.55,0.1915,3.6,Minnesota,,,false
00-0020187,Marcellus Rivers,2004,NYG,TE,11,1.33,2.54,-6.55,0.0656,3.6,Oklahoma State,,,false
00-0027070,Travis Beckum,2009,NYG,TE,8,1.69,1.53,-6.56,0.1618,3.6,Wisconsin,2009,3,false
00-0026931,Bear Pascoe,2010,NYG,TE,9,1.8,1.66,-6.56,0.1781,3.6,Fresno State,2009,6,false
00-0029239,Brandon Bolden,2022,LV,RB,13,2.1,3.3,-6.56,0.1327,3.6,Mississippi,,,false
00-0013176,Ronnie Powell,1999,CLE,WR,14,0.29,1.54,-6.56,0.0221,3.6,Northwestern State (LA),,,false
00-0024243,Marcedes Lewis,2015,JAX,TE,15,2.57,2.42,-6.56,0.2785,3.5,UCLA,2006,1,false
00-0022449,B.J. Sams,2004,BAL,RB,16,1.32,2.44,-6.56,0.0957,3.5,McNeese State,,,false
00-0027675,Ed Dickson,2015,CAR,TE,16,2.57,3.3,-6.57,0.2658,3.5,Oregon,2010,3,false
00-0031001,Jeff Janis,2016,GB,WR,14,2.58,3.72,-6.57,0.1722,3.5,Saginaw Valley State,2014,7,false
00-0027139,John Phillips,2016,NO,TE,9,2.58,3.1,-6.57,0.1918,3.5,Virginia,2009,6,true
00-0021554,Lorenzo Diamond,2005,MIA,TE,9,1.49,1.47,-6.57,0.1228,3.5,Auburn,,,false
00-0020285,Alge Crumpler,2010,NE,TE,13,1.78,2.84,-6.57,0.1644,3.5,North Carolina,2001,2,false
00-0028291,Josh Baker,2011,NYJ,TE,8,1.46,2.64,-6.58,0.1507,3.5,NW Missouri State University; Delaware,,,false
00-0024172,Patrick Cobbs,2007,MIA,RB,9,1.63,3.08,-6.58,0.117,3.5,North Texas,,,false
00-0002459,Kenny Bynum,2000,SD,RB,12,0.07,0.26,-6.58,0.0353,3.5,South Carolina State,1997,5,false
00-0035217,Benny Snell,2022,PIT,RB,9,2.08,4.64,-6.58,0.1224,3.5,Kentucky,2019,4,false
00-0017829,Jermaine Williams,1999,OAK,RB,11,0.27,0.9,-6.58,0.0417,3.5,Houston; Butler County JC,,,false
00-0022116,Tony Hollings,2003,HOU,RB,12,0.89,1.4,-6.58,0.1111,3.5,Georgia Tech,2003,2,false
00-0030155,Demetrius Harris,2015,KC,TE,8,2.55,3.12,-6.59,0.2532,3.5,Wisconsin-Milwaukee; Mineral Area CC,,,false
00-0010747,Fred McCrary,2006,ATL,RB,8,1.29,2.56,-6.59,0.1134,3.5,Mississippi State,1995,6,false
00-0036497,Tim Jones,2023,JAX,WR,10,1.93,2.16,-6.59,0.1078,3.5,Southern Mississippi,,,false
00-0019238,Jonas Lewis,2000,SF,RB,9,0.07,0.2,-6.59,0.0235,3.5,San Diego State,,,false
00-0027139,John Phillips,2015,LAC,TE,9,2.54,2.9,-6.59,0.2405,3.5,Virginia,2009,6,false
00-0019533,Patrick Pass,2003,NE,RB,10,0.88,1.37,-6.59,0.101,3.5,Georgia,2000,7,false
00-0029689,Dwayne Allen,2015,IND,TE,13,2.54,2.89,-6.6,0.2278,3.5,Clemson,2012,3,false
00-0025542,Dante Rosario,2014,CHI,TE,14,1.97,1.47,-6.6,0.1447,3.5,Oregon,2007,5,false
00-0026878,Tom Crabtree,2011,GB,TE,11,1.44,2.52,-6.6,0.137,3.5,Miami (Ohio),,,false
00-0030432,Christine Michael,2014,SEA,RB,10,1.97,2.22,-6.6,0.1262,3.5,Texas A&M,2013,2,false
00-0027006,Kenny Britt,2013,TEN,WR,10,2.06,2.46,-6.6,0.1241,3.5,Rutgers,2009,1,false
00-0033114,Mike Thomas,2020,CIN,WR,12,2.52,4.03,-6.61,0.1558,3.5,Southern Mississippi; Dodge City CC; College of DuPage,2016,6,false
00-0024389,Delanie Walker,2008,SF,TE,14,2.16,3.86,-6.61,0.1406,3.5,Central Missouri; Mt. San Antonio,2006,6,false
00-0036635,Ihmir Smith-Marsette,2023,CAR,WR,17,1.91,3.3,-6.61,0.1018,3.5,Iowa,2021,5,false
00-0026231,Jermichael Finley,2008,GB,TE,9,2.16,3.58,-6.61,0.125,3.5,Texas,2008,3,false
00-0008229,Nate Jacquet,1999,MIA,WR,13,0.25,0.78,-6.61,0.0147,3.5,San Diego State; Mt. San Antonio,1997,5,false
00-0020820,Jesse Chatman,2003,LAC,RB,14,0.86,1.96,-6.61,0.0909,3.5,Eastern Washington,,,false
00-0038555,Tank Bigsby,2023,JAX,RB,13,1.91,2.57,-6.61,0.1111,3.5,Auburn,2023,3,false
00-0038547,Luke Schoonmaker,2025,DAL,TE,14,1.94,1.43,-6.61,0.1512,3.5,Michigan,2023,2,false
00-0023437,Ronnie Brown,2014,LAC,RB,8,1.96,1.68,-6.61,0.1165,3.5,Auburn,2005,1,true
00-0039738,Blake Corum,2024,LA,RB,15,2.23,1.67,-6.61,0.1531,3.5,Michigan,2024,3,false
00-0006930,Derrick Harris,2001,SD,RB,8,0.21,0.6,-6.61,0.0714,3.5,Miami,1996,6,false
00-0034011,Dan Arnold,2022,JAX,TE,11,2.05,1.23,-6.61,0.1358,3.5,Wisconsin-Platteville,,,false
00-0030181,Jack Doyle,2015,IND,TE,10,2.52,3.17,-6.62,0.2152,3.5,Western Kentucky,,,false
00-0037429,Raheem Blackshear,2023,CAR,RB,9,1.9,1.55,-6.62,0.1,3.5,Virginia Tech,,,false
00-0028958,Cory Harkey,2014,LA,TE,11,1.95,2.66,-6.62,0.1316,3.5,UCLA,,,false
00-0020273,Vinny Sutherland,2001,SF,WR,15,0.21,0.55,-6.62,0.0567,3.5,Purdue,2001,5,false
00-0020391,Jameel Cook,2005,TB,RB,12,1.44,2.27,-6.62,0.1563,3.5,Illinois,2001,6,false
00-0033576,Eric Saubert,2024,SF,TE,12,2.23,2.83,-6.62,0.2179,3.5,Drake,2017,5,false
00-0024559,D.J. Ware,2012,TB,RB,14,2.08,1.86,-6.62,0.1158,3.5,Georgia,,,false
00-0029731,Fozzy Whittaker,2015,CAR,RB,14,2.51,2.7,-6.62,0.1875,3.5,Texas,,,false
00-0031021,Jared Abbrederis,2015,GB,WR,8,2.51,3.63,-6.62,0.1391,3.5,Wisconsin,2014,5,false
00-0004634,David Dunn,2001,OAK,WR,9,0.2,0.6,-6.63,0.0496,3.5,Fresno State; Bakersfield College,1995,5,false
00-0034418,Cedrick Wilson Jr.,2022,MIA,WR,13,2.03,2.1,-6.63,0.0933,3.5,Boise State; Coffeyville CC,2018,6,false
00-0035860,Tony Jones,2021,NO,RB,10,2.21,2.08,-6.63,0.1188,3.5,Notre Dame,,,false
00-0022024,Zuriel Smith,2003,DAL,WR,9,0.84,1.95,-6.63,0.1069,3.5,Hampton,2003,6,false
00-0038685,Chris Brooks,2025,GB,RB,17,1.92,2.02,-6.63,0.1875,3.5,BYU; California,,,false
00-0015759,Dwight Stone,2000,NYJ,WR,12,0.03,0.42,-6.63,0.0217,3.5,Middle Tennessee State,,,false
00-0035664,Darrell Henderson,2019,LA,RB,9,2.49,3.25,-6.63,0.1368,3.5,Memphis,2019,3,false
00-0033111,Pharoh Cooper,2016,LA,WR,9,2.51,2.21,-6.64,0.1656,3.5,South Carolina,2016,4,false
00-0029755,Brian Leonhardt,2014,LV,TE,8,1.94,2.3,-6.64,0.1184,3.5,Bemidji State University,,,false
00-0038115,Daniel Bellinger,2024,NYG,TE,12,2.21,2.99,-6.64,0.2051,3.5,San Diego State,2022,4,false
00-0038576,Charlie Jones,2023,CIN,WR,11,1.88,3.07,-6.64,0.0958,3.5,Purdue; Iowa,2023,4,false
00-0027201,Dimitri Nance,2010,GB,RB,9,1.72,1.86,-6.64,0.1333,3.5,Arizona State,,,false
00-0022674,Triandos Luke,2004,DEN,WR,9,1.24,3,-6.64,0.0963,3.5,Alabama,2004,6,false
00-0028002,Randall Cobb,2023,NYJ,WR,9,1.88,2.72,-6.64,0.0898,3.5,Kentucky,2011,2,false
00-0021927,David Tyree,2005,NYG,WR,10,1.42,4.49,-6.64,0.1053,3.5,Syracuse,2003,6,false
00-0030470,Vance McDonald,2020,PIT,TE,10,2.49,2.78,-6.64,0.1447,3.5,Rice,2013,2,false
00-0032214,Tyler Kroft,2015,CIN,TE,12,2.49,4.06,-6.64,0.2025,3.5,Rutgers,2015,3,false
00-0031260,Logan Thomas,2018,BUF,TE,9,2.26,3.46,-6.64,0.1711,3.5,Virginia Tech,2014,4,false
00-0008196,Terry Jackson,2005,SF,RB,14,1.41,1.56,-6.65,0.1458,3.5,Florida,1999,5,false
00-0019127,Todd Yoder,2008,WAS,TE,9,2.11,2.96,-6.65,0.1094,3.5,Vanderbilt,,,false
00-0025458,Lorenzo Booker,2011,MIN,RB,14,1.39,2.41,-6.65,0.1136,3.5,Florida State,2007,3,false
00-0028263,Andre Holmes,2018,BUF,WR,13,2.25,2.13,-6.65,0.0851,3.5,Hillsdale,,,true
00-0001582,Fabien Bownes,2000,SEA,WR,11,0,0,-6.65,0,3.5,Western Illinois,,,false
00-0017860,Kevin R. Williams,2000,SF,WR,16,0,0,-6.65,0,3.5,Miami,,,false
00-0004495,Gary Downs,2000,ATL,RB,8,0,0,-6.65,0,3.5,N.C. State,1994,3,false
00-0015362,Matt Snider,2000,GB,RB,8,0,0,-6.65,0,3.5,Richmond,,,false
00-0019038,Chris Coleman,2000,TEN,WR,8,0,0,-6.65,0,3.5,N.C. State,,,false
00-0021931,Kevin Walter,2004,CIN,WR,12,1.23,1.48,-6.66,0.0889,3.5,Eastern Michigan,2003,7,false
00-0020342,Brandon Manumaleuna,2010,CHI,TE,9,1.7,3.33,-6.66,0.1507,3.5,Arizona,2001,4,false
00-0027356,Marlon Moore,2012,MIA,WR,12,2.04,4.11,-6.66,0.1351,3.5,Fresno State,,,false
00-0033916,ArDarius Stewart,2017,NYJ,WR,12,1.41,1.78,-6.66,0.0921,3.5,Alabama,2017,3,false
00-0025533,Aundrae Allison,2008,MIN,WR,10,2.1,2.47,-6.66,0.1407,3.5,East Carolina; Georgia Military; Coffeyville CC,2007,5,false
00-0025578,Korey Hall,2008,GB,RB,8,2.1,2.4,-6.66,0.1809,3.5,Boise State,2007,6,false
00-0033357,Taysom Hill,2018,NO,TE,15,2.24,2.95,-6.66,0.1579,3.5,BYU,,,false
00-0033757,Robert Tonyan,2023,CHI,TE,12,1.85,2.11,-6.67,0.1125,3.5,Indiana State,,,false
00-0026367,Peyton Hillis,2009,DEN,RB,11,1.57,2.17,-6.67,0.087,3.5,Arkansas,2008,7,false
00-0015759,Dwight Stone,1999,NYJ,WR,15,0.18,0.97,-6.67,0.0074,3.5,Middle Tennessee State,,,false
00-0026996,Brandon Pettigrew,2015,DET,TE,8,2.46,2.77,-6.67,0.1899,3.5,Oklahoma State,2009,1,false
00-0030470,Vance McDonald,2013,SF,TE,10,1.99,1.25,-6.67,0.209,3.5,Rice,2013,2,false
00-0032141,Geoff Swaim,2022,TEN,TE,12,1.98,3.11,-6.67,0.1235,3.5,Texas; Butte College,2015,7,false
00-0036876,Kylen Granson,2021,IND,TE,10,2.16,1.38,-6.68,0.1818,3.5,SMU,2021,4,false
00-0026237,Andre Caldwell,2015,DEN,WR,12,2.46,3.34,-6.68,0.1325,3.5,Florida,2008,3,false
00-0021750,Arlen Harris,2004,LA,RB,12,1.2,4.09,-6.68,0.0851,3.5,Hofstra; Virginia,,,false
00-0022102,Doug Gabriel,2003,LV,WR,11,0.79,1.91,-6.68,0.0992,3.5,UCF; Mississippi Gulf Coast CC,2003,5,false
00-0026996,Brandon Pettigrew,2014,DET,TE,9,1.89,2.36,-6.68,0.1053,3.5,Oklahoma State,2009,1,false
00-0037292,Andrew Ogletree,2024,IND,TE,12,2.16,2.47,-6.69,0.1923,3.5,Youngstown State,2022,6,false
00-0035342,Patrick Laird,2020,MIA,RB,9,2.44,1.82,-6.69,0.1212,3.5,California,,,false
00-0029587,Rhett Ellison,2015,MIN,TE,12,2.45,2.9,-6.69,0.1772,3.5,USC,2012,4,false
00-0022124,Taylor Jacobs,2007,SF,WR,8,1.52,3.78,-6.69,0.1119,3.5,Florida,2003,2,true
00-0028097,Lee Smith,2021,ATL,TE,10,2.15,3.25,-6.69,0.1688,3.5,Marshall; Tennessee,2011,5,false
00-0027761,Brody Eldridge,2011,IND,TE,10,1.35,1.11,-6.69,0.1233,3.5,Oklahoma,2010,5,false
00-0019457,Anthony Becht,2009,ARI,TE,11,1.55,2.58,-6.69,0.1471,3.5,West Virginia,2000,1,false
00-0038618,Xavier Hutchinson,2023,HOU,WR,12,1.83,1.36,-6.69,0.0838,3.5,Iowa State,2023,6,false
00-0029492,Jamize Olawale,2014,LV,RB,10,1.88,2.84,-6.69,0.1068,3.5,North Texas,,,false
00-0033094,Marvin Hall,2018,ATL,WR,14,2.21,4.07,-6.69,0.078,3.5,Washington,,,false
00-0013958,Charlie Rogers,2001,SEA,RB,13,0.13,0.47,-6.69,0.0612,3.5,Georgia Tech,1999,5,false
00-0030990,Josh Huff,2014,PHI,WR,12,1.88,2.37,-6.7,0.1608,3.5,Oregon,2014,3,false
00-0028170,Baron Batch,2012,PIT,RB,9,2,3.27,-6.7,0.0947,3.5,Texas Tech,2011,7,false
00-0028565,Armando Allen,2012,CHI,RB,11,2,3.6,-6.7,0.0947,3.5,Notre Dame,,,false
00-0032200,Ty Montgomery,2021,NO,WR,14,2.14,3.34,-6.7,0.1419,3.5,Stanford,2015,3,false
00-0016811,Iheanyi Uwaezuoke,1999,DET,WR,10,0.15,0.47,-6.7,0,3.5,California,1996,5,false
00-0000552,Obafemi Ayanbadejo,1999,BAL,RB,8,0.15,0.42,-6.7,0.0313,3.5,San Diego State; Cabrillo College,,,false
00-0035510,Jeff Smith,2021,NYJ,WR,9,2.13,2.34,-6.7,0.1355,3.5,Boston College,,,false
00-0036255,Denzel Mims,2021,NYJ,WR,10,2.13,2.27,-6.71,0.129,3.5,Baylor,2020,2,false
00-0035345,Chris Myarick,2022,NYG,TE,10,1.95,2.32,-6.71,0.1111,3.5,Temple,,,false
00-0036741,Jack Stoll,2025,NO,TE,9,1.84,3.2,-6.71,0.1395,3.5,Nebraska,,,false
00-0020805,Jason McKie,2007,CHI,RB,12,1.5,1.83,-6.71,0.1064,3.5,Temple,,,false
00-0025529,Steve Breaston,2007,ARI,WR,16,1.5,2.79,-6.71,0.1045,3.5,Michigan,2007,5,false
00-0036370,Joshua Kelley,2021,LAC,RB,8,2.13,1.7,-6.71,0.1089,3.5,UCLA,2020,4,false
00-0021750,Arlen Harris,2005,LA,RB,13,1.35,3.31,-6.71,0.1354,3.5,Hofstra; Virginia,,,false
00-0011399,Brian Mitchell,2002,PHI,RB,16,0.77,2.1,-6.72,0.1111,3.5,Louisiana-Lafayette,1990,5,false
00-0030670,Bennie Fowler,2015,DEN,WR,15,2.42,2.64,-6.72,0.1258,3.5,Michigan State,,,false
00-0025460,Jacoby Jones,2014,BAL,WR,16,1.86,2.32,-6.72,0.1538,3.5,Lane College; Southeastern Louisiana,2007,3,false
00-0008454,Charles Johnson,2002,BUF,WR,9,0.77,1.53,-6.72,0.0694,3.5,Colorado,1994,1,false
00-0026113,Clifton Smith,2008,TB,RB,9,2.04,2.69,-6.72,0.1702,3.5,Fresno State,,,false
00-0024529,Gijon Robinson,2009,IND,TE,10,1.52,2.07,-6.72,0.1324,3.5,Missouri Western,,,false
00-0032394,Nick Vannett,2019,PIT,TE,14,2.4,2.33,-6.72,0.1714,3.5,Ohio State,2016,3,true
00-0036569,Gary Brightwell,2022,NYG,RB,15,1.93,3.01,-6.72,0.1122,3.5,Arizona,2021,6,false
00-0021154,Daniel Graham,2011,TEN,TE,8,1.31,2.69,-6.73,0.1096,3.5,Colorado,2002,1,false
00-0010951,Dennis McKinley,1999,ARI,RB,11,0.13,0.42,-6.73,0.0208,3.5,Mississippi State,1999,6,false
00-0028063,Taiwan Jones,2011,LV,RB,9,1.31,2.1,-6.73,0.1023,3.5,Eastern Washington,2011,4,false
00-0030089,Luke Willson,2018,DET,TE,10,2.17,1.58,-6.73,0.1447,3.5,Rice,2013,5,false
00-0022434,Carey Davis,2007,PIT,RB,16,1.48,1.47,-6.73,0.0957,3.5,Illinois,,,false
00-0002102,Mark Bruener,2004,HOU,TE,8,1.15,1.38,-6.73,0.0492,3.5,Washington,1995,1,false
00-0024318,Brad Smith,2008,NYJ,WR,14,2.03,3.34,-6.73,0.1333,3.5,Missouri,2006,4,false
00-0025414,Robert Meachem,2014,NO,WR,10,1.84,2.27,-6.73,0.1469,3.5,Tennessee,2007,1,false
00-0023506,Alex Smith,2012,CLE,TE,9,1.97,1.9,-6.73,0.2466,3.5,Stanford,2005,3,false
00-0029634,James Hanna,2013,DAL,TE,10,1.93,2.1,-6.73,0.194,3.5,Oklahoma,2012,6,false
00-0029336,Brittan Golden,2017,ARI,WR,9,1.33,2.06,-6.74,0.0855,3.5,West Texas State,,,false
00-0029588,Dan Herron,2015,IND,RB,9,2.4,1.77,-6.74,0.1771,3.5,Ohio State,2012,6,true
00-0028087,Dion Lewis,2011,PHI,RB,13,1.3,3.2,-6.74,0.0909,3.5,Pittsburgh,2011,5,false
00-0028007,Rob Housler,2014,ARI,TE,12,1.83,1.44,-6.74,0.0921,3.5,Florida Atlantic,2011,3,false
00-0032319,Ross Travis,2017,KC,TE,11,1.33,1.94,-6.74,0.026,3.5,Penn State,,,true
00-0025464,Matt Spaeth,2009,PIT,TE,9,1.5,2.91,-6.74,0.1176,3.5,Minnesota,2007,3,false
00-0019510,Ahmad Merritt,2003,CHI,WR,11,0.73,1.36,-6.75,0.0916,3.5,Wisconsin,,,false
00-0019539,Dante Hall,2001,KC,WR,13,0.08,0.19,-6.75,0.0426,3.5,Texas A&M,2000,5,false
00-0014655,Mike Sellers,2008,WAS,TE,14,2.01,3.14,-6.75,0.0938,3.5,Walla Walla Community College,,,false
00-0008391,Travis Jervey,2001,ATL,RB,9,0.07,0.2,-6.76,0.051,3.5,The Citadel,1995,5,false
00-0022770,Derrick Ward,2005,NYG,RB,12,1.3,1.8,-6.76,0.125,3.5,University of Ottawa (Kans.); Fresno State,2004,7,false
00-0005060,Chad Fann,1999,SF,TE,9,0.09,0.44,-6.76,0,3.5,Florida A&M; Mississippi,,,false
00-0012370,Brock Olivo,2001,DET,RB,10,0.06,0.19,-6.77,0.0408,3.5,Missouri,,,false
00-0022910,Lee Evans,2011,BAL,WR,9,1.27,2.25,-6.77,0.1284,3.4,Wisconsin,2004,1,false
00-0032377,Josh Ferguson,2016,IND,RB,15,2.37,3.42,-6.77,0.1667,3.4,Illinois,,,false
00-0023764,Andre Hall,2008,DEN,RB,8,1.99,3.31,-6.78,0.1596,3.4,University of South Florida; Garden City CC; Georgia Military,,,false
00-0024217,Reggie Bush,2016,BUF,RB,10,2.37,3.48,-6.78,0.1563,3.4,USC,2006,1,false
00-0027139,John Phillips,2009,DAL,TE,9,1.47,2.38,-6.78,0.1029,3.4,Virginia,2009,6,false
00-0028097,Lee Smith,2012,BUF,TE,9,1.92,3.03,-6.78,0.2329,3.4,Marshall; Tennessee,2011,5,false
00-0025578,Korey Hall,2007,GB,RB,9,1.43,1.45,-6.78,0.0851,3.4,Boise State,2007,6,false
00-0023437,Ronnie Brown,2011,PHI,RB,14,1.26,1.73,-6.78,0.0795,3.4,Auburn,2005,1,false
00-0033572,Jamal Agnew,2017,DET,WR,13,1.28,2.21,-6.78,0.0789,3.4,San Diego,2017,5,false
00-0024535,Eric Weems,2011,ATL,WR,16,1.25,2.24,-6.79,0.1216,3.4,Bethune-Cookman College,,,false
00-0024268,Anthony Fasano,2016,TEN,TE,12,2.36,2.91,-6.79,0.1781,3.4,Notre Dame,2006,2,false
00-0031585,MyCole Pruitt,2019,TEN,TE,9,2.33,3.27,-6.79,0.1571,3.4,Southern Illinois,2015,5,false
00-0039874,Jaylen Wright,2024,MIA,RB,13,2.05,2.31,-6.79,0.1429,3.4,Tennessee,2024,4,false
00-0027712,Joe McKnight,2012,NYJ,RB,14,1.91,2.42,-6.79,0.0842,3.4,USC,2010,4,false
00-0025486,Johnnie Lee Higgins,2010,LV,WR,13,1.56,2.8,-6.79,0.1056,3.4,Texas-El Paso,2007,3,false
00-0004200,Autry Denson,2001,CHI,RB,13,0.03,0.11,-6.79,0.0306,3.4,Notre Dame,1999,7,false
00-0029281,Adrien Robinson,2014,NYG,TE,9,1.78,2.42,-6.79,0.0789,3.4,Cincinnati,2012,4,false
00-0032135,Jesse James,2019,DET,TE,13,2.32,1.69,-6.8,0.1429,3.4,Penn State,2015,5,false
00-0019661,Chris Cole,2003,DEN,WR,11,0.67,1.04,-6.8,0.084,3.4,Texas A&M,2000,3,false
00-0037617,Hassan Haskins,2022,TEN,RB,14,1.86,2.34,-6.8,0.102,3.4,Michigan,2022,4,false
00-0028581,Patrick DiMarco,2014,ATL,RB,12,1.77,2.58,-6.81,0.0971,3.4,South Carolina,,,false
00-0019919,Randal Williams,2003,DAL,TE,9,0.67,2,-6.81,0,3.4,New Hampshire,,,false
00-0038636,Kenny McIntosh,2024,SEA,RB,11,2.04,2.43,-6.81,0.1327,3.4,Georgia,2023,7,false
00-0037805,Jeremy Ruckert,2024,NYJ,TE,14,2.04,1.44,-6.81,0.1795,3.4,Ohio State,2022,3,false
00-0010632,Fred McAfee,2001,NO,RB,12,0.02,0.06,-6.81,0.0204,3.4,Mississippi College,1991,6,false
00-0036862,Ben Skowronek,2021,LA,WR,12,2.02,2.89,-6.81,0.1226,3.4,Notre Dame; Northwestern,2021,7,false
00-0037276,Ty Chandler,2024,MIN,RB,14,2.03,2.87,-6.82,0.1224,3.4,North Carolina,2022,5,false
00-0039410,Ryan Flournoy,2024,DAL,WR,9,2.02,2.43,-6.82,0.1656,3.4,Southeast Missouri State; Iowa Western CC,2024,6,false
00-0027150,Julian Edelman,2010,NE,WR,15,1.53,4.54,-6.82,0.0986,3.4,Kent State; San Mateo,2009,7,false
00-0000872,Michael Bates,2001,WAS,WR,16,0,0,-6.83,0,3.4,Arizona,1992,6,false
00-0001582,Fabien Bownes,2001,SEA,WR,11,0,0,-6.83,0,3.4,Western Illinois,,,false
00-0008229,Nate Jacquet,2001,MIN,WR,10,0,0,-6.83,0,3.4,San Diego State; Mt. San Antonio,1997,5,false
00-0011854,Yo Murphy,2001,STL,WR,8,0,0,-6.83,0,3.4,Idaho,,,false
00-0019590,Chad Morton,2001,NYJ,RB,9,0,0,-6.83,0,3.4,USC,2000,5,false
00-0018382,Craig Yeast,2001,NYJ,WR,11,0,0,-6.83,0,3.4,Kentucky,1999,4,false
00-0020022,Marcel Shipp,2001,ARI,RB,9,0,0,-6.83,0,3.4,UMass Amherst,,,false
00-0008156,Lenzie Jackson,2001,PIT,WR,9,0,0,-6.83,0,3.4,Arizona State,,,false
00-0009323,Jimmy Kleinsasser,2009,MIN,TE,12,1.42,1.7,-6.83,0.0882,3.4,North Dakota,1999,2,false
00-0034597,Ryan Nall,2020,CHI,RB,9,2.3,4.32,-6.83,0.1111,3.4,Oregon State,,,false
00-0010194,Anthony Lynn,1999,DEN,RB,9,0.02,0.04,-6.83,0.0104,3.4,Texas Tech,,,false
00-0036876,Kylen Granson,2024,IND,TE,16,2.01,2.49,-6.83,0.1667,3.4,SMU,2021,4,false
00-0033854,Dare Ogunbowale,2025,HOU,RB,14,1.72,2.24,-6.83,0.1771,3.4,Wisconsin,,,false
00-0029004,Lance Dunbar,2012,DAL,RB,9,1.87,1.97,-6.83,0.0737,3.4,North Texas,,,false
00-0023953,Sam Hurd,2006,DAL,WR,12,1.04,2.57,-6.83,0.1024,3.4,Northern Illinois,,,false
00-0021223,Jonathan Wells,2003,HOU,RB,8,0.64,1.31,-6.84,0.0808,3.4,Ohio State,2002,4,false
00-0030544,Gavin Escobar,2015,DAL,TE,8,2.3,3.04,-6.84,0.1646,3.4,San Diego State,2013,2,false
00-0029415,Keshawn Martin,2012,HOU,WR,16,1.86,2.71,-6.84,0.1284,3.4,Michigan State,2012,4,false
00-0025951,Darius Reynaud,2012,TEN,RB,16,1.86,3.32,-6.84,0.0632,3.4,West Virginia,,,false
00-0016440,James Thrash,2008,WAS,WR,12,1.93,2.6,-6.84,0.1259,3.4,Missouri Southern,,,false
00-0032475,Tanner McEvoy,2017,SEA,WR,10,1.23,2.57,-6.84,0.0724,3.4,Wisconsin; South Carolina; Arizona Western,,,false
00-0027873,Jermaine Gresham,2018,ARI,TE,8,2.05,1.14,-6.85,0.1316,3.4,Oklahoma,2010,1,false
00-0021337,Ronald Curry,2003,LV,WR,13,0.62,1.33,-6.85,0.0763,3.4,North Carolina,2002,7,false
00-0024535,Eric Weems,2010,ATL,WR,16,1.51,2.64,-6.85,0.0915,3.4,Bethune-Cookman College,,,false
00-0030860,Orleans Darkwa,2015,NYG,RB,12,2.28,3.07,-6.85,0.1667,3.4,Tulane,,,false
00-0005071,Robert Farmer,1999,NYJ,RB,8,0,0,-6.85,0,3.4,Notre Dame,,,false
00-0029634,James Hanna,2012,DAL,TE,9,1.84,2.39,-6.86,0.2192,3.4,Oklahoma,2012,6,false
00-0006666,Lamont Hall,2005,NO,TE,8,1.2,1.12,-6.86,0.1053,3.4,Clemson,,,false
00-0034652,Cameron Batson,2018,TEN,WR,8,2.04,1.95,-6.86,0.0709,3.4,Texas Tech,,,false
00-0034487,Trent Sherfield,2021,SF,WR,12,1.98,2.89,-6.86,0.1161,3.4,Vanderbilt,,,false
00-0024279,Tarvaris Jackson,2009,MIN,QB,8,1.38,2.72,-6.86,0.0513,3.4,Alabama State; Arkansas,2006,2,false
00-0036862,Ben Skowronek,2023,LA,WR,13,1.65,2.67,-6.86,0.0778,3.4,Notre Dame; Northwestern,2021,7,false
00-0033553,James Conner,2017,PIT,RB,12,1.2,0.62,-6.87,0.0947,3.4,Pittsburgh,2017,3,false
00-0023623,Tab Perry,2005,CIN,WR,16,1.19,2.4,-6.87,0.0977,3.4,UCLA,2005,6,false
00-0020127,Daniel Wilcox,2008,BAL,TE,10,1.89,3.01,-6.87,0.0781,3.4,Appalachian State; Georgia Military,,,false
00-0027109,James Casey,2010,HOU,TE,12,1.48,2.58,-6.87,0.137,3.4,Rice,2009,5,false
00-0024171,Wallace Wright,2007,NYJ,WR,11,1.34,2.26,-6.88,0.097,3.4,North Carolina,,,false
00-0033246,Johnny Mundt,2025,JAX,TE,12,1.68,1.44,-6.88,0.1279,3.4,Oregon,,,false
00-0038558,Darnell Washington,2023,PIT,TE,8,1.64,0.69,-6.88,0.1,3.4,Georgia,2023,3,false
00-0027675,Ed Dickson,2016,CAR,TE,13,2.26,3.25,-6.88,0.1644,3.4,Oregon,2010,3,false
00-0031344,Cody Latimer,2015,DEN,WR,8,2.25,4.02,-6.89,0.1192,3.4,Indiana,2014,2,false
00-0035021,Ashton Dulin,2025,IND,WR,12,1.67,2.55,-6.89,0.1429,3.4,Malone,,,false
00-0028174,Stephen Burton,2012,MIN,WR,8,1.81,2.99,-6.89,0.1216,3.4,West Texas State; Long Beach City College,2011,7,false
00-0021570,Kassim Osgood,2011,JAX,WR,8,1.15,2.16,-6.89,0.1149,3.4,San Diego State; Cal Poly (San Luis Obispo),,,false
00-0031972,Darius Jennings,2018,TEN,WR,14,2.01,2.34,-6.89,0.0638,3.4,Virginia,,,false
00-0029640,Brian Quick,2015,LA,WR,9,2.24,1.52,-6.89,0.1126,3.4,Appalachian State,2012,2,false
00-0024225,Matt Leinart,2009,ARI,QB,8,1.35,3.3,-6.89,0.0256,3.4,USC,2006,1,false
00-0030578,Cordarrelle Patterson,2019,CHI,RB,16,2.23,2.62,-6.9,0.1263,3.4,Tennessee; Hutchinson CC,2013,1,false
00-0021306,Adrian Peterson,2008,CHI,RB,11,1.86,2.28,-6.9,0.1489,3.4,Georgia Southern,2002,6,false
00-0033572,Jamal Agnew,2020,DET,WR,14,2.23,2.01,-6.9,0.1494,3.4,San Diego,2017,5,false
00-0022621,Andrae Thurman,2005,GB,WR,14,1.16,2.34,-6.9,0.0902,3.4,Southern Oregon; Arizona,,,true
00-0020391,Jameel Cook,2007,HOU,RB,11,1.31,3.03,-6.9,0.0745,3.4,Illinois,2001,6,false
00-0023679,Billy Bajema,2005,SF,TE,9,1.16,1.32,-6.9,0.0877,3.4,Oklahoma State,2005,7,false
00-0021756,Will Heller,2011,DET,TE,9,1.13,0.92,-6.9,0.0959,3.4,Georgia Tech,,,false
00-0023570,Roydell Williams,2010,WAS,WR,13,1.45,1.92,-6.9,0.0845,3.4,Tulane,2005,4,false
00-0031326,Bruce Ellington,2015,SF,WR,13,2.23,2.81,-6.91,0.106,3.4,South Carolina,2014,4,false
00-0039650,Bryce Oliver,2024,TEN,WR,8,1.94,1.82,-6.91,0.1592,3.4,Youngstown State; Kentucky,,,false
00-0036332,Josiah Deguara,2023,GB,TE,9,1.61,2.47,-6.91,0.0875,3.4,Cincinnati,2020,3,false
00-0009869,Jermaine Lewis,2002,HOU,WR,12,0.57,1.34,-6.91,0.0625,3.4,Maryland,1996,5,false
00-0020094,Stephen Trejo,2004,DET,RB,8,0.96,1.47,-6.92,0.0745,3.4,Arizona State,,,true
00-0027215,Logan Paulsen,2014,WAS,TE,15,1.65,2.32,-6.92,0.0658,3.4,UCLA,,,false
00-0022388,Terrance Copper,2012,KC,WR,9,1.78,2.78,-6.92,0.1149,3.4,East Carolina,,,false
00-0038738,Hunter Luepke,2024,DAL,RB,14,1.92,1.91,-6.92,0.1122,3.4,North Dakota State,,,false
00-0031055,Andre Williams,2015,NYG,RB,16,2.21,2.48,-6.92,0.1563,3.4,Boston College,2014,4,false
00-0028062,Owen Marecic,2011,CLE,RB,8,1.11,1.46,-6.93,0.0682,3.4,Stanford,2011,4,false
00-0027139,John Phillips,2012,DAL,TE,11,1.77,3.14,-6.93,0.2055,3.4,Virginia,2009,6,false
00-0031484,Chris Manhertz,2021,JAX,TE,10,1.91,2.75,-6.93,0.1429,3.4,Canisius College,,,false
00-0035631,Drew Sample,2021,CIN,TE,10,1.91,2,-6.93,0.1429,3.4,Washington,2019,2,false
00-0025997,Chad Simpson,2008,IND,RB,9,1.83,3.56,-6.93,0.1383,3.4,Morgan State; University of South Florida,,,false
00-0019484,Sammy Morris,2002,BUF,RB,15,0.55,1.45,-6.93,0.101,3.4,Texas Tech,2000,5,false
00-0029119,Derek Carrier,2018,LV,TE,10,1.97,3.4,-6.93,0.1184,3.4,Beloit College,,,false
00-0033466,Isaiah McKenzie,2023,IND,WR,13,1.58,2.13,-6.93,0.0719,3.4,Georgia,2017,5,false
00-0033869,Mitchell Trubisky,2024,BUF,QB,8,1.91,3.79,-6.94,0.0263,3.4,North Carolina,2017,1,false
00-0028052,Cecil Shorts,2011,JAX,WR,10,1.1,2.5,-6.94,0.1081,3.4,Mount Union College,2011,4,false
00-0009119,Reggie Kelly,2010,CIN,TE,10,1.42,1.84,-6.94,0.1233,3.4,Mississippi State,1999,2,false
00-0039796,Rasheen Ali,2025,BAL,RB,15,1.61,2.92,-6.94,0.1667,3.4,Marshall,2024,5,false
00-0027709,Jacoby Ford,2013,LV,WR,13,1.72,2.05,-6.94,0.1168,3.4,Clemson,2010,4,false
00-0035726,Jakob Johnson,2020,NE,RB,8,2.19,2.39,-6.94,0.101,3.4,Tennessee,,,false
00-0040184,KeAndre Lambert-Smith,2025,LAC,WR,10,1.61,2.84,-6.94,0.1366,3.4,Auburn; Penn State,2025,5,false
00-0024103,Montell Owens,2008,JAX,RB,11,1.82,3.33,-6.94,0.1277,3.4,Maine,,,false
00-0028238,Konrad Reuland,2012,NYJ,TE,11,1.75,1.37,-6.95,0.1918,3.4,Stanford; Notre Dame,,,false
00-0027150,Julian Edelman,2011,NE,WR,13,1.09,1.7,-6.95,0.1014,3.4,Kent State; San Mateo,2009,7,false
00-0021098,Josh Scobey,2003,ARI,RB,15,0.53,1.59,-6.95,0.0707,3.4,Kansas State; Northeast Oklahoma,2002,6,false
00-0028307,Drew Davis,2012,ATL,WR,8,1.75,3.8,-6.95,0.1081,3.4,Oregon,,,false
00-0006777,Karl Hankton,2003,CAR,WR,9,0.52,1.04,-6.95,0.0687,3.4,Trinity Christian College; LSU; Valley Forge Christian College,,,false
00-0032423,Trevor Davis,2019,LV,WR,14,2.17,3.86,-6.95,0.1447,3.4,California; Hawaii,2016,5,true
00-0021915,Sam Aiken,2008,NE,WR,10,1.81,1.81,-6.95,0.1185,3.4,North Carolina,2003,4,false
00-0033855,Chris Thompson,2017,HOU,WR,12,1.12,2.49,-6.95,0.0658,3.4,Florida,,,false
00-0027056,Derrick Williams,2009,DET,WR,9,1.29,1.88,-6.95,0.1189,3.4,Penn State,2009,3,false
00-0030274,Myles White,2015,NYG,WR,10,2.18,3.46,-6.96,0.0993,3.4,Louisiana Tech; Michigan State; Northwest Mississippi CC,,,false
00-0026008,Matthew Mulligan,2011,NYJ,TE,10,1.08,1.71,-6.96,0.0822,3.4,Maine; Husson College,,,false
00-0036590,Quintin Morris,2025,JAX,TE,11,1.59,2.38,-6.96,0.1163,3.4,Bowling Green,,,false
00-0028070,Kealoha Pilares,2012,CAR,WR,8,1.74,3.63,-6.96,0.1014,3.4,Hawaii,2011,5,false
00-0029660,Trevor Graham,2014,NYJ,WR,11,1.61,4.09,-6.96,0.1399,3.4,N.C. State,2012,3,false
00-0033576,Eric Saubert,2021,DEN,TE,10,1.87,2.44,-6.97,0.1299,3.4,Drake,2017,5,false
00-0032200,Ty Montgomery,2019,NYJ,WR,15,2.15,2.78,-6.97,0.1382,3.4,Stanford,2015,3,false
00-0020268,Tony Stewart,2009,LV,TE,14,1.27,1.77,-6.97,0.0735,3.4,Penn State,2001,5,false
00-0026931,Bear Pascoe,2013,NYG,TE,12,1.69,1.23,-6.97,0.1791,3.4,Fresno State,2009,6,false
00-0031302,C.J. Fiedorowicz,2014,HOU,TE,8,1.6,3.18,-6.97,0.0526,3.4,Iowa,2014,3,false
00-0027772,Anthony Dixon,2013,SF,RB,14,1.69,2.49,-6.98,0.1505,3.4,Mississippi State,2010,6,false
00-0021227,Justin Peelle,2002,SD,TE,9,0.5,0.78,-6.98,0.0462,3.4,Oregon,2002,4,false
00-0026262,Tashard Choice,2013,BUF,RB,14,1.68,1.51,-6.99,0.1398,3.4,Georgia Tech; Oklahoma,2008,4,true
00-0024332,Leon Washington,2012,SEA,RB,16,1.71,2.72,-6.99,0.0526,3.4,Florida State,2006,4,false
00-0027692,Armanti Edwards,2012,CAR,WR,10,1.71,2.81,-6.99,0.0946,3.4,Appalachian State,2010,3,false
00-0034407,Ray-Ray McCloud,2020,PIT,WR,16,2.14,2.83,-6.99,0.1429,3.4,Clemson,2018,6,false
00-0023790,Brian Clark,2009,TB,WR,10,1.25,1.77,-6.99,0.1119,3.4,N.C. State,,,false
00-0030287,Andre Ellington,2016,ARI,RB,14,2.15,1.35,-7,0.1458,3.4,Clemson,2013,6,false
00-0028237,Chris Hogan,2013,BUF,WR,11,1.66,1.95,-7,0.1095,3.3,Monmouth; Penn State,,,false
00-0032214,Tyler Kroft,2019,BUF,TE,9,2.12,2.91,-7,0.1286,3.3,Rutgers,2015,3,false
00-0028581,Patrick DiMarco,2017,BUF,RB,9,1.07,1.68,-7,0.0842,3.3,South Carolina,,,false
00-0027358,Roberto Wallace,2010,MIA,WR,9,1.36,1.41,-7,0.0775,3.3,San Diego State,,,false
00-0040238,LeQuint Allen Jr.,2025,JAX,RB,16,1.55,1.05,-7,0.1563,3.3,Syracuse,2025,7,false
00-0039325,Carson Steele,2024,KC,RB,13,1.84,2.39,-7.01,0.102,3.3,UCLA; Ball State,,,false
00-0039810,Jermaine Burton,2024,CIN,WR,8,1.84,2.36,-7.01,0.1529,3.3,Alabama; Georgia,2024,3,false
00-0021309,Lee Mays,2003,PIT,WR,8,0.46,0.86,-7.01,0.0611,3.3,Texas-El Paso,2002,6,false
00-0033528,Jeremy Sprinkle,2018,WAS,TE,8,1.89,3.93,-7.01,0.1053,3.3,Arkansas,2017,5,false
00-0023512,Ryan Moats,2006,PHI,RB,8,0.86,0.99,-7.01,0.1031,3.3,Louisiana Tech,2005,3,false
00-0032214,Tyler Kroft,2016,CIN,TE,9,2.13,2.64,-7.01,0.1507,3.3,Rutgers,2015,3,false
00-0037299,Keaontay Ingram,2022,ARI,RB,11,1.65,3.42,-7.01,0.0918,3.3,USC,2022,6,false
00-0018981,Marcus Knight,2002,OAK,WR,12,0.47,0.85,-7.02,0.0556,3.3,Michigan,,,false
00-0031291,James Wright,2014,CIN,WR,11,1.55,2.85,-7.02,0.1329,3.3,LSU,2014,7,false
00-0028841,Will Johnson,2013,PIT,RB,11,1.65,2.03,-7.02,0.129,3.3,West Virginia,,,false
00-0033110,Tyler Higbee,2016,LA,TE,12,2.13,2.46,-7.02,0.137,3.3,Western Kentucky,2016,4,false
00-0035956,Giovanni Ricci,2022,CAR,TE,11,1.64,1.96,-7.02,0.0988,3.3,Western Michigan,,,false
00-0036182,Nick Westbrook-Ikhine,2025,MIA,WR,13,1.53,1.77,-7.02,0.1304,3.3,Indiana,,,false
00-0019127,Todd Yoder,2002,TB,TE,10,0.46,0.98,-7.02,0.0308,3.3,Vanderbilt,,,false
00-0027356,Marlon Moore,2015,CLE,WR,10,2.11,2.58,-7.03,0.0927,3.3,Fresno State,,,false
00-0020022,Marcel Shipp,2007,ARI,RB,14,1.19,1.93,-7.03,0.0638,3.3,UMass Amherst,,,false
00-0033725,Corey Clement,2020,PHI,RB,10,2.1,2.19,-7.03,0.0909,3.3,Wisconsin,,,false
00-0031235,Odell Beckham Jr.,2024,MIA,WR,8,1.81,1.83,-7.03,0.1465,3.3,LSU,2014,1,false
00-0033562,Ryan Switzer,2017,DAL,WR,16,1.04,2.25,-7.03,0.0592,3.3,North Carolina,2017,4,false
00-0031600,Keith Mumphery,2016,HOU,WR,8,2.11,1.97,-7.03,0.1589,3.3,Michigan State,2015,5,false
00-0025461,Yamon Figurs,2007,BAL,WR,14,1.18,2.38,-7.03,0.0896,3.3,Kansas State; Garden City CC,2007,3,false
00-0034414,Boston Scott,2023,PHI,RB,12,1.48,1.39,-7.03,0.0889,3.3,Louisiana Tech,2018,6,false
00-0034208,Mike Boone,2023,HOU,RB,9,1.48,1.61,-7.04,0.0778,3.3,Cincinnati,,,false
00-0037311,Ko Kieft,2022,TB,TE,13,1.62,2.12,-7.04,0.0864,3.3,Minnesota,2022,6,false
00-0031057,Ka'Deem Carey,2016,CHI,RB,11,2.1,2.15,-7.05,0.125,3.3,Arizona,2014,4,false
00-0031743,Akeem Hunt,2016,HOU,RB,8,2.1,2.48,-7.05,0.125,3.3,Purdue,,,false
00-0027157,Dan Gronkowski,2010,DEN,TE,11,1.31,1.77,-7.05,0.1096,3.3,Maryland,2009,7,false
00-0034614,Godwin Igwebuike,2021,DET,RB,15,1.79,3.55,-7.05,0.099,3.3,Northwestern,,,false
00-0039530,Brevyn Spann-Ford,2025,DAL,TE,16,1.5,2.19,-7.05,0.1047,3.3,Minnesota,,,false
00-0025464,Matt Spaeth,2012,CHI,TE,9,1.64,2.76,-7.06,0.1781,3.3,Minnesota,2007,3,false
00-0027135,Brandon Myers,2016,TB,TE,10,2.09,2.26,-7.06,0.1233,3.3,Iowa,2009,6,false
00-0019907,Ben Steele,2004,GB,TE,10,0.82,1.42,-7.06,0.0328,3.3,Mesa State College; Fort Lewis College,,,false
00-0032062,Blake Bell,2018,JAX,TE,8,1.84,1.65,-7.06,0.0921,3.3,Oklahoma,2015,4,false
00-0030216,Josh Hill,2020,NO,TE,9,2.07,2.87,-7.06,0.1316,3.3,Idaho State; Boise State,,,false
00-0036336,Anthony McFarland,2020,PIT,RB,11,2.06,1.83,-7.07,0.0808,3.3,Maryland,2020,4,false
00-0026577,Marcus Thigpen,2013,MIA,WR,16,1.59,2.79,-7.07,0.1022,3.3,Indiana,,,false
00-0020917,Joe Burns,2005,BUF,RB,9,0.99,2.97,-7.07,0.1146,3.3,Georgia Tech,,,false
00-0022746,Jeff Dugan,2007,MIN,TE,10,1.14,1.72,-7.07,0.0794,3.3,Maryland,2004,7,false
00-0022232,Brian Jones,2005,JAX,TE,8,0.99,1.93,-7.07,0.0702,3.3,University of Arkansas at Pine Bluff; Louisiana-Lafayette,,,false
00-0021570,Kassim Osgood,2010,JAX,WR,14,1.29,2.62,-7.07,0.0704,3.3,San Diego State; Cal Poly (San Luis Obispo),,,false
00-0020564,Delvin Joyce,2003,NYG,RB,14,0.4,0.69,-7.07,0.0606,3.3,James Madison,,,false
00-0009323,Jimmy Kleinsasser,2008,MIN,TE,9,1.69,2.02,-7.07,0.0625,3.3,North Dakota,1999,2,false
00-0024398,Adam Jennings,2007,ATL,WR,16,1.14,2.64,-7.08,0.0821,3.3,Fresno State,2006,6,false
00-0036387,Jalen Reagor,2022,MIN,WR,17,1.58,2.35,-7.08,0.0867,3.3,TCU,2020,1,false
00-0028288,LaQuan Williams,2011,BAL,WR,9,0.96,1.66,-7.08,0.0946,3.3,Maryland,,,false
00-0019484,Sammy Morris,2010,NE,RB,16,1.27,1.24,-7.09,0.1222,3.3,Texas Tech,2000,5,false
00-0029239,Brandon Bolden,2014,NE,RB,12,1.47,2.21,-7.1,0.0874,3.3,Mississippi,,,false
00-0031310,Devin Street,2015,DAL,WR,11,2.04,2.74,-7.1,0.0861,3.3,Pittsburgh,2014,5,false
00-0020550,Darnell Dinkins,2005,BAL,TE,12,0.96,1.93,-7.1,0.0526,3.3,Pittsburgh,,,false
00-0025701,Jackie Battle,2014,TEN,RB,10,1.47,2.08,-7.1,0.0777,3.3,Houston,,,false
00-0037168,Armani Rogers,2022,WAS,TE,9,1.56,2.06,-7.1,0.0741,3.3,Ohio; UNLV,,,false
00-0036650,Larry Rountree III,2021,LAC,RB,9,1.73,2.27,-7.1,0.0891,3.3,Missouri,2021,6,false
00-0022288,Jason Wright,2010,ARI,RB,12,1.25,2.1,-7.11,0.1111,3.3,Northwestern,,,false
00-0013958,Charlie Rogers,2002,BUF,RB,16,0.38,1.5,-7.11,0.0909,3.3,Georgia Tech,1999,5,false
00-0032986,J.P. Holtz,2019,CHI,TE,8,2.01,2.86,-7.11,0.1143,3.3,Pittsburgh,,,true
00-0032062,Blake Bell,2020,DAL,TE,11,2.02,1.68,-7.11,0.1184,3.3,Oklahoma,2015,4,false
00-0024682,Michael Matthews,2007,NYG,TE,8,1.1,0.69,-7.11,0.0635,3.3,Georgia Tech,,,false
00-0037004,Hunter Long,2024,LA,TE,11,1.73,2.05,-7.12,0.1538,3.3,Boston College,2021,3,false
00-0020094,Stephen Trejo,2002,DET,RB,9,0.37,1.1,-7.12,0.0808,3.3,Arizona State,,,false
00-0030068,Marquise Goodwin,2023,CLE,WR,10,1.4,2.33,-7.12,0.0659,3.3,Texas,2013,3,false
00-0020448,Travis Minor,2006,MIA,RB,14,0.76,1.59,-7.12,0.0928,3.3,Florida State,2001,3,false
00-0033376,Patrick Ricard,2022,BAL,RB,13,1.54,1.67,-7.12,0.0816,3.3,Maine,,,false
00-0028613,Phillip Tanner,2012,DAL,RB,9,1.58,1.99,-7.12,0.0421,3.3,Middle Tennessee State,,,false
00-0025559,Legedu Naanee,2008,LAC,WR,10,1.64,1.71,-7.12,0.1111,3.3,Boise State,2007,5,false
00-0019242,Dane Looker,2007,LA,WR,9,1.09,1.12,-7.12,0.0746,3.3,Washington; Western Washington University,,,false
00-0036620,Dee Eskridge,2022,SEA,WR,9,1.53,2.2,-7.13,0.08,3.3,Western Michigan,2021,2,false
00-0036671,Dax Milne,2021,WAS,WR,9,1.71,1.27,-7.13,0.1097,3.3,BYU,2021,7,false
00-0034487,Trent Sherfield,2024,MIN,WR,13,1.72,2.16,-7.13,0.1401,3.3,Vanderbilt,,,false
00-0021357,Rock Cartwright,2011,LV,RB,12,0.91,1.46,-7.13,0.0568,3.3,Kansas State; Trinity Valley CC,2002,7,false
00-0032062,Blake Bell,2021,KC,TE,11,1.7,1.92,-7.14,0.1169,3.3,Oklahoma,2015,4,false
00-0025841,Louis Rankin,2009,SEA,RB,9,1.1,2.62,-7.14,0.0761,3.3,Washington,,,true
00-0019454,Robert Baker,2002,MIA,WR,8,0.34,0.95,-7.15,0.0486,3.3,Auburn,,,false
00-0022916,Ben Troupe,2007,TEN,TE,9,1.07,1.48,-7.15,0.0476,3.3,Florida,2004,2,false
00-0030780,Ryan Hewitt,2015,CIN,TE,9,1.99,1.52,-7.15,0.1519,3.3,Stanford,,,false
00-0030705,Juwan Thompson,2015,DEN,RB,8,1.99,2.67,-7.15,0.1458,3.3,Duke,,,false
00-0034253,Dontrell Hilliard,2018,CLE,RB,10,1.75,2.74,-7.15,0.1183,3.3,Tulane,,,false
00-0038618,Xavier Hutchinson,2024,HOU,WR,14,1.69,1.63,-7.15,0.1338,3.3,Iowa State,2023,6,false
00-0034279,Equanimeous St. Brown,2021,GB,WR,12,1.68,2.35,-7.15,0.1032,3.3,Notre Dame,2018,6,false
00-0034646,Brandon Powell,2020,ATL,WR,15,1.97,3.04,-7.16,0.1364,3.3,Florida,,,false
00-0039746,Will Shipley,2025,PHI,RB,14,1.39,1.58,-7.16,0.1458,3.3,Clemson,2024,4,false
00-0026276,Kenny Moore,2009,CAR,WR,11,1.08,1.59,-7.16,0.1049,3.3,Wake Forest,2008,5,false
00-0028613,Phillip Tanner,2013,DAL,RB,9,1.5,2.68,-7.16,0.1183,3.3,Middle Tennessee State,,,false
00-0032782,Wendell Smallwood,2019,WAS,RB,12,1.96,1.5,-7.16,0.1158,3.3,West Virginia,2016,5,false
00-0035572,Parker Hesse,2022,ATL,TE,12,1.49,1.02,-7.17,0.0617,3.3,Iowa,,,false
00-0035645,Gunner Olszewski,2020,NE,WR,13,1.96,4.61,-7.17,0.1299,3.3,Bemidji State University,,,false
00-0017896,Nicolas Luchey,2004,GB,RB,9,0.71,0.76,-7.17,0.0638,3.3,Miami,1999,5,false
00-0020268,Tony Stewart,2008,LV,TE,12,1.59,1.47,-7.17,0.0469,3.3,Penn State,2001,5,false
00-0027816,Marc Mariani,2011,TEN,WR,16,0.86,1.64,-7.18,0.0878,3.3,Montana,2010,7,false
00-0034406,Deon Cain,2019,IND,WR,11,1.95,1.93,-7.18,0.1316,3.3,Clemson,2018,6,true
00-0032423,Trevor Davis,2017,GB,WR,15,0.89,2.26,-7.18,0.0526,3.3,California; Hawaii,2016,5,false
00-0034988,Kaden Smith,2020,NYG,TE,15,1.95,1.22,-7.18,0.1053,3.3,Stanford,2019,6,false
00-0033367,C.J. Board,2020,NYG,WR,11,1.95,1.82,-7.18,0.1234,3.3,Tennessee-Chattanooga,,,false
00-0030547,Denard Robinson,2016,JAX,RB,10,1.96,2.43,-7.19,0.1146,3.3,Michigan,2013,5,false
00-0038998,Jake Haener,2024,NO,QB,8,1.66,2.59,-7.19,0,3.3,Fresno State; Washington,2023,4,false
00-0020917,Joe Burns,2004,BUF,RB,13,0.69,0.98,-7.19,0.0532,3.3,Georgia Tech,,,false
00-0029414,Orson Charles,2012,CIN,TE,12,1.51,1.45,-7.19,0.1644,3.3,Georgia,2012,4,false
00-0034365,Ian Thomas,2023,CAR,TE,8,1.32,1.31,-7.19,0.075,3.3,Indiana; Nassau CC,2018,4,false
00-0033376,Patrick Ricard,2020,BAL,RB,9,1.93,2.29,-7.2,0.0707,3.3,Maine,,,false
00-0026931,Bear Pascoe,2012,NYG,TE,9,1.5,2.49,-7.2,0.1507,3.3,Fresno State,2009,6,false
00-0024738,Eldra Buckley,2009,PHI,RB,10,1.04,2.05,-7.2,0.0652,3.3,Tennessee-Chattanooga; Northwest Mississippi CC,,,false
00-0025498,Dwayne Wright,2007,BUF,RB,12,1.01,1.51,-7.2,0.0532,3.3,Fresno State; West Hills Community College,2007,4,false
00-0025458,Lorenzo Booker,2008,PHI,RB,8,1.55,1.21,-7.21,0.117,3.3,Florida State,2007,3,false
00-0028097,Lee Smith,2015,LV,TE,13,1.92,1.97,-7.21,0.1392,3.3,Marshall; Tennessee,2011,5,false
00-0019533,Patrick Pass,2002,NE,RB,10,0.27,0.85,-7.21,0.0707,3.3,Georgia,2000,7,false
00-0027257,Keith Toston,2010,LA,RB,9,1.14,1.82,-7.21,0.1,3.3,Oklahoma State,,,false
00-0031600,Keith Mumphery,2015,HOU,WR,14,1.92,2.97,-7.21,0.0795,3.3,Michigan State,2015,5,false
00-0021890,Richard Alston,2004,CLE,WR,9,0.67,2,-7.22,0.0815,3.3,East Carolina,,,false
00-0028156,Ryan Taylor,2011,GB,TE,9,0.82,2.47,-7.22,0.0685,3.3,North Carolina,2011,7,false
00-0038396,Eric Gray,2023,NYG,RB,10,1.3,1.72,-7.22,0.0667,3.3,Oklahoma; Tennessee,2023,5,false
00-0028142,Virgil Green,2019,LAC,TE,12,1.9,2.22,-7.22,0.1,3.3,Nevada,2011,7,false
00-0039530,Brevyn Spann-Ford,2024,DAL,TE,11,1.62,2.74,-7.23,0.141,3.3,Minnesota,,,false
00-0028179,David Ausberry,2012,LV,TE,11,1.47,1.54,-7.23,0.137,3.3,USC,2011,7,false
00-0031291,James Wright,2016,CIN,WR,12,1.92,1.75,-7.23,0.1523,3.3,LSU,2014,7,false
00-0033296,Alex Armah,2018,CAR,RB,9,1.67,2.56,-7.23,0.1075,3.3,West Georgia,2017,6,false
00-0036630,Tylan Wallace,2025,BAL,WR,11,1.32,3.15,-7.23,0.1242,3.3,Oklahoma State,2021,4,false
00-0008568,Leon Johnson,2003,LAC,RB,11,0.24,0.57,-7.24,0.0505,3.3,North Carolina,1997,4,false
00-0021094,Jason McAddley,2004,TEN,WR,9,0.64,1.54,-7.24,0.0741,3.3,Alabama,2002,5,false
00-0026229,Steve Slaton,2010,HOU,RB,12,1.12,2.02,-7.24,0.0889,3.3,West Virginia,2008,3,false
00-0028097,Lee Smith,2013,BUF,TE,9,1.42,1.57,-7.24,0.1642,3.3,Marshall; Tennessee,2011,5,false
00-0031392,Dri Archer,2014,PIT,RB,10,1.33,1.48,-7.24,0.068,3.3,Kent State,2014,3,false
00-0032130,Jalston Fowler,2015,TEN,RB,12,1.89,2.65,-7.24,0.1354,3.3,Alabama,2015,4,false
00-0027450,Preston Parker,2010,TB,WR,8,1.11,1.81,-7.25,0.0634,3.3,North Alabama; Florida State,,,false
00-0027761,Brody Eldridge,2010,IND,TE,8,1.11,0.93,-7.25,0.0959,3.3,Oklahoma,2010,5,false
00-0038738,Hunter Luepke,2023,DAL,RB,10,1.27,2.1,-7.25,0.0556,3.3,North Dakota State,,,false
00-0033555,Mack Hollins,2019,PHI,WR,12,1.88,3.9,-7.25,0.125,3.3,North Carolina,2017,4,true
00-0020550,Darnell Dinkins,2008,CLE,TE,10,1.51,2.8,-7.25,0.0313,3.3,Pittsburgh,,,false
00-0033376,Patrick Ricard,2019,BAL,RB,10,1.87,2.51,-7.25,0.1053,3.3,Maine,,,false
00-0001661,Kyle Brady,2006,JAX,TE,14,0.62,0.92,-7.25,0,3.3,Penn State,1995,1,false
00-0025864,Jonathan Stupar,2009,BUF,TE,9,0.99,1.31,-7.25,0.0588,3.3,Virginia,,,false
00-0021923,Willie Ponder,2004,NYG,WR,11,0.63,1.83,-7.25,0.0667,3.3,Southeast Missouri State; Tulsa; Coffeyville CC,2003,6,false
00-0022032,Keenan Howry,2003,MIN,WR,16,0.22,0.88,-7.25,0.0534,3.3,Oregon,2003,7,false
00-0029587,Rhett Ellison,2016,MIN,TE,11,1.89,2.19,-7.26,0.1096,3.3,USC,2012,4,false
00-0028011,Stevan Ridley,2018,PIT,RB,9,1.64,2.15,-7.26,0.0968,3.3,LSU,2011,3,false
00-0033119,Jacoby Brissett,2020,IND,QB,11,1.87,3.91,-7.26,0.0278,3.3,N.C. State; Florida,2016,3,false
00-0029664,Josh Gordon,2021,KC,WR,9,1.58,2.88,-7.26,0.0968,3.3,Utah; Baylor,2012,2,false
00-0036887,Luke Farrell,2021,JAX,TE,8,1.57,0.92,-7.26,0.1039,3.2,Ohio State,2021,5,false
00-0027654,Arrelious Benn,2016,JAX,WR,12,1.88,3.56,-7.26,0.1457,3.2,Illinois,2010,2,false
00-0020485,Eddie Berlin,2002,TEN,WR,11,0.22,0.72,-7.27,0.0417,3.2,Northern Iowa,2001,5,false
00-0021755,Earnest Graham,2006,TB,RB,12,0.61,1.07,-7.27,0.0825,3.2,Florida,,,false
00-0038720,Julian Hill,2024,MIA,TE,14,1.57,1.76,-7.27,0.1282,3.2,Campbell University,,,false
00-0035480,Malik Taylor,2020,GB,WR,10,1.85,2.75,-7.28,0.1169,3.2,Ferris State,,,false
00-0021509,Reno Mahe,2006,PHI,RB,12,0.59,1.45,-7.28,0.0722,3.2,BYU; Dixie College (UT),,,false
00-0036887,Luke Farrell,2024,JAX,TE,12,1.56,1.46,-7.29,0.1154,3.2,Ohio State,2021,5,false
00-0038824,Ryan Miller,2025,TB,WR,9,1.27,3.01,-7.29,0.118,3.2,Furman,,,false
00-0030460,Markus Wheaton,2013,PIT,WR,9,1.38,2.75,-7.29,0.0949,3.2,Oregon State,2013,3,false
00-0032098,Daniel Brown,2019,NYJ,TE,11,1.84,3.01,-7.29,0.0857,3.2,James Madison,,,false
00-0035771,Mitchell Wilcox,2023,CIN,TE,12,1.22,1.34,-7.3,0.0625,3.2,University of South Florida,,,false
00-0031514,Quan Bray,2017,IND,WR,9,0.77,1.53,-7.3,0.0461,3.2,Auburn,,,false
00-0032464,Kalif Raymond,2020,TEN,WR,15,1.83,4,-7.3,0.1104,3.2,Holy Cross,,,false
00-0029239,Brandon Bolden,2017,NE,RB,11,0.76,1.93,-7.31,0.0737,3.2,Mississippi,,,false
00-0021306,Adrian Peterson,2004,CHI,RB,12,0.58,1.6,-7.31,0.0426,3.2,Georgia Southern,2002,6,false
00-0034331,Jaylen Samuels,2020,PIT,RB,9,1.82,2.18,-7.31,0.0606,3.2,N.C. State,2018,5,false
00-0023921,Miles Austin,2007,DAL,WR,14,0.9,1.83,-7.31,0.0672,3.2,Monmouth,,,false
00-0026300,Josh Johnson,2010,TB,QB,8,1.04,1.15,-7.32,0,3.2,San Diego,2008,5,false
00-0027445,Jeron Mastrud,2013,LV,TE,11,1.35,1.59,-7.32,0.1493,3.2,Kansas State,,,false
00-0006777,Karl Hankton,2006,CAR,WR,11,0.55,1.3,-7.32,0.0945,3.2,Trinity Christian College; LSU; Valley Forge Christian College,,,false
00-0021969,Brad Pyatt,2003,IND,WR,8,0.15,0.42,-7.32,0.0458,3.2,Northern Colorado; Kentucky,,,false
00-0031035,Xavier Grimble,2018,PIT,TE,8,1.58,1.86,-7.33,0.0789,3.2,USC,,,false
00-0032966,Corey Coleman,2018,NYG,WR,8,1.58,2.12,-7.33,0.0567,3.2,Baylor,2016,1,false
00-0028581,Patrick DiMarco,2016,ATL,RB,10,1.82,2.1,-7.33,0.1042,3.2,South Carolina,,,false
00-0020268,Tony Stewart,2005,CIN,TE,9,0.73,1.26,-7.33,0.0351,3.2,Penn State,2001,5,false
00-0021175,Andre Davis,2009,HOU,WR,13,0.92,1.52,-7.33,0.0979,3.2,Virginia Tech,2002,2,false
00-0010632,Fred McAfee,2003,NO,RB,9,0.14,0.43,-7.33,0.0404,3.2,Mississippi College,1991,6,false
00-0022714,Kris Wilson,2010,LAC,TE,11,1.03,1.7,-7.33,0.0822,3.2,Pittsburgh,2004,2,false
00-0032128,Chris Conley,2024,SF,WR,9,1.51,3.25,-7.33,0.1274,3.2,Georgia,2015,3,false
00-0026178,John Carlson,2012,MIN,TE,9,1.37,1.49,-7.33,0.1233,3.2,Notre Dame,2008,2,false
00-0037011,Tre' McKitty,2022,LAC,TE,13,1.32,1.91,-7.34,0.0494,3.2,Georgia; Florida State,2021,3,false
00-0020564,Delvin Joyce,2002,NYG,RB,12,0.14,0.46,-7.34,0.0606,3.2,James Madison,,,false
00-0024756,Matt Willis,2012,DEN,WR,14,1.36,1.67,-7.34,0.0878,3.2,UCLA,,,false
00-0022847,Ben Hartsock,2009,NYJ,TE,8,0.9,2.55,-7.34,0.0441,3.2,Ohio State,2004,3,false
00-0022388,Terrance Copper,2009,KC,WR,12,0.9,2.23,-7.34,0.0909,3.2,East Carolina,,,false
00-0031484,Chris Manhertz,2024,NYG,TE,8,1.5,2.55,-7.34,0.1026,3.2,Canisius College,,,false
00-0010632,Fred McAfee,2002,NO,RB,8,0.14,0.39,-7.35,0.0505,3.2,Mississippi College,1991,6,false
00-0034286,Richie James,2019,SF,WR,16,1.77,3.25,-7.35,0.1184,3.2,Middle Tennessee State,2018,7,false
00-0025460,Jacoby Jones,2008,HOU,WR,16,1.41,2.44,-7.35,0.1037,3.2,Lane College; Southeastern Louisiana,2007,3,false
00-0023108,Stephen Spach,2010,ARI,TE,11,1,0.87,-7.36,0.0685,3.2,Fresno State,,,false
00-0034104,Cam Sims,2022,WAS,WR,13,1.3,1.21,-7.36,0.0733,3.2,Alabama,,,false
00-0025486,Johnnie Lee Higgins,2007,LV,WR,13,0.85,1.34,-7.36,0.0597,3.2,Texas-El Paso,2007,3,false
00-0021755,Earnest Graham,2005,TB,RB,9,0.7,1.12,-7.36,0.1042,3.2,Florida,,,false
00-0028142,Virgil Green,2011,DEN,TE,8,0.68,0.93,-7.36,0.0548,3.2,Nevada,2011,7,false
00-0039236,Johnny Wilson,2024,PHI,WR,10,1.48,2.73,-7.36,0.121,3.2,Florida State; Arizona State,2024,6,false
00-0025701,Jackie Battle,2010,KC,RB,13,0.99,1.99,-7.37,0.0778,3.2,Houston,,,false
00-0028114,Dwayne Harris,2014,DAL,WR,16,1.21,2.42,-7.37,0.1259,3.2,East Carolina,2011,6,false
00-0035021,Ashton Dulin,2024,IND,WR,13,1.48,3.37,-7.37,0.1083,3.2,Malone,,,false
00-0036331,Devin Duvernay,2024,JAX,WR,13,1.48,2.17,-7.37,0.1083,3.2,Texas,2020,3,false
00-0021425,Antonio Brown,2003,BUF,WR,16,0.11,0.42,-7.37,0.0382,3.2,West Virginia,,,false
00-0030108,Ryan Griffin,2020,NYJ,TE,10,1.76,2.3,-7.37,0.0921,3.2,Connecticut,2013,6,false
00-0039648,David Martin-Robinson,2025,TEN,TE,11,1.18,2.17,-7.37,0.093,3.2,Temple,,,false
00-0036268,Laviska Shenault Jr.,2024,SEA,WR,10,1.47,1.87,-7.37,0.1019,3.2,Colorado,2020,2,false
00-0028581,Patrick DiMarco,2013,ATL,RB,10,1.29,1.07,-7.37,0.1075,3.2,South Carolina,,,false
00-0036857,Chris Evans,2022,CIN,RB,10,1.28,2.57,-7.38,0.0714,3.2,Michigan,2021,6,false
00-0027581,Seyi Ajirotutu,2013,LAC,WR,12,1.28,3.1,-7.38,0.0876,3.2,Fresno State,,,false
00-0006777,Karl Hankton,2004,CAR,WR,9,0.5,1.5,-7.38,0.0593,3.2,Trinity Christian College; LSU; Valley Forge Christian College,,,false
00-0027356,Marlon Moore,2013,MIA,WR,11,1.28,1.9,-7.38,0.0803,3.2,Fresno State,,,true
00-0036590,Quintin Morris,2024,BUF,TE,10,1.46,2.61,-7.38,0.0897,3.2,Bowling Green,,,false
00-0023506,Alex Smith,2013,CIN,TE,8,1.27,2.49,-7.39,0.1343,3.2,Stanford,2005,3,false
00-0026491,Stefan Logan,2010,DET,WR,16,0.97,1.64,-7.39,0.0563,3.2,South Dakota,,,false
00-0010632,Fred McAfee,2004,NO,RB,11,0.49,1.6,-7.39,0.0319,3.2,Mississippi College,1991,6,false
00-0033217,Mo Alie-Cox,2019,IND,TE,10,1.73,1.47,-7.39,0.0714,3.2,Virginia Commonwealth Univ.,,,false
00-0031743,Akeem Hunt,2017,KC,RB,14,0.67,1.27,-7.4,0.0632,3.2,Purdue,,,false
00-0037292,Andrew Ogletree,2025,IND,TE,11,1.15,2.65,-7.4,0.0814,3.2,Youngstown State,2022,6,false
00-0031493,Jarryd Hayne,2015,SF,RB,8,1.74,3.38,-7.4,0.125,3.2,,,,false
00-0033387,Jacob Hollister,2017,NE,TE,13,0.67,1.09,-7.4,0.013,3.2,Wyoming; Arizona Western,,,false
00-0029492,Jamize Olawale,2013,LV,RB,11,1.26,1.79,-7.4,0.0968,3.2,North Texas,,,false
00-0033466,Isaiah McKenzie,2017,DEN,WR,11,0.66,0.91,-7.41,0.0395,3.2,Georgia,2017,5,false
00-0030107,Theo Riddick,2013,DET,RB,12,1.26,1.95,-7.41,0.086,3.2,Notre Dame,2013,6,false
00-0020676,Nick Davis,2002,MIN,WR,15,0.07,0.28,-7.41,0.0347,3.2,Wisconsin,,,false
00-0032112,J.J. Nelson,2018,ARI,WR,9,1.49,2.39,-7.41,0.0496,3.2,UAB,2015,5,false
00-0021915,Sam Aiken,2005,BUF,WR,15,0.65,1.14,-7.41,0.0827,3.2,North Carolina,2003,4,false
00-0031585,MyCole Pruitt,2015,MIN,TE,11,1.72,1.77,-7.42,0.1266,3.2,Southern Illinois,2015,5,false
00-0021236,Randy McMichael,2012,LAC,TE,11,1.28,1.91,-7.42,0.1096,3.2,Georgia,2002,4,false
00-0035249,Josh Oliver,2021,BAL,TE,11,1.42,1.55,-7.42,0.0909,3.2,San Jose State,2019,3,false
00-0021923,Willie Ponder,2005,NYG,WR,10,0.64,1.89,-7.42,0.0752,3.2,Southeast Missouri State; Tulsa; Coffeyville CC,2003,6,false
00-0022782,Kevin Jones,2008,CHI,RB,10,1.34,2.19,-7.42,0.1064,3.2,Virginia Tech,2004,1,false
00-0032117,Nick O'Leary,2016,BUF,TE,13,1.72,1.89,-7.42,0.0959,3.2,Florida State,2015,6,false
00-0031763,DeAndre Carter,2019,HOU,WR,16,1.7,3.52,-7.42,0.1118,3.2,Sacramento State,,,false
00-0038938,Jalin Hyatt,2024,NYG,WR,10,1.42,2.5,-7.42,0.0955,3.2,Tennessee,2023,3,false
00-0023630,Joel Dreessen,2008,HOU,TE,14,1.34,1.14,-7.43,0.0156,3.2,Colorado State,2005,6,false
00-0024103,Montell Owens,2011,JAX,RB,10,0.61,0.75,-7.43,0.0455,3.2,Maine,,,false
00-0028079,D.J. Williams,2012,GB,TE,10,1.27,1.88,-7.43,0.0959,3.2,Arkansas,2011,5,false
00-0034426,Javon Wims,2020,CHI,WR,10,1.7,2.29,-7.43,0.1039,3.2,Georgia; Hinds CC,2018,7,false
00-0027020,Pat White,2009,MIA,QB,10,0.81,1.55,-7.43,0,3.2,West Virginia,2009,2,false
00-0021813,Gabe Reid,2005,CHI,TE,8,0.63,0.88,-7.44,0.0175,3.2,BYU,,,false
00-0027567,Steve Maneri,2012,KC,TE,8,1.26,2.85,-7.44,0.0822,3.2,Temple,,,false
00-0033596,Matt Dayes,2017,CLE,RB,13,0.63,1.17,-7.44,0.0526,3.2,N.C. State,2017,7,false
00-0026878,Tom Crabtree,2010,GB,TE,11,0.92,1.5,-7.44,0.0548,3.2,Miami (Ohio),,,false
00-0040259,Gage Larvadain,2025,CLE,WR,13,1.11,1.78,-7.45,0.1118,3.2,South Carolina; Miami (Ohio),,,false
00-0029634,James Hanna,2015,DAL,TE,10,1.69,1.74,-7.45,0.1139,3.2,Oklahoma,2012,6,false
00-0022746,Jeff Dugan,2010,MIN,TE,8,0.9,0.93,-7.46,0.0411,3.2,Maryland,2004,7,false
00-0023564,Darren Sproles,2005,LAC,RB,15,0.6,0.93,-7.46,0.0938,3.2,Kansas State,2005,4,false
00-0028093,Niles Paul,2011,WAS,TE,9,0.58,1.49,-7.46,0.0411,3.2,Nebraska,2011,5,false
00-0029336,Brittan Golden,2016,ARI,WR,12,1.68,2.52,-7.46,0.1391,3.2,West Texas State,,,false
00-0036842,Kene Nwangwu,2025,NYJ,RB,10,1.09,2.03,-7.46,0.1354,3.2,Iowa State,2021,4,false
00-0038396,Eric Gray,2024,NYG,RB,14,1.38,1.75,-7.47,0.0918,3.2,Oklahoma; Tennessee,2023,5,false
00-0019453,Rod Smart,2002,CAR,RB,14,0.01,0.05,-7.47,0.0404,3.2,Western Kentucky,,,false
00-0008196,Terry Jackson,2003,SF,RB,10,0,0,-7.47,0.0101,3.2,Florida,1999,5,false
00-0011641,Sean Morey,2003,PHI,WR,8,0,0,-7.47,0,3.2,Brown,1999,7,false
00-0013958,Charlie Rogers,2003,MIA,RB,11,0,0,-7.47,0.0101,3.2,Georgia Tech,1999,5,false
00-0019779,J.J. Moses,2003,HOU,WR,15,0,0,-7.47,0,3.2,Iowa State,,,false
00-0019997,Antonio Chatman,2003,GB,WR,16,0,0,-7.47,0,3.2,Cincinnati; El Camino,,,false
00-0021264,Jake Schifino,2003,TEN,WR,11,0,0,-7.47,0,3.2,Akron,2002,5,false
00-0000872,Michael Bates,2003,NYJ,WR,9,0,0,-7.47,0,3.2,Arizona,1992,6,true
00-0008391,Travis Jervey,2003,ATL,RB,9,0,0,-7.47,0.0101,3.2,The Citadel,1995,5,false
00-0017697,Terrence Wilkins,2006,IND,WR,15,0.4,1.55,-7.48,0.0866,3.2,Virginia,,,false
00-0032940,DeAndre Washington,2018,LV,RB,8,1.42,1.87,-7.48,0.086,3.2,Texas Tech,2016,5,false
00-0022427,Wes Welker,2004,MIA,WR,15,0.4,1.55,-7.48,0.0519,3.2,Texas Tech,,,true
00-0000007,Rabih Abdullah,2002,CHI,RB,12,0,0,-7.48,0,3.2,Lehigh University,,,false
00-0004463,Dameane Douglas,2002,PHI,WR,14,0,0,-7.48,0,3.2,California,1999,4,false
00-0019025,Ronney Jenkins,2002,SD,RB,12,0,0,-7.48,0,3.2,Northern Arizona; BYU,,,false
00-0019889,Elvis Joseph,2002,JAC,RB,11,0,0,-7.48,0,3.2,Southern; Louisiana-Lafayette,,,true
00-0019919,Randal Williams,2002,DAL,TE,8,0,0,-7.48,0,3.2,New Hampshire,,,false
00-0020361,Alex Bannister,2002,SEA,WR,11,0,0,-7.48,0,3.2,Eastern Kentucky,2001,5,false
00-0020542,Micah Ross,2002,JAC,WR,12,0,0,-7.48,0,3.2,Jacksonville,,,true
00-0021309,Lee Mays,2002,PIT,WR,14,0,0,-7.48,0,3.2,Texas-El Paso,2002,6,false
00-0002713,Tony Carter,2002,GB,RB,9,0,0,-7.48,0,3.2,Minnesota,,,false
00-0019975,Jimmy Redmond,2002,JAC,WR,8,0,0,-7.48,0,3.2,McNeese State,,,true
00-0019860,Marcus Williams,2002,OAK,TE,9,0,0,-7.48,0,3.2,Washington State; Laney College,,,false
00-0028097,Lee Smith,2019,BUF,TE,8,1.64,2.64,-7.49,0.0571,3.2,Marshall; Tennessee,2011,5,false
00-0025515,Chris Davis,2007,TEN,WR,12,0.72,1.15,-7.49,0.0522,3.2,Florida State,2007,4,false
00-0029218,David Paulson,2012,PIT,TE,10,1.21,1.18,-7.49,0.0685,3.2,Oregon,2012,7,false
00-0028070,Kealoha Pilares,2011,CAR,WR,11,0.55,1.81,-7.49,0.0811,3.2,Hawaii,2011,5,false
00-0036862,Ben Skowronek,2025,PIT,WR,16,1.06,2.41,-7.5,0.1056,3.2,Notre Dame; Northwestern,2021,7,false
00-0021306,Adrian Peterson,2009,CHI,RB,11,0.75,1.51,-7.5,0.0543,3.2,Georgia Southern,2002,6,false
00-0029298,Cyrus Gray,2013,KC,RB,12,1.17,1.39,-7.5,0.0753,3.2,Texas A&M,2012,6,false
00-0011641,Sean Morey,2006,PIT,WR,13,0.38,0.92,-7.5,0.0787,3.2,Brown,1999,7,false
00-0021747,Kerry Carter,2003,SEA,RB,8,-0.03,0.07,-7.5,0,3.2,Stanford,,,false
00-0028249,Jeremy Ross,2015,LV,WR,11,1.64,2.51,-7.5,0.0728,3.2,California,,,true
00-0023176,Josh Cribbs,2005,CLE,WR,14,0.55,1.63,-7.51,0.0677,3.2,Kent State,,,false
00-0027718,Garrett Graham,2015,HOU,TE,8,1.63,2.61,-7.51,0.1013,3.2,Wisconsin,2010,4,false
00-0039589,Kameron Johnson,2025,TB,WR,17,1.04,3.97,-7.51,0.0994,3.2,Barton College,,,false
00-0027057,Brandon Tate,2016,BUF,WR,15,1.63,2.33,-7.51,0.1325,3.2,North Carolina,2009,3,false
00-0040582,Arian Smith,2025,NYJ,WR,13,1.04,1.07,-7.51,0.0932,3.2,Georgia,2025,4,false
00-0029590,Taylor Thompson,2013,TEN,TE,9,1.14,2.65,-7.52,0.1194,3.2,SMU,2012,5,false
00-0036862,Ben Skowronek,2024,PIT,WR,9,1.32,1.76,-7.52,0.0892,3.2,Notre Dame; Northwestern,2021,7,false
00-0026174,Devin Thomas,2011,NYG,WR,13,0.52,0.98,-7.52,0.0743,3.2,Michigan State; Coffeyville CC,2008,2,false
00-0029793,Brandon Williams,2014,CAR,TE,8,1.05,1.61,-7.52,0.0395,3.2,Oregon; Joliet Junior College,,,false
00-0028163,Anthony Allen,2012,BAL,RB,13,1.18,3.26,-7.52,0.0316,3.2,Georgia Tech; Louisville,2011,7,false
00-0032794,Danny Vitale,2017,CLE,RB,9,0.54,0.85,-7.52,0.0421,3.2,Northwestern,2016,6,false
00-0034798,Durham Smythe,2018,MIA,TE,8,1.38,2.07,-7.53,0.0658,3.2,Notre Dame,2018,4,false
00-0019457,Anthony Becht,2008,LA,TE,8,1.24,0.8,-7.53,0,3.2,West Virginia,2000,1,false
00-0021212,Cliff Russell,2004,CIN,WR,13,0.35,0.97,-7.53,0.0444,3.2,Utah,2002,3,false
00-0021357,Rock Cartwright,2006,WAS,RB,16,0.34,1.51,-7.53,0.0619,3.2,Kansas State; Trinity Valley CC,2002,7,false
00-0036425,DeeJay Dallas,2024,ARI,RB,16,1.31,2.28,-7.53,0.0816,3.2,Miami,2020,4,false
00-0031209,Senorise Perry,2017,MIA,RB,8,0.54,1,-7.53,0.0316,3.2,Louisville,,,false
00-0021845,Cecil Sapp,2005,DEN,RB,11,0.53,0.92,-7.53,0.0833,3.2,Colorado State,,,false
00-0034411,Russell Gage,2018,ATL,WR,9,1.37,1.92,-7.53,0.0426,3.2,LSU,2018,6,false
00-0027618,Brandon Banks,2011,WAS,WR,16,0.5,1.54,-7.53,0.0676,3.2,Kansas State; Bakersfield College,,,false
00-0029999,Zach Sudfeld,2014,NYJ,TE,13,1.04,1.93,-7.53,0.0263,3.2,Nevada,,,false
00-0027796,Joe Webb,2017,BUF,QB,9,0.53,1.07,-7.54,0,3.2,UAB,2010,6,false
00-0028011,Stevan Ridley,2015,NYJ,RB,8,1.6,1.83,-7.54,0.1146,3.2,LSU,2011,3,false
00-0023192,Tyson Thompson,2007,DAL,RB,8,0.68,1.63,-7.54,0.0426,3.2,San Jose State; Garden City CC,,,false
00-0022093,Justin Fargas,2005,LV,RB,9,0.52,1.5,-7.54,0.0729,3.2,USC; Michigan,2003,3,false
00-0028142,Virgil Green,2013,DEN,TE,12,1.13,1.03,-7.54,0.0896,3.2,Nevada,2011,7,false
00-0028156,Ryan Taylor,2013,GB,TE,8,1.13,1.31,-7.54,0.0896,3.2,North Carolina,2011,7,false
00-0033576,Eric Saubert,2025,SEA,TE,9,1.01,1.24,-7.54,0.0698,3.2,Drake,2017,5,false
00-0030743,Bernard Reedy,2017,TB,WR,11,0.53,0.89,-7.54,0.0329,3.2,Toledo,,,true
00-0037569,Peyton Hendershot,2023,DAL,TE,8,0.98,1.22,-7.54,0.05,3.2,Indiana,,,false
00-0020805,Jason McKie,2009,CHI,RB,9,0.7,0.71,-7.54,0.0435,3.2,Temple,,,false
00-0036133,James Proche,2022,BAL,WR,11,1.11,1.92,-7.55,0.0667,3.2,SMU,2020,6,false
00-0030288,Rex Burkhead,2015,CIN,RB,15,1.59,2.26,-7.55,0.1042,3.2,Nebraska,2013,6,false
00-0020376,Dee Brown,2006,KC,RB,12,0.33,0.75,-7.55,0.0515,3.2,Syracuse,2001,6,false
00-0032188,Vince Mayle,2017,BAL,TE,12,0.52,1.79,-7.55,0,3.2,Washington State; Sierra JC; Shasta College,2015,4,false
00-0029601,Brandon Bostick,2016,NYJ,TE,9,1.59,1.41,-7.56,0.0822,3.2,Newberry,,,false
00-0024318,Brad Smith,2014,PHI,WR,8,1.01,2.86,-7.56,0.1189,3.2,Missouri,2006,4,false
00-0036429,Charlie Woerner,2021,SF,TE,8,1.27,1.74,-7.56,0.0779,3.2,Georgia,2020,6,false
00-0024463,Ben Obomanu,2009,SEA,WR,12,0.67,1,-7.57,0.0839,3.2,Auburn,2006,7,false
00-0036877,Jaelon Darden,2021,TB,WR,9,1.27,1.64,-7.57,0.0903,3.2,North Texas,2021,4,false
00-0029587,Rhett Ellison,2012,MIN,TE,12,1.13,1.64,-7.57,0.0548,3.1,USC,2012,4,false
00-0027585,Richard Goodman,2011,LAC,WR,13,0.46,1.66,-7.58,0.0608,3.1,Florida State,,,false
00-0039603,British Brooks,2025,HOU,RB,8,0.97,2.21,-7.58,0.125,3.1,North Carolina,,,false
00-0031818,Bradley Marquez,2015,LA,WR,14,1.56,2.21,-7.58,0.0662,3.1,Texas Tech,,,false
00-0033292,Trent Taylor,2020,SF,WR,12,1.55,1.95,-7.58,0.0974,3.1,Louisiana Tech,2017,5,false
00-0026536,Nick Miller,2010,LV,WR,9,0.78,1.58,-7.58,0.0493,3.1,Southern Utah State; Scottsdale CC,,,false
00-0024294,Jerious Norwood,2011,LA,RB,9,0.46,1.24,-7.58,0.0341,3.1,Mississippi State,2006,3,false
00-0032062,Blake Bell,2016,SF,TE,8,1.56,2.11,-7.58,0.0685,3.1,Oklahoma,2015,4,false
00-0035291,Trayveon Williams,2023,CIN,RB,16,0.93,0.87,-7.59,0.0444,3.1,Texas A&M,2019,6,false
00-0029415,Keshawn Martin,2014,HOU,WR,14,0.99,1.34,-7.59,0.1119,3.1,Michigan State,2012,4,false
00-0027135,Brandon Myers,2009,LV,TE,9,0.66,1.03,-7.59,0.0294,3.1,Iowa,2009,6,false
00-0027825,Jim Dray,2010,ARI,TE,10,0.77,1.31,-7.59,0.0274,3.1,Stanford,2010,7,false
00-0033421,Antony Auclair,2018,TB,TE,9,1.31,1.51,-7.59,0.0526,3.1,Laval,,,false
00-0023429,Rashied Davis,2009,CHI,WR,13,0.65,1.14,-7.59,0.0769,3.1,San Jose State; West Los Angeles College,,,false
00-0034270,Tyler Conklin,2019,MIN,TE,9,1.53,1.99,-7.59,0.0429,3.1,Central Michigan; Northwood,2018,5,false
00-0032543,Alex Erickson,2020,CIN,WR,16,1.54,3.74,-7.59,0.0909,3.1,Wisconsin,,,false
00-0026607,Brock Bolen,2011,JAX,RB,9,0.44,0.59,-7.59,0.0227,3.1,Louisville; Illinois,,,false
00-0033439,Pharaoh Brown,2024,SEA,TE,10,1.25,1.41,-7.59,0.0769,3.1,Oregon,,,false
00-0022886,Casey Cramer,2006,TEN,RB,10,0.28,0.6,-7.6,0.0412,3.1,Dartmouth,2004,7,false
00-0027154,Jake O'Connell,2010,KC,TE,8,0.76,1.59,-7.6,0.0137,3.1,Miami (Ohio),2009,7,false
00-0032975,Jonathan Williams,2016,BUF,RB,8,1.55,2.64,-7.6,0.0938,3.1,Arkansas,2016,5,false
00-0031763,DeAndre Carter,2024,CHI,WR,13,1.25,2.1,-7.6,0.0828,3.1,Sacramento State,,,false
00-0030985,Trey Watts,2014,LA,RB,8,0.97,1.47,-7.6,0.0583,3.1,Tulsa,,,false
00-0028841,Will Johnson,2015,PIT,RB,8,1.54,2.48,-7.6,0.0938,3.1,West Virginia,,,false
00-0033376,Patrick Ricard,2024,BAL,RB,9,1.24,2.43,-7.6,0.0714,3.1,Maine,,,false
00-0022064,Arnaz Battle,2009,SF,WR,14,0.64,1.24,-7.6,0.0699,3.1,Notre Dame,2003,6,false
00-0026957,David Johnson,2016,PIT,TE,11,1.55,1.18,-7.6,0.0548,3.1,Arkansas State,2009,7,false
00-0035628,D'Ernest Johnson,2019,CLE,RB,10,1.52,2.88,-7.6,0.0947,3.1,University of South Florida,,,false
00-0023176,Josh Cribbs,2012,CLE,WR,16,1.09,1.13,-7.61,0.0811,3.1,Kent State,,,false
00-0027755,David Reed,2010,BAL,WR,10,0.75,1.9,-7.61,0.0352,3.1,Utah; Pasadena College,2010,5,false
00-0027816,Marc Mariani,2010,TEN,WR,16,0.75,2.05,-7.61,0.0352,3.1,Montana,2010,7,false
00-0027618,Brandon Banks,2012,WAS,WR,12,1.09,1.36,-7.61,0.0743,3.1,Kansas State; Bakersfield College,,,false
00-0031757,Lucky Whitehead,2015,DAL,WR,12,1.53,1.61,-7.61,0.0596,3.1,Florida Atlantic; Dean JC,,,false
00-0036671,Dax Milne,2022,WAS,WR,15,1.05,1.98,-7.61,0.06,3.1,BYU,2021,7,false
00-0030550,Ace Sanders,2014,JAX,WR,12,0.96,1.33,-7.61,0.1049,3.1,South Carolina,2013,4,false
00-0032200,Ty Montgomery,2023,NE,WR,11,0.9,1.31,-7.62,0.0599,3.1,Stanford,2015,3,false
00-0023074,Samkon Gado,2009,LA,RB,13,0.62,1.06,-7.62,0.0326,3.1,Liberty,,,false
00-0027618,Brandon Banks,2010,WAS,WR,13,0.74,1.73,-7.62,0.0282,3.1,Kansas State; Bakersfield College,,,false
00-0020448,Travis Minor,2008,LA,RB,10,1.14,1.86,-7.62,0.0957,3.1,Florida State,2001,3,false
00-0036620,Dee Eskridge,2025,MIA,WR,11,0.93,1.99,-7.63,0.087,3.1,Western Michigan,2021,2,false
00-0027796,Joe Webb,2013,MIN,QB,8,1.04,2.03,-7.63,0,3.1,UAB,2010,6,false
00-0035628,D'Ernest Johnson,2020,CLE,RB,14,1.5,2.67,-7.63,0.0505,3.1,University of South Florida,,,false
00-0027876,Tim Tebow,2012,NYJ,QB,11,1.07,0.84,-7.63,0,3.1,Florida,2010,1,false
00-0039737,Tip Reiman,2024,ARI,TE,8,1.21,1.13,-7.63,0.0641,3.1,Illinois,2024,3,false
00-0020692,Eddie Drummond,2006,DET,WR,14,0.24,0.62,-7.63,0.0709,3.1,Penn State,,,false
00-0031690,Eric Tomlinson,2018,NYJ,TE,12,1.27,1.36,-7.63,0.0395,3.1,Texas-El Paso,,,false
00-0039746,Will Shipley,2024,PHI,RB,13,1.21,3.02,-7.64,0.0612,3.1,Clemson,2024,4,false
00-0036876,Kylen Granson,2025,PHI,TE,12,0.92,2.01,-7.64,0.0581,3.1,SMU,2021,4,false
00-0028581,Patrick DiMarco,2018,BUF,RB,8,1.26,1.84,-7.64,0.0753,3.1,South Carolina,,,false
00-0038720,Julian Hill,2023,MIA,TE,10,0.88,1.4,-7.64,0.0375,3.1,Campbell University,,,false
00-0026293,Matthew Slater,2011,NE,WR,14,0.4,1.5,-7.64,0.0541,3.1,UCLA,2008,5,false
00-0021175,Andre Davis,2006,BUF,WR,14,0.24,0.6,-7.64,0.063,3.1,Virginia Tech,2002,2,false
00-0034208,Mike Boone,2020,MIN,RB,10,1.49,2.05,-7.64,0.0404,3.1,Cincinnati,,,false
00-0037617,Hassan Haskins,2025,LAC,RB,11,0.91,1.28,-7.64,0.1146,3.1,Michigan,2022,4,false
00-0021304,John Gilmore,2004,CHI,TE,9,0.23,0.7,-7.65,0.0164,3.1,Penn State,2002,6,false
00-0034679,Mark Walton,2018,CIN,RB,10,1.25,1.87,-7.65,0.0645,3.1,Miami,2018,4,false
00-0021570,Kassim Osgood,2005,LAC,WR,11,0.41,0.96,-7.65,0.0602,3.1,San Diego State; Cal Poly (San Luis Obispo),,,false
00-0026267,Jacob Tamme,2009,IND,TE,11,0.59,1.08,-7.65,0.0147,3.1,Kentucky,2008,4,false
00-0027606,Trindon Holliday,2012,DEN,WR,15,1.05,2.85,-7.65,0.0676,3.1,LSU,2010,6,true
00-0028841,Will Johnson,2014,PIT,RB,11,0.92,1.38,-7.65,0.0485,3.1,West Virginia,,,false
00-0026491,Stefan Logan,2011,DET,WR,16,0.38,0.92,-7.66,0.0473,3.1,South Dakota,,,false
00-0026716,Quan Cosby,2009,CIN,WR,16,0.58,1.95,-7.66,0.0629,3.1,Texas,,,false
00-0027057,Brandon Tate,2011,CIN,WR,16,0.38,1.5,-7.66,0.0405,3.1,North Carolina,2009,3,false
00-0037745,Velus Jones Jr.,2023,CHI,WR,13,0.85,1.06,-7.66,0.0539,3.1,Tennessee; USC,2022,3,false
00-0035022,Penny Hart,2021,SEA,WR,11,1.17,1.34,-7.66,0.0839,3.1,Georgia State,,,false
00-0031001,Jeff Janis,2017,GB,WR,8,0.4,0.81,-7.67,0.0263,3.1,Saginaw Valley State,2014,7,false
00-0040142,Kaleb Johnson,2025,PIT,RB,10,0.88,0.91,-7.67,0.1042,3.1,Iowa,2025,3,false
00-0033705,Andre Patton,2019,LAC,WR,8,1.45,1.76,-7.67,0.1053,3.1,Rutgers,,,false
00-0027654,Arrelious Benn,2012,TB,WR,8,1.02,1.84,-7.67,0.0608,3.1,Illinois,2010,2,false
00-0023490,Roscoe Parrish,2009,BUF,WR,12,0.57,0.8,-7.68,0.0559,3.1,Miami,2005,2,false
00-0026577,Marcus Thigpen,2012,MIA,WR,15,1.02,2.13,-7.68,0.0541,3.1,Indiana,,,false
00-0028179,David Ausberry,2011,LV,TE,9,0.36,0.73,-7.68,0.0274,3.1,USC,2011,7,false
00-0038090,Skyy Moore,2025,SF,WR,17,0.87,1.29,-7.68,0.0807,3.1,Western Michigan,2022,2,false
00-0033895,Gerald Everett,2024,CHI,TE,10,1.16,1.33,-7.68,0.0513,3.1,South Alabama; UAB; Hutchinson CC,2017,2,false
00-0019590,Chad Morton,2005,NYG,RB,16,0.38,1.5,-7.69,0.0625,3.1,USC,2000,5,false
00-0022421,Ruvell Martin,2012,BUF,WR,8,1.01,1.56,-7.69,0.0473,3.1,Saginaw Valley State,,,false
00-0025480,Garrett Wolfe,2008,CHI,RB,12,1.07,1.92,-7.69,0.0851,3.1,Northern Illinois,2007,3,false
00-0027595,Bryan Walters,2014,SEA,WR,13,0.88,1.53,-7.69,0.0979,3.1,Cornell,,,false
00-0024738,Eldra Buckley,2010,PHI,RB,10,0.67,1.27,-7.69,0.0667,3.1,Tennessee-Chattanooga; Northwest Mississippi CC,,,false
00-0024345,Domenik Hixon,2007,NYG,WR,13,0.52,1.72,-7.7,0.0448,3.1,Akron,2006,4,true
00-0029626,Isaiah Pead,2012,LA,RB,10,1,1.15,-7.7,0.0211,3.1,Cincinnati,2012,2,false
00-0037093,Dareke Young,2025,SEA,WR,8,0.85,1.7,-7.7,0.0745,3.1,Lenoir Rhyne,2022,7,false
00-0033854,Dare Ogunbowale,2023,HOU,RB,9,0.81,1.01,-7.71,0.0333,3.1,Wisconsin,,,false
00-0028049,Clyde Gates,2011,MIA,WR,13,0.33,0.73,-7.71,0.0338,3.1,Abilene Christian; Tyler JC,2011,4,false
00-0023968,Micheal Spurlock,2011,TB,WR,10,0.33,0.7,-7.71,0.027,3.1,Mississippi,,,false
00-0032745,Alan Cross,2016,TB,TE,11,1.44,2.13,-7.71,0.0411,3.1,Memphis,,,false
00-0028119,Richard Gordon,2012,LV,TE,9,0.99,2.37,-7.71,0.0411,3.1,Miami,2011,6,false
00-0035645,Gunner Olszewski,2022,PIT,WR,15,0.95,1.52,-7.71,0.0533,3.1,Bemidji State University,,,false
00-0023503,Courtney Roby,2012,NO,WR,8,0.99,2.13,-7.71,0.0405,3.1,Indiana,2005,3,false
00-0025505,Ryne Robinson,2007,CAR,WR,15,0.5,1.15,-7.71,0.0373,3.1,Miami (Ohio),2007,4,false
00-0029260,LaMichael James,2013,SF,RB,10,0.95,1.28,-7.71,0.0645,3.1,Oregon,2012,2,false
00-0030147,Russell Shepard,2014,TB,WR,12,0.86,1.68,-7.71,0.0909,3.1,LSU,,,false
00-0021747,Kerry Carter,2004,SEA,RB,9,0.17,0.5,-7.72,0.0213,3.1,Stanford,,,false
00-0033839,Dede Westbrook,2021,MIN,WR,15,1.12,1.52,-7.72,0.0774,3.1,Oklahoma; Blinn College,2017,4,false
00-0032423,Trevor Davis,2016,GB,WR,8,1.43,4.03,-7.72,0.1258,3.1,California; Hawaii,2016,5,false
00-0014655,Mike Sellers,2004,WAS,TE,15,0.16,0.62,-7.72,0,3.1,Walla Walla Community College,,,false
00-0030154,Frankie Hammond,2014,KC,WR,10,0.85,1.17,-7.72,0.0839,3.1,Florida,,,false
00-0032972,Devontae Booker,2019,DEN,RB,9,1.4,1.7,-7.72,0.0842,3.1,Utah; American River,2016,4,false
00-0021305,Larry Ned,2004,MIN,RB,12,0.16,0.55,-7.72,0.0106,3.1,San Diego State,2002,6,false
00-0027321,Jeff Cumberland,2015,NYJ,TE,9,1.41,1.93,-7.72,0.0886,3.1,Illinois,,,false
00-0009869,Jermaine Lewis,2004,JAX,WR,9,0.16,0.47,-7.73,0.037,3.1,Maryland,1996,5,false
00-0028542,Lestar Jean,2013,HOU,WR,8,0.94,1.75,-7.73,0.073,3.1,Florida Atlantic,,,false
00-0031344,Cody Latimer,2016,DEN,WR,11,1.42,1.91,-7.73,0.1192,3.1,Indiana,2014,2,false
00-0019590,Chad Morton,2006,NYG,RB,15,0.15,0.57,-7.73,0.0309,3.1,USC,2000,5,false
00-0011641,Sean Morey,2004,PIT,WR,12,0.15,0.52,-7.73,0.0296,3.1,Brown,1999,7,false
00-0037594,Julius Chestnut,2024,TEN,RB,12,1.11,1.29,-7.74,0.051,3.1,Sacred Heart University,,,false
00-0036628,John Bates,2024,WAS,TE,13,1.11,1.32,-7.74,0.0385,3.1,Boise State,2021,4,false
00-0023503,Courtney Roby,2009,NO,WR,15,0.51,1.57,-7.74,0.049,3.1,Indiana,2005,3,false
00-0029590,Taylor Thompson,2012,TEN,TE,11,0.96,1.28,-7.74,0.0274,3.1,SMU,2012,5,false
00-0026932,Cedric Peerman,2014,CIN,RB,12,0.83,1.56,-7.74,0.0388,3.1,Virginia,2009,6,false
00-0022582,Richard Owens,2005,MIN,TE,12,0.32,1.1,-7.74,0,3.1,Louisville,,,false
00-0022434,Carey Davis,2008,PIT,RB,11,1.02,1.18,-7.74,0.0745,3.1,Illinois,,,false
00-0019242,Dane Looker,2006,LA,WR,10,0.13,0.41,-7.75,0.0551,3.1,Washington; Western Washington University,,,false
00-0040644,Trevor Etienne,2025,CAR,RB,17,0.81,1.23,-7.75,0.0938,3.1,Georgia; Florida,2025,4,false
00-0027772,Anthony Dixon,2015,BUF,RB,15,1.39,2.34,-7.75,0.0833,3.1,Mississippi State,2010,6,false
00-0032398,Chris Moore,2016,BAL,WR,14,1.39,1.7,-7.75,0.1126,3.1,Cincinnati,2016,4,false
00-0028114,Dwayne Harris,2018,LV,WR,15,1.15,1.7,-7.75,0.0355,3.1,East Carolina,2011,6,false
00-0035924,Jonathan Ward,2021,ARI,RB,9,1.08,1.26,-7.76,0.0792,3.1,Central Michigan,,,false
00-0020448,Travis Minor,2005,MIA,RB,9,0.3,0.9,-7.76,0.0521,3.1,Florida State,2001,3,false
00-0023591,Justin Green,2007,BAL,RB,8,0.45,0.84,-7.76,0.0319,3.1,Montana; San Diego Mesa College; San Diego State,2005,5,false
00-0031068,Ryan Grant,2016,WAS,WR,12,1.38,1.83,-7.76,0.106,3.1,Tulane,2014,5,false
00-0021304,John Gilmore,2007,CHI,TE,10,0.44,0.72,-7.77,0.0317,3.1,Penn State,2002,6,false
00-0029634,James Hanna,2014,DAL,TE,11,0.8,1.26,-7.77,0.0132,3.1,Oklahoma,2012,6,false
00-0019808,Kenny Watson,2008,CIN,RB,9,0.99,1.34,-7.77,0.0638,3.1,Penn State,,,false
00-0034407,Ray-Ray McCloud,2018,BUF,WR,8,1.13,0.87,-7.78,0.0284,3.1,Clemson,2018,6,false
00-0032977,Rashard Higgins,2016,CLE,WR,10,1.37,1.98,-7.78,0.0993,3.1,Colorado State,2016,5,false
00-0029878,MarQueis Gray,2013,CLE,TE,8,0.89,1.06,-7.78,0.0746,3.1,Minnesota,,,false
00-0030280,Knile Davis,2015,KC,RB,13,1.35,2.12,-7.78,0.0729,3.1,Arkansas,2013,3,false
00-0021570,Kassim Osgood,2007,LAC,WR,10,0.43,1.36,-7.78,0.0299,3.1,San Diego State; Cal Poly (San Luis Obispo),,,false
00-0027139,John Phillips,2014,LAC,TE,9,0.79,2.37,-7.78,0,3.1,Virginia,2009,6,false
00-0034854,KhaDarel Hodge,2025,ATL,WR,8,0.76,2.16,-7.79,0.0683,3.1,Prairie View A&M; Hinds CC; Alcorn State,,,false
00-0037311,Ko Kieft,2023,TB,TE,10,0.72,2.28,-7.8,0.025,3.1,Minnesota,2022,6,false
00-0036425,DeeJay Dallas,2023,SEA,RB,17,0.72,0.99,-7.8,0.0222,3.1,Miami,2020,4,false
00-0033292,Trent Taylor,2022,CIN,WR,16,0.86,1.66,-7.8,0.0467,3.1,Louisiana Tech,2017,5,false
00-0031060,De'Anthony Thomas,2016,KC,WR,10,1.34,1.32,-7.81,0.0927,3.1,Oregon,2014,4,false
00-0032464,Kalif Raymond,2017,NYG,WR,8,0.26,0.74,-7.81,0.0197,3.1,Holy Cross,,,true
00-0030711,David Fluellen,2017,TEN,RB,8,0.26,0.63,-7.81,0.0211,3.1,Toledo,,,false
00-0028337,Kyle Adams,2012,CHI,TE,9,0.89,1.09,-7.81,0.0137,3.1,Purdue,,,false
00-0032794,Danny Vitale,2019,GB,RB,13,1.31,2.06,-7.82,0.0737,3.1,Northwestern,2016,6,false
00-0033296,Alex Armah,2021,NO,RB,9,1.02,2.31,-7.82,0.0693,3.1,West Georgia,2017,6,true
00-0027606,Trindon Holliday,2013,DEN,WR,15,0.85,2.1,-7.82,0.0657,3.1,LSU,2010,6,false
00-0025461,Yamon Figurs,2008,BAL,WR,12,0.94,3.26,-7.82,0.0963,3.1,Kansas State; Garden City CC,2007,3,false
00-0034798,Durham Smythe,2024,MIA,TE,14,1.02,0.81,-7.82,0.0256,3.1,Notre Dame,2018,4,false
00-0030068,Marquise Goodwin,2014,BUF,WR,8,0.75,1.53,-7.82,0.0769,3.1,Texas,2013,3,false
00-0026237,Andre Caldwell,2014,DEN,WR,13,0.75,1.89,-7.83,0.0699,3.1,Florida,2008,3,false
00-0036438,Stephen Sullivan,2022,CAR,TE,8,0.82,1.62,-7.83,0.037,3.1,LSU,2020,7,false
00-0036842,Kene Nwangwu,2022,MIN,RB,14,0.82,1.85,-7.84,0.0612,3.1,Iowa State,2021,4,false
00-0032881,Tommylee Lewis,2016,NO,WR,12,1.31,2.34,-7.84,0.0861,3.1,Northern Illinois,,,false
00-0033006,Jaydon Mickens,2020,TB,WR,10,1.28,2.89,-7.85,0.0844,3.1,Washington,,,false
00-0026453,Dantrell Savage,2008,KC,RB,8,0.91,2.24,-7.85,0.0532,3.1,Oklahoma State; Mississippi Gulf Coast CC,,,false
00-0027755,David Reed,2011,BAL,WR,9,0.18,0.53,-7.86,0.0203,3.1,Utah; Pasadena College,2010,5,false
00-0032089,Brian Parker,2018,DEN,TE,8,1.04,1.56,-7.86,0.0263,3.1,Albany,,,false
00-0009323,Jimmy Kleinsasser,2011,MIN,TE,8,0.17,0.49,-7.86,0.0137,3.1,North Dakota,1999,2,false
00-0028409,DuJuan Harris,2014,GB,RB,12,0.71,1.54,-7.86,0.0291,3.1,Troy,,,false
00-0024174,Glenn Holt,2008,CIN,WR,13,0.89,2.67,-7.87,0.0889,3.1,Kentucky,,,false
00-0035215,Deonte Harty,2019,NO,WR,14,1.25,1.81,-7.87,0.0987,3.1,Assumption,,,false
00-0029205,Travaris Cadet,2012,NO,RB,12,0.83,1.57,-7.87,0.0105,3.1,Appalachian State; Pearl River,,,false
00-0021098,Josh Scobey,2006,SEA,RB,10,0,0,-7.88,0,3.1,Kansas State; Northeast Oklahoma,2002,6,false
00-0021570,Kassim Osgood,2006,LAC,WR,9,0,0,-7.88,0.0079,3.1,San Diego State; Cal Poly (San Luis Obispo),,,false
00-0021915,Sam Aiken,2006,BUF,WR,8,0,0,-7.88,0.0079,3.1,North Carolina,2003,4,false
00-0021923,Willie Ponder,2006,SEA,WR,12,0,0,-7.88,0.0079,3.1,Southeast Missouri State; Tulsa; Coffeyville CC,2003,6,true
00-0022449,B.J. Sams,2006,BAL,RB,12,0,0,-7.88,0,3.1,McNeese State,,,false
00-0024299,Brandon Williams,2006,SF,WR,13,0,0,-7.88,0.0079,3.1,Wisconsin,2006,3,false
00-0023921,Miles Austin,2006,DAL,WR,9,0,0,-7.88,0.0079,3.1,Monmouth,,,false
00-0019600,Michael L. Lewis,2006,NO,WR,10,0,0,-7.88,0.0079,3.1,,,,false
00-0022770,Derrick Ward,2006,NYG,RB,8,0,0,-7.88,0,3.1,University of Ottawa (Kans.); Fresno State,2004,7,false
00-0036429,Charlie Woerner,2024,ATL,TE,12,0.97,1.07,-7.88,0.0128,3.1,Georgia,2020,6,false
00-0038496,Xavier Gipson,2024,NYJ,WR,17,0.96,1.91,-7.88,0.0764,3.1,Stephen F. Austin State,,,false
00-0019779,J.J. Moses,2004,HOU,WR,15,0,0,-7.88,0,3.1,Iowa State,,,false
00-0021329,Darrell Hill,2004,TEN,WR,10,0,0,-7.88,0,3.1,Northern Illinois,2002,7,false
00-0022882,Mark Jones,2004,NYG,WR,13,0,0,-7.88,0,3.1,Tennessee,2004,7,false
00-0021357,Rock Cartwright,2004,WAS,RB,8,0,0,-7.88,0,3.1,Kansas State; Trinity Valley CC,2002,7,false
00-0022605,Jamall Broussard,2004,CAR,WR,8,0,0,-7.88,0,3.1,San Jose State; Texas Tech; College of the Canyons,,,false
00-0027139,John Phillips,2013,LAC,TE,9,0.78,0.95,-7.89,0.0597,3.1,Virginia,2009,6,false
00-0033111,Pharoh Cooper,2021,NYG,WR,8,0.95,1.5,-7.89,0.071,3.1,South Carolina,2016,4,false
00-0028119,Richard Gordon,2011,LV,TE,8,0.15,0.42,-7.89,0,3.1,Miami,2011,6,false
00-0030128,Michael Cox,2013,NYG,RB,11,0.77,1.7,-7.89,0.0538,3.1,UMass Amherst; Michigan,2013,7,false
00-0034510,Robert Foster,2019,BUF,WR,10,1.23,2.08,-7.89,0.0921,3.1,Alabama,,,false
00-0036429,Charlie Woerner,2023,SF,TE,10,0.62,1.08,-7.9,0.0125,3.1,Georgia,2020,6,false
00-0036250,Tyler Davis,2021,GB,TE,8,0.94,1.39,-7.9,0.0649,3.1,Georgia Tech,2020,6,false
00-0030465,Kenjon Barner,2019,ATL,RB,14,1.22,2.1,-7.9,0.0632,3.1,Oregon,2013,6,false
00-0028838,Larry Donnell,2013,NYG,TE,8,0.76,2.16,-7.9,0.0448,3.1,Grambling State,,,false
00-0029098,Eric Page,2013,TB,WR,16,0.76,2.19,-7.9,0.0584,3.1,Toledo,,,false
00-0031319,Diontae Spencer,2020,DEN,WR,11,1.23,1.89,-7.9,0.0779,3.1,McNeese State,,,false
00-0026577,Marcus Thigpen,2014,BUF,WR,9,0.67,2,-7.91,0.0629,3.1,Indiana,,,true
00-0029051,Jarrett Boykin,2014,GB,WR,8,0.66,0.93,-7.91,0.0559,3.1,Virginia Tech,,,false
00-0033296,Alex Armah,2019,CAR,RB,8,1.21,2.08,-7.91,0.0526,3.1,West Georgia,2017,6,false
00-0024398,Adam Jennings,2006,ATL,WR,11,-0.04,0.12,-7.91,0,3.1,Fresno State,2006,6,false
00-0026932,Cedric Peerman,2011,CIN,RB,12,0.13,0.29,-7.91,0.0114,3.1,Virginia,2009,6,false
00-0030443,Levine Toilolo,2015,ATL,TE,11,1.22,1.43,-7.92,0.0759,3.1,Stanford,2013,4,false
00-0028042,Luke Stocker,2020,ATL,TE,11,1.21,1.36,-7.92,0.0789,3.1,Tennessee,2011,4,false
00-0034487,Trent Sherfield,2019,ARI,WR,10,1.2,1.76,-7.92,0.0855,3.1,Vanderbilt,,,false
00-0033251,Zach Pascal,2023,ARI,WR,10,0.59,1.34,-7.93,0.0479,3.1,Old Dominion,,,false
00-0035181,Darrius Shepherd,2020,GB,WR,8,1.2,1.53,-7.93,0.0714,3.1,North Dakota State,,,false
00-0035703,Miles Boykin,2023,PIT,WR,8,0.59,0.81,-7.93,0.0419,3.1,Notre Dame,2019,3,false
00-0027691,Andre Roberts,2017,ATL,WR,16,0.14,0.55,-7.93,0.0132,3.1,The Citadel,2010,3,false
00-0024535,Eric Weems,2017,TEN,WR,11,0.14,0.45,-7.93,0.0066,3.1,Bethune-Cookman College,,,false
00-0033562,Ryan Switzer,2019,PIT,WR,9,1.19,2.92,-7.93,0.0789,3.1,North Carolina,2017,4,false
00-0022388,Terrance Copper,2005,DAL,WR,12,0.13,0.43,-7.94,0.0526,3.1,East Carolina,,,false
00-0036382,K.J. Hill,2020,LAC,WR,12,1.19,2.02,-7.94,0.0649,3.1,Ohio State,2020,7,false
00-0039364,Sione Vaki,2024,DET,RB,9,0.9,1.46,-7.94,0.0408,3.1,Utah,2024,4,false
00-0031763,DeAndre Carter,2023,LV,WR,17,0.57,0.93,-7.95,0.0359,3.1,Sacramento State,,,false
00-0034975,Justice Hill,2020,BAL,RB,11,1.18,1.79,-7.95,0.0303,3.1,Oklahoma State,2019,4,false
00-0024171,Wallace Wright,2009,NYJ,WR,14,0.29,1.1,-7.95,0.042,3.1,North Carolina,,,false
00-0036331,Devin Duvernay,2023,BAL,WR,13,0.56,1.12,-7.96,0.0299,3.1,Texas,2020,3,false
00-0036497,Tim Jones,2024,JAX,WR,8,0.89,1.26,-7.96,0.0701,3.1,Southern Mississippi,,,false
00-0030578,Cordarrelle Patterson,2015,MIN,RB,14,1.18,2.25,-7.96,0.0625,3.1,Tennessee; Hutchinson CC,2013,1,false
00-0031687,Raheem Mostert,2017,SF,RB,9,0.11,0.65,-7.96,0.0105,3.1,Purdue,,,false
00-0034646,Brandon Powell,2024,MIN,WR,16,0.88,1.23,-7.96,0.0637,3.1,Florida,,,false
00-0028093,Niles Paul,2013,WAS,TE,13,0.7,1.43,-7.96,0.0299,3.1,Nebraska,2011,5,false
00-0030465,Kenjon Barner,2018,NE,RB,9,0.93,1.17,-7.97,0.0538,3.1,Oregon,2013,6,true
00-0037132,Britain Covey,2023,PHI,WR,15,0.55,1.7,-7.97,0.024,3.1,Utah,,,false
00-0027708,Marcus Easley,2015,BUF,WR,11,1.16,3.86,-7.97,0.053,3.1,Connecticut,2010,4,false
00-0021570,Kassim Osgood,2009,LAC,WR,10,0.27,0.85,-7.97,0.035,3.1,San Diego State; Cal Poly (San Luis Obispo),,,false
00-0027692,Armanti Edwards,2011,CAR,WR,15,0.06,0.17,-7.98,0.0135,3.1,Appalachian State,2010,3,false
00-0031511,DeAndrew White,2019,CAR,WR,8,1.14,1.84,-7.99,0.0724,3.1,Alabama,,,false
00-0039365,Jacob Cowing,2024,SF,WR,15,0.85,2.25,-8,0.0573,3.1,Arizona; Texas-El Paso,2024,4,false
00-0034798,Durham Smythe,2019,MIA,TE,12,1.13,1.55,-8,0.0286,3.1,Notre Dame,2018,4,false
00-0030108,Ryan Griffin,2022,CHI,TE,10,0.66,0.97,-8,0.0247,3.1,Connecticut,2013,6,false
00-0026491,Stefan Logan,2012,DET,WR,15,0.7,1.19,-8,0.0338,3.1,South Dakota,,,false
00-0022582,Richard Owens,2007,LA,TE,9,0.21,0.63,-8,0.0159,3.1,Louisville,,,false
00-0030280,Knile Davis,2016,KC,RB,9,1.14,1.36,-8,0.0833,3.1,Arkansas,2013,3,true
00-0019453,Rod Smart,2005,CAR,RB,12,0.05,0.17,-8.01,0.0417,3.1,Western Kentucky,,,false
00-0028063,Taiwan Jones,2013,LV,RB,15,0.65,1.65,-8.01,0.043,3.1,Eastern Washington,2011,4,false
00-0020550,Darnell Dinkins,2007,CLE,TE,9,0.2,0.6,-8.01,0,3,Pittsburgh,,,false
00-0028042,Luke Stocker,2019,ATL,TE,12,1.11,1.39,-8.01,0.0143,3,Tennessee,2011,4,false
00-0034487,Trent Sherfield,2020,ARI,WR,9,1.11,2.78,-8.02,0.0584,3,Vanderbilt,,,false
00-0035217,Benny Snell,2021,PIT,RB,16,0.82,1.06,-8.02,0.0594,3,Kentucky,2019,4,false
00-0040208,Tahj Brooks,2025,CIN,RB,12,0.53,0.9,-8.02,0.0833,3,Texas Tech,2025,6,false
00-0038040,Zamir White,2022,LV,RB,11,0.64,1.06,-8.02,0.051,3,Georgia,2022,4,false
00-0035259,Trevon Wesco,2021,NYJ,TE,8,0.81,1.52,-8.03,0.0519,3,West Virginia; Lackawanna JC,2019,4,false
00-0034419,Braxton Berrios,2019,NYJ,WR,16,1.09,2.24,-8.03,0.0658,3,Miami,2018,6,false
00-0037120,Tyler Goodson,2025,IND,RB,10,0.52,0.58,-8.03,0.0729,3,Iowa,,,false
00-0027825,Jim Dray,2015,CLE,TE,11,1.1,1.3,-8.04,0.0633,3,Stanford,2010,7,false
00-0034799,Kalen Ballage,2021,PIT,RB,8,0.8,1.33,-8.04,0.0495,3,Arizona State,2018,4,false
00-0027520,Dominique Curry,2011,LA,WR,8,0,0,-8.04,0,3,California (PA); University of Cheyney,,,false
00-0027437,Quinn Porter,2011,LA,RB,12,0,0,-8.04,0,3,Stillman College,,,false
00-0026716,Quan Cosby,2011,DEN,WR,10,0,0,-8.04,0,3,Texas,,,false
00-0023607,Rasheed Marshall,2005,SF,WR,10,0.02,0.06,-8.04,0.0451,3,West Virginia,2005,5,false
00-0027581,Seyi Ajirotutu,2014,LAC,WR,16,0.53,0.97,-8.04,0.049,3,Fresno State,,,false
00-0035594,Travis Homer,2024,CHI,RB,8,0.8,1.39,-8.04,0.0306,3,Miami,2019,6,false
00-0036841,Austin Trammell,2023,LA,WR,15,0.46,1.4,-8.06,0.018,3,Rice,,,false
00-0036250,Tyler Davis,2022,GB,TE,11,0.6,1.39,-8.06,0.0123,3,Georgia Tech,2020,6,false
00-0035628,D'Ernest Johnson,2022,CLE,RB,9,0.6,1.04,-8.06,0.0408,3,University of South Florida,,,false
00-0006777,Karl Hankton,2005,CAR,WR,10,0,0,-8.06,0.0075,3,Trinity Christian College; LSU; Valley Forge Christian College,,,false
00-0011641,Sean Morey,2005,PIT,WR,12,0,0,-8.06,0.0075,3,Brown,1999,7,false
00-0015980,Reggie Swinton,2005,ARI,WR,15,0,0,-8.06,0.0075,3,Murray State,,,false
00-0021087,Omar Easy,2005,LV,RB,9,0,0,-8.06,0,3,Penn State,2002,4,false
00-0021098,Josh Scobey,2005,SEA,RB,16,0,0,-8.06,0,3,Kansas State; Northeast Oklahoma,2002,6,false
00-0022449,B.J. Sams,2005,BAL,RB,14,0,0,-8.06,0,3,McNeese State,,,false
00-0022882,Mark Jones,2005,TB,WR,16,0,0,-8.06,0.0075,3,Tennessee,2004,7,false
00-0010632,Fred McAfee,2005,NO,RB,14,0,0,-8.06,0,3,Mississippi College,1991,6,false
00-0019281,Mike Furrey,2005,LA,WR,14,0,0,-8.06,0.0075,3,Northern Iowa; Ohio State,,,false
00-0027691,Andre Roberts,2021,LAC,WR,16,0.78,1.79,-8.06,0.0645,3,The Citadel,2010,3,true
00-0030147,Russell Shepard,2015,TB,WR,11,1.07,2.29,-8.06,0.0464,3,LSU,,,false
00-0033572,Jamal Agnew,2019,DET,WR,13,1.05,2.22,-8.07,0.0592,3,San Diego,2017,5,false
00-0028121,Jordan Todman,2017,HOU,RB,9,0,0,-8.07,0,3,Connecticut,2011,6,false
00-0033306,Victor Bolden,2017,SF,WR,8,0,0,-8.07,0,3,Oregon State,,,false
00-0021509,Reno Mahe,2007,PHI,RB,15,0.14,0.54,-8.07,0.0213,3,BYU; Dixie College (UT),,,false
00-0032062,Blake Bell,2019,KC,TE,14,1.05,1.77,-8.07,0,3,Oklahoma,2015,4,false
00-0021357,Rock Cartwright,2010,LV,RB,15,0.28,0.67,-8.08,0.0556,3,Kansas State; Trinity Valley CC,2002,7,false
00-0037456,Troy Hairston,2022,HOU,RB,12,0.58,0.93,-8.08,0.0306,3,Central Michigan,,,false
00-0030155,Demetrius Harris,2020,CHI,TE,11,1.05,1.63,-8.08,0.0658,3,Wisconsin-Milwaukee; Mineral Area CC,,,false
00-0020692,Eddie Drummond,2005,DET,WR,12,-0.02,0.09,-8.09,0,3,Penn State,,,false
00-0033164,Troymaine Pope,2019,LAC,RB,11,1.04,3.44,-8.09,0.0421,3,Jacksonville State,,,false
00-0032441,Aaron Burbridge,2016,SF,WR,15,1.05,1.68,-8.09,0.0795,3,Michigan State,2016,6,false
00-0040154,Tai Felton,2025,MIN,WR,12,0.46,0.83,-8.09,0.0621,3,Maryland,2025,3,false
00-0037087,Trestan Ebner,2022,CHI,RB,11,0.56,1.06,-8.09,0.0204,3,Baylor,2022,6,false
00-0029033,Griff Whalen,2014,IND,WR,9,0.48,1.43,-8.09,0.035,3,Stanford,,,false
00-0026983,Darrius Heyward-Bey,2014,PIT,WR,9,0.48,0.91,-8.09,0.035,3,Maryland,2009,1,false
00-0024681,Brandon London,2008,MIA,WR,9,0.67,1.02,-8.1,0.0815,3,UMass Amherst,,,false
00-0035645,Gunner Olszewski,2023,NYG,WR,12,0.42,1.78,-8.1,0.012,3,Bemidji State University,,,true
00-0031158,George Atkinson,2016,CLE,RB,9,1.04,3.13,-8.1,0.0729,3,Notre Dame,,,false
00-0030653,Ray Agnew,2014,CLE,RB,10,0.47,0.77,-8.1,0.0194,3,Southern Illinois,,,false
00-0035726,Jakob Johnson,2022,LV,RB,11,0.55,0.64,-8.11,0.0102,3,Tennessee,,,false
00-0034132,Christian Blake,2021,ATL,WR,9,0.72,1.17,-8.12,0.0581,3,Northern Illinois,,,false
00-0036187,Reggie Gilliam,2025,BUF,RB,11,0.44,1.11,-8.12,0.0625,3,Toledo,,,false
00-0032170,Rashad Greene,2016,JAX,WR,8,1.02,1.14,-8.12,0.0728,3,Florida State,2015,5,false
00-0038576,Charlie Jones,2025,CIN,WR,14,0.43,1.6,-8.12,0.0559,3,Purdue; Iowa,2023,4,false
00-0026113,Clifton Smith,2009,TB,RB,10,0.11,0.87,-8.13,0.0217,3,Fresno State,,,false
00-0026716,Quan Cosby,2010,CIN,WR,16,0.23,0.62,-8.13,0.0211,3,Texas,,,false
00-0036187,Reggie Gilliam,2021,BUF,RB,8,0.7,0.91,-8.14,0.0396,3,Toledo,,,false
00-0031332,Fitzgerald Toussaint,2016,PIT,RB,12,1.01,1.79,-8.14,0.0625,3,Michigan,,,false
00-0026491,Stefan Logan,2009,PIT,WR,16,0.09,0.38,-8.15,0.028,3,South Dakota,,,false
00-0027109,James Casey,2013,PHI,TE,12,0.51,0.92,-8.16,0.0149,3,Rice,2009,5,false
00-0034854,KhaDarel Hodge,2019,CLE,WR,12,0.97,1.65,-8.16,0.0526,3,Prairie View A&M; Hinds CC; Alcorn State,,,false
00-0026293,Matthew Slater,2009,NE,WR,8,0.07,0.21,-8.17,0.021,3,UCLA,2008,5,false
00-0025578,Korey Hall,2010,GB,RB,10,0.19,0.6,-8.17,0.0444,3,Boise State,2007,6,false
00-0039686,Colson Yankoff,2025,WAS,TE,10,0.38,0.84,-8.17,0.0465,3,UCLA; Washington,,,false
00-0032404,Tyler Ervin,2018,HOU,RB,9,0.72,1.15,-8.18,0.043,3,San Jose State,2016,4,false
00-0037272,Montrell Washington,2022,DEN,WR,15,0.48,0.64,-8.18,0.04,3,Samford,2022,5,false
00-0028063,Taiwan Jones,2012,LV,RB,10,0.52,0.87,-8.18,0,3,Eastern Washington,2011,4,false
00-0032661,Ben Braunecker,2018,CHI,TE,10,0.72,1.23,-8.18,0.0132,3,Harvard,,,false
00-0026345,Pierre Garcon,2008,IND,WR,11,0.57,1.54,-8.19,0.0741,3,Mount Union College; Norwich University,2008,6,false
00-0035021,Ashton Dulin,2020,IND,WR,10,0.94,1.55,-8.19,0.0519,3,Malone,,,false
00-0034192,Nick Keizer,2020,KC,TE,11,0.94,1.25,-8.19,0.0526,3,Grand Valley,,,false
00-0036182,Nick Westbrook-Ikhine,2020,TEN,WR,9,0.92,1.15,-8.21,0.0455,3,Indiana,,,false
00-0027057,Brandon Tate,2015,CIN,WR,15,0.93,3.22,-8.21,0.0397,3,North Carolina,2009,3,false
00-0021357,Rock Cartwright,2007,WAS,RB,15,0,0,-8.21,0,3,Kansas State; Trinity Valley CC,2002,7,false
00-0022171,Kelley Washington,2007,NE,WR,11,0,0,-8.21,0.0075,3,Tennessee,2003,3,false
00-0024103,Montell Owens,2007,JAX,RB,9,0,0,-8.21,0,3,Maine,,,false
00-0024299,Brandon Williams,2007,LA,WR,9,0,0,-8.21,0.0075,3,Wisconsin,2006,3,true
00-0019600,Michael L. Lewis,2007,SF,WR,13,0,0,-8.21,0.0075,3,,,,false
00-0025490,Isaiah Stanback,2008,DAL,WR,8,0.55,1.56,-8.21,0.0667,3,Washington,2007,4,false
00-0031757,Lucky Whitehead,2016,DAL,WR,15,0.93,1.92,-8.21,0.0662,3,Florida Atlantic; Dean JC,,,false
00-0039407,Dylan Laube,2025,LV,RB,17,0.34,0.93,-8.22,0.0521,3,New Hampshire,2024,6,false
00-0034054,River Cracraft,2018,DEN,WR,8,0.68,1.91,-8.22,0.0213,3,Washington State,,,false
00-0032725,Stephen Anderson,2022,ARI,TE,9,0.43,0.94,-8.22,0,3,California,,,false
00-0028121,Jordan Todman,2016,IND,RB,13,0.92,1.88,-8.23,0.0521,3,Connecticut,2011,6,false
00-0024103,Montell Owens,2009,JAX,RB,12,0.01,0.11,-8.23,0.0109,3,Maine,,,false
00-0038573,Derius Davis,2025,LAC,WR,11,0.32,0.6,-8.23,0.0497,3,TCU,2023,4,false
00-0020692,Eddie Drummond,2007,KC,WR,12,-0.02,0.09,-8.24,0,3,Penn State,,,false
00-0036991,Amari Rodgers,2021,GB,WR,16,0.6,1.11,-8.24,0.0516,3,Clemson,2021,3,false
00-0032450,Dwayne Washington,2021,NO,RB,8,0.6,0.91,-8.24,0.0297,3,Washington,2016,7,false
00-0036377,Joe Reed,2020,LAC,WR,10,0.89,2.31,-8.24,0.039,3,Virginia,2020,5,false
00-0035726,Jakob Johnson,2023,LV,RB,8,0.28,0.78,-8.24,0.0111,3,Tennessee,,,false
00-0025951,Darius Reynaud,2009,MIN,RB,11,0,0,-8.24,0,3,West Virginia,,,false
00-0026225,Craig Stevens,2009,TEN,TE,8,0,0,-8.24,0,3,California,2008,3,false
00-0011641,Sean Morey,2009,ARI,WR,10,0,0,-8.24,0,3,Brown,1999,7,false
00-0025641,Jonathan Holland,2009,LV,WR,9,0,0,-8.24,0,3,Louisiana Tech,2007,7,false
00-0021927,David Tyree,2009,BAL,WR,8,0,0,-8.24,0,3,Syracuse,2003,6,false
00-0032104,Ameer Abdullah,2018,MIN,RB,9,0.66,1,-8.24,0.0323,3,Nebraska,2015,2,true
00-0038519,Nikko Remigio,2025,KC,WR,14,0.3,0.86,-8.25,0.0435,3,Fresno State,,,false
00-0035602,Alex Bachman,2025,LV,WR,11,0.29,0.66,-8.26,0.0373,3,Wake Forest,,,false
00-0024535,Eric Weems,2012,CHI,WR,11,0.43,0.97,-8.27,0.027,3,Bethune-Cookman College,,,false
00-0036133,James Proche,2024,CLE,WR,9,0.57,1.29,-8.28,0.051,3,SMU,2020,6,false
00-0025480,Garrett Wolfe,2010,CHI,RB,10,0.08,0.25,-8.28,0.0333,3,Northern Illinois,2007,3,false
00-0036331,Devin Duvernay,2025,CHI,WR,17,0.27,0.86,-8.28,0.0311,3,Texas,2020,3,false
00-0031806,Malcolm Brown,2016,LA,RB,11,0.86,1.31,-8.28,0.0417,3,Texas,,,false
00-0038710,Blake Whiteheart,2025,CLE,TE,9,0.27,0.54,-8.29,0.0349,3,Wake Forest,,,false
00-0024272,Devin Hester,2013,CHI,WR,16,0.38,1.5,-8.29,0.0511,3,Miami,2006,2,false
00-0039050,Payne Durham,2025,TB,TE,8,0.26,0.74,-8.29,0.0233,3,Purdue,2023,5,false
00-0028958,Cory Harkey,2015,LA,TE,9,0.84,0.85,-8.29,0.0506,3,UCLA,,,false
00-0037594,Julius Chestnut,2025,TEN,RB,16,0.25,0.64,-8.3,0.0417,3,Sacred Heart University,,,false
00-0026298,Kellen Davis,2015,NYJ,TE,13,0.83,2.01,-8.31,0.038,3,Michigan State,2008,5,false
00-0033114,Mike Thomas,2016,LA,WR,8,0.84,1.19,-8.31,0.0596,3,Southern Mississippi; Dodge City CC; College of DuPage,2016,6,false
00-0033111,Pharoh Cooper,2020,CAR,WR,15,0.82,2.16,-8.31,0.0325,3,South Carolina,2016,4,false
00-0036877,Jaelon Darden,2022,TB,WR,14,0.34,0.95,-8.32,0.0333,3,North Texas,2021,4,true
00-0039816,Anthony Gould,2025,IND,WR,11,0.24,0.53,-8.32,0.0248,3,Oregon State,2024,5,false
00-0029435,Damaris Johnson,2013,PHI,WR,10,0.34,0.72,-8.32,0.0438,3,Tulsa,,,false
00-0040534,Ke'Shawn Williams,2025,PIT,WR,11,0.23,0.5,-8.33,0.0186,3,Indiana; Wake Forest,,,true
00-0032543,Alex Erickson,2016,CIN,WR,16,0.82,1.15,-8.33,0.053,3,Wisconsin,,,false
00-0030282,Stepfan Taylor,2015,ARI,RB,9,0.8,0.82,-8.34,0.0521,3,Stanford,2013,5,false
00-0032543,Alex Erickson,2021,CAR,WR,17,0.5,1.13,-8.34,0.0452,3,Wisconsin,,,false
00-0033338,Cethan Carter,2020,CIN,TE,13,0.79,1.22,-8.34,0.0395,3,Nebraska,,,false
00-0037429,Raheem Blackshear,2024,CAR,RB,16,0.5,1.26,-8.34,0.0204,3,Virginia Tech,,,false
00-0035703,Miles Boykin,2022,PIT,WR,10,0.31,0.7,-8.35,0.0267,3,Notre Dame,2019,3,false
00-0022403,Brandon Middleton,2008,DET,WR,8,0.41,1.17,-8.35,0.0593,3,Houston,,,false
00-0036669,Kylin Hill,2021,GB,RB,8,0.49,0.65,-8.35,0.0198,3,Mississippi State,2021,7,false
00-0036842,Kene Nwangwu,2023,MIN,RB,8,0.16,0.32,-8.36,0,3,Iowa State,2021,4,false
00-0023503,Courtney Roby,2010,NO,WR,13,0,0,-8.36,0,3,Indiana,2005,3,false
00-0024103,Montell Owens,2010,JAX,RB,13,0,0,-8.36,0,3,Maine,,,false
00-0025951,Darius Reynaud,2010,NYG,RB,9,0,0,-8.36,0,3,West Virginia,,,false
00-0026281,Gary Barnidge,2010,CAR,TE,11,0,0,-8.36,0,3,Louisville,2008,5,false
00-0026293,Matthew Slater,2010,NE,WR,10,0,0,-8.36,0,3,UCLA,2008,5,false
00-0026316,Jalen Parmele,2010,BAL,RB,12,0,0,-8.36,0,3,Toledo,2008,6,false
00-0022064,Arnaz Battle,2010,PIT,WR,8,0,0,-8.36,0,3,Notre Dame,2003,6,false
00-0031053,Jalen Saunders,2014,NO,WR,8,0.21,0.6,-8.36,0.028,3,Oklahoma; Fresno State,2014,4,true
00-0021570,Kassim Osgood,2013,SF,WR,9,0.3,0.9,-8.36,0.0365,3,San Diego State; Cal Poly (San Luis Obispo),,,false
00-0029271,Joe Adams,2012,CAR,WR,9,0.33,0.72,-8.37,0.0203,3,Arkansas,2012,4,false
00-0029414,Orson Charles,2018,CLE,TE,10,0.53,0.86,-8.37,0,3,Georgia,2012,4,false
00-0031001,Jeff Janis,2015,GB,WR,13,0.76,2.75,-8.37,0.0331,3,Saginaw Valley State,2014,7,false
00-0031818,Bradley Marquez,2016,LA,WR,9,0.77,1.1,-8.38,0.0464,3,Texas Tech,,,false
00-0028063,Taiwan Jones,2019,HOU,RB,8,0.74,2.09,-8.39,0.0316,3,Eastern Washington,2011,4,false
00-0033338,Cethan Carter,2021,MIA,TE,8,0.45,0.83,-8.39,0.039,3,Nebraska,,,false
00-0028063,Taiwan Jones,2016,LV,RB,10,0.75,1.22,-8.4,0.0313,3,Eastern Washington,2011,4,false
00-0038359,Xavier Smith,2024,LA,WR,14,0.44,1.01,-8.4,0.0446,3,Florida A&M,,,false
00-0036630,Tylan Wallace,2021,BAL,WR,10,0.43,0.96,-8.41,0.0387,3,Oklahoma State,2021,4,false
00-0025542,Dante Rosario,2013,CHI,TE,9,0.26,0.77,-8.41,0,3,Oregon,2007,5,false
00-0027708,Marcus Easley,2013,BUF,WR,14,0.24,0.88,-8.43,0.0292,3,Connecticut,2010,4,false
00-0039816,Anthony Gould,2024,IND,WR,8,0.41,1.17,-8.43,0.0382,3,Oregon State,2024,5,false
00-0030710,Trey Burton,2015,PHI,TE,12,0.7,2,-8.44,0.0253,3,Florida,,,false
00-0022882,Mark Jones,2008,CAR,WR,16,0.32,0.89,-8.44,0.0519,3,Tennessee,2004,7,false
00-0030155,Demetrius Harris,2021,ARI,TE,10,0.4,0.91,-8.44,0.026,3,Wisconsin-Milwaukee; Mineral Area CC,,,false
00-0034788,Jaeden Graham,2020,ATL,TE,8,0.69,0.96,-8.44,0.0263,3,Yale,,,false
00-0036635,Ihmir Smith-Marsette,2024,NYG,WR,15,0.4,1.55,-8.44,0.0318,3,Iowa,2021,5,false
00-0037801,KaVontae Turpin,2022,DAL,WR,17,0.21,0.51,-8.45,0.02,3,TCU,,,false
00-0019831,Nick Goings,2008,CAR,RB,13,0.32,0.56,-8.45,0.0426,3,Pittsburgh; Ohio State,,,false
00-0035645,Gunner Olszewski,2019,NE,WR,8,0.68,1.91,-8.45,0.0461,3,Bemidji State University,,,false
00-0038896,Jacob Saylors,2025,DET,RB,11,0.1,0.33,-8.45,0.0313,3,East Tennessee State,,,false
00-0035645,Gunner Olszewski,2021,NE,WR,16,0.38,0.91,-8.46,0.0323,3,Bemidji State University,,,false
00-0024535,Eric Weems,2013,CHI,WR,9,0.2,0.6,-8.46,0.0219,3,Bethune-Cookman College,,,false
00-0029795,Benny Cunningham,2018,CHI,RB,9,0.43,0.73,-8.47,0.0215,3,Middle Tennessee State,,,false
00-0033481,Marcus Kemp,2021,KC,WR,12,0.37,0.87,-8.47,0.0258,3,Hawaii,,,false
00-0034164,Trenton Cannon,2020,CAR,RB,12,0.66,1.52,-8.47,0.0202,3,Virginia State; Shepherd,2018,6,false
00-0030547,Denard Robinson,2013,JAX,RB,14,0.19,0.85,-8.48,0.0323,3,Michigan,2013,5,false
00-0025396,Ted Ginn,2012,SF,WR,13,0.22,0.42,-8.48,0.0135,3,Ohio State,2007,1,false
00-0023790,Brian Clark,2008,TB,WR,8,0.28,0.78,-8.49,0.0444,3,N.C. State,,,false
00-0033296,Alex Armah,2020,CAR,RB,12,0.64,0.85,-8.49,0.0101,3,West Georgia,2017,6,false
00-0032098,Daniel Brown,2020,NYJ,TE,8,0.64,1.19,-8.49,0.0132,3,James Madison,,,false
00-0039364,Sione Vaki,2025,DET,RB,8,0.05,0.14,-8.5,0.0208,3,Utah,2024,4,false
00-0031209,Senorise Perry,2014,CHI,RB,13,0.07,0.25,-8.5,0.0097,3,Louisville,,,false
00-0032935,Johnny Holton,2016,LV,WR,12,0.64,1.63,-8.5,0.0397,3,Cincinnati; College of DuPage,,,false
00-0025951,Darius Reynaud,2013,TEN,RB,9,0.16,0.47,-8.51,0.0215,3,West Virginia,,,true
00-0036825,Feleipe Franks,2025,ATL,TE,10,0.04,0.08,-8.51,0.0116,3,Arkansas,,,false
00-0030110,Michael Williams,2015,NE,TE,9,0.62,0.98,-8.51,0.0127,3,Alabama,2013,7,false
00-0036032,Sean McKeon,2023,DAL,TE,8,0,0,-8.52,0,3,Michigan,,,false
00-0036133,James Proche,2023,CLE,WR,10,0,0,-8.52,0.006,3,SMU,2020,6,false
00-0039451,Isaiah Williams,2024,CIN,WR,8,0.33,0.92,-8.52,0.0255,3,Illinois,,,true
00-0026932,Cedric Peerman,2013,CIN,RB,12,0.14,0.35,-8.52,0.0108,3,Virginia,2009,6,false
00-0035399,Stanley Morgan,2021,CIN,WR,11,0.31,0.71,-8.53,0.0194,3,Nebraska,,,false
00-0033292,Trent Taylor,2023,CHI,WR,15,-0.01,0.05,-8.53,0,3,Louisiana Tech,2017,5,false
00-0033572,Jamal Agnew,2025,ATL,WR,11,0,0,-8.55,0,3,San Diego,2017,5,false
00-0038488,Brady Russell,2025,SEA,RB,10,0,0,-8.55,0.0104,3,Colorado,,,false
00-0040075,LaJohntay Wester,2025,BAL,WR,14,0,0,-8.55,0,3,Colorado; Florida Atlantic,2025,6,false
00-0040506,Myles Price,2025,MIN,WR,16,0,0,-8.55,0,3,Indiana; Texas Tech,,,false
00-0038564,Cameron Latu,2025,PHI,TE,10,0,0,-8.55,0,3,Alabama,2023,3,false
00-0027057,Brandon Tate,2013,CIN,WR,16,0.1,0.4,-8.56,0.0146,3,North Carolina,2009,3,false
00-0033006,Jaydon Mickens,2021,JAX,WR,11,0.27,0.9,-8.56,0.0129,3,Washington,,,true
00-0037267,Jerome Ford,2022,CLE,RB,13,0.09,0.26,-8.57,0,3,Cincinnati; Alabama,2022,5,false
00-0029492,Jamize Olawale,2018,DAL,RB,10,0.33,0.71,-8.57,0.0108,3,North Texas,,,false
00-0028795,Chase Reynolds,2014,LA,RB,11,0,0,-8.57,0,3,Montana,,,false
00-0029006,Saalim Hakim,2014,NYJ,WR,12,0,0,-8.57,0,3,Palomar College; Tarleton State,,,false
00-0030671,Isaiah Burse,2014,DEN,WR,12,0,0,-8.57,0,3,Fresno State,,,false
00-0027356,Marlon Moore,2014,CLE,WR,12,0,0,-8.57,0,3,Fresno State,,,false
00-0026293,Matthew Slater,2014,NE,WR,9,0,0,-8.57,0,3,UCLA,2008,5,false
00-0035594,Travis Homer,2025,CHI,RB,8,-0.03,0.07,-8.58,0,3,Miami,2019,6,false
00-0036825,Feleipe Franks,2024,CAR,TE,9,0.24,0.73,-8.6,0,3,Arkansas,,,false
00-0032935,Johnny Holton,2019,PIT,WR,12,0.5,0.93,-8.62,0.0395,3,Cincinnati; College of DuPage,,,false
00-0028114,Dwayne Harris,2016,NYG,WR,16,0.52,2.08,-8.63,0.0331,3,East Carolina,2011,6,false
00-0031319,Diontae Spencer,2019,DEN,WR,16,0.48,1.26,-8.64,0.0329,3,McNeese State,,,false
00-0033789,T.J. Logan,2019,TB,RB,9,0.48,0.73,-8.65,0.0211,3,North Carolina,2017,5,false
00-0029391,Sean McGrath,2016,LAC,TE,9,0.5,0.99,-8.65,0.0274,3,Henderson State University; Eastern Illinois,,,false
00-0021357,Rock Cartwright,2008,WAS,RB,16,0.11,0.37,-8.66,0.0319,3,Kansas State; Trinity Valley CC,2002,7,false
00-0027691,Andre Roberts,2020,BUF,WR,15,0.47,1.05,-8.66,0.026,3,The Citadel,2010,3,false
00-0035399,Stanley Morgan,2022,CIN,WR,9,0,0,-8.66,0,3,Nebraska,,,false
00-0037132,Britain Covey,2022,PHI,WR,17,0,0,-8.66,0,3,Utah,,,false
00-0026293,Matthew Slater,2022,NE,WR,8,0,0,-8.66,0,3,UCLA,2008,5,false
00-0031972,Darius Jennings,2019,TEN,WR,8,0.46,0.87,-8.66,0.0263,3,Virginia,,,false
00-0035021,Ashton Dulin,2019,IND,WR,8,0.46,0.89,-8.66,0.0197,3,Malone,,,false
00-0023968,Micheal Spurlock,2013,DET,WR,11,0,0,-8.66,0,3,Mississippi,,,true
00-0028795,Chase Reynolds,2013,LA,RB,9,0,0,-8.66,0,3,Montana,,,false
00-0026293,Matthew Slater,2013,NE,WR,8,0,0,-8.66,0,3,UCLA,2008,5,false
00-0031959,Marcus Murphy,2015,NO,RB,13,0.46,1.66,-8.67,0.0417,3,Missouri,2015,7,false
00-0027691,Andre Roberts,2019,BUF,WR,13,0.44,0.73,-8.68,0.0132,3,The Citadel,2010,3,false
00-0027215,Logan Paulsen,2016,CHI,TE,10,0.45,1.01,-8.7,0.0137,3,UCLA,,,false
00-0036877,Jaelon Darden,2024,CLE,WR,11,0.15,0.48,-8.7,0.0191,3,North Texas,2021,4,true
00-0026293,Matthew Slater,2012,NE,WR,13,0,0,-8.7,0,3,UCLA,2008,5,false
00-0023490,Roscoe Parrish,2012,TB,WR,13,0,0,-8.7,0,3,Miami,2005,2,false
00-0029308,Greg Scruggs,2012,SEA,TE,8,0,0,-8.7,0,3,Louisville,2012,7,false
00-0029384,Bobby Rainey,2015,TB,RB,15,0.43,0.78,-8.71,0.0313,3,Western Kentucky,,,false
00-0032791,Jakeem Grant,2016,MIA,WR,14,0.44,1.6,-8.71,0.0265,3,Texas Tech,2016,6,false
00-0028987,Phillip Supernaw,2015,TEN,TE,10,0.42,0.92,-8.72,0,3,Ouachita Baptist University,,,false
00-0032404,Tyler Ervin,2016,HOU,RB,12,0.42,0.78,-8.72,0.0208,3,San Jose State,2016,4,false
00-0039392,Jha'Quan Jackson,2024,TEN,WR,12,0.11,0.38,-8.74,0.0127,3,Tulane,2024,6,false
00-0033258,Darrell Daniels,2021,ARI,TE,10,0.1,0.32,-8.74,0.013,3,Washington,,,false
00-0026983,Darrius Heyward-Bey,2018,PIT,WR,8,0.15,0.75,-8.75,0.0142,3,Maryland,2009,1,false
00-0021570,Kassim Osgood,2008,LAC,WR,11,0,0,-8.76,0,3,San Diego State; Cal Poly (San Luis Obispo),,,false
00-0024171,Wallace Wright,2008,NYJ,WR,12,0,0,-8.76,0,3,North Carolina,,,false
00-0024398,Adam Jennings,2008,ATL,WR,10,0,0,-8.76,0,3,Fresno State,2006,6,true
00-0026293,Matthew Slater,2008,NE,WR,13,0,0,-8.76,0,3,UCLA,2008,5,false
00-0011641,Sean Morey,2008,ARI,WR,10,0,0,-8.76,0,3,Brown,1999,7,false
00-0026373,Justin Forsett,2008,SEA,RB,14,0,0,-8.76,0,3,California,2008,7,true
00-0019610,Reuben Droughns,2008,NYG,RB,9,0,0,-8.76,0,3,Oregon; Merced College,2000,3,false
00-0020797,Maurice Hicks,2008,MIN,RB,10,0,0,-8.76,0,3,North Carolina A&T; Montgomery JC (MD),,,false
00-0026322,Kevin Robinson,2008,KC,WR,8,0,0,-8.76,0,3,Utah State,2008,6,false
00-0031319,Diontae Spencer,2021,DEN,WR,15,0.05,0.18,-8.79,0.0065,3,McNeese State,,,false
00-0034164,Trenton Cannon,2021,SF,RB,10,0.04,0.16,-8.8,0.0099,3,Virginia State; Shepherd,2018,6,true
00-0036950,Avery Williams,2021,ATL,RB,15,0,0,-8.84,0,3,Boise State,2021,5,false
00-0026293,Matthew Slater,2021,NE,WR,10,0,0,-8.84,0,3,UCLA,2008,5,false
00-0035956,Giovanni Ricci,2021,CAR,TE,8,0,0,-8.84,0,3,Western Michigan,,,false
00-0034928,Steven Sims,2024,HOU,WR,9,0,0,-8.84,0,3,Kansas,,,true
00-0036950,Avery Williams,2024,ATL,RB,17,0,0,-8.84,0,3,Boise State,2021,5,false
00-0038488,Brady Russell,2024,SEA,RB,8,0,0,-8.84,0,3,Colorado,,,false
00-0037156,Irvin Charles,2024,NYJ,WR,8,0,0,-8.84,0,3,"Indiana PA,  University of; Penn State",,,false
00-0026293,Matthew Slater,2018,NE,WR,9,0,0,-8.9,0,3,UCLA,2008,5,false
00-0033266,JoJo Natson,2018,LA,WR,13,0,0,-8.9,0,3,Akron; Utah State,,,false
00-0031209,Senorise Perry,2018,MIA,RB,11,0,0,-8.9,0,3,Louisville,,,false
00-0024535,Eric Weems,2015,ATL,WR,12,0.21,0.61,-8.93,0.0265,3,Bethune-Cookman College,,,false
00-0036133,James Proche,2020,BAL,WR,13,0.18,0.67,-8.95,0.0195,3,SMU,2020,6,false
00-0031209,Senorise Perry,2019,BUF,RB,8,0.17,0.49,-8.95,0.0105,3,Louisville,,,false
00-0030789,Antonio Andrews,2016,TEN,RB,8,0.19,0.53,-8.96,0.0104,3,Western Kentucky,,,false
00-0031060,De'Anthony Thomas,2019,BAL,WR,14,0.15,0.43,-8.97,0.0066,3,Oregon,2014,4,true
00-0031951,James O'Shaughnessy,2016,KC,TE,12,0.16,0.37,-8.99,0,3,Illinois State,2015,5,false
00-0031763,DeAndre Carter,2020,HOU,WR,13,0.14,0.5,-8.99,0.013,3,Sacramento State,,,true
00-0034449,Buddy Howell,2019,HOU,RB,8,0.13,0.23,-9,0,3,Florida Atlantic,,,false
00-0027796,Joe Webb,2016,CAR,QB,9,0.14,0.43,-9,0,3,UAB,2010,6,false
00-0028795,Chase Reynolds,2016,LA,RB,11,0.13,0.42,-9.02,0,3,Montana,,,false
00-0027816,Marc Mariani,2016,TEN,WR,16,0.09,0.38,-9.05,0.0199,3,Montana,2010,7,false
00-0033266,JoJo Natson,2019,LA,WR,12,0,0,-9.12,0,3,Akron; Utah State,,,false
00-0035621,Nsimba Webster,2020,LA,WR,16,0,0,-9.13,0,3,Eastern Washington,,,false
00-0036345,K.J. Osborn,2020,MIN,WR,8,0,0,-9.13,0,3,Miami; Buffalo,2020,5,false
00-0028063,Taiwan Jones,2020,BUF,RB,8,0,0,-9.13,0,3,Eastern Washington,2011,4,false
00-0032986,J.P. Holtz,2020,CHI,TE,9,0,0,-9.13,0,3,Pittsburgh,,,false
00-0025460,Jacoby Jones,2015,LAC,WR,9,0,0,-9.14,0.0066,3,Lane College; Southeastern Louisiana,2007,3,true
00-0026293,Matthew Slater,2015,NE,WR,13,0,0,-9.14,0.0066,3,UCLA,2008,5,false
00-0026932,Cedric Peerman,2015,CIN,RB,12,0,0,-9.14,0,3,Virginia,2009,6,false
00-0031687,Raheem Mostert,2015,BAL,RB,9,0,0,-9.14,0,3,Purdue,,,true
00-0028795,Chase Reynolds,2015,LA,RB,8,0,0,-9.14,0,3,Montana,,,false
00-0031514,Quan Bray,2015,IND,WR,9,0,0,-9.14,0.0066,3,Auburn,,,false
00-0024272,Devin Hester,2016,BAL,WR,12,0,0,-9.15,0,3,Miami,2006,2,false
00-0024535,Eric Weems,2016,ATL,WR,16,0,0,-9.15,0,3,Bethune-Cookman College,,,false
00-0030671,Isaiah Burse,2016,LAC,WR,8,0,0,-9.15,0,3,Fresno State,,,false
00-0026577,Marcus Thigpen,2015,BUF,WR,9,-0.01,0.03,-9.15,0,3,Indiana,,,true
00-0027796,Joe Webb,2015,CAR,QB,9,-0.01,0.03,-9.15,0,3,UAB,2010,6,false
00-0034177,Tim Boyle,2020,GB,QB,8,-0.11,0.1,-9.24,0,3,Eastern Kentucky,,,false
