show_id,show_date,year,venue,city,state,set,position,song,song_id,is_cover,original_artist,length_sec,show_gap,times_played,rarity_rating,crowd_rating,is_jamchart,transition,is_segue,tags
1613690131,2014-11-21,2014,O'Neill's Irish Pub &amp; Restaurant,Norwalk,CT,1,1,A Go Go,871,true,John Scofield,,0,1,0,,false,",",false,
1613690131,2014-11-21,2014,O'Neill's Irish Pub &amp; Restaurant,Norwalk,CT,1,2,Gone Gone Good,483,false,,,0,1,0,,false,",",false,opener
1613690131,2014-11-21,2014,O'Neill's Irish Pub &amp; Restaurant,Norwalk,CT,1,3,The Waking End,569,false,,,0,1,0,,false,",",false,
1613690131,2014-11-21,2014,O'Neill's Irish Pub &amp; Restaurant,Norwalk,CT,1,4,Deal,873,true,Grateful Dead,,0,1,0,,false,",",false,
1613690131,2014-11-21,2014,O'Neill's Irish Pub &amp; Restaurant,Norwalk,CT,1,5,Turned Clouds,400,false,,,0,1,0,,false,",",false,
1613690131,2014-11-21,2014,O'Neill's Irish Pub &amp; Restaurant,Norwalk,CT,1,6,Chank,447,true,John Scofield,,0,1,0,,false,",",false,opener
1613690131,2014-11-21,2014,O'Neill's Irish Pub &amp; Restaurant,Norwalk,CT,1,7,I Wish,495,true,Stevie Wonder,,0,1,0,,false,,false,
1613690131,2014-11-21,2014,O'Neill's Irish Pub &amp; Restaurant,Norwalk,CT,2,8,Jam,802,false,,,0,1,0,,false,>,true,opener|jam
1613690131,2014-11-21,2014,O'Neill's Irish Pub &amp; Restaurant,Norwalk,CT,2,9,Use Me,581,true,Bill Withers,,0,1,0,,false,",",false,opener|closer
1613690131,2014-11-21,2014,O'Neill's Irish Pub &amp; Restaurant,Norwalk,CT,2,10,The River,872,false,,,0,1,0,,false,>,true,
1613690131,2014-11-21,2014,O'Neill's Irish Pub &amp; Restaurant,Norwalk,CT,2,11,Billie Jean,440,true,Michael Jackson,,0,1,0,,false,",",false,
1613690131,2014-11-21,2014,O'Neill's Irish Pub &amp; Restaurant,Norwalk,CT,2,12,Arcadia,403,false,,,0,1,0,,false,>,true,closer
1613690131,2014-11-21,2014,O'Neill's Irish Pub &amp; Restaurant,Norwalk,CT,2,13,Jive I,411,false,,,0,1,0,,false,,false,
1616038775,2014-11-26,2014,Station House Bar and Grille,Norwalk,CT,1,1,Jam,802,false,,,0,2,0,,false,",",false,opener|jam
1616038775,2014-11-26,2014,Station House Bar and Grille,Norwalk,CT,1,2,Shoe Dog,548,true,John Scofield,,0,1,0,,false,",",false,
1616038775,2014-11-26,2014,Station House Bar and Grille,Norwalk,CT,1,3,Me & My Uncle,592,true,John Philips,,0,1,0,,false,",",false,opener
1616038775,2014-11-26,2014,Station House Bar and Grille,Norwalk,CT,1,4,Tennessee Jed,566,true,Grateful Dead,,0,1,0,,false,",",false,
1616038775,2014-11-26,2014,Station House Bar and Grille,Norwalk,CT,1,5,New Speedway Boogie,523,true,Grateful Dead,,0,1,0,,false,",",false,
1616038775,2014-11-26,2014,Station House Bar and Grille,Norwalk,CT,1,6,Fire On The Mountain,476,true,Grateful Dead,,0,1,0,,false,",",false,
1616038775,2014-11-26,2014,Station House Bar and Grille,Norwalk,CT,1,7,Cold Rain And Snow,452,true,Grateful Dead,,0,1,0,,false,",",false,
1616038775,2014-11-26,2014,Station House Bar and Grille,Norwalk,CT,1,8,Hard To Handle,485,true,Otis Redding,,0,1,0,,false,",",false,closer
1616038775,2014-11-26,2014,Station House Bar and Grille,Norwalk,CT,1,9,Sco-Mule,543,true,Government Mule ft. John Scofield,,0,1,0,,false,",",false,
1616038775,2014-11-26,2014,Station House Bar and Grille,Norwalk,CT,1,10,Spirit Of The Dark Horse,557,false,,,0,1,0,,false,",",false,
1616038775,2014-11-26,2014,Station House Bar and Grille,Norwalk,CT,1,11,I Shot The Sheriff,493,true,Bob Marley,,0,1,0,,false,",",false,
1616038775,2014-11-26,2014,Station House Bar and Grille,Norwalk,CT,1,12,Arcadia,403,false,,,0,2,0,,false,,false,closer
1613690543,2014-12-20,2014,Factory Underground Studio,Norwalk,CT,1,1,Linus And Lucy,507,true,Vince Guaraldi,,0,1,0,,false,",",false,opener|closer|encore
1613690543,2014-12-20,2014,Factory Underground Studio,Norwalk,CT,1,2,Sco-Mule,543,true,Government Mule ft. John Scofield,,0,2,0,,false,",",false,
1613690543,2014-12-20,2014,Factory Underground Studio,Norwalk,CT,1,3,It Burns Within,500,false,St. John's Revival,,0,1,0,,false,",",false,
1613690543,2014-12-20,2014,Factory Underground Studio,Norwalk,CT,1,4,Gone Gone Good,483,false,,,1,2,0,,false,",",false,opener
1613690543,2014-12-20,2014,Factory Underground Studio,Norwalk,CT,1,5,Mississippi Half-Step Uptown Toodeloo,517,true,Grateful Dead,,0,1,0,,false,",",false,jam
1613690543,2014-12-20,2014,Factory Underground Studio,Norwalk,CT,1,6,Chank,447,true,John Scofield,,1,2,0,,false,",",false,opener
1613690543,2014-12-20,2014,Factory Underground Studio,Norwalk,CT,1,7,Caution,446,true,Bob Marley,,0,1,0,,false,",",false,
1613690543,2014-12-20,2014,Factory Underground Studio,Norwalk,CT,1,8,Rosetta,539,true,Earl Hines,,0,1,0,,false,",",false,
1613690543,2014-12-20,2014,Factory Underground Studio,Norwalk,CT,1,9,Madhuvan,512,false,,,0,1,0,,false,",",false,opener|closer|jam
1613690543,2014-12-20,2014,Factory Underground Studio,Norwalk,CT,1,10,Turned Clouds,400,false,,,1,2,0,,false,",",false,
1613690543,2014-12-20,2014,Factory Underground Studio,Norwalk,CT,1,11,Indian River,410,false,,,0,1,0,,false,",",false,
1613690543,2014-12-20,2014,Factory Underground Studio,Norwalk,CT,1,12,Lead the Way,406,false,,,0,1,0,,false,,false,opener
1613690543,2014-12-20,2014,Factory Underground Studio,Norwalk,CT,2,13,Wild Night,588,true,Van Morrison,,0,1,0,,false,",",false,opener|closer
1613690543,2014-12-20,2014,Factory Underground Studio,Norwalk,CT,2,14,Boogie On Reggae Woman,441,true,Stevie Wonder,,0,1,0,,false,",",false,
1613690543,2014-12-20,2014,Factory Underground Studio,Norwalk,CT,2,15,One More Saturday Night,528,true,Grateful Dead,,0,1,0,,false,",",false,closer|encore
1613690543,2014-12-20,2014,Factory Underground Studio,Norwalk,CT,2,16,Linus And Lucy,507,true,Vince Guaraldi,,0,2,0,,false,",",false,opener|closer|encore
1613690543,2014-12-20,2014,Factory Underground Studio,Norwalk,CT,2,17,Dancing In The Moonlight,456,true,King Harvest,,0,1,0,,false,",",false,encore
1613690543,2014-12-20,2014,Factory Underground Studio,Norwalk,CT,2,18,Mustang Sally,427,true,Wilson Pickett,,0,1,0,,false,",",false,closer|encore
1613690543,2014-12-20,2014,Factory Underground Studio,Norwalk,CT,2,19,Shout,550,true,The Isley Brothers,,0,1,0,,false,,false,closer|encore
1613690543,2014-12-20,2014,Factory Underground Studio,Norwalk,CT,3,20,Arcadia,403,false,,,0,3,0,,false,",",false,closer
1613690543,2014-12-20,2014,Factory Underground Studio,Norwalk,CT,3,21,Gringo,484,false,,,0,1,0,,false,",",false,opener|ballad
1613690543,2014-12-20,2014,Factory Underground Studio,Norwalk,CT,3,22,Spirit Of The Dark Horse,557,false,,,0,2,0,,false,",",false,
1613690543,2014-12-20,2014,Factory Underground Studio,Norwalk,CT,3,23,This Old Sea,572,false,,,0,1,0,,false,",",false,jam
1613690543,2014-12-20,2014,Factory Underground Studio,Norwalk,CT,3,24,The River,872,false,,,1,2,0,,false,,false,
1613690543,2014-12-20,2014,Factory Underground Studio,Norwalk,CT,E,25,Use Me,581,true,Bill Withers,,1,2,0,,false,",",false,opener|closer
1613690543,2014-12-20,2014,Factory Underground Studio,Norwalk,CT,E,26,Linus And Lucy,507,true,Vince Guaraldi,,0,3,0,,false,",",false,opener|closer|encore
1613690543,2014-12-20,2014,Factory Underground Studio,Norwalk,CT,E,27,Jive I,411,false,,,1,2,0,,false,",",false,
1613690543,2014-12-20,2014,Factory Underground Studio,Norwalk,CT,E,28,Linus And Lucy,507,true,Vince Guaraldi,,0,4,0,,false,,false,opener|closer|encore
1616038744,2014-12-23,2014,Station House Bar and Grille,Norwalk,CT,1,1,Chank,447,true,John Scofield,,0,3,0,,false,",",false,opener
1616038744,2014-12-23,2014,Station House Bar and Grille,Norwalk,CT,1,2,Rosetta,539,true,Earl Hines,,0,2,0,,false,",",false,
1616038744,2014-12-23,2014,Station House Bar and Grille,Norwalk,CT,1,3,Back On The Train,656,true,Phish,,0,1,0,,false,",",false,
1616038744,2014-12-23,2014,Station House Bar and Grille,Norwalk,CT,1,4,Indian River,410,false,,,0,2,0,,false,",",false,
1616038744,2014-12-23,2014,Station House Bar and Grille,Norwalk,CT,1,5,Gringo,484,false,,,0,2,0,,false,",",false,opener|ballad
1616038744,2014-12-23,2014,Station House Bar and Grille,Norwalk,CT,1,6,This Old Sea,572,false,,,0,2,0,,false,",",false,jam
1616038744,2014-12-23,2014,Station House Bar and Grille,Norwalk,CT,1,7,Flood in Franklin Park,972,true,Grant Green,,0,1,0,,false,",",false,
1616038744,2014-12-23,2014,Station House Bar and Grille,Norwalk,CT,1,8,Arcadia,403,false,,,0,4,0,,false,",",false,closer
1616038744,2014-12-23,2014,Station House Bar and Grille,Norwalk,CT,1,9,Turned Clouds,400,false,,,0,3,0,,false,",",false,
1616038744,2014-12-23,2014,Station House Bar and Grille,Norwalk,CT,1,10,Wild Night,588,true,Van Morrison,,0,2,0,,false,,false,opener|closer
1616038744,2014-12-23,2014,Station House Bar and Grille,Norwalk,CT,2,11,Madhuvan,512,false,,,0,2,0,,false,",",false,opener|closer|jam
1616038744,2014-12-23,2014,Station House Bar and Grille,Norwalk,CT,2,12,I Wish,495,true,Stevie Wonder,,2,2,0,,false,",",false,
1616038744,2014-12-23,2014,Station House Bar and Grille,Norwalk,CT,2,13,Caution,446,true,Bob Marley,,0,2,0,,false,",",false,
1616038744,2014-12-23,2014,Station House Bar and Grille,Norwalk,CT,2,14,Billie Jean,440,true,Michael Jackson,,2,2,0,,false,",",false,
1616038744,2014-12-23,2014,Station House Bar and Grille,Norwalk,CT,2,15,Jive I,411,false,,,0,3,0,,false,",",false,
1616038744,2014-12-23,2014,Station House Bar and Grille,Norwalk,CT,2,16,Into the Myst,402,false,,,0,1,0,,false,",",false,jam
1616038744,2014-12-23,2014,Station House Bar and Grille,Norwalk,CT,2,17,Spirit Of The Dark Horse,557,false,,,0,3,0,,false,,false,
1601959537,2015-01-16,2015,Viva Zapata,Westport,CT,1,1,This Old Sea,572,false,,,0,3,0,,false,",",false,jam
1616038160,2015-02-20,2015,Jimmy's Seaside Tavern,Stamford,CT,1,1,Jam,802,false,,,3,3,0,,false,",",false,opener|jam
1616038160,2015-02-20,2015,Jimmy's Seaside Tavern,Stamford,CT,1,2,Switchin',564,true,Wes Montgomery,,0,1,0,,false,",",false,opener
1616038160,2015-02-20,2015,Jimmy's Seaside Tavern,Stamford,CT,1,3,Atlas,439,true,The Wood Brothers,,0,1,0,,false,",",false,opener
1616038160,2015-02-20,2015,Jimmy's Seaside Tavern,Stamford,CT,1,4,Rosetta,539,true,Earl Hines,,1,3,0,,false,",",false,
1616038160,2015-02-20,2015,Jimmy's Seaside Tavern,Stamford,CT,1,5,Tried & Tempted,575,true,The Wood Brothers,,0,1,0,,false,",",false,
1616038160,2015-02-20,2015,Jimmy's Seaside Tavern,Stamford,CT,1,6,Into the Myst,402,false,,,1,2,0,,false,",",false,jam
1616038160,2015-02-20,2015,Jimmy's Seaside Tavern,Stamford,CT,1,7,Peggy-O,531,true,Grateful Dead,,0,1,0,,false,",",false,
1616038160,2015-02-20,2015,Jimmy's Seaside Tavern,Stamford,CT,1,8,It Burns Within,500,false,St. John's Revival,,2,2,0,,false,",",false,
1616038160,2015-02-20,2015,Jimmy's Seaside Tavern,Stamford,CT,1,9,Lead the Way,406,false,,,2,2,0,,false,",",false,opener
1616038160,2015-02-20,2015,Jimmy's Seaside Tavern,Stamford,CT,1,10,Heart's On Fire,486,true,Passenger,,0,1,0,,false,,false,
1616038160,2015-02-20,2015,Jimmy's Seaside Tavern,Stamford,CT,2,11,Madhuvan,512,false,,,1,3,0,,false,",",false,opener|closer|jam
1616038160,2015-02-20,2015,Jimmy's Seaside Tavern,Stamford,CT,2,12,Spirit Of The Dark Horse,557,false,,,1,4,0,,false,",",false,
1616038160,2015-02-20,2015,Jimmy's Seaside Tavern,Stamford,CT,2,13,Wake Up,583,true,Arcade Fire,,0,1,0,,false,",",false,
1616038160,2015-02-20,2015,Jimmy's Seaside Tavern,Stamford,CT,2,14,Rosewood Heart,412,false,,,0,1,0,,false,",",false,jam|peak
1616038160,2015-02-20,2015,Jimmy's Seaside Tavern,Stamford,CT,2,15,Jive I,411,false,,,1,4,0,,false,",",false,
1616038160,2015-02-20,2015,Jimmy's Seaside Tavern,Stamford,CT,2,16,Me & My Uncle,592,true,John Philips,,3,2,0,,false,,false,opener
1616037808,2015-03-14,2015,Jimmy's Seaside Tavern,Stamford,CT,1,1,Turned Clouds,400,false,,,2,4,0,,false,",",false,
1616037808,2015-03-14,2015,Jimmy's Seaside Tavern,Stamford,CT,1,2,Into the Myst,402,false,,,0,3,0,,false,",",false,jam
1616037808,2015-03-14,2015,Jimmy's Seaside Tavern,Stamford,CT,1,3,Arcadia,403,false,,,2,5,0,,false,",",false,closer
1616037808,2015-03-14,2015,Jimmy's Seaside Tavern,Stamford,CT,1,4,Lead the Way,406,false,,,0,3,0,,false,",",false,opener
1616037808,2015-03-14,2015,Jimmy's Seaside Tavern,Stamford,CT,1,5,Jive I,411,false,,,0,5,0,,false,",",false,
1616037808,2015-03-14,2015,Jimmy's Seaside Tavern,Stamford,CT,1,6,Rosewood Heart,412,false,,,0,2,0,,false,",",false,jam|peak
1616037808,2015-03-14,2015,Jimmy's Seaside Tavern,Stamford,CT,1,7,Jive II,413,false,,,0,1,0,,false,,false,opener
1616037808,2015-03-14,2015,Jimmy's Seaside Tavern,Stamford,CT,2,8,Gone Gone Good,483,false,,,3,3,0,,false,",",false,opener
1616037808,2015-03-14,2015,Jimmy's Seaside Tavern,Stamford,CT,2,9,Cantaloupe Island,444,true,Herbie Hancock,,0,1,0,,false,",",false,
1616037808,2015-03-14,2015,Jimmy's Seaside Tavern,Stamford,CT,2,10,Spirit Of The Dark Horse,557,false,,,0,5,0,,false,",",false,
1616037808,2015-03-14,2015,Jimmy's Seaside Tavern,Stamford,CT,2,11,Pinche Gringo,532,false,,,0,1,0,,false,",",false,
1616037808,2015-03-14,2015,Jimmy's Seaside Tavern,Stamford,CT,2,12,So Ready,421,false,,,0,1,0,,false,",",false,closer
1616037808,2015-03-14,2015,Jimmy's Seaside Tavern,Stamford,CT,2,13,Use Me,581,true,Bill Withers,,3,3,0,,false,,false,opener|closer
1616037488,2015-04-18,2015,Tavern On Seven,Norwalk,CT,1,1,"It's All Over Now, Baby Blue",501,true,Bob Dylan,,0,1,0,,false,",",false,
1616037488,2015-04-18,2015,Tavern On Seven,Norwalk,CT,1,2,One More Day,527,true,The Wood Brothers,,0,1,0,,false,",",false,
1616037488,2015-04-18,2015,Tavern On Seven,Norwalk,CT,1,3,Indian River,410,false,,,3,3,0,,false,",",false,
1616037488,2015-04-18,2015,Tavern On Seven,Norwalk,CT,1,4,Madhuvan,512,false,,,1,4,0,,false,",",false,opener|closer|jam
1616037488,2015-04-18,2015,Tavern On Seven,Norwalk,CT,1,5,Into the Myst,402,false,,,0,4,0,,false,",",false,jam
1616037488,2015-04-18,2015,Tavern On Seven,Norwalk,CT,1,6,Caution,446,true,Bob Marley,,3,3,0,,false,",",false,
1616037488,2015-04-18,2015,Tavern On Seven,Norwalk,CT,1,7,Gringo,484,false,,,3,3,0,,false,",",false,opener|ballad
1616037488,2015-04-18,2015,Tavern On Seven,Norwalk,CT,1,8,Jive II,413,false,,,0,2,0,,false,",",false,opener
1616037488,2015-04-18,2015,Tavern On Seven,Norwalk,CT,1,9,Wild Night,588,true,Van Morrison,,3,3,0,,false,,false,opener|closer
1616037488,2015-04-18,2015,Tavern On Seven,Norwalk,CT,2,10,Jam,802,false,,,1,4,0,,false,",",false,opener|jam
1616037488,2015-04-18,2015,Tavern On Seven,Norwalk,CT,2,11,A Western Sun,435,false,,,0,1,0,,false,",",false,
1616037488,2015-04-18,2015,Tavern On Seven,Norwalk,CT,2,12,Turned Clouds,400,false,,,0,5,0,,false,",",false,
1616037488,2015-04-18,2015,Tavern On Seven,Norwalk,CT,2,13,So Ready,421,false,,,0,2,0,,false,",",false,closer
1616037488,2015-04-18,2015,Tavern On Seven,Norwalk,CT,2,14,Your Ocean,590,false,,,0,1,0,,false,",",false,
1616037488,2015-04-18,2015,Tavern On Seven,Norwalk,CT,2,15,I Shot The Sheriff,493,true,Bob Marley,,5,2,0,,false,",",false,
1616037488,2015-04-18,2015,Tavern On Seven,Norwalk,CT,2,16,Mustang Sally,427,true,Wilson Pickett,,4,2,0,,false,,false,closer|encore
1614304463,2015-05-02,2015,O'Neill's Irish Pub &amp; Restaurant,Norwalk,CT,1,1,Your Ocean,590,false,,,0,2,0,,false,",",false,
1616037305,2015-06-17,2015,The Acoustic,Bridgeport,CT,1,1,Lead the Way,406,false,,,2,4,0,,false,",",false,opener
1616037305,2015-06-17,2015,The Acoustic,Bridgeport,CT,1,2,Jive II,413,false,,,1,3,0,,false,",",false,opener
1616037305,2015-06-17,2015,The Acoustic,Bridgeport,CT,1,3,Cantaloupe Island,444,true,Herbie Hancock,,2,2,0,,false,",",false,
1616037305,2015-06-17,2015,The Acoustic,Bridgeport,CT,1,4,Jive I,411,false,,,2,6,0,,false,",",false,
1616037305,2015-06-17,2015,The Acoustic,Bridgeport,CT,1,5,Arcadia,403,false,,,2,6,0,,false,,false,closer
1616037254,2015-08-18,2015,BRYAC Black Rock,Bridgeport,CT,1,1,Jive I,411,false,,,0,7,0,,false,",",false,
1743526614,2015-09-19,2015,O'Neill's Irish Pub &amp; Restaurant,Norwalk,CT,1,1,One More Saturday Night,528,true,Grateful Dead,,8,2,10,,false,",",false,closer|encore
1743792240,2015-09-26,2015,Stella Blues,New Haven,CT,1,1,So Ready,421,false,,,4,3,0,,false,",",false,closer
1743792240,2015-09-26,2015,Stella Blues,New Haven,CT,1,2,Flodown,478,false,Vasudo,,0,1,0,,false,",",false,
1698084503,2015-10-01,2015,The Acoustic,Bridgeport,CT,1,1,Jive I,411,false,,,2,8,0,,false,",",false,
1698084503,2015-10-01,2015,The Acoustic,Bridgeport,CT,1,2,Turned Clouds,400,false,,,5,6,0,,false,",",false,
1698084503,2015-10-01,2015,The Acoustic,Bridgeport,CT,1,3,A Western Sun,435,false,,,5,2,0,,false,",",false,
1698084503,2015-10-01,2015,The Acoustic,Bridgeport,CT,1,4,Arcadia,403,false,,,3,7,0,,false,",",false,closer
1698084503,2015-10-01,2015,The Acoustic,Bridgeport,CT,1,5,Spain,555,true,Chick Corea,,0,1,0,,false,",",false,
1698084503,2015-10-01,2015,The Acoustic,Bridgeport,CT,1,6,So Ready,421,false,,,0,4,0,,false,",",false,closer
1698084503,2015-10-01,2015,The Acoustic,Bridgeport,CT,1,7,Spirit Of The Dark Horse,557,false,,,6,6,0,,false,",",false,
1698084503,2015-10-01,2015,The Acoustic,Bridgeport,CT,1,8,Lead the Way,406,false,,,3,5,0,,false,",",false,opener
1698084503,2015-10-01,2015,The Acoustic,Bridgeport,CT,1,9,Creatures,420,false,,,0,1,0,,false,,false,jam
1616036851,2015-12-19,2015,Factory Underground Studio,Norwalk,CT,1,1,Gringo,484,false,,,6,4,0,,false,",",false,opener|ballad
1616036851,2015-12-19,2015,Factory Underground Studio,Norwalk,CT,1,2,Carol Of The Bells,445,true,Mykola Leontovych,,0,1,0,,false,",",false,opener|closer
1705934210,2016-01-19,2016,The Acoustic,Bridgeport,CT,1,1,Turned Clouds,400,false,,,1,7,0,,false,",",false,
1705934210,2016-01-19,2016,The Acoustic,Bridgeport,CT,1,2,Lead the Way,406,false,,,1,6,0,,false,",",false,opener
1705934210,2016-01-19,2016,The Acoustic,Bridgeport,CT,1,3,So Ready,421,false,,,1,5,0,,false,",",false,closer
1705934210,2016-01-19,2016,The Acoustic,Bridgeport,CT,1,4,Jive I,411,false,,,1,9,0,,false,",",false,
1705934210,2016-01-19,2016,The Acoustic,Bridgeport,CT,1,5,Arcadia,403,false,,,1,8,0,,false,",",false,closer
1616036774,2016-03-19,2016,The Acoustic,Bridgeport,CT,1,1,Arcadia,403,false,,,0,9,0,,false,",",false,closer
1616036774,2016-03-19,2016,The Acoustic,Bridgeport,CT,1,2,One More Day,527,true,The Wood Brothers,,8,2,10,,false,",",false,
1616036774,2016-03-19,2016,The Acoustic,Bridgeport,CT,1,3,Lead the Way,406,false,,,0,7,0,,false,",",false,opener
1616036774,2016-03-19,2016,The Acoustic,Bridgeport,CT,1,4,Creatures,420,false,,,2,2,0,,false,",",false,jam
1616036774,2016-03-19,2016,The Acoustic,Bridgeport,CT,1,5,A Western Sun,435,false,,,2,3,0,,false,",",false,
1616036774,2016-03-19,2016,The Acoustic,Bridgeport,CT,1,6,Same Old Shenanigans,541,false,,,0,1,0,,false,,false,closer
1616036749,2016-03-26,2016,Rock n Roll Resort,Kerhonkson,NY,1,1,Lead the Way,406,false,,,0,8,0,,false,",",false,opener
1616036749,2016-03-26,2016,Rock n Roll Resort,Kerhonkson,NY,1,2,Jive I,411,false,,,1,10,0,,false,>,true,
1616036749,2016-03-26,2016,Rock n Roll Resort,Kerhonkson,NY,1,3,Rosewood Heart,412,false,,,10,3,10,,false,",",false,jam|peak
1616036749,2016-03-26,2016,Rock n Roll Resort,Kerhonkson,NY,1,4,Turned Clouds,400,false,,,1,8,0,,false,",",false,
1616036749,2016-03-26,2016,Rock n Roll Resort,Kerhonkson,NY,1,5,Arcadia,403,false,,,0,10,0,,false,",",false,closer
1616036749,2016-03-26,2016,Rock n Roll Resort,Kerhonkson,NY,1,6,One More Day,527,true,The Wood Brothers,,0,3,0,,false,",",false,
1616036749,2016-03-26,2016,Rock n Roll Resort,Kerhonkson,NY,1,7,Flodown,478,false,Vasudo,,4,2,0,,false,>,true,
1616036749,2016-03-26,2016,Rock n Roll Resort,Kerhonkson,NY,1,8,Same Old Shenanigans,541,false,,,0,2,0,,false,",",false,closer
1616036749,2016-03-26,2016,Rock n Roll Resort,Kerhonkson,NY,1,9,One More Saturday Night,528,true,Grateful Dead,,5,3,0,,false,",",false,closer|encore
1616036749,2016-03-26,2016,Rock n Roll Resort,Kerhonkson,NY,1,10,So Ready,421,false,,,1,6,0,,false,,false,closer
1614304693,2016-04-15,2016,O'Neill's Irish Pub &amp; Restaurant,Norwalk,CT,1,1,Switchin',564,true,Wes Montgomery,,12,2,10,,false,",",false,opener
1614304693,2016-04-15,2016,O'Neill's Irish Pub &amp; Restaurant,Norwalk,CT,1,2,Caution,446,true,Bob Marley,,10,4,10,,false,",",false,
1614304693,2016-04-15,2016,O'Neill's Irish Pub &amp; Restaurant,Norwalk,CT,1,3,Arcadia,403,false,,,0,11,0,,false,",",false,closer
1614304693,2016-04-15,2016,O'Neill's Irish Pub &amp; Restaurant,Norwalk,CT,1,4,Up On Cripple Creek,580,true,The Band,,0,1,0,,false,",",false,opener
1614304693,2016-04-15,2016,O'Neill's Irish Pub &amp; Restaurant,Norwalk,CT,1,5,Jive I,411,false,,,0,11,0,,false,",",false,
1614304693,2016-04-15,2016,O'Neill's Irish Pub &amp; Restaurant,Norwalk,CT,1,6,Mississippi Half-Step Uptown Toodeloo,517,true,Grateful Dead,,15,2,10,,false,,false,jam
1614304693,2016-04-15,2016,O'Neill's Irish Pub &amp; Restaurant,Norwalk,CT,2,7,Boogie On Reggae Woman,441,true,Stevie Wonder,,15,2,10,,false,",",false,
1614304693,2016-04-15,2016,O'Neill's Irish Pub &amp; Restaurant,Norwalk,CT,2,8,Praise You,533,true,Fatboy Slim,,0,1,0,,false,",",false,closer|encore
1614304693,2016-04-15,2016,O'Neill's Irish Pub &amp; Restaurant,Norwalk,CT,2,9,Billie Jean,440,true,Michael Jackson,,14,3,10,,false,",",false,
1614304693,2016-04-15,2016,O'Neill's Irish Pub &amp; Restaurant,Norwalk,CT,2,10,Crosseyed & Painless,455,true,Talking Heads,,0,1,0,,false,",",false,
1614304693,2016-04-15,2016,O'Neill's Irish Pub &amp; Restaurant,Norwalk,CT,2,11,So Ready,421,false,,,0,7,0,,false,,false,closer
1616036658,2016-04-16,2016,Stella Blues,New Haven,CT,1,1,Madhuvan,512,false,,,11,5,10,,false,",",false,opener|closer|jam
1616036658,2016-04-16,2016,Stella Blues,New Haven,CT,1,2,Me & My Uncle,592,true,John Philips,,13,3,10,,false,",",false,opener
1616036658,2016-04-16,2016,Stella Blues,New Haven,CT,1,3,Jive II,413,false,,,9,4,10,,false,",",false,opener
1616036658,2016-04-16,2016,Stella Blues,New Haven,CT,1,4,A Western Sun,435,false,,,2,4,0,,false,",",false,
1616036658,2016-04-16,2016,Stella Blues,New Haven,CT,1,5,Spain,555,true,Chick Corea,,5,2,0,,false,",",false,
1616036658,2016-04-16,2016,Stella Blues,New Haven,CT,1,6,Creatures,420,false,,,2,3,0,,false,,false,jam
1616036658,2016-04-16,2016,Stella Blues,New Haven,CT,2,7,Use Me,581,true,Bill Withers,,12,4,10,,false,",",false,opener|closer
1616036658,2016-04-16,2016,Stella Blues,New Haven,CT,2,8,One More Saturday Night,528,true,Grateful Dead,,1,4,0,,false,",",false,closer|encore
1616036658,2016-04-16,2016,Stella Blues,New Haven,CT,2,9,Same Old Shenanigans,541,false,,,1,3,0,,false,,false,closer
1616036639,2016-04-20,2016,Loft,Norwalk,CT,1,1,Cantaloupe Island,444,true,Herbie Hancock,,10,3,10,,false,",",false,
1616036639,2016-04-20,2016,Loft,Norwalk,CT,1,2,Flodown,478,false,Vasudo,,2,3,0,,false,",",false,
1616036639,2016-04-20,2016,Loft,Norwalk,CT,1,3,Turned Clouds,400,false,,,2,9,0,,false,",",false,
1616036639,2016-04-20,2016,Loft,Norwalk,CT,1,4,One More Day,527,true,The Wood Brothers,,2,4,0,,false,",",false,
1616036639,2016-04-20,2016,Loft,Norwalk,CT,1,5,So Ready,421,false,,,1,8,0,,false,",",false,closer
1616036639,2016-04-20,2016,Loft,Norwalk,CT,1,6,Atlas,439,true,The Wood Brothers,,14,2,10,,false,",",false,opener
1616036639,2016-04-20,2016,Loft,Norwalk,CT,1,7,Crosseyed & Painless,455,true,Talking Heads,,1,2,0,,false,",",false,
1616036639,2016-04-20,2016,Loft,Norwalk,CT,1,8,Turn On Your Love Light,578,true,Bobby Blue Bland,,0,1,0,,false,",",false,closer|encore
1616036639,2016-04-20,2016,Loft,Norwalk,CT,1,9,Arcadia,403,false,,,1,12,0,,false,",",false,closer
1616036639,2016-04-20,2016,Loft,Norwalk,CT,1,10,Also Sprach Zarathustra,433,true,Deodato,,0,1,0,,false,,false,closer
1686327822,2016-06-17,2016,Garcia's at The Capitol Theatre,Port Chester,NY,1,1,So Ready,421,false,,,0,9,0,,false,",",false,closer
1686327822,2016-06-17,2016,Garcia's at The Capitol Theatre,Port Chester,NY,1,2,Indian River,410,false,,,13,4,10,,false,",",false,
1686327822,2016-06-17,2016,Garcia's at The Capitol Theatre,Port Chester,NY,1,3,Tennessee Jed,566,true,Grateful Dead,,19,2,10,,false,",",false,
1686327822,2016-06-17,2016,Garcia's at The Capitol Theatre,Port Chester,NY,1,4,Flodown,478,false,Vasudo,,0,4,0,,false,",",false,
1686327822,2016-06-17,2016,Garcia's at The Capitol Theatre,Port Chester,NY,1,5,A Western Sun,435,false,,,1,5,0,,false,",",false,
1686327822,2016-06-17,2016,Garcia's at The Capitol Theatre,Port Chester,NY,1,6,The Night They Drove Old Dixie Down,650,true,The Band,,0,1,0,,false,",",false,encore
1686327822,2016-06-17,2016,Garcia's at The Capitol Theatre,Port Chester,NY,1,7,Same Old Shenanigans,541,false,,,1,4,0,,false,,false,closer
1689369871,2016-07-09,2016,Viva Zapata,Westport,CT,1,1,Up On Cripple Creek,580,true,The Band,,3,2,0,,false,",",false,opener
1689369871,2016-07-09,2016,Viva Zapata,Westport,CT,1,2,Indian River,410,false,,,0,5,0,,false,",",false,
1689369871,2016-07-09,2016,Viva Zapata,Westport,CT,1,3,Elmeg The Wise,466,false,St. John's Revival,,0,1,0,,false,",",false,closer|encore
1689369871,2016-07-09,2016,Viva Zapata,Westport,CT,1,4,Green River,482,true,Creedence Clearwater Revival,,0,1,0,,false,",",false,
1689369871,2016-07-09,2016,Viva Zapata,Westport,CT,1,5,Brown-Eyed Women,443,true,Grateful Dead,,0,1,0,,false,",",false,closer
1689370609,2016-07-14,2016,Stella Blues,New Haven,CT,1,1,Arcadia,403,false,,,2,13,0,,false,",",false,closer
1689370609,2016-07-14,2016,Stella Blues,New Haven,CT,1,2,Indian River,410,false,,,0,6,0,,false,",",false,
1689370609,2016-07-14,2016,Stella Blues,New Haven,CT,1,3,Jive II,413,false,,,3,5,0,,false,",",false,opener
1616036210,2016-08-06,2016,Backwoods Pondfest,Peru,NY,1,1,Arcadia,403,false,,,0,14,0,,false,",",false,closer
1616036210,2016-08-06,2016,Backwoods Pondfest,Peru,NY,1,2,Indian River,410,false,,,0,7,0,,false,",",false,
1616036210,2016-08-06,2016,Backwoods Pondfest,Peru,NY,1,3,Me & My Uncle,592,true,John Philips,,4,4,0,,false,",",false,opener
1616036210,2016-08-06,2016,Backwoods Pondfest,Peru,NY,1,4,So Ready,421,false,,,2,10,0,,false,",",false,closer
1616036210,2016-08-06,2016,Backwoods Pondfest,Peru,NY,1,5,Creatures,420,false,,,4,4,0,,false,,false,jam
1616035556,2016-08-12,2016,Rebirth Arts Festival,Easton,CT,1,1,Creatures,420,false,,,0,5,0,,false,",",false,jam
1616035556,2016-08-12,2016,Rebirth Arts Festival,Easton,CT,1,2,Arcadia,403,false,,,0,15,0,,false,",",false,closer
1616035556,2016-08-12,2016,Rebirth Arts Festival,Easton,CT,1,3,Lead the Way,406,false,,,7,9,0,,false,",",false,opener
1616035556,2016-08-12,2016,Rebirth Arts Festival,Easton,CT,1,4,Me & My Uncle,592,true,John Philips,,0,5,0,,false,",",false,opener
1616035556,2016-08-12,2016,Rebirth Arts Festival,Easton,CT,1,5,Flodown,478,false,Vasudo,,3,5,0,,false,,false,
1616035556,2016-08-12,2016,Rebirth Arts Festival,Easton,CT,2,6,Turned Clouds,400,false,,,4,10,0,,false,>,true,
1616035556,2016-08-12,2016,Rebirth Arts Festival,Easton,CT,2,7,Crosseyed & Painless,455,true,Talking Heads,,4,3,0,,false,",",false,
1616035556,2016-08-12,2016,Rebirth Arts Festival,Easton,CT,2,8,So Ready,421,false,,,0,11,0,,false,",",false,closer
1616035556,2016-08-12,2016,Rebirth Arts Festival,Easton,CT,2,9,Boogie On Reggae Woman,441,true,Stevie Wonder,,6,3,0,,false,",",false,
1616035556,2016-08-12,2016,Rebirth Arts Festival,Easton,CT,2,10,Don't Do It,460,true,The Band,,0,1,0,,false,",",false,closer|encore
1616035556,2016-08-12,2016,Rebirth Arts Festival,Easton,CT,2,11,Turn On Your Love Light,578,true,Bobby Blue Bland,,4,2,0,,false,,false,closer|encore
1616035556,2016-08-12,2016,Rebirth Arts Festival,Easton,CT,E,12,One More Saturday Night,528,true,Grateful Dead,,5,5,0,,false,,false,closer|encore
1692375765,2016-08-18,2016,King Neptune's Pub,Lake George,NY,1,1,Lead the Way,406,false,,,0,10,0,,false,",",false,opener
1692375765,2016-08-18,2016,King Neptune's Pub,Lake George,NY,1,2,Sco-Mule,543,true,Government Mule ft. John Scofield,,23,3,20,,false,",",false,
1692375765,2016-08-18,2016,King Neptune's Pub,Lake George,NY,1,3,Indian River,410,false,,,1,8,0,,false,",",false,
1692375765,2016-08-18,2016,King Neptune's Pub,Lake George,NY,1,4,Wild Night,588,true,Van Morrison,,18,4,10,,false,",",false,opener|closer
1692375765,2016-08-18,2016,King Neptune's Pub,Lake George,NY,1,5,Turned Clouds,400,false,,,0,11,0,,false,",",false,
1692375765,2016-08-18,2016,King Neptune's Pub,Lake George,NY,1,6,I Wish,495,true,Stevie Wonder,,22,3,20,,false,",",false,
1692375765,2016-08-18,2016,King Neptune's Pub,Lake George,NY,1,7,Jive I,411,false,,,7,12,0,,false,",",false,
1692375765,2016-08-18,2016,King Neptune's Pub,Lake George,NY,1,8,So Ready,421,false,,,0,12,0,,false,,false,closer
1724194134,2016-08-25,2016,Radio Bean,Burlington,VT,1,1,Lead the Way,406,false,,,0,11,0,,false,",",false,opener
1724194134,2016-08-25,2016,Radio Bean,Burlington,VT,1,2,Madhuvan,512,false,,,7,6,0,,false,",",false,opener|closer|jam
1724194134,2016-08-25,2016,Radio Bean,Burlington,VT,1,3,Indian River,410,false,,,0,9,0,,false,",",false,
1724194134,2016-08-25,2016,Radio Bean,Burlington,VT,1,4,One More Day,527,true,The Wood Brothers,,6,5,0,,false,",",false,
1616034465,2016-10-01,2016,The Capitol Theatre,Port Chester,NY,1,1,Arcadia,403,false,,,2,16,0,,false,",",false,closer
1616034465,2016-10-01,2016,The Capitol Theatre,Port Chester,NY,1,2,Madhuvan,512,false,,,0,7,0,,false,",",false,opener|closer|jam
1616034465,2016-10-01,2016,The Capitol Theatre,Port Chester,NY,1,3,Jive I,411,false,,,1,13,0,,false,",",false,
1616034465,2016-10-01,2016,The Capitol Theatre,Port Chester,NY,1,4,Indian River,410,false,,,0,10,0,,false,",",false,
1616034465,2016-10-01,2016,The Capitol Theatre,Port Chester,NY,1,5,Creatures,420,false,,,2,6,0,,false,",",false,jam
1616034465,2016-10-01,2016,The Capitol Theatre,Port Chester,NY,1,6,Turned Clouds,400,false,,,1,12,0,,false,",",false,
1616034465,2016-10-01,2016,The Capitol Theatre,Port Chester,NY,1,7,So Ready,421,false,,,1,13,0,,false,",",false,closer
1616034465,2016-10-01,2016,The Capitol Theatre,Port Chester,NY,1,8,One More Saturday Night,528,true,Grateful Dead,,2,6,0,,false,,false,closer|encore
1648264582,2016-10-09,2016,Night Shift Brewery,Everett,MA,1,1,Up On Cripple Creek,580,true,The Band,426,6,3,0,,false,",",false,opener
1648264582,2016-10-09,2016,Night Shift Brewery,Everett,MA,1,2,Funky Bitch,662,true,Son Seals,332,0,1,0,,false,",",false,
1648264582,2016-10-09,2016,Night Shift Brewery,Everett,MA,1,3,Soul Shakedown Party,553,true,Bob Marley,359,0,1,0,,false,",",false,
1648264582,2016-10-09,2016,Night Shift Brewery,Everett,MA,1,4,Spanish Moon,556,true,Little Feat,310,0,1,0,,false,",",false,
1648264582,2016-10-09,2016,Night Shift Brewery,Everett,MA,1,5,Peaches En Regalia,530,true,Frank Zappa,181,0,1,0,,false,",",false,
1648264582,2016-10-09,2016,Night Shift Brewery,Everett,MA,1,6,Mustang Sally,427,true,Wilson Pickett,417,21,3,20,,false,",",false,closer|encore
1648264582,2016-10-09,2016,Night Shift Brewery,Everett,MA,1,7,Caravan,804,true,Van Morrison,291,0,1,0,,false,",",false,
1648264582,2016-10-09,2016,Night Shift Brewery,Everett,MA,1,8,Stand By Me,833,true,Ben E. King,252,0,1,0,,false,",",false,
1648264582,2016-10-09,2016,Night Shift Brewery,Everett,MA,1,9,Shama Lama Ding Dong,545,true,Otis Day and The Knights,229,0,1,0,,false,",",false,encore
1648264582,2016-10-09,2016,Night Shift Brewery,Everett,MA,1,10,Shout,550,true,The Isley Brothers,318,26,2,20,,false,",",false,closer|encore
1648264582,2016-10-09,2016,Night Shift Brewery,Everett,MA,1,11,Loving Cup,834,true,The Rolling Stones,376,0,1,0,,false,",",false,
1648264582,2016-10-09,2016,Night Shift Brewery,Everett,MA,1,12,Don't Do It,460,true,The Band,479,3,2,0,,false,",",false,closer|encore
1648264582,2016-10-09,2016,Night Shift Brewery,Everett,MA,1,13,Boogie On Reggae Woman,441,true,Stevie Wonder,594,3,4,0,,false,",",false,
1648264582,2016-10-09,2016,Night Shift Brewery,Everett,MA,1,14,Also Sprach Zarathustra,433,true,Deodato,592,8,2,10,,false,",",false,closer
1648264582,2016-10-09,2016,Night Shift Brewery,Everett,MA,1,15,Factory Fiction,473,false,Vasudo,726,0,1,0,,false,",",false,closer|jam|peak|encore
1648264582,2016-10-09,2016,Night Shift Brewery,Everett,MA,1,16,I Wish,495,true,Stevie Wonder,439,2,4,0,,false,",",false,
1648264582,2016-10-09,2016,Night Shift Brewery,Everett,MA,1,17,First Tube,634,true,Phish,333,0,1,0,,false,",",false,
1648264582,2016-10-09,2016,Night Shift Brewery,Everett,MA,1,18,Turn On Your Love Light,578,true,Bobby Blue Bland,459,3,3,0,,false,,false,closer|encore
1616034399,2016-10-23,2016,Vinyl Street Cafe,Fairfield,CT,1,1,Arcadia,403,false,,,1,17,0,,false,",",false,closer
1616034399,2016-10-23,2016,Vinyl Street Cafe,Fairfield,CT,1,2,Lead the Way,406,false,,,2,12,0,,false,",",false,opener
1616034399,2016-10-23,2016,Vinyl Street Cafe,Fairfield,CT,1,3,Indian River,410,false,,,1,11,0,,false,",",false,
1616034399,2016-10-23,2016,Vinyl Street Cafe,Fairfield,CT,1,4,Madhuvan,512,false,,,1,8,0,,false,",",false,opener|closer|jam
1616034399,2016-10-23,2016,Vinyl Street Cafe,Fairfield,CT,1,5,Your Ocean,590,false,,,21,3,20,,false,",",false,
1616034399,2016-10-23,2016,Vinyl Street Cafe,Fairfield,CT,1,6,Christmas Card From A Hooker In Minneapolis,448,true,Tom Waits,,0,1,0,,false,",",false,encore
1616034399,2016-10-23,2016,Vinyl Street Cafe,Fairfield,CT,1,7,So Ready,421,false,,,1,14,0,,false,",",false,closer
1616034399,2016-10-23,2016,Vinyl Street Cafe,Fairfield,CT,1,8,Peggy-O,531,true,Grateful Dead,,24,2,20,,false,,false,
1743794784,2016-10-29,2016,Space Ballroom,Hamden,CT,1,1,Foxy Lady,1,true,,,0,1,0,,false,",",false,
1616034185,2016-11-19,2016,The Acoustic,Bridgeport,CT,1,1,Lead the Way,406,false,,,1,13,0,,false,",",false,opener
1616034185,2016-11-19,2016,The Acoustic,Bridgeport,CT,1,2,Madhuvan,512,false,,,1,9,0,,false,",",false,opener|closer|jam
1616034185,2016-11-19,2016,The Acoustic,Bridgeport,CT,1,3,Arcadia,403,false,,,1,18,0,,false,",",false,closer
1616034185,2016-11-19,2016,The Acoustic,Bridgeport,CT,1,4,Hard To Handle,485,true,Otis Redding,,30,2,20,,false,",",false,closer
1616034185,2016-11-19,2016,The Acoustic,Bridgeport,CT,1,5,Jive I,411,false,,,3,14,0,,false,",",false,
1616034185,2016-11-19,2016,The Acoustic,Bridgeport,CT,1,6,Indian River,410,false,,,1,12,0,,false,",",false,
1616034185,2016-11-19,2016,The Acoustic,Bridgeport,CT,1,7,Creatures,420,false,,,3,7,0,,false,",",false,jam
1616034185,2016-11-19,2016,The Acoustic,Bridgeport,CT,1,8,So Ready,421,false,,,1,15,0,,false,",",false,closer
1616034185,2016-11-19,2016,The Acoustic,Bridgeport,CT,1,9,Shama Lama Ding Dong,545,true,Otis Day and The Knights,,2,2,0,,false,",",false,encore
1614304915,2016-11-23,2016,O'Neill's Irish Pub &amp; Restaurant,Norwalk,CT,1,1,Cantaloupe Island,444,true,Herbie Hancock,,12,4,10,,false,",",false,
1614304915,2016-11-23,2016,O'Neill's Irish Pub &amp; Restaurant,Norwalk,CT,1,2,Soul Shakedown Party,553,true,Bob Marley,,3,2,0,,false,",",false,
1614304915,2016-11-23,2016,O'Neill's Irish Pub &amp; Restaurant,Norwalk,CT,1,3,Pumped Up Kicks,534,true,Foster The People,,0,1,0,,false,",",false,
1614304915,2016-11-23,2016,O'Neill's Irish Pub &amp; Restaurant,Norwalk,CT,1,4,Arcadia,403,false,,,0,19,0,,false,",",false,closer
1614304915,2016-11-23,2016,O'Neill's Irish Pub &amp; Restaurant,Norwalk,CT,1,5,Escape (The Piña Colada Song),469,true,Rupert Holmes,,0,1,0,,false,",",false,opener|encore
1614304915,2016-11-23,2016,O'Neill's Irish Pub &amp; Restaurant,Norwalk,CT,1,6,Take On Me,565,true,A-Ha,,0,1,0,,false,>,true,
1614304915,2016-11-23,2016,O'Neill's Irish Pub &amp; Restaurant,Norwalk,CT,1,7,Psycho Killer,633,true,Talking Heads,,0,1,0,,false,>,true,ballad
1614304915,2016-11-23,2016,O'Neill's Irish Pub &amp; Restaurant,Norwalk,CT,1,8,First Tube,634,true,Phish,,3,2,0,,false,>,true,
1614304915,2016-11-23,2016,O'Neill's Irish Pub &amp; Restaurant,Norwalk,CT,1,9,Kung Fu Fighting,504,true,Carl Douglas,,0,1,0,,false,>,true,
1614304915,2016-11-23,2016,O'Neill's Irish Pub &amp; Restaurant,Norwalk,CT,1,10,Flodown,478,false,Vasudo,,7,6,0,,false,",",false,
1614304915,2016-11-23,2016,O'Neill's Irish Pub &amp; Restaurant,Norwalk,CT,1,11,Dancing In The Moonlight,456,true,King Harvest,,30,2,20,,false,>,true,encore
1614304915,2016-11-23,2016,O'Neill's Irish Pub &amp; Restaurant,Norwalk,CT,1,12,Danger Zone,457,true,Kenny Loggins,,0,1,0,,false,>,true,
1614304915,2016-11-23,2016,O'Neill's Irish Pub &amp; Restaurant,Norwalk,CT,1,13,Also Sprach Zarathustra,433,true,Deodato,,3,3,0,,false,",",false,closer
1614304915,2016-11-23,2016,O'Neill's Irish Pub &amp; Restaurant,Norwalk,CT,1,14,Jam,802,false,,,25,5,20,,false,",",false,opener|jam
1614304915,2016-11-23,2016,O'Neill's Irish Pub &amp; Restaurant,Norwalk,CT,1,15,Hard To Handle,485,true,Otis Redding,,0,3,0,,false,>,true,closer
1614304915,2016-11-23,2016,O'Neill's Irish Pub &amp; Restaurant,Norwalk,CT,1,16,Peaches En Regalia,530,true,Frank Zappa,,3,2,0,,false,>,true,
1614304915,2016-11-23,2016,O'Neill's Irish Pub &amp; Restaurant,Norwalk,CT,1,17,Crosseyed & Painless,455,true,Talking Heads,,7,4,0,,false,>,true,
1614304915,2016-11-23,2016,O'Neill's Irish Pub &amp; Restaurant,Norwalk,CT,1,18,I Wish,495,true,Stevie Wonder,,3,5,0,,false,",",false,
1614304915,2016-11-23,2016,O'Neill's Irish Pub &amp; Restaurant,Norwalk,CT,1,19,I Will Survive,635,true,Gloria Gaynor,,0,1,0,,false,>,true,
1614304915,2016-11-23,2016,O'Neill's Irish Pub &amp; Restaurant,Norwalk,CT,1,20,Shakedown Street,630,true,Grateful Dead,,0,1,0,,false,,false,
1614304915,2016-11-23,2016,O'Neill's Irish Pub &amp; Restaurant,Norwalk,CT,E,21,Turn On Your Love Light,578,true,Bobby Blue Bland,,3,4,0,,false,,false,closer|encore
1616032614,2016-12-16,2016,Garcia's at The Capitol Theatre,Port Chester,NY,1,1,Lead the Way,406,false,,,1,14,0,,false,",",false,opener
1616032614,2016-12-16,2016,Garcia's at The Capitol Theatre,Port Chester,NY,1,2,Jive II,413,false,,,10,6,10,,false,",",false,opener
1616032614,2016-12-16,2016,Garcia's at The Capitol Theatre,Port Chester,NY,1,3,Mississippi Half-Step Uptown Toodeloo,517,true,Grateful Dead,,15,3,10,,false,",",false,jam
1616032614,2016-12-16,2016,Garcia's at The Capitol Theatre,Port Chester,NY,1,4,Indian River,410,false,,,1,13,0,,false,>,true,
1616032614,2016-12-16,2016,Garcia's at The Capitol Theatre,Port Chester,NY,1,5,Jive I,411,false,,,1,15,0,,false,",",false,
1616032614,2016-12-16,2016,Garcia's at The Capitol Theatre,Port Chester,NY,1,6,So Ready,421,false,,,1,16,0,,false,",",false,closer
1616032614,2016-12-16,2016,Garcia's at The Capitol Theatre,Port Chester,NY,1,7,Crosseyed & Painless,455,true,Talking Heads,,0,5,0,,false,",",false,
1616032614,2016-12-16,2016,Garcia's at The Capitol Theatre,Port Chester,NY,1,8,Arcadia,403,false,,,0,20,0,,false,",",false,closer
1616032614,2016-12-16,2016,Garcia's at The Capitol Theatre,Port Chester,NY,1,9,Flodown,478,false,Vasudo,,0,7,0,,false,,false,
1615962713,2017-01-13,2017,Space Ballroom,Hamden,CT,1,1,Jive II,413,false,,,0,7,0,,false,",",false,opener
1615962713,2017-01-13,2017,Space Ballroom,Hamden,CT,1,2,Lead the Way,406,false,,,0,15,0,,false,",",false,opener
1615962713,2017-01-13,2017,Space Ballroom,Hamden,CT,1,3,Madhuvan,512,false,,,2,10,0,,false,",",false,opener|closer|jam
1615962713,2017-01-13,2017,Space Ballroom,Hamden,CT,1,4,Arcadia,403,false,,,0,21,0,,false,",",false,closer
1615962713,2017-01-13,2017,Space Ballroom,Hamden,CT,1,5,So Ready,421,false,,,0,17,0,,false,",",false,closer
1615962713,2017-01-13,2017,Space Ballroom,Hamden,CT,1,6,Cantaloupe Island,444,true,Herbie Hancock,,1,5,0,,false,",",false,
1615962713,2017-01-13,2017,Space Ballroom,Hamden,CT,1,7,Don't Do It,460,true,The Band,,5,3,0,,false,",",false,closer|encore
1615962713,2017-01-13,2017,Space Ballroom,Hamden,CT,1,8,Flodown,478,false,Vasudo,,0,8,0,,false,,false,
1615962491,2017-01-18,2017,Alchemy,Providence,RI,1,1,Jive I,411,false,,,1,16,0,,false,",",false,
1615962491,2017-01-18,2017,Alchemy,Providence,RI,1,2,Indian River,410,false,,,1,14,0,,false,",",false,
1615962491,2017-01-18,2017,Alchemy,Providence,RI,1,3,Arcadia,403,false,,,0,22,0,,false,",",false,closer
1615962491,2017-01-18,2017,Alchemy,Providence,RI,1,4,Crosseyed & Painless,455,true,Talking Heads,,1,6,0,,false,",",false,
1615962491,2017-01-18,2017,Alchemy,Providence,RI,1,5,A Western Sun,435,false,,,14,6,10,,false,",",false,
1615962491,2017-01-18,2017,Alchemy,Providence,RI,1,6,Turned Clouds,400,false,,,7,13,0,,false,",",false,
1615962491,2017-01-18,2017,Alchemy,Providence,RI,1,7,So Ready,421,false,,,0,18,0,,false,",",false,closer
1615962491,2017-01-18,2017,Alchemy,Providence,RI,1,8,Creatures,420,false,,,3,8,0,,false,",",false,jam
1615962491,2017-01-18,2017,Alchemy,Providence,RI,1,9,Lead the Way,406,false,,,0,16,0,,false,",",false,opener
1615962491,2017-01-18,2017,Alchemy,Providence,RI,1,10,Madhuvan,512,false,,,0,11,0,,false,,false,opener|closer|jam
1615962104,2017-01-28,2017,Garcia's at The Capitol Theatre,Port Chester,NY,1,1,Jam,802,false,,,3,6,0,,false,>,true,opener|jam
1615962104,2017-01-28,2017,Garcia's at The Capitol Theatre,Port Chester,NY,1,2,Madhuvan,512,false,,,0,12,0,,false,",",false,opener|closer|jam
1615962104,2017-01-28,2017,Garcia's at The Capitol Theatre,Port Chester,NY,1,3,Jive II,413,false,,,1,8,0,,false,",",false,opener
1615962104,2017-01-28,2017,Garcia's at The Capitol Theatre,Port Chester,NY,1,4,Brown-Eyed Women,443,true,Grateful Dead,,14,2,10,,false,",",false,closer
1615962104,2017-01-28,2017,Garcia's at The Capitol Theatre,Port Chester,NY,1,5,Elmeg The Wise,466,false,St. John's Revival,,14,2,10,,false,",",false,closer|encore
1615962104,2017-01-28,2017,Garcia's at The Capitol Theatre,Port Chester,NY,1,6,Flodown,478,false,Vasudo,,1,9,0,,false,",",false,
1615962104,2017-01-28,2017,Garcia's at The Capitol Theatre,Port Chester,NY,1,7,So Ready,421,false,,,0,19,0,,false,",",false,closer
1615962104,2017-01-28,2017,Garcia's at The Capitol Theatre,Port Chester,NY,1,8,Turned Clouds,400,false,,,0,14,0,,false,,false,
1615962104,2017-01-28,2017,Garcia's at The Capitol Theatre,Port Chester,NY,2,9,One Way Out,529,true,The Allman Brothers Band,,0,1,0,,false,",",false,
1615962104,2017-01-28,2017,Garcia's at The Capitol Theatre,Port Chester,NY,2,10,Wasted Words,632,true,The Allman Brothers Band,,0,1,0,,false,>,true,
1615962104,2017-01-28,2017,Garcia's at The Capitol Theatre,Port Chester,NY,2,11,In Memory Of Elizabeth Reed,497,true,The Allman Brothers Band,,0,1,0,,false,",",false,
1615962104,2017-01-28,2017,Garcia's at The Capitol Theatre,Port Chester,NY,2,12,All I Need,414,false,,,0,1,0,,false,",",false,jam
1615962104,2017-01-28,2017,Garcia's at The Capitol Theatre,Port Chester,NY,2,13,A Western Sun,435,false,,,0,7,0,,false,",",false,
1615962104,2017-01-28,2017,Garcia's at The Capitol Theatre,Port Chester,NY,2,14,Danger Zone,457,true,Kenny Loggins,,3,2,0,,false,>,true,
1615962104,2017-01-28,2017,Garcia's at The Capitol Theatre,Port Chester,NY,2,15,Creatures,420,false,,,0,9,0,,false,",",false,jam
1615962104,2017-01-28,2017,Garcia's at The Capitol Theatre,Port Chester,NY,2,16,One More Saturday Night,528,true,Grateful Dead,,8,7,10,,false,,false,closer|encore
1615961762,2017-02-08,2017,Nectar's,Burlington,VT,1,1,Jive I,411,false,,,1,17,0,,false,>,true,
1615961762,2017-02-08,2017,Nectar's,Burlington,VT,1,2,Madhuvan,512,false,,,0,13,0,,false,",",false,opener|closer|jam
1615961762,2017-02-08,2017,Nectar's,Burlington,VT,1,3,Indian River,410,false,,,1,15,0,,false,>,true,
1615961762,2017-02-08,2017,Nectar's,Burlington,VT,1,4,Crosseyed & Painless,455,true,Talking Heads,,1,7,0,,false,>,true,
1615961762,2017-02-08,2017,Nectar's,Burlington,VT,1,5,Spirit Of The Dark Horse,557,false,,,24,7,20,,false,>,true,
1615961762,2017-02-08,2017,Nectar's,Burlington,VT,1,6,Creatures,420,false,,,0,10,0,,false,",",false,jam
1615961762,2017-02-08,2017,Nectar's,Burlington,VT,1,7,Arcadia,403,false,,,1,23,0,,false,",",false,closer
1615961762,2017-02-08,2017,Nectar's,Burlington,VT,1,8,Turned Clouds,400,false,,,0,15,0,,false,,false,
1615961746,2017-02-10,2017,Gypsy Sally's,Washington,DC,1,1,Lead the Way,406,false,,,2,17,0,,false,",",false,opener
1615961746,2017-02-10,2017,Gypsy Sally's,Washington,DC,1,2,Madhuvan,512,false,,,0,14,0,,false,",",false,opener|closer|jam
1615961746,2017-02-10,2017,Gypsy Sally's,Washington,DC,1,3,Indian River,410,false,,,0,16,0,,false,",",false,
1615961746,2017-02-10,2017,Gypsy Sally's,Washington,DC,1,4,Jive I,411,false,,,0,18,0,,false,",",false,
1615961746,2017-02-10,2017,Gypsy Sally's,Washington,DC,1,5,Crosseyed & Painless,455,true,Talking Heads,,0,8,0,,false,",",false,
1615961746,2017-02-10,2017,Gypsy Sally's,Washington,DC,1,6,Arcadia,403,false,,,0,24,0,,false,",",false,closer
1615961746,2017-02-10,2017,Gypsy Sally's,Washington,DC,1,7,So Ready,421,false,,,1,20,0,,false,,false,closer
1615961722,2017-02-11,2017,Pacific Standard Tavern,New Haven,CT,1,1,Madhuvan,512,false,,,0,15,0,,false,",",false,opener|closer|jam
1615961722,2017-02-11,2017,Pacific Standard Tavern,New Haven,CT,1,2,Jive I,411,false,,,0,19,0,,false,",",false,
1615961722,2017-02-11,2017,Pacific Standard Tavern,New Haven,CT,1,3,Rosewood Heart,412,false,,,22,4,20,,false,>,true,jam|peak
1615961722,2017-02-11,2017,Pacific Standard Tavern,New Haven,CT,1,4,Spirit Of The Dark Horse,557,false,,,1,8,0,,false,",",false,
1615961722,2017-02-11,2017,Pacific Standard Tavern,New Haven,CT,1,5,Creatures,420,false,,,1,11,0,,false,",",false,jam
1615961722,2017-02-11,2017,Pacific Standard Tavern,New Haven,CT,1,6,Turned Clouds,400,false,,,1,16,0,,false,",",false,
1615961722,2017-02-11,2017,Pacific Standard Tavern,New Haven,CT,1,7,So Ready,421,false,,,0,21,0,,false,",",false,closer
1615961722,2017-02-11,2017,Pacific Standard Tavern,New Haven,CT,1,8,In Memory Of Elizabeth Reed,497,true,The Allman Brothers Band,,2,2,0,,false,",",false,
1615961722,2017-02-11,2017,Pacific Standard Tavern,New Haven,CT,1,9,One More Saturday Night,528,true,Grateful Dead,,2,8,0,,false,,false,closer|encore
1615961628,2017-02-25,2017,Arch Street Tavern,Hartford,CT,1,1,So Ready,421,false,,,0,22,0,,false,",",false,closer
1615961628,2017-02-25,2017,Arch Street Tavern,Hartford,CT,1,2,Arcadia,403,false,,,1,25,0,,false,",",false,closer
1615961628,2017-02-25,2017,Arch Street Tavern,Hartford,CT,1,3,Madhuvan,512,false,,,0,16,0,,false,",",false,opener|closer|jam
1615961628,2017-02-25,2017,Arch Street Tavern,Hartford,CT,1,4,Don't Do It,460,true,The Band,,5,4,0,,false,",",false,closer|encore
1615961628,2017-02-25,2017,Arch Street Tavern,Hartford,CT,1,5,Jive I,411,false,,,0,20,0,,false,",",false,
1615961628,2017-02-25,2017,Arch Street Tavern,Hartford,CT,1,6,Indian River,410,false,,,1,17,0,,false,",",false,
1615961628,2017-02-25,2017,Arch Street Tavern,Hartford,CT,1,7,Me & My Uncle,592,true,John Philips,,15,6,10,,false,",",false,opener
1615961628,2017-02-25,2017,Arch Street Tavern,Hartford,CT,1,8,Flodown,478,false,Vasudo,,3,10,0,,false,,false,
1615961468,2017-03-24,2017,The Acoustic,Bridgeport,CT,1,1,Lead the Way,406,false,,,2,18,0,,false,",",false,opener
1615961468,2017-03-24,2017,The Acoustic,Bridgeport,CT,1,2,Madhuvan,512,false,,,0,17,0,,false,",",false,opener|closer|jam
1615961468,2017-03-24,2017,The Acoustic,Bridgeport,CT,1,3,Indian River,410,false,,,0,18,0,,false,",",false,
1615961468,2017-03-24,2017,The Acoustic,Bridgeport,CT,1,4,Flodown,478,false,Vasudo,,0,11,0,,false,",",false,
1615961468,2017-03-24,2017,The Acoustic,Bridgeport,CT,1,5,Creatures,420,false,,,1,12,0,,false,",",false,jam
1615961468,2017-03-24,2017,The Acoustic,Bridgeport,CT,1,6,Arcadia,403,false,,,0,26,0,,false,",",false,closer
1615961468,2017-03-24,2017,The Acoustic,Bridgeport,CT,1,7,Up On Cripple Creek,580,true,The Band,,12,4,10,,false,",",false,opener
1615961468,2017-03-24,2017,The Acoustic,Bridgeport,CT,1,8,Turned Clouds,400,false,,,1,17,0,,false,,false,
1743798013,2017-03-25,2017,The Iron Horse,Northampton,MA,1,1,Hard To Handle,485,true,Otis Redding,,9,4,10,,false,",",false,closer
1616029967,2017-04-01,2017,American Beauty,New York,NY,1,1,So Ready,421,false,,,2,23,0,,false,",",false,closer
1616029967,2017-04-01,2017,American Beauty,New York,NY,1,2,Wysteria Lane,405,false,Vasudo,,0,1,0,,false,",",false,opener|jam|peak
1616029967,2017-04-01,2017,American Beauty,New York,NY,1,3,Shama Lama Ding Dong,545,true,Otis Day and The Knights,,11,3,10,,false,",",false,encore
1616029967,2017-04-01,2017,American Beauty,New York,NY,1,4,Arcadia,403,false,,,1,27,0,,false,",",false,closer
1679182964,2017-04-29,2017,Snug Harbor,New Paltz,NY,1,1,Switchin',564,true,Wes Montgomery,,26,3,20,,false,",",false,opener
1679182964,2017-04-29,2017,Snug Harbor,New Paltz,NY,1,2,Madhuvan,512,false,,,2,18,0,,false,",",false,opener|closer|jam
1679182964,2017-04-29,2017,Snug Harbor,New Paltz,NY,1,3,Indian River,410,false,,,2,19,0,,false,",",false,
1679182964,2017-04-29,2017,Snug Harbor,New Paltz,NY,1,4,Jive I,411,false,,,3,21,0,,false,>,true,
1679182964,2017-04-29,2017,Snug Harbor,New Paltz,NY,1,5,Arcadia,403,false,,,0,28,0,,false,",",false,closer
1679182964,2017-04-29,2017,Snug Harbor,New Paltz,NY,1,6,Creatures,420,false,,,2,13,0,,false,",",false,jam
1679182964,2017-04-29,2017,Snug Harbor,New Paltz,NY,1,7,Crosseyed & Painless,455,true,Talking Heads,,5,9,0,,false,",",false,
1679182964,2017-04-29,2017,Snug Harbor,New Paltz,NY,1,8,Turned Clouds,400,false,,,2,18,0,,false,",",false,
1679182964,2017-04-29,2017,Snug Harbor,New Paltz,NY,1,9,So Ready,421,false,,,0,24,0,,false,,false,closer
1615961143,2017-05-10,2017,The Warehouse at FTC,Fairfield,CT,1,1,Madhuvan,512,false,,,0,19,0,,false,",",false,opener|closer|jam
1615961143,2017-05-10,2017,The Warehouse at FTC,Fairfield,CT,1,2,Lead the Way,406,false,,,3,19,0,,false,",",false,opener
1615961143,2017-05-10,2017,The Warehouse at FTC,Fairfield,CT,1,3,Jive I,411,false,,,0,22,0,,false,",",false,
1615961143,2017-05-10,2017,The Warehouse at FTC,Fairfield,CT,1,4,Indian River,410,false,,,0,20,0,,false,",",false,
1615961143,2017-05-10,2017,The Warehouse at FTC,Fairfield,CT,1,5,Switchin',564,true,Wes Montgomery,,0,4,0,,false,",",false,opener
1615961143,2017-05-10,2017,The Warehouse at FTC,Fairfield,CT,1,6,Creatures,420,false,,,0,14,0,,false,",",false,jam
1615961143,2017-05-10,2017,The Warehouse at FTC,Fairfield,CT,1,7,Turned Clouds,400,false,,,0,19,0,,false,",",false,
1615961143,2017-05-10,2017,The Warehouse at FTC,Fairfield,CT,1,8,Arcadia,403,false,,,0,29,0,,false,,false,closer
1615961069,2017-05-19,2017,Lamasco Bar,Evansville,IN,1,1,Switchin',564,true,Wes Montgomery,,0,5,0,,false,",",false,opener
1615961069,2017-05-19,2017,Lamasco Bar,Evansville,IN,1,2,Lead the Way,406,false,,,0,20,0,,false,",",false,opener
1615961069,2017-05-19,2017,Lamasco Bar,Evansville,IN,1,3,Me & My Uncle,592,true,John Philips,,5,7,0,,false,",",false,opener
1615961069,2017-05-19,2017,Lamasco Bar,Evansville,IN,1,4,Jive II,413,false,,,9,9,10,,false,",",false,opener
1615961069,2017-05-19,2017,Lamasco Bar,Evansville,IN,1,5,Peggy-O,531,true,Grateful Dead,,16,3,10,,false,",",false,
1615961069,2017-05-19,2017,Lamasco Bar,Evansville,IN,1,6,Madhuvan,512,false,,,0,20,0,,false,",",false,opener|closer|jam
1615961069,2017-05-19,2017,Lamasco Bar,Evansville,IN,1,7,Atlas,439,true,The Wood Brothers,,26,3,20,,false,",",false,opener
1615961069,2017-05-19,2017,Lamasco Bar,Evansville,IN,1,8,All I Need,414,false,,,9,2,10,,false,",",false,jam
1615961069,2017-05-19,2017,Lamasco Bar,Evansville,IN,1,9,A Western Sun,435,false,,,9,8,10,,false,,false,
1669048356,2017-05-20,2017,Carnton Plantation,Franklin,TN,1,1,How Sweet It Is (To Be Loved By You),810,true,James Taylor,,0,1,0,,false,",",false,
1669048356,2017-05-20,2017,Carnton Plantation,Franklin,TN,1,2,You Are So Beautiful,811,true,Joe Cocker,,0,1,0,,false,",",false,
1669048356,2017-05-20,2017,Carnton Plantation,Franklin,TN,1,3,Hallelujah,760,true,Leonard Cohen,,0,1,0,,false,",",false,
1669048356,2017-05-20,2017,Carnton Plantation,Franklin,TN,1,4,I Wish,495,true,Stevie Wonder,,14,6,10,,false,",",false,
1669048356,2017-05-20,2017,Carnton Plantation,Franklin,TN,1,5,Mustang Sally,427,true,Wilson Pickett,,18,4,10,,false,",",false,closer|encore
1669048356,2017-05-20,2017,Carnton Plantation,Franklin,TN,1,6,Hard To Handle,485,true,Otis Redding,,4,5,0,,false,",",false,closer
1669048356,2017-05-20,2017,Carnton Plantation,Franklin,TN,1,7,Up On Cripple Creek,580,true,The Band,,5,5,0,,false,",",false,opener
1669048356,2017-05-20,2017,Carnton Plantation,Franklin,TN,1,8,Stand By Me,833,true,Ben E. King,,18,2,10,,false,",",false,
1669048356,2017-05-20,2017,Carnton Plantation,Franklin,TN,1,9,Wild Night,588,true,Van Morrison,,21,5,20,,false,",",false,opener|closer
1669048356,2017-05-20,2017,Carnton Plantation,Franklin,TN,1,10,"Signed, Sealed, Delivered",812,true,Stevie Wonder,,0,1,0,,false,",",false,
1669048356,2017-05-20,2017,Carnton Plantation,Franklin,TN,1,11,Dancing In The Moonlight,456,true,King Harvest,,14,3,10,,false,",",false,encore
1669048356,2017-05-20,2017,Carnton Plantation,Franklin,TN,1,12,Let's Dance,506,true,David Bowie,,0,1,0,,false,",",false,
1669048356,2017-05-20,2017,Carnton Plantation,Franklin,TN,1,13,Shout,550,true,The Isley Brothers,,18,3,10,,false,,false,closer|encore
1669048356,2017-05-20,2017,Carnton Plantation,Franklin,TN,2,14,Revival,868,true,The Allman Brothers Band,,0,1,0,,false,",",false,
1669048356,2017-05-20,2017,Carnton Plantation,Franklin,TN,2,15,Burning Down the House,813,true,Talking Heads,,0,1,0,,false,",",false,
1669048356,2017-05-20,2017,Carnton Plantation,Franklin,TN,2,16,Boogie On Reggae Woman,441,true,Stevie Wonder,,18,5,10,,false,",",false,
1669048356,2017-05-20,2017,Carnton Plantation,Franklin,TN,2,17,Shama Lama Ding Dong,545,true,Otis Day and The Knights,,3,4,0,,false,",",false,encore
1669048356,2017-05-20,2017,Carnton Plantation,Franklin,TN,2,18,Get Lucky,814,true,Daft Punk,,0,1,0,,false,",",false,
1669048356,2017-05-20,2017,Carnton Plantation,Franklin,TN,2,19,Billie Jean,440,true,Michael Jackson,,29,4,20,,false,",",false,
1669048356,2017-05-20,2017,Carnton Plantation,Franklin,TN,2,20,Atlas,439,true,The Wood Brothers,,0,4,0,,false,",",false,opener
1669048356,2017-05-20,2017,Carnton Plantation,Franklin,TN,2,21,One More Saturday Night,528,true,Grateful Dead,,7,9,0,,false,",",false,closer|encore
1669048356,2017-05-20,2017,Carnton Plantation,Franklin,TN,2,22,Turn On Your Love Light,578,true,Bobby Blue Bland,,14,5,10,,false,,false,closer|encore
1615960973,2017-06-07,2017,StageOne at FTC,Fairfield,CT,1,1,Arcadia,403,false,,,2,30,0,,false,",",false,closer
1615873444,2017-07-08,2017,Dunedin Brewery,Dunedin,FL,1,1,Lead the Way,406,false,,,2,21,0,,false,",",false,opener
1615873444,2017-07-08,2017,Dunedin Brewery,Dunedin,FL,1,2,Atlas,439,true,The Wood Brothers,,1,5,0,,false,>,true,opener
1615873444,2017-07-08,2017,Dunedin Brewery,Dunedin,FL,1,3,Indian River,410,false,,,3,21,0,,false,",",false,
1615873444,2017-07-08,2017,Dunedin Brewery,Dunedin,FL,1,4,Green River,482,true,Creedence Clearwater Revival,,27,2,20,,false,",",false,
1615873444,2017-07-08,2017,Dunedin Brewery,Dunedin,FL,1,5,Arcadia,403,false,,,0,31,0,,false,",",false,closer
1615873444,2017-07-08,2017,Dunedin Brewery,Dunedin,FL,1,6,Madhuvan,512,false,,,2,21,0,,false,",",false,opener|closer|jam
1615873444,2017-07-08,2017,Dunedin Brewery,Dunedin,FL,1,7,Don't Do It,460,true,The Band,,8,5,10,,false,",",false,closer|encore
1615873444,2017-07-08,2017,Dunedin Brewery,Dunedin,FL,1,8,Turned Clouds,400,false,,,3,20,0,,false,,false,
1615873444,2017-07-08,2017,Dunedin Brewery,Dunedin,FL,2,9,Jive II,413,false,,,2,10,0,,false,",",false,opener
1615873444,2017-07-08,2017,Dunedin Brewery,Dunedin,FL,2,10,One More Day,527,true,The Wood Brothers,,22,6,20,,false,",",false,
1615873444,2017-07-08,2017,Dunedin Brewery,Dunedin,FL,2,11,Revival,631,true,Zach Williams,,0,1,0,,false,>,true,opener
1615873444,2017-07-08,2017,Dunedin Brewery,Dunedin,FL,2,12,One Way Out,529,true,The Allman Brothers Band,,12,2,10,,false,",",false,
1615873444,2017-07-08,2017,Dunedin Brewery,Dunedin,FL,2,13,All I Need,414,false,,,2,3,0,,false,>,true,jam
1615873444,2017-07-08,2017,Dunedin Brewery,Dunedin,FL,2,14,Brown-Eyed Women,443,true,Grateful Dead,,12,3,10,,false,",",false,closer
1615873444,2017-07-08,2017,Dunedin Brewery,Dunedin,FL,2,15,Flodown,478,false,Vasudo,,7,12,0,,false,",",false,
1615873444,2017-07-08,2017,Dunedin Brewery,Dunedin,FL,2,16,Mississippi Half-Step Uptown Toodeloo,517,true,Grateful Dead,,15,4,10,,false,,false,jam
1615873444,2017-07-08,2017,Dunedin Brewery,Dunedin,FL,3,17,Compared To What,453,true,Gene McDaniels,,0,1,0,,false,",",false,
1615873444,2017-07-08,2017,Dunedin Brewery,Dunedin,FL,3,18,Jive I,411,false,,,3,23,0,,false,",",false,
1615873444,2017-07-08,2017,Dunedin Brewery,Dunedin,FL,3,19,Hard To Handle,485,true,Otis Redding,,1,6,0,,false,",",false,closer
1615873444,2017-07-08,2017,Dunedin Brewery,Dunedin,FL,3,20,So Ready,421,false,,,4,25,0,,false,,false,closer
1615873444,2017-07-08,2017,Dunedin Brewery,Dunedin,FL,E,21,One More Saturday Night,528,true,Grateful Dead,,1,10,0,,false,,false,closer|encore
1615960408,2017-07-12,2017,The Charleston Pour House,Charleston,SC,1,1,Switchin',564,true,Wes Montgomery,,3,6,0,,false,>,true,opener
1615960408,2017-07-12,2017,The Charleston Pour House,Charleston,SC,1,2,Indian River,410,false,,,0,22,0,,false,",",false,
1615960408,2017-07-12,2017,The Charleston Pour House,Charleston,SC,1,3,Arcadia,403,false,,,0,32,0,,false,",",false,closer
1615960408,2017-07-12,2017,The Charleston Pour House,Charleston,SC,1,4,Let's Dance,506,true,David Bowie,,2,2,0,,false,",",false,
1615960408,2017-07-12,2017,The Charleston Pour House,Charleston,SC,1,5,So Ready,421,false,,,0,26,0,,false,",",false,closer
1615960408,2017-07-12,2017,The Charleston Pour House,Charleston,SC,1,6,Turned Clouds,400,false,,,0,21,0,,false,>,true,
1615960408,2017-07-12,2017,The Charleston Pour House,Charleston,SC,1,7,Jive II,413,false,,,0,11,0,,false,>,true,opener
1615960408,2017-07-12,2017,The Charleston Pour House,Charleston,SC,1,8,Crosseyed & Painless,455,true,Talking Heads,,5,10,0,,false,",",false,
1615960408,2017-07-12,2017,The Charleston Pour House,Charleston,SC,1,9,Jive I,411,false,,,0,24,0,,false,",",false,
1615960408,2017-07-12,2017,The Charleston Pour House,Charleston,SC,1,10,Flodown,478,false,Vasudo,,0,13,0,,false,",",false,
1615960408,2017-07-12,2017,The Charleston Pour House,Charleston,SC,1,11,Turn On Your Love Light,578,true,Bobby Blue Bland,,2,6,0,,false,,false,closer|encore
1615875210,2017-07-13,2017,The Evening Muse,Charlotte,NC,1,1,Revival,631,true,Zach Williams,,1,2,0,,false,>,true,opener
1615875210,2017-07-13,2017,The Evening Muse,Charlotte,NC,1,2,All I Need,414,false,,,1,4,0,,false,",",false,jam
1615875210,2017-07-13,2017,The Evening Muse,Charlotte,NC,1,3,A Western Sun,435,false,,,4,9,0,,false,",",false,
1615875210,2017-07-13,2017,The Evening Muse,Charlotte,NC,1,4,Madhuvan,512,false,,,1,22,0,,false,",",false,opener|closer|jam
1615875210,2017-07-13,2017,The Evening Muse,Charlotte,NC,1,5,I Wish,495,true,Stevie Wonder,,3,7,0,,false,",",false,
1615875210,2017-07-13,2017,The Evening Muse,Charlotte,NC,1,6,Turned Clouds,400,false,,,0,22,0,,false,",",false,
1615875210,2017-07-13,2017,The Evening Muse,Charlotte,NC,1,7,Creatures,420,false,,,5,15,0,,false,",",false,jam
1615875210,2017-07-13,2017,The Evening Muse,Charlotte,NC,1,8,Don't Do It,460,true,The Band,,1,6,0,,false,,false,closer|encore
1615875210,2017-07-13,2017,The Evening Muse,Charlotte,NC,2,9,Compared To What,453,true,Gene McDaniels,,1,2,0,,false,>,true,
1615875210,2017-07-13,2017,The Evening Muse,Charlotte,NC,2,10,Spirit Of The Dark Horse,557,false,,,11,9,10,,false,",",false,
1615875210,2017-07-13,2017,The Evening Muse,Charlotte,NC,2,11,In Memory Of Elizabeth Reed,497,true,The Allman Brothers Band,,11,3,10,,false,",",false,
1615875210,2017-07-13,2017,The Evening Muse,Charlotte,NC,2,12,Rosewood Heart,412,false,,,11,5,10,,false,",",false,jam|peak
1615875210,2017-07-13,2017,The Evening Muse,Charlotte,NC,2,13,Peaches En Regalia,530,true,Frank Zappa,,18,3,10,,false,,false,
1615960115,2017-07-14,2017,The Whiskey,Wilmington,NC,1,1,Me & My Uncle,592,true,John Philips,,5,8,0,,false,",",false,opener
1615960115,2017-07-14,2017,The Whiskey,Wilmington,NC,1,2,Lead the Way,406,false,,,2,22,0,,false,>,true,opener
1615960115,2017-07-14,2017,The Whiskey,Wilmington,NC,1,3,Indian River,410,false,,,1,23,0,,false,",",false,
1615960115,2017-07-14,2017,The Whiskey,Wilmington,NC,1,4,All I Need,414,false,,,0,5,0,,false,",",false,jam
1615960115,2017-07-14,2017,The Whiskey,Wilmington,NC,1,5,Soul Shakedown Party,553,true,Bob Marley,,19,3,10,,false,",",false,
1615960115,2017-07-14,2017,The Whiskey,Wilmington,NC,1,6,Turned Clouds,400,false,,,0,23,0,,false,",",false,
1615960115,2017-07-14,2017,The Whiskey,Wilmington,NC,1,7,Jive I,411,false,,,1,25,0,,false,>,true,
1615960115,2017-07-14,2017,The Whiskey,Wilmington,NC,1,8,Creatures,420,false,,,0,16,0,,false,",",false,jam
1615960115,2017-07-14,2017,The Whiskey,Wilmington,NC,1,9,Flodown,478,false,Vasudo,,1,14,0,,false,,false,
1615960115,2017-07-14,2017,The Whiskey,Wilmington,NC,2,10,Atlas,439,true,The Wood Brothers,,2,6,0,,false,",",false,opener
1615960115,2017-07-14,2017,The Whiskey,Wilmington,NC,2,11,Wysteria Lane,405,false,Vasudo,,8,2,10,,false,",",false,opener|jam|peak
1615960115,2017-07-14,2017,The Whiskey,Wilmington,NC,2,12,Peggy-O,531,true,Grateful Dead,,5,4,0,,false,",",false,
1615960115,2017-07-14,2017,The Whiskey,Wilmington,NC,2,13,Madhuvan,512,false,,,0,23,0,,false,",",false,opener|closer|jam
1615960115,2017-07-14,2017,The Whiskey,Wilmington,NC,2,14,A Western Sun,435,false,,,0,10,0,,false,",",false,
1615960115,2017-07-14,2017,The Whiskey,Wilmington,NC,2,15,Hard To Handle,485,true,Otis Redding,,2,7,0,,false,",",false,closer
1615960115,2017-07-14,2017,The Whiskey,Wilmington,NC,2,16,Arcadia,403,false,,,1,33,0,,false,",",false,closer
1615960115,2017-07-14,2017,The Whiskey,Wilmington,NC,2,17,Shama Lama Ding Dong,545,true,Otis Day and The Knights,,4,5,0,,false,>,true,encore
1615960115,2017-07-14,2017,The Whiskey,Wilmington,NC,2,18,Mustang Sally,427,true,Wilson Pickett,,4,5,0,,false,",",false,closer|encore
1615960115,2017-07-14,2017,The Whiskey,Wilmington,NC,2,19,So Ready,421,false,,,1,27,0,,false,,false,closer
1615959437,2017-07-15,2017,Sierra Nevada Brewing Co.,Fletcher,NC,1,1,Up On Cripple Creek,580,true,The Band,,5,6,0,,false,",",false,opener
1615959437,2017-07-15,2017,Sierra Nevada Brewing Co.,Fletcher,NC,1,2,Lead the Way,406,false,,,0,23,0,,false,",",false,opener
1615959437,2017-07-15,2017,Sierra Nevada Brewing Co.,Fletcher,NC,1,3,Indian River,410,false,,,0,24,0,,false,",",false,
1615959437,2017-07-15,2017,Sierra Nevada Brewing Co.,Fletcher,NC,1,4,Green River,482,true,Creedence Clearwater Revival,,3,3,0,,false,",",false,
1615959437,2017-07-15,2017,Sierra Nevada Brewing Co.,Fletcher,NC,1,5,Turned Clouds,400,false,,,0,24,0,,false,",",false,
1615959437,2017-07-15,2017,Sierra Nevada Brewing Co.,Fletcher,NC,1,6,I Wish,495,true,Stevie Wonder,,1,8,0,,false,",",false,
1615959437,2017-07-15,2017,Sierra Nevada Brewing Co.,Fletcher,NC,1,7,Revival,631,true,Zach Williams,,1,3,0,,false,",",false,opener
1615959437,2017-07-15,2017,Sierra Nevada Brewing Co.,Fletcher,NC,1,8,Mississippi Half-Step Uptown Toodeloo,517,true,Grateful Dead,,3,5,0,,false,",",false,jam
1615959437,2017-07-15,2017,Sierra Nevada Brewing Co.,Fletcher,NC,1,9,Madhuvan,512,false,,,0,24,0,,false,",",false,opener|closer|jam
1615959437,2017-07-15,2017,Sierra Nevada Brewing Co.,Fletcher,NC,1,10,Use Me,581,true,Bill Withers,,34,5,20,,false,",",false,opener|closer
1615959437,2017-07-15,2017,Sierra Nevada Brewing Co.,Fletcher,NC,1,11,Don't Do It,460,true,The Band,,1,7,0,,false,",",false,closer|encore
1615959437,2017-07-15,2017,Sierra Nevada Brewing Co.,Fletcher,NC,1,12,Arcadia,403,false,,,0,34,0,,false,",",false,closer
1615959437,2017-07-15,2017,Sierra Nevada Brewing Co.,Fletcher,NC,1,13,Turn On Your Love Light,578,true,Bobby Blue Bland,,2,7,0,,false,,false,closer|encore
1615875482,2017-08-19,2017,The Acoustic,Bridgeport,CT,1,1,Flodown,478,false,Vasudo,,1,15,0,,false,",",false,
1615875482,2017-08-19,2017,The Acoustic,Bridgeport,CT,1,2,Peaches En Regalia,530,true,Frank Zappa,,2,4,0,,false,",",false,
1615875482,2017-08-19,2017,The Acoustic,Bridgeport,CT,1,3,Lead the Way,406,false,,,0,24,0,,false,>,true,opener
1615875482,2017-08-19,2017,The Acoustic,Bridgeport,CT,1,4,Soul Shakedown Party,553,true,Bob Marley,,1,4,0,,false,>,true,
1615875482,2017-08-19,2017,The Acoustic,Bridgeport,CT,1,5,Boogie On Reggae Woman,441,true,Stevie Wonder,,6,6,0,,false,>,true,
1615875482,2017-08-19,2017,The Acoustic,Bridgeport,CT,1,6,Lead the Way,406,false,,,0,25,0,,false,",",false,opener
1615875482,2017-08-19,2017,The Acoustic,Bridgeport,CT,1,7,All I Need,414,false,,,1,6,0,,false,",",false,jam
1615875482,2017-08-19,2017,The Acoustic,Bridgeport,CT,1,8,She Drives Me Crazy,546,true,Fine Young Cannibals,,0,1,0,,false,",",false,
1615875482,2017-08-19,2017,The Acoustic,Bridgeport,CT,1,9,Jive II,413,false,,,3,12,0,,false,",",false,opener
1615875482,2017-08-19,2017,The Acoustic,Bridgeport,CT,1,10,Rosewood Heart,412,false,,,2,6,0,,false,",",false,jam|peak
1615875482,2017-08-19,2017,The Acoustic,Bridgeport,CT,1,11,Madhuvan,512,false,,,0,25,0,,false,",",false,opener|closer|jam
1615875482,2017-08-19,2017,The Acoustic,Bridgeport,CT,1,12,So Ready,421,false,,,1,28,0,,false,",",false,closer
1615875482,2017-08-19,2017,The Acoustic,Bridgeport,CT,1,13,Danger Zone,457,true,Kenny Loggins,,17,3,10,,false,>,true,
1615875482,2017-08-19,2017,The Acoustic,Bridgeport,CT,1,14,Spirit Of The Dark Horse,557,false,,,2,10,0,,false,>,true,
1615875482,2017-08-19,2017,The Acoustic,Bridgeport,CT,1,15,Danger Zone,457,true,Kenny Loggins,,0,4,0,,false,,false,
1615875482,2017-08-19,2017,The Acoustic,Bridgeport,CT,2,16,Escape (The Piña Colada Song),469,true,Rupert Holmes,,21,2,20,,false,,false,opener|encore
1615958881,2017-09-01,2017,Pacific Standard Tavern,New Haven,CT,1,1,Jive I,411,false,,,2,26,0,,false,>,true,
1615958881,2017-09-01,2017,Pacific Standard Tavern,New Haven,CT,1,2,Jive II,413,false,,,0,13,0,,false,",",false,opener
1615958881,2017-09-01,2017,Pacific Standard Tavern,New Haven,CT,1,3,Indian River,410,false,,,1,25,0,,false,",",false,
1615958881,2017-09-01,2017,Pacific Standard Tavern,New Haven,CT,1,4,Revival,631,true,Zach Williams,,1,4,0,,false,",",false,opener
1615958881,2017-09-01,2017,Pacific Standard Tavern,New Haven,CT,1,5,Rosewood Heart,412,false,,,0,7,0,,false,",",false,jam|peak
1615958881,2017-09-01,2017,Pacific Standard Tavern,New Haven,CT,1,6,Arcadia,403,false,,,1,35,0,,false,",",false,closer
1615958881,2017-09-01,2017,Pacific Standard Tavern,New Haven,CT,1,7,Flodown,478,false,Vasudo,,0,16,0,,false,,false,
1615958603,2017-09-23,2017,Hometown Get Down,Clarksburg,MD,1,1,Lead the Way,406,false,,,1,26,0,,false,",",false,opener
1615958603,2017-09-23,2017,Hometown Get Down,Clarksburg,MD,1,2,Madhuvan,512,false,,,1,26,0,,false,",",false,opener|closer|jam
1615958603,2017-09-23,2017,Hometown Get Down,Clarksburg,MD,1,3,Arcadia,403,false,,,0,36,0,,false,",",false,closer
1615958603,2017-09-23,2017,Hometown Get Down,Clarksburg,MD,1,4,Green River,482,true,Creedence Clearwater Revival,,2,4,0,,false,",",false,
1615958603,2017-09-23,2017,Hometown Get Down,Clarksburg,MD,1,5,Flodown,478,false,Vasudo,,0,17,0,,false,,false,
1615956261,2017-10-02,2017,Garcia's at The Capitol Theatre,Port Chester,NY,1,1,Jive I,411,false,,,1,27,0,,false,",",false,
1615956261,2017-10-02,2017,Garcia's at The Capitol Theatre,Port Chester,NY,1,2,Danger Zone,457,true,Kenny Loggins,,2,5,0,,false,>,true,
1615956261,2017-10-02,2017,Garcia's at The Capitol Theatre,Port Chester,NY,1,3,Indian River,410,false,,,1,26,0,,false,",",false,
1615956261,2017-10-02,2017,Garcia's at The Capitol Theatre,Port Chester,NY,1,4,All I Need,414,false,,,2,7,0,,false,",",false,jam
1615956261,2017-10-02,2017,Garcia's at The Capitol Theatre,Port Chester,NY,1,5,Let's Dance,506,true,David Bowie,,6,3,0,,false,>,true,
1615956261,2017-10-02,2017,Garcia's at The Capitol Theatre,Port Chester,NY,1,6,So Ready,421,false,,,2,29,0,,false,",",false,closer
1615956261,2017-10-02,2017,Garcia's at The Capitol Theatre,Port Chester,NY,1,7,Mississippi Half-Step Uptown Toodeloo,517,true,Grateful Dead,,3,6,0,,false,",",false,jam
1615956261,2017-10-02,2017,Garcia's at The Capitol Theatre,Port Chester,NY,1,8,Arcadia,403,false,,,0,37,0,,false,>,true,closer
1615956261,2017-10-02,2017,Garcia's at The Capitol Theatre,Port Chester,NY,1,9,Spanish Moon,556,true,Little Feat,,28,2,20,,false,,false,
1615956067,2017-10-21,2017,Pacific Standard Tavern,New Haven,CT,1,1,Madhuvan,512,false,,,1,27,0,,false,",",false,opener|closer|jam
1615956067,2017-10-21,2017,Pacific Standard Tavern,New Haven,CT,1,2,Jive II,413,false,,,2,14,0,,false,",",false,opener
1615956067,2017-10-21,2017,Pacific Standard Tavern,New Haven,CT,1,3,Lead the Way,406,false,,,1,27,0,,false,",",false,opener
1615956067,2017-10-21,2017,Pacific Standard Tavern,New Haven,CT,1,4,Arcadia,403,false,,,0,38,0,,false,",",false,closer
1615956067,2017-10-21,2017,Pacific Standard Tavern,New Haven,CT,1,5,Green River,482,true,Creedence Clearwater Revival,,1,5,0,,false,",",false,
1615956067,2017-10-21,2017,Pacific Standard Tavern,New Haven,CT,1,6,Creatures,420,false,,,5,17,0,,false,",",false,jam
1615956067,2017-10-21,2017,Pacific Standard Tavern,New Haven,CT,1,7,Flodown,478,false,Vasudo,,1,18,0,,false,",",false,
1615956067,2017-10-21,2017,Pacific Standard Tavern,New Haven,CT,1,8,Jive I,411,false,,,0,28,0,,false,",",false,
1615956067,2017-10-21,2017,Pacific Standard Tavern,New Haven,CT,1,9,Turn On Your Love Light,578,true,Bobby Blue Bland,,4,8,0,,false,,false,closer|encore
1615954994,2017-10-24,2017,Brooklyn Bowl,Brooklyn,NY,1,1,Jive I,411,false,,,0,29,0,,false,",",false,
1615954994,2017-10-24,2017,Brooklyn Bowl,Brooklyn,NY,1,2,Indian River,410,false,,,1,27,0,,false,",",false,
1615954994,2017-10-24,2017,Brooklyn Bowl,Brooklyn,NY,1,3,Arcadia,403,false,,,0,39,0,,false,",",false,closer
1615954994,2017-10-24,2017,Brooklyn Bowl,Brooklyn,NY,1,4,Flodown,478,false,Vasudo,,0,19,0,,false,",",false,
1615954994,2017-10-24,2017,Brooklyn Bowl,Brooklyn,NY,1,5,Creatures,420,false,,,0,18,0,,false,",",false,jam
1615954994,2017-10-24,2017,Brooklyn Bowl,Brooklyn,NY,1,6,Turn On Your Love Light,578,true,Bobby Blue Bland,,0,9,0,,false,,false,closer|encore
1615954376,2017-10-31,2017,Gypsy Sally's,Washington,DC,1,1,Lead the Way,406,false,,,1,28,0,,false,",",false,opener
1615954376,2017-10-31,2017,Gypsy Sally's,Washington,DC,1,2,Wysteria Lane,405,false,Vasudo,,7,3,0,,false,",",false,opener|jam|peak
1615954376,2017-10-31,2017,Gypsy Sally's,Washington,DC,1,3,Jive I,411,false,,,0,30,0,,false,",",false,
1615954376,2017-10-31,2017,Gypsy Sally's,Washington,DC,1,4,Indian River,410,false,,,0,28,0,,false,",",false,
1615954376,2017-10-31,2017,Gypsy Sally's,Washington,DC,1,5,Spirit Of The Dark Horse,557,false,,,5,11,0,,false,",",false,
1615954376,2017-10-31,2017,Gypsy Sally's,Washington,DC,1,6,Creatures,420,false,,,0,19,0,,false,",",false,jam
1615954376,2017-10-31,2017,Gypsy Sally's,Washington,DC,1,7,Arcadia,403,false,,,0,40,0,,false,",",false,closer
1615954376,2017-10-31,2017,Gypsy Sally's,Washington,DC,1,8,Flodown,478,false,Vasudo,,0,20,0,,false,,false,
1615954304,2017-11-01,2017,The Stanhope House,Stanhope,NJ,1,1,Switchin',564,true,Wes Montgomery,,10,7,10,,false,>,true,opener
1615954304,2017-11-01,2017,The Stanhope House,Stanhope,NJ,1,2,Jive II,413,false,,,2,15,0,,false,",",false,opener
1615954304,2017-11-01,2017,The Stanhope House,Stanhope,NJ,1,3,Me & My Uncle,592,true,John Philips,,8,9,10,,false,",",false,opener
1615954304,2017-11-01,2017,The Stanhope House,Stanhope,NJ,1,4,All I Need,414,false,,,3,8,0,,false,",",false,jam
1615954304,2017-11-01,2017,The Stanhope House,Stanhope,NJ,1,5,Indian River,410,false,,,0,29,0,,false,",",false,
1615954304,2017-11-01,2017,The Stanhope House,Stanhope,NJ,1,6,Arcadia,403,false,,,0,41,0,,false,",",false,closer
1615954304,2017-11-01,2017,The Stanhope House,Stanhope,NJ,1,7,So Ready,421,false,,,3,30,0,,false,",",false,closer
1615954304,2017-11-01,2017,The Stanhope House,Stanhope,NJ,1,8,Turn On Your Love Light,578,true,Bobby Blue Bland,,1,10,0,,false,,false,closer|encore
1615953621,2017-11-02,2017,The Abbey Bar at Appalachian Brewing Company,Harrisburg,PA,1,1,Atlas,439,true,The Wood Brothers,,9,7,10,,false,",",false,opener
1615953621,2017-11-02,2017,The Abbey Bar at Appalachian Brewing Company,Harrisburg,PA,1,2,Indian River,410,false,,,0,30,0,,false,",",false,
1615953621,2017-11-02,2017,The Abbey Bar at Appalachian Brewing Company,Harrisburg,PA,1,3,Turned Clouds,400,false,,,8,25,10,,false,",",false,
1615953621,2017-11-02,2017,The Abbey Bar at Appalachian Brewing Company,Harrisburg,PA,1,4,Madhuvan,512,false,,,3,28,0,,false,",",false,opener|closer|jam
1615953621,2017-11-02,2017,The Abbey Bar at Appalachian Brewing Company,Harrisburg,PA,1,5,Don't Do It,460,true,The Band,,8,8,10,,false,",",false,closer|encore
1615953621,2017-11-02,2017,The Abbey Bar at Appalachian Brewing Company,Harrisburg,PA,1,6,Creatures,420,false,,,1,20,0,,false,",",false,jam
1615953621,2017-11-02,2017,The Abbey Bar at Appalachian Brewing Company,Harrisburg,PA,1,7,Jive I,411,false,,,1,31,0,,false,",",false,
1615953621,2017-11-02,2017,The Abbey Bar at Appalachian Brewing Company,Harrisburg,PA,1,8,Arcadia,403,false,,,0,42,0,,false,",",false,closer
1615953621,2017-11-02,2017,The Abbey Bar at Appalachian Brewing Company,Harrisburg,PA,1,9,Turn On Your Love Light,578,true,Bobby Blue Bland,,0,11,0,,false,,false,closer|encore
1615874908,2017-11-03,2017,The Hollow Bar &amp; Kitchen,Albany,NY,1,1,Lead the Way,406,false,,,2,29,0,,false,>,true,opener
1615874908,2017-11-03,2017,The Hollow Bar &amp; Kitchen,Albany,NY,1,2,Mississippi Half-Step Uptown Toodeloo,517,true,Grateful Dead,,5,7,0,,false,",",false,jam
1615874908,2017-11-03,2017,The Hollow Bar &amp; Kitchen,Albany,NY,1,3,Wysteria Lane,405,false,Vasudo,,2,4,0,,false,>,true,opener|jam|peak
1615874908,2017-11-03,2017,The Hollow Bar &amp; Kitchen,Albany,NY,1,4,Indian River,410,false,,,0,31,0,,false,",",false,
1615874908,2017-11-03,2017,The Hollow Bar &amp; Kitchen,Albany,NY,1,5,Arcadia,403,false,,,0,43,0,,false,",",false,closer
1615874908,2017-11-03,2017,The Hollow Bar &amp; Kitchen,Albany,NY,1,6,Flodown,478,false,Vasudo,,2,21,0,,false,",",false,
1615874908,2017-11-03,2017,The Hollow Bar &amp; Kitchen,Albany,NY,1,7,Crosseyed & Painless,455,true,Talking Heads,,12,11,10,,false,",",false,
1615874908,2017-11-03,2017,The Hollow Bar &amp; Kitchen,Albany,NY,1,8,So Ready,421,false,,,1,31,0,,false,,false,closer
1614305805,2017-11-04,2017,Arch Street Tavern,Hartford,CT,1,1,Escape (The Piña Colada Song),469,true,Rupert Holmes,,9,3,10,,false,",",false,opener|encore
1614305805,2017-11-04,2017,Arch Street Tavern,Hartford,CT,1,2,All I Need,414,false,,,2,9,0,,false,",",false,jam
1614305805,2017-11-04,2017,Arch Street Tavern,Hartford,CT,1,3,Jive II,413,false,,,2,16,0,,false,",",false,opener
1614305805,2017-11-04,2017,Arch Street Tavern,Hartford,CT,1,4,Let's Dance,506,true,David Bowie,,6,4,0,,false,",",false,
1614305805,2017-11-04,2017,Arch Street Tavern,Hartford,CT,1,5,So Ready,421,false,,,0,32,0,,false,",",false,closer
1614305805,2017-11-04,2017,Arch Street Tavern,Hartford,CT,1,6,Danger Zone,457,true,Kenny Loggins,,6,6,0,,false,",",false,
1614305805,2017-11-04,2017,Arch Street Tavern,Hartford,CT,1,7,Wysteria Lane,405,false,Vasudo,,0,5,0,,false,",",false,opener|jam|peak
1614305805,2017-11-04,2017,Arch Street Tavern,Hartford,CT,1,8,One More Saturday Night,528,true,Grateful Dead,,14,11,10,,false,,false,closer|encore
1615872297,2017-11-09,2017,Wall Street Theater,Norwalk,CT,1,1,Arcadia,403,false,,,1,44,0,,false,",",false,closer
1615872297,2017-11-09,2017,Wall Street Theater,Norwalk,CT,1,2,Switchin',564,true,Wes Montgomery,,3,8,0,,false,>,true,opener
1615872297,2017-11-09,2017,Wall Street Theater,Norwalk,CT,1,3,Madhuvan,512,false,,,2,29,0,,false,",",false,opener|closer|jam
1615872297,2017-11-09,2017,Wall Street Theater,Norwalk,CT,1,4,Jive II,413,false,,,0,17,0,,false,>,true,opener
1615872297,2017-11-09,2017,Wall Street Theater,Norwalk,CT,1,5,Green River,482,true,Creedence Clearwater Revival,,6,6,0,,false,",",false,
1615872297,2017-11-09,2017,Wall Street Theater,Norwalk,CT,1,6,Indian River,410,false,,,1,32,0,,false,",",false,
1615872297,2017-11-09,2017,Wall Street Theater,Norwalk,CT,1,7,Creatures,420,false,,,2,21,0,,false,",",false,jam
1615872297,2017-11-09,2017,Wall Street Theater,Norwalk,CT,1,8,All I Need,414,false,,,0,10,0,,false,",",false,jam
1615872297,2017-11-09,2017,Wall Street Theater,Norwalk,CT,1,9,Peggy-O,531,true,Grateful Dead,,12,5,10,,false,",",false,
1615872297,2017-11-09,2017,Wall Street Theater,Norwalk,CT,1,10,Wysteria Lane,405,false,Vasudo,,0,6,0,,false,>,true,opener|jam|peak
1615872297,2017-11-09,2017,Wall Street Theater,Norwalk,CT,1,11,Shama Lama Ding Dong,545,true,Otis Day and The Knights,,12,6,10,,false,",",false,encore
1615872297,2017-11-09,2017,Wall Street Theater,Norwalk,CT,1,12,Flodown,478,false,Vasudo,,1,22,0,,false,",",false,
1615872297,2017-11-09,2017,Wall Street Theater,Norwalk,CT,1,13,So Ready,421,false,,,0,33,0,,false,,false,closer
1615872297,2017-11-09,2017,Wall Street Theater,Norwalk,CT,2,14,Escape (The Piña Colada Song),469,true,Rupert Holmes,,0,4,0,,false,>,true,opener|encore
1615872297,2017-11-09,2017,Wall Street Theater,Norwalk,CT,2,15,Turn On Your Love Light,578,true,Bobby Blue Bland,,2,12,0,,false,,false,closer|encore
1615872051,2017-11-10,2017,Nectar's,Burlington,VT,1,1,Atlas,439,true,The Wood Brothers,,3,8,0,,false,",",false,opener
1615872051,2017-11-10,2017,Nectar's,Burlington,VT,1,2,Lead the Way,406,false,,,2,30,0,,false,",",false,opener
1615872051,2017-11-10,2017,Nectar's,Burlington,VT,1,3,Jive I,411,false,,,3,32,0,,false,>,true,
1615872051,2017-11-10,2017,Nectar's,Burlington,VT,1,4,Rosewood Heart,412,false,,,10,8,10,,false,",",false,jam|peak
1615872051,2017-11-10,2017,Nectar's,Burlington,VT,1,5,Danger Zone,457,true,Kenny Loggins,,1,7,0,,false,",",false,
1615872051,2017-11-10,2017,Nectar's,Burlington,VT,1,6,Wysteria Lane,405,false,Vasudo,,0,7,0,,false,>,true,opener|jam|peak
1615872051,2017-11-10,2017,Nectar's,Burlington,VT,1,7,Flodown,478,false,Vasudo,,0,23,0,,false,",",false,
1615872051,2017-11-10,2017,Nectar's,Burlington,VT,1,8,Arcadia,403,false,,,0,45,0,,false,,false,closer
1615949521,2017-12-07,2017,The Funky Biscuit,Boca Raton,FL,1,1,Lead the Way,406,false,,,0,31,0,,false,",",false,opener
1615949521,2017-12-07,2017,The Funky Biscuit,Boca Raton,FL,1,2,Switchin',564,true,Wes Montgomery,,1,9,0,,false,",",false,opener
1615949521,2017-12-07,2017,The Funky Biscuit,Boca Raton,FL,1,3,Jive II,413,false,,,1,18,0,,false,",",false,opener
1615949521,2017-12-07,2017,The Funky Biscuit,Boca Raton,FL,1,4,Madhuvan,512,false,,,1,30,0,,false,",",false,opener|closer|jam
1615949521,2017-12-07,2017,The Funky Biscuit,Boca Raton,FL,1,5,Let's Dance,506,true,David Bowie,,2,5,0,,false,",",false,
1615949521,2017-12-07,2017,The Funky Biscuit,Boca Raton,FL,1,6,Crosseyed & Painless,455,true,Talking Heads,,3,12,0,,false,",",false,
1615949521,2017-12-07,2017,The Funky Biscuit,Boca Raton,FL,1,7,Arcadia,403,false,,,0,46,0,,false,,false,closer
1615949336,2017-12-08,2017,Guanabanas Restaurant,Jupiter,FL,1,1,Indian River,410,false,,,2,33,0,,false,",",false,
1615871919,2017-12-23,2017,Factory Underground Studio,Norwalk,CT,1,1,Christmas Wrapping,450,true,The Waitresses,,0,1,0,,false,",",false,opener|ballad
1615871919,2017-12-23,2017,Factory Underground Studio,Norwalk,CT,1,2,Circle Of Life,730,true,Elton John,,0,1,0,,false,",",false,closer
1615871919,2017-12-23,2017,Factory Underground Studio,Norwalk,CT,1,3,Achy Breaky Heart,436,true,Billy Ray Cyrus,,0,1,0,,false,",",false,closer|encore
1615871866,2017-12-31,2017,The Acoustic,Bridgeport,CT,1,1,Madhuvan,512,false,,,2,31,0,,false,",",false,opener|closer|jam
1615871866,2017-12-31,2017,The Acoustic,Bridgeport,CT,1,2,Jive II,413,false,,,2,19,0,,false,",",false,opener
1615871866,2017-12-31,2017,The Acoustic,Bridgeport,CT,1,3,All I Need,414,false,,,4,11,0,,false,",",false,jam
1615871866,2017-12-31,2017,The Acoustic,Bridgeport,CT,1,4,Me & My Uncle,592,true,John Philips,,8,10,10,,false,",",false,opener
1615871866,2017-12-31,2017,The Acoustic,Bridgeport,CT,1,5,Indian River,410,false,,,1,34,0,,false,",",false,
1615871866,2017-12-31,2017,The Acoustic,Bridgeport,CT,1,6,Crosseyed & Painless,455,true,Talking Heads,,2,13,0,,false,",",false,
1615871866,2017-12-31,2017,The Acoustic,Bridgeport,CT,1,7,Arcadia,403,false,,,2,47,0,,false,",",false,closer
1615871866,2017-12-31,2017,The Acoustic,Bridgeport,CT,1,8,Auld Lang Syne,818,true,Traditional,,0,1,0,,false,->,true,
1615871866,2017-12-31,2017,The Acoustic,Bridgeport,CT,1,9,Also Sprach Zarathustra,433,true,Deodato,,37,4,20,,false,",",false,closer
1615871866,2017-12-31,2017,The Acoustic,Bridgeport,CT,1,10,So Ready,421,false,,,4,34,0,,false,",",false,closer
1615871866,2017-12-31,2017,The Acoustic,Bridgeport,CT,1,11,Circle Of Life,730,true,Elton John,,0,2,0,,false,,false,closer
1615871447,2018-01-13,2018,El Club,Detroit,MI,1,1,Lead the Way,406,false,,,3,32,0,,false,",",false,opener
1615871447,2018-01-13,2018,El Club,Detroit,MI,1,2,Indian River,410,false,,,0,35,0,,false,",",false,
1615871447,2018-01-13,2018,El Club,Detroit,MI,1,3,Jive I,411,false,,,4,33,0,,false,",",false,
1615871447,2018-01-13,2018,El Club,Detroit,MI,1,4,Crosseyed & Painless,455,true,Talking Heads,,0,14,0,,false,",",false,
1615871447,2018-01-13,2018,El Club,Detroit,MI,1,5,Arcadia,403,false,,,0,48,0,,false,>,true,closer
1615871447,2018-01-13,2018,El Club,Detroit,MI,1,6,Turn On Your Love Light,578,true,Bobby Blue Bland,,5,13,0,,false,,false,closer|encore
1615871324,2018-01-14,2018,Grog Shop,Cleveland Heights,OH,1,1,Madhuvan,512,false,,,1,32,0,,false,",",false,opener|closer|jam
1615871324,2018-01-14,2018,Grog Shop,Cleveland Heights,OH,1,2,Atlas,439,true,The Wood Brothers,,5,9,0,,false,",",false,opener
1615871324,2018-01-14,2018,Grog Shop,Cleveland Heights,OH,1,3,Creatures,420,false,,,6,22,0,,false,",",false,jam
1615871324,2018-01-14,2018,Grog Shop,Cleveland Heights,OH,1,4,Turned Clouds,400,false,,,9,26,10,,false,",",false,
1615871324,2018-01-14,2018,Grog Shop,Cleveland Heights,OH,1,5,Flodown,478,false,Vasudo,,5,24,0,,false,",",false,
1615871324,2018-01-14,2018,Grog Shop,Cleveland Heights,OH,1,6,So Ready,421,false,,,1,35,0,,false,,false,closer
1615871188,2018-01-17,2018,Mr. Smalls Theatre,Millvale,PA,1,1,Jive II,413,false,,,2,20,0,,false,",",false,opener
1615871188,2018-01-17,2018,Mr. Smalls Theatre,Millvale,PA,1,2,Wysteria Lane,405,false,Vasudo,,6,8,0,,false,",",false,opener|jam|peak
1615871188,2018-01-17,2018,Mr. Smalls Theatre,Millvale,PA,1,3,Let's Dance,506,true,David Bowie,,5,6,0,,false,",",false,
1615871188,2018-01-17,2018,Mr. Smalls Theatre,Millvale,PA,1,4,Arcadia,403,false,,,1,49,0,,false,",",false,closer
1615871188,2018-01-17,2018,Mr. Smalls Theatre,Millvale,PA,1,5,So Ready,421,false,,,0,36,0,,false,,false,closer
1615869147,2018-01-18,2018,Buffalo Iron Works,Buffalo,NY,1,1,Indian River,410,false,,,2,36,0,,false,",",false,
1615869147,2018-01-18,2018,Buffalo Iron Works,Buffalo,NY,1,2,Jive I,411,false,,,2,34,0,,false,>,true,
1615869147,2018-01-18,2018,Buffalo Iron Works,Buffalo,NY,1,3,Rosewood Heart,412,false,,,7,9,0,,false,>,true,jam|peak
1615869147,2018-01-18,2018,Buffalo Iron Works,Buffalo,NY,1,4,Me & My Uncle,592,true,John Philips,,3,11,0,,false,",",false,opener
1615869147,2018-01-18,2018,Buffalo Iron Works,Buffalo,NY,1,5,Madhuvan,512,false,,,1,33,0,,false,,false,opener|closer|jam
1615344775,2018-01-19,2018,Westcott Theater,Syracuse,NY,1,1,Wysteria Lane,405,false,Vasudo,,1,9,0,,false,",",false,opener|jam|peak
1615344775,2018-01-19,2018,Westcott Theater,Syracuse,NY,1,2,Lead the Way,406,false,,,3,33,0,,false,",",false,opener
1615344775,2018-01-19,2018,Westcott Theater,Syracuse,NY,1,3,Crosseyed & Painless,455,true,Talking Heads,,3,15,0,,false,",",false,
1615344775,2018-01-19,2018,Westcott Theater,Syracuse,NY,1,4,Flodown,478,false,Vasudo,,2,25,0,,false,",",false,
1615344775,2018-01-19,2018,Westcott Theater,Syracuse,NY,1,5,Arcadia,403,false,,,1,50,0,,false,,false,closer
1615871039,2018-01-20,2018,Chameleon Club,Lancaster,PA,1,1,Jive I,411,false,,,1,35,0,,false,",",false,
1615871039,2018-01-20,2018,Chameleon Club,Lancaster,PA,1,2,Indian River,410,false,,,1,37,0,,false,",",false,
1615871039,2018-01-20,2018,Chameleon Club,Lancaster,PA,1,3,Creatures,420,false,,,3,23,0,,false,",",false,jam
1615871039,2018-01-20,2018,Chameleon Club,Lancaster,PA,1,4,Escape (The Piña Colada Song),469,true,Rupert Holmes,,10,5,10,,false,",",false,opener|encore
1615871039,2018-01-20,2018,Chameleon Club,Lancaster,PA,1,5,So Ready,421,false,,,2,37,0,,false,,false,closer
1615870461,2018-01-23,2018,The Met,Pawtucket,RI,1,1,Arcadia,403,false,,,1,51,0,,false,",",false,closer
1615870461,2018-01-23,2018,The Met,Pawtucket,RI,1,2,Wysteria Lane,405,false,Vasudo,,1,10,0,,false,",",false,opener|jam|peak
1615870461,2018-01-23,2018,The Met,Pawtucket,RI,1,3,Shama Lama Ding Dong,545,true,Otis Day and The Knights,,11,7,10,,false,",",false,encore
1615870461,2018-01-23,2018,The Met,Pawtucket,RI,1,4,Flodown,478,false,Vasudo,,1,26,0,,false,",",false,
1615870461,2018-01-23,2018,The Met,Pawtucket,RI,1,5,Madhuvan,512,false,,,2,34,0,,false,,false,opener|closer|jam
1615866380,2018-02-02,2018,Octave,Covington,KY,1,1,Atlas,439,true,The Wood Brothers,,5,10,0,,false,",",false,opener
1615866380,2018-02-02,2018,Octave,Covington,KY,1,2,Indian River,410,false,,,1,38,0,,false,",",false,
1615866380,2018-02-02,2018,Octave,Covington,KY,1,3,Jive II,413,false,,,4,21,0,,false,",",false,opener
1615866380,2018-02-02,2018,Octave,Covington,KY,1,4,Lead the Way,406,false,,,2,34,0,,false,",",false,opener
1615866380,2018-02-02,2018,Octave,Covington,KY,1,5,All I Need,414,false,,,7,12,0,,false,",",false,jam
1615866380,2018-02-02,2018,Octave,Covington,KY,1,6,Arcadia,403,false,,,0,52,0,,false,",",false,closer
1615866380,2018-02-02,2018,Octave,Covington,KY,1,7,Mississippi Half-Step Uptown Toodeloo,517,true,Grateful Dead,,14,8,10,,false,",",false,jam
1615866380,2018-02-02,2018,Octave,Covington,KY,1,8,Flodown,478,false,Vasudo,,0,27,0,,false,,false,
1615866380,2018-02-02,2018,Octave,Covington,KY,2,9,Madhuvan,512,false,,901,0,35,0,,false,",",false,opener|closer|jam
1615866380,2018-02-02,2018,Octave,Covington,KY,2,10,Wysteria Lane,405,false,Vasudo,734,0,11,0,,false,>,true,opener|jam|peak
1615866380,2018-02-02,2018,Octave,Covington,KY,2,11,Shama Lama Ding Dong,545,true,Otis Day and The Knights,281,0,8,0,,false,",",false,encore
1615866380,2018-02-02,2018,Octave,Covington,KY,2,12,Jive I,411,false,,585,1,36,0,,false,>,true,
1615866380,2018-02-02,2018,Octave,Covington,KY,2,13,Me & My Uncle,592,true,John Philips,316,3,12,0,,false,",",false,opener
1615866380,2018-02-02,2018,Octave,Covington,KY,2,14,Creatures,420,false,,685,1,24,0,,false,",",false,jam
1615866380,2018-02-02,2018,Octave,Covington,KY,2,15,Crosseyed & Painless,455,true,Talking Heads,749,2,16,0,,false,",",false,
1615866380,2018-02-02,2018,Octave,Covington,KY,2,16,So Ready,421,false,,706,1,38,0,,false,,false,closer
1615868549,2018-02-08,2018,Globe Hall,Denver,CO,1,1,Jive I,411,false,,,0,37,0,,false,",",false,
1615868549,2018-02-08,2018,Globe Hall,Denver,CO,1,2,Flodown,478,false,Vasudo,,0,28,0,,false,",",false,
1615868549,2018-02-08,2018,Globe Hall,Denver,CO,1,3,Me & My Uncle,592,true,John Philips,,0,13,0,,false,",",false,opener
1615868549,2018-02-08,2018,Globe Hall,Denver,CO,1,4,Indian River,410,false,,,0,39,0,,false,",",false,
1615868549,2018-02-08,2018,Globe Hall,Denver,CO,1,5,So Ready,421,false,,,0,39,0,,false,",",false,closer
1615868549,2018-02-08,2018,Globe Hall,Denver,CO,1,6,Wysteria Lane,405,false,Vasudo,,0,12,0,,false,>,true,opener|jam|peak
1615868549,2018-02-08,2018,Globe Hall,Denver,CO,1,7,Weird Fishes / Arpeggi,428,true,Radiohead,,0,1,0,,false,",",false,
1615868549,2018-02-08,2018,Globe Hall,Denver,CO,1,8,All I Need,414,false,,,0,13,0,,false,",",false,jam
1615868549,2018-02-08,2018,Globe Hall,Denver,CO,1,9,Arcadia,403,false,,,0,53,0,,false,",",false,closer
1615868549,2018-02-08,2018,Globe Hall,Denver,CO,1,10,Madhuvan,512,false,,,0,36,0,,false,",",false,opener|closer|jam
1615868549,2018-02-08,2018,Globe Hall,Denver,CO,1,11,Turn On Your Love Light,578,true,Bobby Blue Bland,,7,14,0,,false,,false,closer|encore
1615868053,2018-02-09,2018,Old Town Pub &amp; Restaurant,Steamboat Springs,CO,1,1,Atlas,439,true,The Wood Brothers,,1,11,0,,false,>,true,opener
1615868053,2018-02-09,2018,Old Town Pub &amp; Restaurant,Steamboat Springs,CO,1,2,Arcadia,403,false,,,0,54,0,,false,",",false,closer
1615868053,2018-02-09,2018,Old Town Pub &amp; Restaurant,Steamboat Springs,CO,1,3,Indian River,410,false,,,0,40,0,,false,",",false,
1615868053,2018-02-09,2018,Old Town Pub &amp; Restaurant,Steamboat Springs,CO,1,4,Wysteria Lane,405,false,Vasudo,,0,13,0,,false,>,true,opener|jam|peak
1615868053,2018-02-09,2018,Old Town Pub &amp; Restaurant,Steamboat Springs,CO,1,5,Shama Lama Ding Dong,545,true,Otis Day and The Knights,,1,9,0,,false,",",false,encore
1615868053,2018-02-09,2018,Old Town Pub &amp; Restaurant,Steamboat Springs,CO,1,6,Flodown,478,false,Vasudo,,0,29,0,,false,,false,
1615868053,2018-02-09,2018,Old Town Pub &amp; Restaurant,Steamboat Springs,CO,2,7,Crosseyed & Painless,455,true,Talking Heads,,1,17,0,,false,>,true,
1615868053,2018-02-09,2018,Old Town Pub &amp; Restaurant,Steamboat Springs,CO,2,8,Madhuvan,512,false,,,0,37,0,,false,",",false,opener|closer|jam
1615868053,2018-02-09,2018,Old Town Pub &amp; Restaurant,Steamboat Springs,CO,2,9,Mississippi Half-Step Uptown Toodeloo,517,true,Grateful Dead,,1,9,0,,false,>,true,jam
1615868053,2018-02-09,2018,Old Town Pub &amp; Restaurant,Steamboat Springs,CO,2,10,So Ready,421,false,,,0,40,0,,false,",",false,closer
1615868053,2018-02-09,2018,Old Town Pub &amp; Restaurant,Steamboat Springs,CO,2,11,Lead the Way,406,false,,,1,35,0,,false,,false,opener
1615868053,2018-02-09,2018,Old Town Pub &amp; Restaurant,Steamboat Springs,CO,E,12,Turn On Your Love Light,578,true,Bobby Blue Bland,,0,15,0,,false,,false,closer|encore
1615430866,2018-02-10,2018,The Lazy Dog Sports Bar &amp; Grill,Boulder,CO,1,1,Lead the Way,406,false,,,0,36,0,,false,",",false,opener
1615430866,2018-02-10,2018,The Lazy Dog Sports Bar &amp; Grill,Boulder,CO,1,2,Wysteria Lane,405,false,Vasudo,,0,14,0,,false,>,true,opener|jam|peak
1615430866,2018-02-10,2018,The Lazy Dog Sports Bar &amp; Grill,Boulder,CO,1,3,Atlas,439,true,The Wood Brothers,,0,12,0,,false,",",false,opener
1615430866,2018-02-10,2018,The Lazy Dog Sports Bar &amp; Grill,Boulder,CO,1,4,Cantaloupe Island,444,true,Herbie Hancock,,46,6,20,,false,",",false,
1615430866,2018-02-10,2018,The Lazy Dog Sports Bar &amp; Grill,Boulder,CO,1,5,Turned Clouds,400,false,,,8,27,10,,false,",",false,
1615430866,2018-02-10,2018,The Lazy Dog Sports Bar &amp; Grill,Boulder,CO,1,6,All I Need,414,false,,,1,14,0,,false,",",false,jam
1615430866,2018-02-10,2018,The Lazy Dog Sports Bar &amp; Grill,Boulder,CO,1,7,Flodown,478,false,Vasudo,,0,30,0,,false,",",false,
1615430866,2018-02-10,2018,The Lazy Dog Sports Bar &amp; Grill,Boulder,CO,1,8,Arcadia,403,false,,,0,55,0,,false,,false,closer
1615430866,2018-02-10,2018,The Lazy Dog Sports Bar &amp; Grill,Boulder,CO,2,9,Madhuvan,512,false,,,0,38,0,,false,",",false,opener|closer|jam
1615430866,2018-02-10,2018,The Lazy Dog Sports Bar &amp; Grill,Boulder,CO,2,10,Indian River,410,false,,,0,41,0,,false,",",false,
1615430866,2018-02-10,2018,The Lazy Dog Sports Bar &amp; Grill,Boulder,CO,2,11,Let's Dance,506,true,David Bowie,,7,7,0,,false,",",false,
1615430866,2018-02-10,2018,The Lazy Dog Sports Bar &amp; Grill,Boulder,CO,2,12,Creatures,420,false,,,2,25,0,,false,",",false,jam
1615430866,2018-02-10,2018,The Lazy Dog Sports Bar &amp; Grill,Boulder,CO,2,13,Escape (The Piña Colada Song),469,true,Rupert Holmes,,4,6,0,,false,",",false,opener|encore
1615430866,2018-02-10,2018,The Lazy Dog Sports Bar &amp; Grill,Boulder,CO,2,14,So Ready,421,false,,,0,41,0,,false,,false,closer
1615867879,2018-02-14,2018,Woodlands Tavern,Columbus,OH,1,1,Madhuvan,512,false,,,0,39,0,,false,",",false,opener|closer|jam
1615867879,2018-02-14,2018,Woodlands Tavern,Columbus,OH,1,2,Indian River,410,false,,,0,42,0,,false,",",false,
1615867879,2018-02-14,2018,Woodlands Tavern,Columbus,OH,1,3,Wysteria Lane,405,false,Vasudo,,0,15,0,,false,",",false,opener|jam|peak
1615867879,2018-02-14,2018,Woodlands Tavern,Columbus,OH,1,4,Shama Lama Ding Dong,545,true,Otis Day and The Knights,,1,10,0,,false,",",false,encore
1615867879,2018-02-14,2018,Woodlands Tavern,Columbus,OH,1,5,Mississippi Half-Step Uptown Toodeloo,517,true,Grateful Dead,,1,10,0,,false,",",false,jam
1615867879,2018-02-14,2018,Woodlands Tavern,Columbus,OH,1,6,Flodown,478,false,Vasudo,,0,31,0,,false,",",false,
1615867879,2018-02-14,2018,Woodlands Tavern,Columbus,OH,1,7,Arcadia,403,false,,,0,56,0,,false,",",false,closer
1615867879,2018-02-14,2018,Woodlands Tavern,Columbus,OH,1,8,Turn On Your Love Light,578,true,Bobby Blue Bland,,1,16,0,,false,,false,closer|encore
1615866914,2018-02-15,2018,Octave,Covington,KY,1,1,Madhuvan,512,false,,779,0,40,0,,false,",",false,opener|closer|jam
1615866914,2018-02-15,2018,Octave,Covington,KY,1,2,Lead the Way,406,false,,479,1,37,0,,false,",",false,opener
1615866914,2018-02-15,2018,Octave,Covington,KY,1,3,One More Day,527,true,The Wood Brothers,358,33,7,20,,false,",",false,
1615866914,2018-02-15,2018,Octave,Covington,KY,1,4,Wysteria Lane,405,false,Vasudo,1118,0,16,0,,false,",",false,opener|jam|peak
1615866914,2018-02-15,2018,Octave,Covington,KY,1,5,Indian River,410,false,,470,0,43,0,,false,",",false,
1615866914,2018-02-15,2018,Octave,Covington,KY,1,6,Jive I,411,false,,555,3,38,0,,false,",",false,
1615866914,2018-02-15,2018,Octave,Covington,KY,1,7,Don't Do It,460,true,The Band,460,20,9,20,,false,",",false,closer|encore
1615866914,2018-02-15,2018,Octave,Covington,KY,1,8,Arcadia,403,false,,540,0,57,0,,false,,false,closer
1615866914,2018-02-15,2018,Octave,Covington,KY,2,9,Happy Birthday,747,true,,66,0,1,0,,false,",",false,opener|ballad
1615866914,2018-02-15,2018,Octave,Covington,KY,2,10,So Ready,421,false,,743,1,42,0,,false,",",false,closer
1615866914,2018-02-15,2018,Octave,Covington,KY,2,11,Creatures,420,false,,1085,1,26,0,,false,",",false,jam
1615866914,2018-02-15,2018,Octave,Covington,KY,2,12,Let's Dance,506,true,David Bowie,805,1,8,0,,false,",",false,
1615866914,2018-02-15,2018,Octave,Covington,KY,2,13,All I Need,414,false,,442,1,15,0,,false,>,true,jam
1615866914,2018-02-15,2018,Octave,Covington,KY,2,14,Boogie On Reggae Woman,441,true,Stevie Wonder,668,28,7,20,,false,>,true,
1615866914,2018-02-15,2018,Octave,Covington,KY,2,15,Jam,802,false,,173,46,7,20,,false,",",false,opener|jam
1615866914,2018-02-15,2018,Octave,Covington,KY,2,16,Turned Clouds,400,false,,428,1,28,0,,false,",",false,
1615866914,2018-02-15,2018,Octave,Covington,KY,2,17,Flodown,478,false,Vasudo,478,0,32,0,,false,,false,
1615866914,2018-02-15,2018,Octave,Covington,KY,E,18,Escape (The Piña Colada Song),469,true,Rupert Holmes,372,1,7,0,,false,,false,opener|encore
1615861481,2018-03-15,2018,Flour City Station,Rochester,NY,1,1,Elizabeth,465,false,,,0,1,0,,false,",",false,opener|jam
1615861481,2018-03-15,2018,Flour City Station,Rochester,NY,1,2,One More Day,527,true,The Wood Brothers,,0,8,0,,false,",",false,
1615861481,2018-03-15,2018,Flour City Station,Rochester,NY,1,3,Arcadia,403,false,,,0,58,0,,false,",",false,closer
1615861481,2018-03-15,2018,Flour City Station,Rochester,NY,1,4,Sco-Mule,543,true,Government Mule ft. John Scofield,,58,4,35,,false,",",false,
1615861481,2018-03-15,2018,Flour City Station,Rochester,NY,1,5,A Western Sun,435,false,,,31,11,20,,false,",",false,
1615861481,2018-03-15,2018,Flour City Station,Rochester,NY,1,6,Time to Flee,404,false,,,0,1,0,,false,",",false,
1615861481,2018-03-15,2018,Flour City Station,Rochester,NY,1,7,Jive I,411,false,,,0,39,0,,false,",",false,
1615861481,2018-03-15,2018,Flour City Station,Rochester,NY,1,8,The W.S. Walcott Medicine Show,582,true,The Band,,0,1,0,,false,",",false,
1615861481,2018-03-15,2018,Flour City Station,Rochester,NY,1,9,All I Need,414,false,,,0,16,0,,false,",",false,jam
1615861481,2018-03-15,2018,Flour City Station,Rochester,NY,1,10,Home,489,true,Edward Sharp & The Magnetic Zeros,,0,1,0,,false,",",false,
1615861481,2018-03-15,2018,Flour City Station,Rochester,NY,1,11,Flodown,478,false,Vasudo,,0,33,0,,false,,false,
1615861481,2018-03-15,2018,Flour City Station,Rochester,NY,E,12,Crosseyed & Painless,455,true,Talking Heads,,3,18,0,,false,,false,
1615861349,2018-03-16,2018,River Street Jazz Cafe,Plains,PA,1,1,Lead the Way,406,false,,,1,38,0,,false,",",false,opener
1615861349,2018-03-16,2018,River Street Jazz Cafe,Plains,PA,1,2,Elizabeth,465,false,,,0,2,0,,false,",",false,opener|jam
1615861349,2018-03-16,2018,River Street Jazz Cafe,Plains,PA,1,3,Indian River,410,false,,,1,44,0,,false,",",false,
1615861349,2018-03-16,2018,River Street Jazz Cafe,Plains,PA,1,4,Don't Do It,460,true,The Band,,1,10,0,,false,",",false,closer|encore
1615861349,2018-03-16,2018,River Street Jazz Cafe,Plains,PA,1,5,Madhuvan,512,false,,,1,41,0,,false,",",false,opener|closer|jam
1615861349,2018-03-16,2018,River Street Jazz Cafe,Plains,PA,1,6,Wysteria Lane,405,false,Vasudo,,1,17,0,,false,",",false,opener|jam|peak
1615861349,2018-03-16,2018,River Street Jazz Cafe,Plains,PA,1,7,Flodown,478,false,Vasudo,,0,34,0,,false,",",false,
1615861349,2018-03-16,2018,River Street Jazz Cafe,Plains,PA,1,8,Mississippi Half-Step Uptown Toodeloo,517,true,Grateful Dead,,2,11,0,,false,",",false,jam
1615861349,2018-03-16,2018,River Street Jazz Cafe,Plains,PA,1,9,Arcadia,403,false,,,0,59,0,,false,,false,closer
1615774859,2018-03-30,2018,Putnam Den,Saratoga Springs,NY,1,1,Lead the Way,406,false,,494,0,39,0,,false,",",false,opener
1615774859,2018-03-30,2018,Putnam Den,Saratoga Springs,NY,1,2,Elizabeth,465,false,,371,0,3,0,,false,",",false,opener|jam
1615774859,2018-03-30,2018,Putnam Den,Saratoga Springs,NY,1,3,Atlas,439,true,The Wood Brothers,585,4,13,0,,false,",",false,opener
1615774859,2018-03-30,2018,Putnam Den,Saratoga Springs,NY,1,4,Indian River,410,false,,474,0,45,0,,false,>,true,
1615774859,2018-03-30,2018,Putnam Den,Saratoga Springs,NY,1,5,A Western Sun,435,false,,423,1,12,0,,false,",",false,
1615774859,2018-03-30,2018,Putnam Den,Saratoga Springs,NY,1,6,Turned Clouds,400,false,,421,2,29,0,,false,",",false,
1615774859,2018-03-30,2018,Putnam Den,Saratoga Springs,NY,1,7,Arcadia,403,false,,515,0,60,0,,false,",",false,closer
1615774859,2018-03-30,2018,Putnam Den,Saratoga Springs,NY,1,8,Turn On Your Love Light,578,true,Bobby Blue Bland,354,3,17,0,,false,,false,closer|encore
1666379523,2018-04-04,2018,Pacific Standard Tavern,New Haven,CT,1,1,Don't Do It,460,true,The Band,,1,11,0,,false,",",false,closer|encore
1615774222,2018-04-06,2018,Nectar's,Burlington,VT,1,1,Time to Flee,404,false,,,3,2,0,,false,",",false,
1615774222,2018-04-06,2018,Nectar's,Burlington,VT,1,2,Butter Rum,415,false,Vasudo,,0,1,0,,false,",",false,
1615774222,2018-04-06,2018,Nectar's,Burlington,VT,1,3,The W.S. Walcott Medicine Show,582,true,The Band,,3,2,0,,false,",",false,
1615774222,2018-04-06,2018,Nectar's,Burlington,VT,1,4,Lead the Way,406,false,,,1,40,0,,false,",",false,opener
1615774222,2018-04-06,2018,Nectar's,Burlington,VT,1,5,All I Need,414,false,,,3,17,0,,false,",",false,jam
1615774222,2018-04-06,2018,Nectar's,Burlington,VT,1,6,Spirit Of The Dark Horse,557,false,,,27,12,20,,false,>,true,
1615774222,2018-04-06,2018,Nectar's,Burlington,VT,1,7,Love T.K.O.,510,true,Teddy Pendergrass,,0,1,0,,false,",",false,
1615774222,2018-04-06,2018,Nectar's,Burlington,VT,1,8,Turn On Your Love Light,578,true,Bobby Blue Bland,,1,18,0,,false,",",false,closer|encore
1615774222,2018-04-06,2018,Nectar's,Burlington,VT,1,9,Madhuvan,512,false,,,2,42,0,,false,",",false,opener|closer|jam
1615774222,2018-04-06,2018,Nectar's,Burlington,VT,1,10,Arcadia,403,false,,,1,61,0,,false,,false,closer
1615773564,2018-04-20,2018,The Abbey Bar at Appalachian Brewing Company,Harrisburg,PA,1,1,One More Day,527,true,The Wood Brothers,388,4,9,0,,false,",",false,
1615773564,2018-04-20,2018,The Abbey Bar at Appalachian Brewing Company,Harrisburg,PA,1,2,Flodown,478,false,Vasudo,320,3,35,0,,false,>,true,
1615773564,2018-04-20,2018,The Abbey Bar at Appalachian Brewing Company,Harrisburg,PA,1,3,Indian River,410,false,,506,2,46,0,,false,",",false,
1615773564,2018-04-20,2018,The Abbey Bar at Appalachian Brewing Company,Harrisburg,PA,1,4,Me & My Uncle,592,true,John Philips,345,9,14,10,,false,",",false,opener
1615773564,2018-04-20,2018,The Abbey Bar at Appalachian Brewing Company,Harrisburg,PA,1,5,So Ready,421,false,,676,5,43,0,,false,",",false,closer
1615773564,2018-04-20,2018,The Abbey Bar at Appalachian Brewing Company,Harrisburg,PA,1,6,Crosseyed & Painless,455,true,Talking Heads,684,4,19,0,,false,>,true,
1615773564,2018-04-20,2018,The Abbey Bar at Appalachian Brewing Company,Harrisburg,PA,1,7,Sco-Mule,543,true,Government Mule ft. John Scofield,377,4,5,0,,false,",",false,
1615773564,2018-04-20,2018,The Abbey Bar at Appalachian Brewing Company,Harrisburg,PA,1,8,Arcadia,403,false,,518,0,62,0,,false,",",false,closer
1615773564,2018-04-20,2018,The Abbey Bar at Appalachian Brewing Company,Harrisburg,PA,1,9,Jive I,411,false,,684,4,40,0,,false,>,true,
1615773564,2018-04-20,2018,The Abbey Bar at Appalachian Brewing Company,Harrisburg,PA,1,10,Flodown,478,false,Vasudo,189,0,36,0,,false,,false,
1615772927,2018-04-21,2018,Cattivo,Pittsburgh,PA,1,1,Madhuvan,512,false,,914,1,43,0,,false,",",false,opener|closer|jam
1615772927,2018-04-21,2018,Cattivo,Pittsburgh,PA,1,2,Time to Flee,404,false,,195,1,3,0,,false,",",false,
1615772927,2018-04-21,2018,Cattivo,Pittsburgh,PA,1,3,Indian River,410,false,,511,0,47,0,,false,>,true,
1615772927,2018-04-21,2018,Cattivo,Pittsburgh,PA,1,4,Jive II,413,false,,492,11,22,10,,false,",",false,opener
1615772927,2018-04-21,2018,Cattivo,Pittsburgh,PA,1,5,The W.S. Walcott Medicine Show,582,true,The Band,402,1,3,0,,false,",",false,
1615772927,2018-04-21,2018,Cattivo,Pittsburgh,PA,1,6,All I Need,414,false,,1175,1,18,0,,false,",",false,jam
1615772927,2018-04-21,2018,Cattivo,Pittsburgh,PA,1,7,Lead the Way,406,false,,531,1,41,0,,false,",",false,opener
1615772927,2018-04-21,2018,Cattivo,Pittsburgh,PA,1,8,Butter Rum,415,false,Vasudo,400,1,2,0,,false,,false,
1615772927,2018-04-21,2018,Cattivo,Pittsburgh,PA,2,9,Elizabeth,465,false,,473,3,4,0,,false,",",false,opener|jam
1615772927,2018-04-21,2018,Cattivo,Pittsburgh,PA,2,10,Green River,482,true,Creedence Clearwater Revival,325,24,7,20,,false,>,true,
1615772927,2018-04-21,2018,Cattivo,Pittsburgh,PA,2,11,Strokin',560,true,Clarence Carter,337,0,1,0,,false,",",false,
1615772927,2018-04-21,2018,Cattivo,Pittsburgh,PA,2,12,Wysteria Lane,405,false,Vasudo,958,4,18,0,,false,",",false,opener|jam|peak
1615772927,2018-04-21,2018,Cattivo,Pittsburgh,PA,2,13,Me and Julio Down By The Schoolyard,515,true,Paul Simon,352,0,1,0,,false,",",false,
1615772927,2018-04-21,2018,Cattivo,Pittsburgh,PA,2,14,Spirit Of The Dark Horse,557,false,,538,1,13,0,,false,>,true,
1615772927,2018-04-21,2018,Cattivo,Pittsburgh,PA,2,15,Love T.K.O.,510,true,Teddy Pendergrass,344,1,2,0,,false,",",false,
1615772927,2018-04-21,2018,Cattivo,Pittsburgh,PA,2,16,Turned Clouds,400,false,,460,3,30,0,,false,",",false,
1615772927,2018-04-21,2018,Cattivo,Pittsburgh,PA,2,17,Let's Dance,506,true,David Bowie,,6,9,0,,false,",",false,
1615772927,2018-04-21,2018,Cattivo,Pittsburgh,PA,2,18,One More Saturday Night,528,true,Grateful Dead,,25,12,20,,false,,false,closer|encore
1615772358,2018-05-03,2018,Jewel Nightclub,Manchester,NH,1,1,Indian River,410,false,,,0,48,0,,false,",",false,
1615772358,2018-05-03,2018,Jewel Nightclub,Manchester,NH,1,2,Jive II,413,false,,,0,23,0,,false,",",false,opener
1615772358,2018-05-03,2018,Jewel Nightclub,Manchester,NH,1,3,The Way It Is,570,true,Bruce Hornsby,,0,1,0,,false,",",false,
1615772358,2018-05-03,2018,Jewel Nightclub,Manchester,NH,1,4,A Western Sun,435,false,,,4,13,0,,false,",",false,
1615772358,2018-05-03,2018,Jewel Nightclub,Manchester,NH,1,5,The W.S. Walcott Medicine Show,582,true,The Band,,0,4,0,,false,",",false,
1615772358,2018-05-03,2018,Jewel Nightclub,Manchester,NH,1,6,All I Need,414,false,,,0,19,0,,false,",",false,jam
1615772358,2018-05-03,2018,Jewel Nightclub,Manchester,NH,1,7,Hollywood Nights,488,true,Bob Seger & The Silver Bullet Band,,0,1,0,,false,",",false,
1615772358,2018-05-03,2018,Jewel Nightclub,Manchester,NH,1,8,Madhuvan,512,false,,,0,44,0,,false,,false,opener|closer|jam
1615347480,2018-05-04,2018,Wall Street Theater,Norwalk,CT,1,1,Creatures,420,false,,,8,27,10,,false,>,true,jam
1615347480,2018-05-04,2018,Wall Street Theater,Norwalk,CT,1,2,Hollywood Nights,488,true,Bob Seger & The Silver Bullet Band,,0,2,0,,false,",",false,
1615347480,2018-05-04,2018,Wall Street Theater,Norwalk,CT,1,3,Time to Flee,404,false,,,1,4,0,,false,",",false,
1615347480,2018-05-04,2018,Wall Street Theater,Norwalk,CT,1,4,Turned Clouds,400,false,,,1,31,0,,false,>,true,
1615347480,2018-05-04,2018,Wall Street Theater,Norwalk,CT,1,5,Flodown,478,false,Vasudo,,2,37,0,,false,",",false,
1615347480,2018-05-04,2018,Wall Street Theater,Norwalk,CT,1,6,Elizabeth,465,false,,,1,5,0,,false,",",false,opener|jam
1615347480,2018-05-04,2018,Wall Street Theater,Norwalk,CT,1,7,So Ready,421,false,,,2,44,0,,false,>,true,closer
1615347480,2018-05-04,2018,Wall Street Theater,Norwalk,CT,1,8,The Way It Is,570,true,Bruce Hornsby,,0,2,0,,false,>,true,
1615347480,2018-05-04,2018,Wall Street Theater,Norwalk,CT,1,9,Butter Rum,415,false,Vasudo,,1,3,0,,false,",",false,
1615347480,2018-05-04,2018,Wall Street Theater,Norwalk,CT,1,10,Stormy Monday,559,true,The Allman Brothers Band,,0,1,0,,false,>,true,
1615347480,2018-05-04,2018,Wall Street Theater,Norwalk,CT,1,11,Jive I,411,false,,,2,41,0,,false,,false,
1615347480,2018-05-04,2018,Wall Street Theater,Norwalk,CT,2,12,Arcadia,403,false,,,2,63,0,,false,>,true,closer
1615347480,2018-05-04,2018,Wall Street Theater,Norwalk,CT,2,13,Johnny B. Goode,503,true,Chuck Berry,,0,1,0,,false,,false,
1615771361,2018-05-10,2018,The Warehouse at FTC,Fairfield,CT,1,1,All I Need,414,false,,,1,20,0,,false,",",false,jam
1615771361,2018-05-10,2018,The Warehouse at FTC,Fairfield,CT,1,2,A Western Sun,435,false,,,1,14,0,,false,",",false,
1615771361,2018-05-10,2018,The Warehouse at FTC,Fairfield,CT,1,3,Arcadia,403,false,,,0,64,0,,false,",",false,closer
1615771361,2018-05-10,2018,The Warehouse at FTC,Fairfield,CT,1,4,Crosseyed & Painless,455,true,Talking Heads,,3,20,0,,false,",",false,
1615771361,2018-05-10,2018,The Warehouse at FTC,Fairfield,CT,1,5,Butter Rum,415,false,Vasudo,,0,4,0,,false,,false,
1615424118,2018-06-01,2018,Octave,Covington,KY,1,1,Switchin',564,true,Wes Montgomery,395,26,10,20,,false,>,true,opener
1615424118,2018-06-01,2018,Octave,Covington,KY,1,2,Escape (The Piña Colada Song),469,true,Rupert Holmes,373,10,8,10,,false,",",false,opener|encore
1615424118,2018-06-01,2018,Octave,Covington,KY,1,3,Doc Brown,459,false,Great Blue,495,0,1,0,,false,",",false,
1615424118,2018-06-01,2018,Octave,Covington,KY,1,4,Liza Jane,508,true,African American Folk Song,457,0,1,0,,false,",",false,opener
1615424118,2018-06-01,2018,Octave,Covington,KY,1,5,Madhuvan,512,false,,673,2,45,0,,false,",",false,opener|closer|jam
1615424118,2018-06-01,2018,Octave,Covington,KY,1,6,Time to Flee,404,false,,193,1,5,0,,false,>,true,
1615424118,2018-06-01,2018,Octave,Covington,KY,1,7,A Western Sun,435,false,,436,0,15,0,,false,>,true,
1615424118,2018-06-01,2018,Octave,Covington,KY,1,8,Me & My Uncle,592,true,John Philips,312,4,15,0,,false,",",false,opener
1615424118,2018-06-01,2018,Octave,Covington,KY,1,9,All I Need,414,false,,920,0,21,0,,false,,false,jam
1615424118,2018-06-01,2018,Octave,Covington,KY,2,10,So Ready,421,false,,262,1,45,0,,false,>,true,closer
1615424118,2018-06-01,2018,Octave,Covington,KY,2,11,The Way It Is,570,true,Bruce Hornsby,456,1,3,0,,false,>,true,
1615424118,2018-06-01,2018,Octave,Covington,KY,2,12,Butter Rum,415,false,Vasudo,408,0,5,0,,false,",",false,
1615424118,2018-06-01,2018,Octave,Covington,KY,2,13,Wysteria Lane,405,false,Vasudo,506,3,19,0,,false,->,true,opener|jam|peak
1615424118,2018-06-01,2018,Octave,Covington,KY,2,14,Into the Myst,402,false,,711,87,5,35,,false,>,true,jam
1615424118,2018-06-01,2018,Octave,Covington,KY,2,15,Danger Zone,457,true,Kenny Loggins,233,27,8,20,,false,",",false,
1615424118,2018-06-01,2018,Octave,Covington,KY,2,16,Turned Clouds,400,false,,454,1,32,0,,false,>,true,
1615424118,2018-06-01,2018,Octave,Covington,KY,2,17,(satellite),636,false,,409,0,1,0,,false,>,true,
1615424118,2018-06-01,2018,Octave,Covington,KY,2,18,Turn On Your Love Light,578,true,Bobby Blue Bland,482,5,19,0,,false,,false,closer|encore
1615424118,2018-06-01,2018,Octave,Covington,KY,E,19,What's Up?,430,true,4 Non Blondes,410,0,1,0,,false,",",false,closer|encore
1615424118,2018-06-01,2018,Octave,Covington,KY,E,20,Crosseyed & Painless,455,true,Talking Heads,602,0,21,0,,false,,false,
1615349454,2018-06-02,2018,Octave,Covington,KY,1,1,Arcadia,403,false,,79,1,65,0,,false,>,true,closer
1615349454,2018-06-02,2018,Octave,Covington,KY,1,2,Lead the Way,406,false,,532,4,42,0,,false,",",false,opener
1615349454,2018-06-02,2018,Octave,Covington,KY,1,3,Wild Night,588,true,Van Morrison,260,47,6,20,,false,",",false,opener|closer
1615349454,2018-06-02,2018,Octave,Covington,KY,1,4,Elizabeth,465,false,,560,2,6,0,,false,",",false,opener|jam
1615349454,2018-06-02,2018,Octave,Covington,KY,1,5,Indian River,410,false,,466,3,49,0,,false,>,true,
1615349454,2018-06-02,2018,Octave,Covington,KY,1,6,Pumped Up Kicks,534,true,Foster The People,376,62,2,35,,false,>,true,
1615349454,2018-06-02,2018,Octave,Covington,KY,1,7,Sco-Mule,543,true,Government Mule ft. John Scofield,447,5,6,0,,false,",",false,
1615349454,2018-06-02,2018,Octave,Covington,KY,1,8,Me and Julio Down By The Schoolyard,515,true,Paul Simon,460,4,2,0,,false,",",false,
1615349454,2018-06-02,2018,Octave,Covington,KY,1,9,Elmeg The Wise,466,false,St. John's Revival,636,58,3,35,,false,",",false,closer|encore
1615349454,2018-06-02,2018,Octave,Covington,KY,1,10,Flodown,478,false,Vasudo,552,2,38,0,,false,,false,
1615349454,2018-06-02,2018,Octave,Covington,KY,2,11,Boogie On Reggae Woman,441,true,Stevie Wonder,857,11,8,10,,false,>,true,
1615349454,2018-06-02,2018,Octave,Covington,KY,2,12,Jive I,411,false,,508,2,42,0,,false,>,true,
1615349454,2018-06-02,2018,Octave,Covington,KY,2,13,Jive Lee,502,false,,486,0,1,0,,false,",",false,closer|jam
1615349454,2018-06-02,2018,Octave,Covington,KY,2,14,No Rain,525,true,Blind Melon,611,0,1,0,,false,",",false,opener|jam
1615349454,2018-06-02,2018,Octave,Covington,KY,2,15,Factory Fiction,473,false,Vasudo,767,66,2,35,,false,",",false,closer|jam|peak|encore
1615349454,2018-06-02,2018,Octave,Covington,KY,2,16,Arcadia,403,false,,492,0,66,0,,false,,false,closer
1615349454,2018-06-02,2018,Octave,Covington,KY,E,17,Praise You,533,true,Fatboy Slim,263,77,2,35,,false,->,true,closer|encore
1615349454,2018-06-02,2018,Octave,Covington,KY,E,18,Strokin',560,true,Clarence Carter,333,4,2,0,,false,->,true,
1615349454,2018-06-02,2018,Octave,Covington,KY,E,19,Praise You,533,true,Fatboy Slim,101,0,3,0,,false,,false,closer|encore
1615617709,2018-06-10,2018,Disc Jam Music Festival,Stephentown,NY,1,1,Liza Jane,508,true,African American Folk Song,,1,2,0,,false,",",false,opener
1615617709,2018-06-10,2018,Disc Jam Music Festival,Stephentown,NY,1,2,Flodown,478,false,Vasudo,,0,39,0,,false,",",false,
1615617709,2018-06-10,2018,Disc Jam Music Festival,Stephentown,NY,1,3,Doc Brown,459,false,Great Blue,,1,2,0,,false,",",false,
1615617709,2018-06-10,2018,Disc Jam Music Festival,Stephentown,NY,1,4,Jive I,411,false,,,0,43,0,,false,",",false,
1615617709,2018-06-10,2018,Disc Jam Music Festival,Stephentown,NY,1,5,Butter Rum,415,false,Vasudo,,1,6,0,,false,",",false,
1615617709,2018-06-10,2018,Disc Jam Music Festival,Stephentown,NY,1,6,All I Need,414,false,,,1,22,0,,false,,false,jam
1615608463,2018-06-15,2018,Space Ballroom,Hamden,CT,1,1,Jive II,413,false,,,5,24,0,,false,>,true,opener
1615608463,2018-06-15,2018,Space Ballroom,Hamden,CT,1,2,Time to Flee,404,false,,,2,6,0,,false,",",false,
1615608463,2018-06-15,2018,Space Ballroom,Hamden,CT,1,3,Wysteria Lane,405,false,Vasudo,,2,20,0,,false,>,true,opener|jam|peak
1615608463,2018-06-15,2018,Space Ballroom,Hamden,CT,1,4,Creatures,420,false,,,4,28,0,,false,>,true,jam
1615608463,2018-06-15,2018,Space Ballroom,Hamden,CT,1,5,Shama Lama Ding Dong,545,true,Otis Day and The Knights,,14,11,10,,false,",",false,encore
1615608463,2018-06-15,2018,Space Ballroom,Hamden,CT,1,6,Me and Julio Down By The Schoolyard,515,true,Paul Simon,,1,3,0,,false,,false,
1615340285,2018-06-21,2018,Pizza in the Park,Stamford,CT,1,1,Arcadia,403,false,,,2,67,0,,false,",",false,closer
1615340285,2018-06-21,2018,Pizza in the Park,Stamford,CT,1,2,Liza Jane,508,true,African American Folk Song,,1,3,0,,false,",",false,opener
1615340285,2018-06-21,2018,Pizza in the Park,Stamford,CT,1,3,Butter Rum,415,false,Vasudo,,1,7,0,,false,",",false,
1615340285,2018-06-21,2018,Pizza in the Park,Stamford,CT,1,4,Me and Julio Down By The Schoolyard,515,true,Paul Simon,,0,4,0,,false,",",false,
1615340285,2018-06-21,2018,Pizza in the Park,Stamford,CT,1,5,Madhuvan,512,false,,,3,46,0,,false,",",false,opener|closer|jam
1615340285,2018-06-21,2018,Pizza in the Park,Stamford,CT,1,6,Doc Brown,459,false,Great Blue,,1,3,0,,false,",",false,
1615340285,2018-06-21,2018,Pizza in the Park,Stamford,CT,1,7,No Rain,525,true,Blind Melon,,2,2,0,,false,>,true,opener|jam
1615340285,2018-06-21,2018,Pizza in the Park,Stamford,CT,1,8,So Ready,421,false,,,3,46,0,,false,",",false,closer
1615340285,2018-06-21,2018,Pizza in the Park,Stamford,CT,1,9,Escape (The Piña Colada Song),469,true,Rupert Holmes,,3,9,0,,false,",",false,opener|encore
1615340285,2018-06-21,2018,Pizza in the Park,Stamford,CT,1,10,All I Need,414,false,,,1,23,0,,false,,false,jam
1615617110,2018-06-30,2018,Bleachers,Bristol,CT,1,1,Jive II,413,false,,,1,25,0,,false,",",false,opener
1615617110,2018-06-30,2018,Bleachers,Bristol,CT,1,2,Arcadia,403,false,,,0,68,0,,false,",",false,closer
1615617110,2018-06-30,2018,Bleachers,Bristol,CT,1,3,Creatures,420,false,,,1,29,0,,false,",",false,jam
1615617110,2018-06-30,2018,Bleachers,Bristol,CT,1,4,Pumped Up Kicks,534,true,Foster The People,,3,3,0,,false,",",false,
1615617110,2018-06-30,2018,Bleachers,Bristol,CT,1,5,Indian River,410,false,,,3,50,0,,false,",",false,
1615432626,2018-07-05,2018,BRYAC Black Rock,Bridgeport,CT,1,1,I'm Alright,496,true,Kenny Loggins,,0,1,0,,false,>,true,
1615432626,2018-07-05,2018,BRYAC Black Rock,Bridgeport,CT,1,2,Flodown,478,false,Vasudo,,3,40,0,,false,",",false,
1615432626,2018-07-05,2018,BRYAC Black Rock,Bridgeport,CT,1,3,Mr. Night,520,true,Kenny Loggins,,0,1,0,,false,",",false,
1615432626,2018-07-05,2018,BRYAC Black Rock,Bridgeport,CT,1,4,All I Need,414,false,,,1,24,0,,false,",",false,jam
1615432626,2018-07-05,2018,BRYAC Black Rock,Bridgeport,CT,1,5,Creatures,420,false,,,0,30,0,,false,->,true,jam
1615432626,2018-07-05,2018,BRYAC Black Rock,Bridgeport,CT,1,6,Boogie Wonderland,442,true,"Earth, Wind & Fire and The Emotions",,0,1,0,,false,,false,
1615432626,2018-07-05,2018,BRYAC Black Rock,Bridgeport,CT,2,7,Make The Move,514,true,Kenny Loggins,,0,1,0,,false,",",false,
1615432626,2018-07-05,2018,BRYAC Black Rock,Bridgeport,CT,2,8,Madhuvan,512,false,,,1,47,0,,false,>,true,opener|closer|jam
1615432626,2018-07-05,2018,BRYAC Black Rock,Bridgeport,CT,2,9,Summertime Blues,561,true,Eddie Cochran,,0,1,0,,false,>,true,
1615432626,2018-07-05,2018,BRYAC Black Rock,Bridgeport,CT,2,10,Madhuvan,512,false,,,0,48,0,,false,",",false,opener|closer|jam
1615432626,2018-07-05,2018,BRYAC Black Rock,Bridgeport,CT,2,11,Jive I,411,false,,,3,44,0,,false,>,true,
1615432626,2018-07-05,2018,BRYAC Black Rock,Bridgeport,CT,2,12,Jive Lee,502,false,,,4,2,0,,false,>,true,closer|jam
1615432626,2018-07-05,2018,BRYAC Black Rock,Bridgeport,CT,2,13,I'm Alright,496,true,Kenny Loggins,,0,2,0,,false,>,true,
1615432626,2018-07-05,2018,BRYAC Black Rock,Bridgeport,CT,2,14,Make The Move,514,true,Kenny Loggins,,0,2,0,,false,>,true,
1615432626,2018-07-05,2018,BRYAC Black Rock,Bridgeport,CT,2,15,The Big Bang,567,true,Johnny Mandel,,0,1,0,,false,,false,
1615432626,2018-07-05,2018,BRYAC Black Rock,Bridgeport,CT,E,16,Danger Zone,457,true,Kenny Loggins,,5,9,0,,false,,false,
1615602893,2018-07-12,2018,BRYAC Black Rock,Bridgeport,CT,1,1,Soul Bossa Nova,552,true,Quincy Jones,245,0,1,0,,false,",",false,opener|ballad|encore
1615602893,2018-07-12,2018,BRYAC Black Rock,Bridgeport,CT,1,2,Time to Flee,404,false,,193,3,7,0,,false,>,true,
1615602893,2018-07-12,2018,BRYAC Black Rock,Bridgeport,CT,1,3,Butter Rum,415,false,Vasudo,422,2,8,0,,false,",",false,
1615602893,2018-07-12,2018,BRYAC Black Rock,Bridgeport,CT,1,4,Elizabeth,465,false,,505,5,7,0,,false,",",false,opener|jam
1615602893,2018-07-12,2018,BRYAC Black Rock,Bridgeport,CT,1,5,My Generation,521,true,The Who,539,0,1,0,,false,>,true,jam
1615602893,2018-07-12,2018,BRYAC Black Rock,Bridgeport,CT,1,6,Wysteria Lane,405,false,Vasudo,690,3,21,0,,false,>,true,opener|jam|peak
1615602893,2018-07-12,2018,BRYAC Black Rock,Bridgeport,CT,1,7,Mas Que Nada,513,true,Sergio Mendes,517,0,1,0,,false,",",false,
1615602893,2018-07-12,2018,BRYAC Black Rock,Bridgeport,CT,1,8,I Touch Myself,494,true,Divinyls,338,0,1,0,,false,,false,
1615602893,2018-07-12,2018,BRYAC Black Rock,Bridgeport,CT,2,9,Secret Agent Man,544,true,Johnny Rivers,261,0,1,0,,false,>,true,opener|ballad
1615602893,2018-07-12,2018,BRYAC Black Rock,Bridgeport,CT,2,10,So Ready,421,false,,254,2,47,0,,false,>,true,closer
1615602893,2018-07-12,2018,BRYAC Black Rock,Bridgeport,CT,2,11,These Boots Are Made For Walkin',571,true,Nancy Sinatra,214,0,1,0,,false,>,true,
1615602893,2018-07-12,2018,BRYAC Black Rock,Bridgeport,CT,2,12,Madhuvan,512,false,,206,0,49,0,,false,>,true,opener|closer|jam
1615602893,2018-07-12,2018,BRYAC Black Rock,Bridgeport,CT,2,13,Secret Agent Man,544,true,Johnny Rivers,24,0,2,0,,false,>,true,opener|ballad
1615602893,2018-07-12,2018,BRYAC Black Rock,Bridgeport,CT,2,14,Doc Brown,459,false,Great Blue,353,2,4,0,,false,>,true,
1615602893,2018-07-12,2018,BRYAC Black Rock,Bridgeport,CT,2,15,Into the Myst,402,false,,428,6,6,0,,false,",",false,jam
1615602893,2018-07-12,2018,BRYAC Black Rock,Bridgeport,CT,2,16,What The World Needs Now Is Love,585,true,Sergio Mendes,432,0,1,0,,false,>,true,
1615602893,2018-07-12,2018,BRYAC Black Rock,Bridgeport,CT,2,17,Doc Brown,459,false,Great Blue,60,0,5,0,,false,>,true,
1615602893,2018-07-12,2018,BRYAC Black Rock,Bridgeport,CT,2,18,So Ready,421,false,,462,0,48,0,,false,,false,closer
1615602893,2018-07-12,2018,BRYAC Black Rock,Bridgeport,CT,E,19,Soul Bossa Nova,552,true,Quincy Jones,244,0,2,0,,false,,false,opener|ballad|encore
1615615296,2018-07-22,2018,Jerry Jam,Bath,NH,1,1,No Rain,525,true,Blind Melon,,3,3,0,,false,",",false,opener|jam
1615615296,2018-07-22,2018,Jerry Jam,Bath,NH,1,2,Butter Rum,415,false,Vasudo,,0,9,0,,false,",",false,
1615615296,2018-07-22,2018,Jerry Jam,Bath,NH,1,3,Lead the Way,406,false,,,6,43,0,,false,",",false,opener
1615615296,2018-07-22,2018,Jerry Jam,Bath,NH,1,4,Elizabeth,465,false,,,0,8,0,,false,",",false,opener|jam
1615615296,2018-07-22,2018,Jerry Jam,Bath,NH,1,5,My Generation,521,true,The Who,,0,2,0,,false,",",false,jam
1615615296,2018-07-22,2018,Jerry Jam,Bath,NH,1,6,Arcadia,403,false,,,2,69,0,,false,",",false,closer
1615615296,2018-07-22,2018,Jerry Jam,Bath,NH,1,7,All I Need,414,false,,,1,25,0,,false,,false,jam
1615614366,2018-07-29,2018,Bayley Beach,Rowayton,CT,1,1,Time to Flee,404,false,,,1,8,0,,false,",",false,
1615614366,2018-07-29,2018,Bayley Beach,Rowayton,CT,1,2,Echo of a Rose,463,false,Vasudo,,0,1,0,,false,",",false,jam
1615614366,2018-07-29,2018,Bayley Beach,Rowayton,CT,1,3,Arcadia,403,false,,,0,70,0,,false,",",false,closer
1615614366,2018-07-29,2018,Bayley Beach,Rowayton,CT,1,4,So Ready,421,false,,,1,49,0,,false,",",false,closer
1615614366,2018-07-29,2018,Bayley Beach,Rowayton,CT,1,5,My Generation,521,true,The Who,,0,3,0,,false,",",false,jam
1615614366,2018-07-29,2018,Bayley Beach,Rowayton,CT,1,6,Butter Rum,415,false,Vasudo,,0,10,0,,false,",",false,
1615614366,2018-07-29,2018,Bayley Beach,Rowayton,CT,1,7,Escape (The Piña Colada Song),469,true,Rupert Holmes,,4,10,0,,false,",",false,opener|encore
1615614366,2018-07-29,2018,Bayley Beach,Rowayton,CT,1,8,All I Need,414,false,,,0,26,0,,false,,false,jam
1615613879,2018-08-02,2018,Doc Taylor's,Virginia Beach,VA,1,1,Indian River,410,false,,,4,51,0,,false,",",false,
1615613879,2018-08-02,2018,Doc Taylor's,Virginia Beach,VA,1,2,Switchin',564,true,Wes Montgomery,,9,11,10,,false,",",false,opener
1615613879,2018-08-02,2018,Doc Taylor's,Virginia Beach,VA,1,3,Liza Jane,508,true,African American Folk Song,,5,4,0,,false,",",false,opener
1615613879,2018-08-02,2018,Doc Taylor's,Virginia Beach,VA,1,4,Time to Flee,404,false,,,0,9,0,,false,",",false,
1615613879,2018-08-02,2018,Doc Taylor's,Virginia Beach,VA,1,5,Echo of a Rose,463,false,Vasudo,,0,2,0,,false,",",false,jam
1615613879,2018-08-02,2018,Doc Taylor's,Virginia Beach,VA,1,6,Turkish Hills,577,false,,,0,1,0,,false,",",false,
1615613879,2018-08-02,2018,Doc Taylor's,Virginia Beach,VA,1,7,My Generation,521,true,The Who,,0,4,0,,false,",",false,jam
1615613879,2018-08-02,2018,Doc Taylor's,Virginia Beach,VA,1,8,Madhuvan,512,false,,,2,50,0,,false,",",false,opener|closer|jam
1615613879,2018-08-02,2018,Doc Taylor's,Virginia Beach,VA,1,9,Butter Rum,415,false,Vasudo,,0,11,0,,false,,false,
1615613879,2018-08-02,2018,Doc Taylor's,Virginia Beach,VA,2,10,Doc Brown,459,false,Great Blue,,2,6,0,,false,",",false,
1615613879,2018-08-02,2018,Doc Taylor's,Virginia Beach,VA,2,11,So Ready,421,false,,,0,50,0,,false,",",false,closer
1615613879,2018-08-02,2018,Doc Taylor's,Virginia Beach,VA,2,12,Wild Night,588,true,Van Morrison,,8,7,10,,false,",",false,opener|closer
1615613879,2018-08-02,2018,Doc Taylor's,Virginia Beach,VA,2,13,Hot Tea,408,false,Vasudo,,0,1,0,,false,",",false,closer
1615613879,2018-08-02,2018,Doc Taylor's,Virginia Beach,VA,2,14,Me and Julio Down By The Schoolyard,515,true,Paul Simon,,5,5,0,,false,",",false,
1615613879,2018-08-02,2018,Doc Taylor's,Virginia Beach,VA,2,15,Creatures,420,false,,,3,31,0,,false,>,true,jam
1615613879,2018-08-02,2018,Doc Taylor's,Virginia Beach,VA,2,16,Pumped Up Kicks,534,true,Foster The People,,4,4,0,,false,",",false,
1615613879,2018-08-02,2018,Doc Taylor's,Virginia Beach,VA,2,17,Praise You,533,true,Fatboy Slim,,8,4,10,,false,,false,closer|encore
1615613325,2018-08-03,2018,The Whiskey,Wilmington,NC,1,1,Drive,462,false,,,0,1,0,,false,",",false,opener|jam
1615613210,2018-08-04,2018,Sierra Nevada Brewing Co.,Fletcher,NC,1,1,Arcadia,403,false,,,2,71,0,,false,",",false,closer
1615611809,2018-09-01,2018,The Haunt,Ithaca,NY,1,1,Wysteria Lane,405,false,Vasudo,,5,22,0,,false,>,true,opener|jam|peak
1615611809,2018-09-01,2018,The Haunt,Ithaca,NY,1,2,Shama Lama Ding Dong,545,true,Otis Day and The Knights,,9,12,10,,false,",",false,encore
1615611809,2018-09-01,2018,The Haunt,Ithaca,NY,1,3,Indian River,410,false,,,2,52,0,,false,",",false,
1615611809,2018-09-01,2018,The Haunt,Ithaca,NY,1,4,The Way It Is,570,true,Bruce Hornsby,,12,4,10,,false,",",false,
1615611809,2018-09-01,2018,The Haunt,Ithaca,NY,1,5,Flodown,478,false,Vasudo,,6,41,0,,false,",",false,
1615611809,2018-09-01,2018,The Haunt,Ithaca,NY,1,6,Creatures,420,false,,,2,32,0,,false,>,true,jam
1615611809,2018-09-01,2018,The Haunt,Ithaca,NY,1,7,Pumped Up Kicks,534,true,Foster The People,,2,5,0,,false,",",false,
1615611809,2018-09-01,2018,The Haunt,Ithaca,NY,1,8,So Ready,421,false,,,2,51,0,,false,,false,closer
1615611162,2018-09-08,2018,Gumpas Pond,Pelham,NH,1,1,Hot Tea,408,false,Vasudo,,3,2,0,,false,",",false,closer
1615431281,2018-09-20,2018,Resonance Music & Arts Festival,Thornville,OH,1,1,So Ready,421,false,,638,1,52,0,,false,",",false,closer
1615431281,2018-09-20,2018,Resonance Music & Arts Festival,Thornville,OH,1,2,Butter Rum,415,false,Vasudo,393,4,12,0,,false,",",false,
1615431281,2018-09-20,2018,Resonance Music & Arts Festival,Thornville,OH,1,3,Wysteria Lane,405,false,Vasudo,907,1,23,0,,false,",",false,opener|jam|peak
1615431281,2018-09-20,2018,Resonance Music & Arts Festival,Thornville,OH,1,4,Hot Tea,408,false,Vasudo,753,0,3,0,,false,,false,closer
1615345471,2018-09-21,2018,Resonance Music & Arts Festival,Thornville,OH,1,1,No Rain,525,true,Blind Melon,821,7,4,0,,false,",",false,opener|jam
1615345471,2018-09-21,2018,Resonance Music & Arts Festival,Thornville,OH,1,2,Jive I,411,false,,483,9,45,10,,false,>,true,
1615345471,2018-09-21,2018,Resonance Music & Arts Festival,Thornville,OH,1,3,Jive Lee,502,false,,754,9,3,10,,false,",",false,closer|jam
1615345471,2018-09-21,2018,Resonance Music & Arts Festival,Thornville,OH,1,4,The W.S. Walcott Medicine Show,582,true,The Band,586,18,5,10,,false,",",false,
1615345471,2018-09-21,2018,Resonance Music & Arts Festival,Thornville,OH,1,5,Creatures,420,false,,888,2,33,0,,false,,false,jam
1615602672,2018-09-22,2018,Resonance Music & Arts Festival,Thornville,OH,1,1,Crosseyed & Painless,455,true,Talking Heads,,16,22,10,,false,",",false,
1615602672,2018-09-22,2018,Resonance Music & Arts Festival,Thornville,OH,1,2,Time to Flee,404,false,,,6,10,0,,false,",",false,
1615602672,2018-09-22,2018,Resonance Music & Arts Festival,Thornville,OH,1,3,Flodown,478,false,Vasudo,,3,42,0,,false,",",false,
1615602672,2018-09-22,2018,Resonance Music & Arts Festival,Thornville,OH,1,4,Arcadia,403,false,,,4,72,0,,false,",",false,closer
1615602672,2018-09-22,2018,Resonance Music & Arts Festival,Thornville,OH,1,5,All I Need,414,false,,,7,27,0,,false,,false,jam
1615350239,2018-09-29,2018,Soupstock Music and Arts Festival,Shelton,CT,1,1,Lead the Way,406,false,,,9,44,10,,false,",",false,opener
1615350239,2018-09-29,2018,Soupstock Music and Arts Festival,Shelton,CT,1,2,The W.S. Walcott Medicine Show,582,true,The Band,,1,6,0,,false,",",false,
1615350239,2018-09-29,2018,Soupstock Music and Arts Festival,Shelton,CT,1,3,Madhuvan,512,false,,,7,51,0,,false,",",false,opener|closer|jam
1615350239,2018-09-29,2018,Soupstock Music and Arts Festival,Shelton,CT,1,4,Time to Flee,404,false,,,0,11,0,,false,",",false,
1615350239,2018-09-29,2018,Soupstock Music and Arts Festival,Shelton,CT,1,5,Butter Rum,415,false,Vasudo,,2,13,0,,false,",",false,
1615350239,2018-09-29,2018,Soupstock Music and Arts Festival,Shelton,CT,1,6,Me and Julio Down By The Schoolyard,515,true,Paul Simon,,7,6,0,,false,",",false,
1615350239,2018-09-29,2018,Soupstock Music and Arts Festival,Shelton,CT,1,7,Flodown,478,false,Vasudo,,0,43,0,,false,",",false,
1615350239,2018-09-29,2018,Soupstock Music and Arts Festival,Shelton,CT,1,8,The Way It Is,570,true,Bruce Hornsby,,4,5,0,,false,",",false,
1615350239,2018-09-29,2018,Soupstock Music and Arts Festival,Shelton,CT,1,9,Hot Tea,408,false,Vasudo,,2,4,0,,false,,false,closer
1615609781,2018-10-12,2018,Just Joshin' Music Festival,Amston,CT,1,1,Hot Tea,408,false,Vasudo,,0,5,0,,false,",",false,closer
1615427966,2018-10-26,2018,BRYAC Black Rock,Bridgeport,CT,1,1,Ghostbusters,480,true,Ray Parker Jr.,96,0,1,0,,false,>,true,opener|closer
1615427966,2018-10-26,2018,BRYAC Black Rock,Bridgeport,CT,1,2,Cleanin' Up The Town,451,true,The Bus Boys,328,0,1,0,,false,",",false,
1615427966,2018-10-26,2018,BRYAC Black Rock,Bridgeport,CT,1,3,Butter Rum,415,false,Vasudo,479,1,14,0,,false,",",false,
1615427966,2018-10-26,2018,BRYAC Black Rock,Bridgeport,CT,1,4,Jive II,413,false,,588,14,26,10,,false,>,true,opener
1615427966,2018-10-26,2018,BRYAC Black Rock,Bridgeport,CT,1,5,Yeti,416,false,Great Blue,557,0,1,0,,false,>,true,opener
1615427966,2018-10-26,2018,BRYAC Black Rock,Bridgeport,CT,1,6,On Our Own,526,true,Bobby Brown,540,0,1,0,,false,->,true,
1615427966,2018-10-26,2018,BRYAC Black Rock,Bridgeport,CT,1,7,Indian River,410,false,,661,6,53,0,,false,",",false,
1615427966,2018-10-26,2018,BRYAC Black Rock,Bridgeport,CT,1,8,All I Need,414,false,,878,2,28,0,,false,,false,jam
1615427966,2018-10-26,2018,BRYAC Black Rock,Bridgeport,CT,2,9,Elmer Theme,467,true,Elmer Bernstein,85,0,1,0,,false,>,true,
1615427966,2018-10-26,2018,BRYAC Black Rock,Bridgeport,CT,2,10,Wysteria Lane,405,false,Vasudo,1292,4,24,0,,false,>,true,opener|jam|peak
1615427966,2018-10-26,2018,BRYAC Black Rock,Bridgeport,CT,2,11,Disco Inferno,419,true,The Trammps,761,0,1,0,,false,->,true,
1615427966,2018-10-26,2018,BRYAC Black Rock,Bridgeport,CT,2,12,So Ready,421,false,,643,4,53,0,,false,>,true,closer
1615427966,2018-10-26,2018,BRYAC Black Rock,Bridgeport,CT,2,13,Ghostbusters,480,true,Ray Parker Jr.,759,0,2,0,,false,,false,opener|closer
1615603769,2018-10-27,2018,BRYAC Black Rock,Bridgeport,CT,1,1,Hot Night,492,true,Laura Branigan,838,0,1,0,,false,>,true,opener|ballad
1615603769,2018-10-27,2018,BRYAC Black Rock,Bridgeport,CT,1,2,Flodown,478,false,Vasudo,448,2,44,0,,false,",",false,
1615603769,2018-10-27,2018,BRYAC Black Rock,Bridgeport,CT,1,3,Time to Flee,404,false,,198,2,12,0,,false,",",false,
1615603769,2018-10-27,2018,BRYAC Black Rock,Bridgeport,CT,1,4,Arcadia,403,false,,1047,3,73,0,,false,",",false,closer
1615603769,2018-10-27,2018,BRYAC Black Rock,Bridgeport,CT,1,5,Savin' The Day,542,true,Alessi Brothers,673,0,1,0,,false,",",false,
1615603769,2018-10-27,2018,BRYAC Black Rock,Bridgeport,CT,1,6,Hot Tea,408,false,Vasudo,746,1,6,0,,false,,false,closer
1615603769,2018-10-27,2018,BRYAC Black Rock,Bridgeport,CT,2,7,Ghostbusters Rap,481,true,Run DMC,1000,0,1,0,,false,",",false,closer
1615603769,2018-10-27,2018,BRYAC Black Rock,Bridgeport,CT,2,8,Doc Brown,459,false,Great Blue,711,10,7,10,,false,",",false,
1615603769,2018-10-27,2018,BRYAC Black Rock,Bridgeport,CT,2,9,Creatures,420,false,,1004,4,34,0,,false,",",false,jam
1615603769,2018-10-27,2018,BRYAC Black Rock,Bridgeport,CT,2,10,(Your Love Keeps Lifting Me) Higher and Higher,487,true,Jackie Wilson,546,0,1,0,,false,>,true,encore
1615603769,2018-10-27,2018,BRYAC Black Rock,Bridgeport,CT,2,11,Ghostbusters,480,true,Ray Parker Jr.,660,0,3,0,,false,,false,opener|closer
1615601742,2018-11-10,2018,Flour City Station,Rochester,NY,1,1,Hot Tea,408,false,Vasudo,,0,7,0,,false,",",false,closer
1615601742,2018-11-10,2018,Flour City Station,Rochester,NY,1,2,Madhuvan,512,false,,,3,52,0,,false,",",false,opener|closer|jam
1615601742,2018-11-10,2018,Flour City Station,Rochester,NY,1,3,Yeti,416,false,Great Blue,,1,2,0,,false,",",false,opener
1615601742,2018-11-10,2018,Flour City Station,Rochester,NY,1,4,Atlas,439,true,The Wood Brothers,,29,14,20,,false,",",false,opener
1615601742,2018-11-10,2018,Flour City Station,Rochester,NY,1,5,Wysteria Lane,405,false,Vasudo,,1,25,0,,false,",",false,opener|jam|peak
1615601742,2018-11-10,2018,Flour City Station,Rochester,NY,1,6,Turned Clouds,400,false,,,21,33,20,,false,",",false,
1615601742,2018-11-10,2018,Flour City Station,Rochester,NY,1,7,Arcadia,403,false,,,0,74,0,,false,",",false,closer
1615601742,2018-11-10,2018,Flour City Station,Rochester,NY,1,8,Flodown,478,false,Vasudo,,0,45,0,,false,,false,
1615600342,2018-11-15,2018,123 Pleasant Street,Morgantown,WV,1,1,Flodown,478,false,Vasudo,,0,46,0,,false,",",false,
1615600342,2018-11-15,2018,123 Pleasant Street,Morgantown,WV,1,2,Elizabeth,465,false,,,14,9,10,,false,",",false,opener|jam
1615600342,2018-11-15,2018,123 Pleasant Street,Morgantown,WV,1,3,Caution,446,true,Bob Marley,,99,5,35,,false,",",false,
1615600342,2018-11-15,2018,123 Pleasant Street,Morgantown,WV,1,4,Arcadia,403,false,,,0,75,0,,false,",",false,closer
1615600342,2018-11-15,2018,123 Pleasant Street,Morgantown,WV,1,5,Crosseyed & Painless,455,true,Talking Heads,,5,23,0,,false,>,true,
1615600342,2018-11-15,2018,123 Pleasant Street,Morgantown,WV,1,6,Echo of a Rose,463,false,Vasudo,,12,3,10,,false,",",false,jam
1615600342,2018-11-15,2018,123 Pleasant Street,Morgantown,WV,1,7,So Ready,421,false,,,2,54,0,,false,",",false,closer
1615600342,2018-11-15,2018,123 Pleasant Street,Morgantown,WV,1,8,Hot Tea,408,false,Vasudo,,0,8,0,,false,,false,closer
1615430308,2018-11-16,2018,Octave,Covington,KY,1,1,Hot Night,492,true,Laura Branigan,775,2,2,0,,false,>,true,opener|ballad
1615430308,2018-11-16,2018,Octave,Covington,KY,1,2,Butter Rum,415,false,Vasudo,387,3,15,0,,false,",",false,
1615430308,2018-11-16,2018,Octave,Covington,KY,1,3,Madhuvan,512,false,,800,1,53,0,,false,",",false,opener|closer|jam
1615430308,2018-11-16,2018,Octave,Covington,KY,1,4,Turkish Hills,577,false,,362,13,2,10,,false,>,true,
1615430308,2018-11-16,2018,Octave,Covington,KY,1,5,Echo of a Rose,463,false,Vasudo,372,0,4,0,,false,",",false,jam
1615430308,2018-11-16,2018,Octave,Covington,KY,1,6,Disco Inferno,419,true,The Trammps,885,3,2,0,,false,",",false,
1615430308,2018-11-16,2018,Octave,Covington,KY,1,7,Yeti,416,false,Great Blue,591,1,3,0,,false,,false,opener
1615430308,2018-11-16,2018,Octave,Covington,KY,2,8,All I Need,414,false,,708,3,29,0,,false,>,true,jam
1615430308,2018-11-16,2018,Octave,Covington,KY,2,9,Ghostbusters Rap,481,true,Run DMC,717,2,2,0,,false,>,true,closer
1615430308,2018-11-16,2018,Octave,Covington,KY,2,10,All I Need,414,false,,183,0,30,0,,false,",",false,jam
1615430308,2018-11-16,2018,Octave,Covington,KY,2,11,Creatures,420,false,,693,2,35,0,,false,>,true,jam
1615430308,2018-11-16,2018,Octave,Covington,KY,2,12,Dancing In The Moonlight,456,true,King Harvest,390,70,4,35,,false,",",false,encore
1615430308,2018-11-16,2018,Octave,Covington,KY,2,13,Turned Clouds,400,false,,579,1,34,0,,false,",",false,
1615430308,2018-11-16,2018,Octave,Covington,KY,2,14,Everywhere,471,true,Michelle Branch,228,0,1,0,,false,",",false,ballad
1615430308,2018-11-16,2018,Octave,Covington,KY,2,15,Hot Tea,408,false,Vasudo,506,0,9,0,,false,>,true,closer
1615430308,2018-11-16,2018,Octave,Covington,KY,2,16,Hot Night,492,true,Laura Branigan,228,0,3,0,,false,>,true,opener|ballad
1615430308,2018-11-16,2018,Octave,Covington,KY,2,17,Hot Tea,408,false,Vasudo,128,0,10,0,,false,,false,closer
1615430308,2018-11-16,2018,Octave,Covington,KY,E,18,(Your Love Keeps Lifting Me) Higher and Higher,487,true,Jackie Wilson,486,2,2,0,,false,,false,encore
1615002805,2018-11-17,2018,Madison Live!,Covington,KY,1,1,Liza Jane,508,true,African American Folk Song,,14,5,10,,false,",",false,opener
1615002805,2018-11-17,2018,Madison Live!,Covington,KY,1,2,Flodown,478,false,Vasudo,,1,47,0,,false,",",false,
1615002805,2018-11-17,2018,Madison Live!,Covington,KY,1,3,Time to Flee,404,false,,,3,13,0,,false,",",false,
1615002805,2018-11-17,2018,Madison Live!,Covington,KY,1,4,Wysteria Lane,405,false,Vasudo,,2,26,0,,false,>,true,opener|jam|peak
1615002805,2018-11-17,2018,Madison Live!,Covington,KY,1,5,Mas Que Nada,513,true,Sergio Mendes,,17,2,10,,false,",",false,
1615002805,2018-11-17,2018,Madison Live!,Covington,KY,1,6,Arcadia,403,false,,,1,76,0,,false,>,true,closer
1615002805,2018-11-17,2018,Madison Live!,Covington,KY,1,7,Jive I,411,false,,,8,46,10,,false,>,true,
1615002805,2018-11-17,2018,Madison Live!,Covington,KY,1,8,Jive Lee,502,false,,,8,4,10,,false,",",false,closer|jam
1615002805,2018-11-17,2018,Madison Live!,Covington,KY,1,9,So Ready,421,false,,,1,55,0,,false,,false,closer
1614304965,2018-11-21,2018,O'Neill's Irish Pub &amp; Restaurant,Norwalk,CT,1,1,Liza Jane,508,true,African American Folk Song,,0,6,0,,false,",",false,opener
1614304965,2018-11-21,2018,O'Neill's Irish Pub &amp; Restaurant,Norwalk,CT,1,2,Butter Rum,415,false,Vasudo,,1,16,0,,false,",",false,
1614304965,2018-11-21,2018,O'Neill's Irish Pub &amp; Restaurant,Norwalk,CT,1,3,Yeti,416,false,Great Blue,,1,4,0,,false,",",false,opener
1614304965,2018-11-21,2018,O'Neill's Irish Pub &amp; Restaurant,Norwalk,CT,1,4,Hot Night,492,true,Laura Branigan,,1,4,0,,false,>,true,opener|ballad
1614304965,2018-11-21,2018,O'Neill's Irish Pub &amp; Restaurant,Norwalk,CT,1,5,Make The Move,514,true,Kenny Loggins,,19,3,10,,false,>,true,
1614304965,2018-11-21,2018,O'Neill's Irish Pub &amp; Restaurant,Norwalk,CT,1,6,I'm Alright,496,true,Kenny Loggins,,19,3,10,,false,>,true,
1614304965,2018-11-21,2018,O'Neill's Irish Pub &amp; Restaurant,Norwalk,CT,1,7,Strokin',560,true,Clarence Carter,,24,3,20,,false,>,true,
1614304965,2018-11-21,2018,O'Neill's Irish Pub &amp; Restaurant,Norwalk,CT,1,8,Hot Tea,408,false,Vasudo,,1,11,0,,false,",",false,closer
1614304965,2018-11-21,2018,O'Neill's Irish Pub &amp; Restaurant,Norwalk,CT,1,9,Everywhere,471,true,Michelle Branch,,1,2,0,,false,",",false,ballad
1614304965,2018-11-21,2018,O'Neill's Irish Pub &amp; Restaurant,Norwalk,CT,1,10,Ghostbusters Rap,481,true,Run DMC,,1,3,0,,false,",",false,closer
1614304965,2018-11-21,2018,O'Neill's Irish Pub &amp; Restaurant,Norwalk,CT,1,11,Boogie Wonderland,442,true,"Earth, Wind & Fire and The Emotions",,19,2,10,,false,>,true,
1614304965,2018-11-21,2018,O'Neill's Irish Pub &amp; Restaurant,Norwalk,CT,1,12,Disco Inferno,419,true,The Trammps,,1,3,0,,false,>,true,
1614304965,2018-11-21,2018,O'Neill's Irish Pub &amp; Restaurant,Norwalk,CT,1,13,Pumped Up Kicks,534,true,Foster The People,,12,6,10,,false,>,true,
1614304965,2018-11-21,2018,O'Neill's Irish Pub &amp; Restaurant,Norwalk,CT,1,14,Shama Lama Ding Dong,545,true,Otis Day and The Knights,,12,13,10,,false,",",false,encore
1614304965,2018-11-21,2018,O'Neill's Irish Pub &amp; Restaurant,Norwalk,CT,1,15,What's Up?,430,true,4 Non Blondes,,25,2,20,,false,,false,closer|encore
1615427110,2018-11-29,2018,Paradise Rock Club,Boston,MA,1,1,Flodown,478,false,Vasudo,,1,48,0,,false,",",false,
1615427110,2018-11-29,2018,Paradise Rock Club,Boston,MA,1,2,Time to Flee,404,false,,,1,14,0,,false,",",false,
1615427110,2018-11-29,2018,Paradise Rock Club,Boston,MA,1,3,Jive I,411,false,,,1,47,0,,false,>,true,
1615427110,2018-11-29,2018,Paradise Rock Club,Boston,MA,1,4,Jive Lee,502,false,,,1,5,0,,false,",",false,closer|jam
1615427110,2018-11-29,2018,Paradise Rock Club,Boston,MA,1,5,Disco Inferno,419,true,The Trammps,,0,4,0,,false,",",false,
1615427110,2018-11-29,2018,Paradise Rock Club,Boston,MA,1,6,Butter Rum,415,false,Vasudo,,0,17,0,,false,",",false,
1615427110,2018-11-29,2018,Paradise Rock Club,Boston,MA,1,7,Hot Tea,408,false,Vasudo,,0,12,0,,false,,false,closer
1615426517,2018-11-30,2018,Nectar's,Burlington,VT,1,1,So Ready,421,false,,,2,56,0,,false,",",false,closer
1615426517,2018-11-30,2018,Nectar's,Burlington,VT,1,2,Arcadia,403,false,,,2,77,0,,false,",",false,closer
1615426517,2018-11-30,2018,Nectar's,Burlington,VT,1,3,Ghostbusters Rap,481,true,Run DMC,,1,4,0,,false,",",false,closer
1615426517,2018-11-30,2018,Nectar's,Burlington,VT,1,4,Wysteria Lane,405,false,Vasudo,,2,27,0,,false,>,true,opener|jam|peak
1615426517,2018-11-30,2018,Nectar's,Burlington,VT,1,5,Pumped Up Kicks,534,true,Foster The People,,1,7,0,,false,",",false,
1615426517,2018-11-30,2018,Nectar's,Burlington,VT,1,6,Madhuvan,512,false,,,3,54,0,,false,",",false,opener|closer|jam
1615426517,2018-11-30,2018,Nectar's,Burlington,VT,1,7,Turned Clouds,400,false,,,3,35,0,,false,",",false,
1615426517,2018-11-30,2018,Nectar's,Burlington,VT,1,8,Crosseyed & Painless,455,true,Talking Heads,,4,24,0,,false,,false,
1615423629,2018-12-01,2018,Jay Peak Resort,Jay,VT,1,1,Hot Tea,408,false,Vasudo,664,1,13,0,,false,",",false,closer
1615423629,2018-12-01,2018,Jay Peak Resort,Jay,VT,1,2,Time to Flee,404,false,,188,1,15,0,,false,",",false,
1615423629,2018-12-01,2018,Jay Peak Resort,Jay,VT,1,3,The Way It Is,570,true,Bruce Hornsby,421,10,6,10,,false,",",false,
1615423629,2018-12-01,2018,Jay Peak Resort,Jay,VT,1,4,All I Need,414,false,,522,4,31,0,,false,",",false,jam
1615423629,2018-12-01,2018,Jay Peak Resort,Jay,VT,1,5,Arcadia,403,false,,515,0,78,0,,false,",",false,closer
1615423629,2018-12-01,2018,Jay Peak Resort,Jay,VT,1,6,Turn On Your Love Light,578,true,Bobby Blue Bland,353,28,20,20,,false,,false,closer|encore
1615349092,2018-12-08,2018,Nietzsche's,Buffalo,NY,1,1,Madhuvan,512,false,,,1,55,0,,false,",",false,opener|closer|jam
1615349092,2018-12-08,2018,Nietzsche's,Buffalo,NY,1,2,Me & My Uncle,592,true,John Philips,,29,16,20,,false,",",false,opener
1615349092,2018-12-08,2018,Nietzsche's,Buffalo,NY,1,3,Lead the Way,406,false,,,11,45,10,,false,",",false,opener
1615349092,2018-12-08,2018,Nietzsche's,Buffalo,NY,1,4,Butter Rum,415,false,Vasudo,,2,18,0,,false,",",false,
1615349092,2018-12-08,2018,Nietzsche's,Buffalo,NY,1,5,Flodown,478,false,Vasudo,,2,49,0,,false,",",false,
1615349092,2018-12-08,2018,Nietzsche's,Buffalo,NY,1,6,Arcadia,403,false,,,0,79,0,,false,",",false,closer
1615349092,2018-12-08,2018,Nietzsche's,Buffalo,NY,1,7,The Way It Is,570,true,Bruce Hornsby,,0,7,0,,false,",",false,
1615349092,2018-12-08,2018,Nietzsche's,Buffalo,NY,1,8,Hot Tea,408,false,Vasudo,,0,14,0,,false,,false,closer
1615349092,2018-12-08,2018,Nietzsche's,Buffalo,NY,2,9,Jive I,411,false,,,2,48,0,,false,>,true,
1615349092,2018-12-08,2018,Nietzsche's,Buffalo,NY,2,10,Jive Lee,502,false,,,2,6,0,,false,",",false,closer|jam
1615349092,2018-12-08,2018,Nietzsche's,Buffalo,NY,2,11,Time to Flee,404,false,,,0,16,0,,false,",",false,
1615349092,2018-12-08,2018,Nietzsche's,Buffalo,NY,2,12,Disco Inferno,419,true,The Trammps,,2,5,0,,false,",",false,
1615349092,2018-12-08,2018,Nietzsche's,Buffalo,NY,2,13,Turned Clouds,400,false,,,1,36,0,,false,",",false,
1615349092,2018-12-08,2018,Nietzsche's,Buffalo,NY,2,14,All I Need,414,false,,,0,32,0,,false,,false,jam
1615340173,2018-12-11,2018,The Waiting Room Lounge,Omaha,NE,1,1,Lead the Way,406,false,,587,0,46,0,,false,>,true,opener
1615340173,2018-12-11,2018,The Waiting Room Lounge,Omaha,NE,1,2,Flodown,478,false,Vasudo,466,0,50,0,,false,",",false,
1615340173,2018-12-11,2018,The Waiting Room Lounge,Omaha,NE,1,3,Atlas,439,true,The Wood Brothers,661,8,15,10,,false,",",false,opener
1615340173,2018-12-11,2018,The Waiting Room Lounge,Omaha,NE,1,4,Yeti,416,false,Great Blue,557,4,5,0,,false,",",false,opener
1615340173,2018-12-11,2018,The Waiting Room Lounge,Omaha,NE,1,5,Arcadia,403,false,,582,0,80,0,,false,",",false,closer
1615340173,2018-12-11,2018,The Waiting Room Lounge,Omaha,NE,1,6,So Ready,421,false,,614,2,57,0,,false,,false,closer
1615338365,2018-12-12,2018,The Bootleg at Atomic Cowboy,St. Louis,MO,1,1,Madhuvan,512,false,,704,1,56,0,,false,",",false,opener|closer|jam
1615338365,2018-12-12,2018,The Bootleg at Atomic Cowboy,St. Louis,MO,1,2,Indian River,410,false,,476,11,54,10,,false,",",false,
1615338365,2018-12-12,2018,The Bootleg at Atomic Cowboy,St. Louis,MO,1,3,Wysteria Lane,405,false,Vasudo,775,3,28,0,,false,>,true,opener|jam|peak
1615338365,2018-12-12,2018,The Bootleg at Atomic Cowboy,St. Louis,MO,1,4,Crosseyed & Painless,455,true,Talking Heads,524,3,25,0,,false,",",false,
1615338365,2018-12-12,2018,The Bootleg at Atomic Cowboy,St. Louis,MO,1,5,Butter Rum,415,false,Vasudo,392,1,19,0,,false,",",false,
1615338365,2018-12-12,2018,The Bootleg at Atomic Cowboy,St. Louis,MO,1,6,Hot Tea,408,false,Vasudo,543,1,15,0,,false,,false,closer
1615337213,2018-12-13,2018,HI-FI Indy,Indianapolis,IN,1,1,Jive I,411,false,,503,2,49,0,,false,>,true,
1615337213,2018-12-13,2018,HI-FI Indy,Indianapolis,IN,1,2,Jive Lee,502,false,,619,2,7,0,,false,",",false,closer|jam
1615337213,2018-12-13,2018,HI-FI Indy,Indianapolis,IN,1,3,Time to Flee,404,false,,195,2,17,0,,false,",",false,
1615337213,2018-12-13,2018,HI-FI Indy,Indianapolis,IN,1,4,Ghostbusters Rap,481,true,Run DMC,687,4,5,0,,false,",",false,closer
1615337213,2018-12-13,2018,HI-FI Indy,Indianapolis,IN,1,5,Arcadia,403,false,,613,1,81,0,,false,",",false,closer
1615337213,2018-12-13,2018,HI-FI Indy,Indianapolis,IN,1,6,All I Need,414,false,,789,2,33,0,,false,,false,jam
1615003067,2018-12-14,2018,Madison Live!,Covington,KY,1,1,Jive II,413,false,,547,13,27,10,,false,>,true,opener
1615003067,2018-12-14,2018,Madison Live!,Covington,KY,1,2,Jive Lee,502,false,,495,0,8,0,,false,>,true,closer|jam
1615003067,2018-12-14,2018,Madison Live!,Covington,KY,1,3,Creatures,420,false,,641,9,36,10,,false,>,true,jam
1615003067,2018-12-14,2018,Madison Live!,Covington,KY,1,4,Yeti,416,false,Great Blue,758,2,6,0,,false,->,true,opener
1615003067,2018-12-14,2018,Madison Live!,Covington,KY,1,5,Pumped Up Kicks,534,true,Foster The People,184,5,8,0,,false,",",false,
1615003067,2018-12-14,2018,Madison Live!,Covington,KY,1,6,Hot Tea,408,false,Vasudo,664,1,16,0,,false,,false,closer
1615002449,2018-12-15,2018,Woodlands Tavern,Columbus,OH,1,1,So Ready,421,false,,607,3,58,0,,false,",",false,closer
1615002449,2018-12-15,2018,Woodlands Tavern,Columbus,OH,1,2,Butter Rum,415,false,Vasudo,396,2,20,0,,false,",",false,
1615002449,2018-12-15,2018,Woodlands Tavern,Columbus,OH,1,3,Time to Flee,404,false,,195,1,18,0,,false,",",false,
1615002449,2018-12-15,2018,Woodlands Tavern,Columbus,OH,1,4,The Way It Is,570,true,Bruce Hornsby,491,4,8,0,,false,",",false,
1615002449,2018-12-15,2018,Woodlands Tavern,Columbus,OH,1,5,Flodown,478,false,Vasudo,494,3,51,0,,false,",",false,
1615002449,2018-12-15,2018,Woodlands Tavern,Columbus,OH,1,6,All I Need,414,false,,472,1,34,0,,false,->,true,jam
1615002449,2018-12-15,2018,Woodlands Tavern,Columbus,OH,1,7,Disco Inferno,419,true,The Trammps,531,4,6,0,,false,->,true,
1615002449,2018-12-15,2018,Woodlands Tavern,Columbus,OH,1,8,All I Need,414,false,,113,0,35,0,,false,,false,jam
1615001663,2018-12-22,2018,Cantiki SoNo,Norwalk,CT,1,1,Mele Kalikimaka,516,true,Bing Crosby,,0,1,0,,false,>,true,
1615001663,2018-12-22,2018,Cantiki SoNo,Norwalk,CT,1,2,Hot Tea,408,false,Vasudo,,1,17,0,,false,",",false,closer
1615001663,2018-12-22,2018,Cantiki SoNo,Norwalk,CT,1,3,Escape (The Piña Colada Song),469,true,Rupert Holmes,,26,11,20,,false,",",false,opener|encore
1615001663,2018-12-22,2018,Cantiki SoNo,Norwalk,CT,1,4,Yeti,416,false,Great Blue,,1,7,0,,false,>,true,opener
1615001663,2018-12-22,2018,Cantiki SoNo,Norwalk,CT,1,5,Electric Avenue,464,true,Eddy Grant,,0,1,0,,false,",",false,
1615001663,2018-12-22,2018,Cantiki SoNo,Norwalk,CT,1,6,Butter Rum,415,false,Vasudo,,0,21,0,,false,",",false,
1615001663,2018-12-22,2018,Cantiki SoNo,Norwalk,CT,1,7,All I Need,414,false,,,0,36,0,,false,",",false,jam
1615001663,2018-12-22,2018,Cantiki SoNo,Norwalk,CT,1,8,Feeling Hot Hot Hot,491,true,The Merrymen,,0,1,0,,false,,false,opener|closer
1615001663,2018-12-22,2018,Cantiki SoNo,Norwalk,CT,2,9,Flodown,478,false,Vasudo,,0,52,0,,false,",",false,
1615001663,2018-12-22,2018,Cantiki SoNo,Norwalk,CT,2,10,So Ready,421,false,,,0,59,0,,false,",",false,closer
1615001663,2018-12-22,2018,Cantiki SoNo,Norwalk,CT,2,11,Red Red Wine,537,true,UB40,,0,1,0,,false,",",false,
1615001663,2018-12-22,2018,Cantiki SoNo,Norwalk,CT,2,12,Wysteria Lane,405,false,Vasudo,,3,29,0,,false,>,true,opener|jam|peak
1615001663,2018-12-22,2018,Cantiki SoNo,Norwalk,CT,2,13,Strokin',560,true,Clarence Carter,,9,4,10,,false,",",false,
1615001663,2018-12-22,2018,Cantiki SoNo,Norwalk,CT,2,14,Same Old Shenanigans,541,false,,,109,5,50,,false,",",false,closer
1615001663,2018-12-22,2018,Cantiki SoNo,Norwalk,CT,2,15,White Lights,586,false,,,0,1,0,,false,>,true,closer|encore
1615001663,2018-12-22,2018,Cantiki SoNo,Norwalk,CT,2,16,Day-O,458,true,Harry Belafonte,,0,1,0,,false,>,true,
1615001663,2018-12-22,2018,Cantiki SoNo,Norwalk,CT,2,17,Feliz Navidad,475,true,Jose Feliciano,,0,1,0,,false,,false,
1614326388,2019-01-25,2019,The Cubby Bear,Chicago,IL,1,1,Me & My Uncle,592,true,John Philips,,6,17,0,,false,",",false,opener
1614326388,2019-01-25,2019,The Cubby Bear,Chicago,IL,1,2,Wysteria Lane,405,false,Vasudo,,0,30,0,,false,>,true,opener|jam|peak
1614326388,2019-01-25,2019,The Cubby Bear,Chicago,IL,1,3,Shama Lama Ding Dong,545,true,Otis Day and The Knights,,10,14,10,,false,",",false,encore
1614326388,2019-01-25,2019,The Cubby Bear,Chicago,IL,1,4,Flodown,478,false,Vasudo,,0,53,0,,false,",",false,
1614326388,2019-01-25,2019,The Cubby Bear,Chicago,IL,1,5,So Ready,421,false,,,0,60,0,,false,,false,closer
1614325989,2019-01-26,2019,Kenny's Westside Pub,Peoria,IL,1,1,Butter Rum,415,false,Vasudo,381,1,22,0,,false,",",false,
1614325989,2019-01-26,2019,Kenny's Westside Pub,Peoria,IL,1,2,Madhuvan,512,false,,686,5,57,0,,false,",",false,opener|closer|jam
1614325989,2019-01-26,2019,Kenny's Westside Pub,Peoria,IL,1,3,Time to Flee,404,false,,189,2,19,0,,false,",",false,
1614325989,2019-01-26,2019,Kenny's Westside Pub,Peoria,IL,1,4,Indian River,410,false,,362,5,55,0,,false,>,true,
1614325989,2019-01-26,2019,Kenny's Westside Pub,Peoria,IL,1,5,Green River,482,true,Creedence Clearwater Revival,356,41,8,20,,false,",",false,
1614325989,2019-01-26,2019,Kenny's Westside Pub,Peoria,IL,1,6,Arcadia,403,false,,544,4,82,0,,false,",",false,closer
1614325989,2019-01-26,2019,Kenny's Westside Pub,Peoria,IL,1,7,Disco Inferno,419,true,The Trammps,728,2,7,0,,false,",",false,
1614325989,2019-01-26,2019,Kenny's Westside Pub,Peoria,IL,1,8,Turned Clouds,400,false,,587,7,37,0,,false,,false,
1614325989,2019-01-26,2019,Kenny's Westside Pub,Peoria,IL,2,9,Yeti,416,false,Great Blue,1023,1,8,0,,true,->,true,opener
1614325989,2019-01-26,2019,Kenny's Westside Pub,Peoria,IL,2,10,Echo of a Rose,463,false,Vasudo,371,13,5,10,,false,->,true,jam
1614325989,2019-01-26,2019,Kenny's Westside Pub,Peoria,IL,2,11,Jive Lee,502,false,,169,3,9,0,,false,>,true,closer|jam
1614325989,2019-01-26,2019,Kenny's Westside Pub,Peoria,IL,2,12,All I Need,414,false,,603,1,37,0,,false,",",false,jam
1614325989,2019-01-26,2019,Kenny's Westside Pub,Peoria,IL,2,13,Mas Que Nada,513,true,Sergio Mendes,429,12,3,10,,false,>,true,
1614325989,2019-01-26,2019,Kenny's Westside Pub,Peoria,IL,2,14,Into the Myst,402,false,,758,30,7,20,,false,",",false,jam
1614325989,2019-01-26,2019,Kenny's Westside Pub,Peoria,IL,2,15,Hot Tea,408,false,Vasudo,826,1,18,0,,false,,false,closer
1614325989,2019-01-26,2019,Kenny's Westside Pub,Peoria,IL,E,16,Creatures,420,false,,589,3,37,0,,false,,false,jam
1614325540,2019-01-31,2019,The Lazy Dog Sports Bar &amp; Grill,Boulder,CO,1,1,Jive II,413,false,,589,4,28,0,,false,",",false,opener
1614325540,2019-01-31,2019,The Lazy Dog Sports Bar &amp; Grill,Boulder,CO,1,2,Yeti,416,false,Great Blue,804,0,9,0,,false,>,true,opener
1614325540,2019-01-31,2019,The Lazy Dog Sports Bar &amp; Grill,Boulder,CO,1,3,Echo of a Rose,463,false,Vasudo,368,0,6,0,,false,>,true,jam
1614325540,2019-01-31,2019,The Lazy Dog Sports Bar &amp; Grill,Boulder,CO,1,4,Yeti,416,false,Great Blue,136,0,10,0,,false,",",false,opener
1614325540,2019-01-31,2019,The Lazy Dog Sports Bar &amp; Grill,Boulder,CO,1,5,Me and Julio Down By The Schoolyard,515,true,Paul Simon,599,20,7,20,,false,",",false,
1614325540,2019-01-31,2019,The Lazy Dog Sports Bar &amp; Grill,Boulder,CO,1,6,Time to Flee,404,false,,191,0,20,0,,false,",",false,
1614325540,2019-01-31,2019,The Lazy Dog Sports Bar &amp; Grill,Boulder,CO,1,7,Tumble,418,false,Vasudo,750,0,1,0,,false,",",false,closer|jam|peak
1614325540,2019-01-31,2019,The Lazy Dog Sports Bar &amp; Grill,Boulder,CO,1,8,I'm Alright,496,true,Kenny Loggins,421,12,4,10,,false,>,true,
1614325540,2019-01-31,2019,The Lazy Dog Sports Bar &amp; Grill,Boulder,CO,1,9,Make The Move,514,true,Kenny Loggins,497,12,4,10,,false,,false,
1614325540,2019-01-31,2019,The Lazy Dog Sports Bar &amp; Grill,Boulder,CO,2,10,The Way It Is,570,true,Bruce Hornsby,445,3,9,0,,false,>,true,
1614325540,2019-01-31,2019,The Lazy Dog Sports Bar &amp; Grill,Boulder,CO,2,11,Wysteria Lane,405,false,Vasudo,864,1,31,0,,false,>,true,opener|jam|peak
1614325540,2019-01-31,2019,The Lazy Dog Sports Bar &amp; Grill,Boulder,CO,2,12,Electric Avenue,464,true,Eddy Grant,535,2,2,0,,false,",",false,
1614325540,2019-01-31,2019,The Lazy Dog Sports Bar &amp; Grill,Boulder,CO,2,13,Flodown,478,false,Vasudo,460,1,54,0,,false,",",false,
1614325540,2019-01-31,2019,The Lazy Dog Sports Bar &amp; Grill,Boulder,CO,2,14,Jive I,411,false,,488,5,50,0,,false,>,true,
1614325540,2019-01-31,2019,The Lazy Dog Sports Bar &amp; Grill,Boulder,CO,2,15,Jive Lee,502,false,,527,0,10,0,,false,",",false,closer|jam
1614325540,2019-01-31,2019,The Lazy Dog Sports Bar &amp; Grill,Boulder,CO,2,16,Same Old Shenanigans,541,false,,701,2,6,0,,false,,false,closer
1614325187,2019-02-01,2019,The Eldo,Crested Butte,CO,1,1,Madhuvan,512,false,,,1,58,0,,false,",",false,opener|closer|jam
1614325187,2019-02-01,2019,The Eldo,Crested Butte,CO,1,2,Atlas,439,true,The Wood Brothers,,8,16,10,,false,",",false,opener
1614325187,2019-02-01,2019,The Eldo,Crested Butte,CO,1,3,Indian River,410,false,,,1,56,0,,false,",",false,
1614325187,2019-02-01,2019,The Eldo,Crested Butte,CO,1,4,So Ready,421,false,,,2,61,0,,false,",",false,closer
1614325187,2019-02-01,2019,The Eldo,Crested Butte,CO,1,5,Escape (The Piña Colada Song),469,true,Rupert Holmes,,3,12,0,,false,",",false,opener|encore
1614325187,2019-02-01,2019,The Eldo,Crested Butte,CO,1,6,Crosseyed & Painless,455,true,Talking Heads,,7,26,0,,false,",",false,
1614325187,2019-02-01,2019,The Eldo,Crested Butte,CO,1,7,White Lights,586,false,,,3,2,0,,false,",",false,closer|encore
1614325187,2019-02-01,2019,The Eldo,Crested Butte,CO,1,8,Arcadia,403,false,,,1,83,0,,false,",",false,closer
1614325187,2019-02-01,2019,The Eldo,Crested Butte,CO,1,9,Feeling Hot Hot Hot,491,true,The Merrymen,,3,2,0,,false,,false,opener|closer
1614325187,2019-02-01,2019,The Eldo,Crested Butte,CO,2,10,Dancing In The Moonlight,456,true,King Harvest,,15,5,10,,false,",",false,encore
1614325187,2019-02-01,2019,The Eldo,Crested Butte,CO,2,11,Tumble,418,false,Vasudo,,0,2,0,,false,",",false,closer|jam|peak
1614325187,2019-02-01,2019,The Eldo,Crested Butte,CO,2,12,Disco Inferno,419,true,The Trammps,,1,8,0,,false,",",false,
1614325187,2019-02-01,2019,The Eldo,Crested Butte,CO,2,13,Creatures,420,false,,,1,38,0,,false,",",false,jam
1614325187,2019-02-01,2019,The Eldo,Crested Butte,CO,2,14,Ghostbusters Rap,481,true,Run DMC,,6,6,0,,false,",",false,closer
1614325187,2019-02-01,2019,The Eldo,Crested Butte,CO,2,15,What's Up?,430,true,4 Non Blondes,,13,3,10,,false,,false,closer|encore
1614325187,2019-02-01,2019,The Eldo,Crested Butte,CO,E,16,Turn On Your Love Light,578,true,Bobby Blue Bland,,10,21,10,,false,,false,closer|encore
1614324720,2019-02-02,2019,Bluebird Theater,Denver,CO,1,1,Madhuvan,512,false,,668,0,59,0,,false,",",false,opener|closer|jam
1614324720,2019-02-02,2019,Bluebird Theater,Denver,CO,1,2,Butter Rum,415,false,Vasudo,372,2,23,0,,false,",",false,
1614324720,2019-02-02,2019,Bluebird Theater,Denver,CO,1,3,All I Need,414,false,,618,2,38,0,,false,",",false,jam
1614324720,2019-02-02,2019,Bluebird Theater,Denver,CO,1,4,Feeling Hot Hot Hot,491,true,The Merrymen,375,0,3,0,,false,",",false,opener|closer
1614324720,2019-02-02,2019,Bluebird Theater,Denver,CO,1,5,White Lights,586,false,,365,0,3,0,,false,",",false,closer|encore
1614324720,2019-02-02,2019,Bluebird Theater,Denver,CO,1,6,Hot Tea,408,false,Vasudo,742,2,19,0,,false,,false,closer
1614324369,2019-02-07,2019,Intrinzik,Montrose,CO,1,1,Jive I,411,false,,,2,51,0,,false,>,true,
1614324369,2019-02-07,2019,Intrinzik,Montrose,CO,1,2,Jive Lee,502,false,,,2,11,0,,false,",",false,closer|jam
1614324369,2019-02-07,2019,Intrinzik,Montrose,CO,1,3,Echo of a Rose,463,false,Vasudo,,2,7,0,,false,",",false,jam
1614324369,2019-02-07,2019,Intrinzik,Montrose,CO,1,4,Tumble,418,false,Vasudo,,1,3,0,,false,",",false,closer|jam|peak
1614324369,2019-02-07,2019,Intrinzik,Montrose,CO,1,5,Elmeg The Wise,466,false,St. John's Revival,,40,4,20,,false,",",false,closer|encore
1614324369,2019-02-07,2019,Intrinzik,Montrose,CO,1,6,I'm Alright,496,true,Kenny Loggins,,2,5,0,,false,>,true,
1614324369,2019-02-07,2019,Intrinzik,Montrose,CO,1,7,Make The Move,514,true,Kenny Loggins,,2,5,0,,false,>,true,
1614324369,2019-02-07,2019,Intrinzik,Montrose,CO,1,8,I'm Alright,496,true,Kenny Loggins,,0,6,0,,false,",",false,
1614324369,2019-02-07,2019,Intrinzik,Montrose,CO,1,9,Turn On Your Love Light,578,true,Bobby Blue Bland,,1,22,0,,false,,false,closer|encore
1614323611,2019-02-08,2019,Old Town Pub &amp; Restaurant,Steamboat Springs,CO,1,1,Butter Rum,415,false,Vasudo,387,1,24,0,,false,",",false,
1614323611,2019-02-08,2019,Old Town Pub &amp; Restaurant,Steamboat Springs,CO,1,2,So Ready,421,false,,683,2,62,0,,false,",",false,closer
1614323611,2019-02-08,2019,Old Town Pub &amp; Restaurant,Steamboat Springs,CO,1,3,The Way It Is,570,true,Bruce Hornsby,487,3,10,0,,false,",",false,
1614323611,2019-02-08,2019,Old Town Pub &amp; Restaurant,Steamboat Springs,CO,1,4,Flodown,478,false,Vasudo,525,3,55,0,,false,",",false,
1614323611,2019-02-08,2019,Old Town Pub &amp; Restaurant,Steamboat Springs,CO,1,5,Arcadia,403,false,,549,2,84,0,,false,",",false,closer
1614323611,2019-02-08,2019,Old Town Pub &amp; Restaurant,Steamboat Springs,CO,1,6,Disco Inferno,419,true,The Trammps,1112,2,9,0,,false,",",false,
1614323611,2019-02-08,2019,Old Town Pub &amp; Restaurant,Steamboat Springs,CO,1,7,All I Need,414,false,,709,1,39,0,,false,,false,jam
1614323611,2019-02-08,2019,Old Town Pub &amp; Restaurant,Steamboat Springs,CO,2,8,Hot Tea,408,false,Vasudo,813,1,20,0,,false,",",false,closer
1614323611,2019-02-08,2019,Old Town Pub &amp; Restaurant,Steamboat Springs,CO,2,9,Electric Avenue,464,true,Eddy Grant,496,3,3,0,,false,",",false,
1614323611,2019-02-08,2019,Old Town Pub &amp; Restaurant,Steamboat Springs,CO,2,10,Tumble,418,false,Vasudo,762,0,4,0,,false,",",false,closer|jam|peak
1614323611,2019-02-08,2019,Old Town Pub &amp; Restaurant,Steamboat Springs,CO,2,11,White Lights,586,false,,452,1,4,0,,false,",",false,closer|encore
1614323611,2019-02-08,2019,Old Town Pub &amp; Restaurant,Steamboat Springs,CO,2,12,Wysteria Lane,405,false,Vasudo,744,3,32,0,,false,>,true,opener|jam|peak
1614323611,2019-02-08,2019,Old Town Pub &amp; Restaurant,Steamboat Springs,CO,2,13,Shama Lama Ding Dong,545,true,Otis Day and The Knights,326,5,15,0,,false,",",false,encore
1614323611,2019-02-08,2019,Old Town Pub &amp; Restaurant,Steamboat Springs,CO,2,14,Indian River,410,false,,427,2,57,0,,false,>,true,
1614323611,2019-02-08,2019,Old Town Pub &amp; Restaurant,Steamboat Springs,CO,2,15,Yeti,416,false,Great Blue,514,3,11,0,,false,",",false,opener
1614323611,2019-02-08,2019,Old Town Pub &amp; Restaurant,Steamboat Springs,CO,2,16,Feeling Hot Hot Hot,491,true,The Merrymen,487,1,4,0,,false,,false,opener|closer
1614321503,2019-02-14,2019,The Bootleg at Atomic Cowboy,St. Louis,MO,1,1,Arcadia,403,false,,,0,85,0,,false,",",false,closer
1614319723,2019-02-15,2019,Octave,Covington,KY,1,1,So Ready,421,false,,676,1,63,0,,false,",",false,closer
1614319723,2019-02-15,2019,Octave,Covington,KY,1,2,Elizabeth,465,false,,600,21,10,20,,false,",",false,opener|jam
1614319723,2019-02-15,2019,Octave,Covington,KY,1,3,Time to Flee,404,false,,191,5,21,0,,false,",",false,
1614319723,2019-02-15,2019,Octave,Covington,KY,1,4,I'm Alright,496,true,Kenny Loggins,354,2,7,0,,false,>,true,
1614319723,2019-02-15,2019,Octave,Covington,KY,1,5,Make The Move,514,true,Kenny Loggins,407,2,6,0,,false,>,true,
1614319723,2019-02-15,2019,Octave,Covington,KY,1,6,Danger Zone,457,true,Kenny Loggins,238,38,10,20,,false,",",false,
1614319723,2019-02-15,2019,Octave,Covington,KY,1,7,Indian River,410,false,,453,1,58,0,,false,",",false,
1614319723,2019-02-15,2019,Octave,Covington,KY,1,8,Tumble,418,false,Vasudo,874,1,5,0,,true,",",false,closer|jam|peak
1614319723,2019-02-15,2019,Octave,Covington,KY,1,9,I Touch Myself,494,true,Divinyls,347,37,2,20,,false,",",false,
1614319723,2019-02-15,2019,Octave,Covington,KY,1,10,White Lights,586,false,,431,1,5,0,,false,,false,closer|encore
1614319723,2019-02-15,2019,Octave,Covington,KY,2,11,Madhuvan,512,false,,749,3,60,0,,false,",",false,opener|closer|jam
1614319723,2019-02-15,2019,Octave,Covington,KY,2,12,Wysteria Lane,405,false,Vasudo,763,1,33,0,,false,>,true,opener|jam|peak
1614319723,2019-02-15,2019,Octave,Covington,KY,2,13,Electric Avenue,464,true,Eddy Grant,670,1,4,0,,false,",",false,
1614319723,2019-02-15,2019,Octave,Covington,KY,2,14,All I Need,414,false,,880,1,40,0,,true,",",false,jam
1614319723,2019-02-15,2019,Octave,Covington,KY,2,15,Same Old Shenanigans,541,false,,794,5,7,0,,true,",",false,closer
1614319723,2019-02-15,2019,Octave,Covington,KY,2,16,Feeling Hot Hot Hot,491,true,The Merrymen,432,1,5,0,,false,,false,opener|closer
1614319723,2019-02-15,2019,Octave,Covington,KY,E,17,Shout,550,true,The Isley Brothers,496,91,4,35,,false,,false,closer|encore
1614318775,2019-02-22,2019,Sprout Music Collective,West Chester,PA,1,1,Jive I,411,false,,490,3,52,0,,false,>,true,
1614318775,2019-02-22,2019,Sprout Music Collective,West Chester,PA,1,2,Jive Lee,502,false,,818,3,12,0,,false,",",false,closer|jam
1614318775,2019-02-22,2019,Sprout Music Collective,West Chester,PA,1,3,Flodown,478,false,Vasudo,554,2,56,0,,false,",",false,
1614318775,2019-02-22,2019,Sprout Music Collective,West Chester,PA,1,4,Peggy-O,531,true,Grateful Dead,493,74,6,35,,false,",",false,
1614318775,2019-02-22,2019,Sprout Music Collective,West Chester,PA,1,5,Butter Rum,415,false,Vasudo,397,2,25,0,,false,",",false,
1614318775,2019-02-22,2019,Sprout Music Collective,West Chester,PA,1,6,Arcadia,403,false,,553,1,86,0,,false,",",false,closer
1614318775,2019-02-22,2019,Sprout Music Collective,West Chester,PA,1,7,Crosseyed & Painless,455,true,Talking Heads,720,5,27,0,,false,",",false,
1614318775,2019-02-22,2019,Sprout Music Collective,West Chester,PA,1,8,Yeti,416,false,Great Blue,518,2,12,0,,false,,false,opener
1614318775,2019-02-22,2019,Sprout Music Collective,West Chester,PA,2,9,Hot Tea,408,false,Vasudo,928,2,21,0,,false,",",false,closer
1614318775,2019-02-22,2019,Sprout Music Collective,West Chester,PA,2,10,Ghostbusters Rap,481,true,Run DMC,702,5,7,0,,false,",",false,closer
1614318775,2019-02-22,2019,Sprout Music Collective,West Chester,PA,2,11,Electric Avenue,464,true,Eddy Grant,529,0,5,0,,false,",",false,
1614318775,2019-02-22,2019,Sprout Music Collective,West Chester,PA,2,12,Tumble,418,false,Vasudo,731,0,6,0,,false,",",false,closer|jam|peak
1614318775,2019-02-22,2019,Sprout Music Collective,West Chester,PA,2,13,So Ready,421,false,,689,0,64,0,,false,,false,closer
1614318775,2019-02-22,2019,Sprout Music Collective,West Chester,PA,E,14,Me & My Uncle,592,true,John Philips,347,8,18,10,,false,,false,opener
1614318387,2019-02-23,2019,Pearl Street Warehouse,Washington,DC,1,1,Liza Jane,508,true,African American Folk Song,,20,7,20,,false,",",false,opener
1614318387,2019-02-23,2019,Pearl Street Warehouse,Washington,DC,1,2,Madhuvan,512,false,,,1,61,0,,false,",",false,opener|closer|jam
1614318387,2019-02-23,2019,Pearl Street Warehouse,Washington,DC,1,3,Feeling Hot Hot Hot,491,true,The Merrymen,,1,6,0,,false,>,true,opener|closer
1614318387,2019-02-23,2019,Pearl Street Warehouse,Washington,DC,1,4,Yeti,416,false,Great Blue,,0,13,0,,false,",",false,opener
1614318387,2019-02-23,2019,Pearl Street Warehouse,Washington,DC,1,5,Time to Flee,404,false,,,1,22,0,,false,",",false,
1614318387,2019-02-23,2019,Pearl Street Warehouse,Washington,DC,1,6,Turned Clouds,400,false,,,8,38,10,,false,",",false,
1614318387,2019-02-23,2019,Pearl Street Warehouse,Washington,DC,1,7,Hot Tea,408,false,Vasudo,,0,22,0,,false,",",false,closer
1614318387,2019-02-23,2019,Pearl Street Warehouse,Washington,DC,1,8,The Way It Is,570,true,Bruce Hornsby,,3,11,0,,false,",",false,
1614318387,2019-02-23,2019,Pearl Street Warehouse,Washington,DC,1,9,White Lights,586,false,,,1,6,0,,false,",",false,closer|encore
1614318387,2019-02-23,2019,Pearl Street Warehouse,Washington,DC,1,10,All I Need,414,false,,,1,41,0,,false,",",false,jam
1614318387,2019-02-23,2019,Pearl Street Warehouse,Washington,DC,1,11,Butter Rum,415,false,Vasudo,,0,26,0,,false,>,true,
1614318387,2019-02-23,2019,Pearl Street Warehouse,Washington,DC,1,12,Turn On Your Love Light,578,true,Bobby Blue Bland,,4,23,0,,false,,false,closer|encore
1614317602,2019-03-01,2019,Viva Zapata,Westport,CT,1,1,Wild Night,588,true,Van Morrison,269,37,8,20,,false,",",false,opener|closer
1614317602,2019-03-01,2019,Viva Zapata,Westport,CT,1,2,Echo of a Rose,463,false,Vasudo,386,5,8,0,,false,",",false,jam
1614317602,2019-03-01,2019,Viva Zapata,Westport,CT,1,3,Jive Lee,502,false,,689,1,13,0,,false,",",false,closer|jam
1614317602,2019-03-01,2019,Viva Zapata,Westport,CT,1,4,Kung Fu Fighting,504,true,Carl Douglas,431,109,2,50,,false,",",false,
1614317602,2019-03-01,2019,Viva Zapata,Westport,CT,1,5,Can't Get You Out Of My Head,426,true,Kylie Minogue,390,0,1,0,,false,",",false,
1614317602,2019-03-01,2019,Viva Zapata,Westport,CT,1,6,Slow Ready,422,false,,984,0,1,0,,false,",",false,
1614317602,2019-03-01,2019,Viva Zapata,Westport,CT,1,7,Mustang Sally,427,true,Wilson Pickett,368,89,6,35,,false,",",false,closer|encore
1614317602,2019-03-01,2019,Viva Zapata,Westport,CT,1,8,Also Sprach Zarathustra,433,true,Deodato,639,71,5,35,,false,,false,closer
1614317602,2019-03-01,2019,Viva Zapata,Westport,CT,2,9,Tumble,418,false,Vasudo,868,1,7,0,,false,>,true,closer|jam|peak
1614317602,2019-03-01,2019,Viva Zapata,Westport,CT,2,10,Spirit Of The Dark Horse,557,false,,661,51,14,35,,false,>,true,
1614317602,2019-03-01,2019,Viva Zapata,Westport,CT,2,11,Peaches En Regalia,530,true,Frank Zappa,191,87,5,35,,false,>,true,
1614317602,2019-03-01,2019,Viva Zapata,Westport,CT,2,12,Butter Rum,415,false,Vasudo,422,0,27,0,,false,",",false,
1614317602,2019-03-01,2019,Viva Zapata,Westport,CT,2,13,Yeti,416,false,Great Blue,378,0,14,0,,false,->,true,opener
1614317602,2019-03-01,2019,Viva Zapata,Westport,CT,2,14,Pumped Up Kicks,534,true,Foster The People,436,13,9,10,,false,->,true,
1614317602,2019-03-01,2019,Viva Zapata,Westport,CT,2,15,Yeti,416,false,Great Blue,52,0,15,0,,false,",",false,opener
1614317602,2019-03-01,2019,Viva Zapata,Westport,CT,2,16,Doobie Song,461,false,,432,0,1,0,,false,,false,closer|encore
1679079917,2019-03-19,2019,Relix,New York,NY,1,1,Arcadia,403,false,,330,2,87,0,,false,",",false,closer
1679079917,2019-03-19,2019,Relix,New York,NY,1,2,A Western Sun,435,false,,356,48,16,20,,false,",",false,
1679079917,2019-03-19,2019,Relix,New York,NY,1,3,Butter Rum,415,false,Vasudo,355,0,28,0,,false,,false,
1614317158,2019-03-22,2019,The Abbey Bar at Appalachian Brewing Company,Harrisburg,PA,1,1,Yeti,416,false,Great Blue,684,1,16,0,,false,",",false,opener
1614317158,2019-03-22,2019,The Abbey Bar at Appalachian Brewing Company,Harrisburg,PA,1,2,Arcadia,403,false,,527,0,88,0,,false,",",false,closer
1614317158,2019-03-22,2019,The Abbey Bar at Appalachian Brewing Company,Harrisburg,PA,1,3,Green River,482,true,Creedence Clearwater Revival,647,11,9,10,,false,>,true,
1614317158,2019-03-22,2019,The Abbey Bar at Appalachian Brewing Company,Harrisburg,PA,1,4,Madhuvan,512,false,,736,2,62,0,,false,",",false,opener|closer|jam
1614317158,2019-03-22,2019,The Abbey Bar at Appalachian Brewing Company,Harrisburg,PA,1,5,Time to Flee,404,false,,676,2,23,0,,false,",",false,
1614317158,2019-03-22,2019,The Abbey Bar at Appalachian Brewing Company,Harrisburg,PA,1,6,Tumble,418,false,Vasudo,755,1,8,0,,false,",",false,closer|jam|peak
1614317158,2019-03-22,2019,The Abbey Bar at Appalachian Brewing Company,Harrisburg,PA,1,7,Indian River,410,false,,466,4,59,0,,false,",",false,
1614317158,2019-03-22,2019,The Abbey Bar at Appalachian Brewing Company,Harrisburg,PA,1,8,Slow Ready,422,false,,798,1,2,0,,false,",",false,
1614317158,2019-03-22,2019,The Abbey Bar at Appalachian Brewing Company,Harrisburg,PA,1,9,Hot Tea,408,false,Vasudo,820,2,23,0,,false,,false,closer
1614316899,2019-03-28,2019,The Java Barn,Canton,NY,1,1,Feeling Hot Hot Hot,491,true,The Merrymen,,3,7,0,,false,",",false,opener|closer
1614316899,2019-03-28,2019,The Java Barn,Canton,NY,1,2,Hot Tea,408,false,Vasudo,,0,24,0,,false,",",false,closer
1614316899,2019-03-28,2019,The Java Barn,Canton,NY,1,3,Flodown,478,false,Vasudo,,4,57,0,,false,",",false,
1614316899,2019-03-28,2019,The Java Barn,Canton,NY,1,4,Ghostbusters Rap,481,true,Run DMC,,4,8,0,,false,",",false,closer
1614316899,2019-03-28,2019,The Java Barn,Canton,NY,1,5,Indian River,410,false,,,0,60,0,,false,",",false,
1614316899,2019-03-28,2019,The Java Barn,Canton,NY,1,6,Yeti,416,false,Great Blue,,0,17,0,,false,>,true,opener
1614316899,2019-03-28,2019,The Java Barn,Canton,NY,1,7,Can't Get You Out Of My Head,426,true,Kylie Minogue,,2,2,0,,false,",",false,
1614316899,2019-03-28,2019,The Java Barn,Canton,NY,1,8,Slow Ready,422,false,,,0,3,0,,false,",",false,
1614316899,2019-03-28,2019,The Java Barn,Canton,NY,1,9,Butter Rum,415,false,Vasudo,,1,29,0,,false,",",false,
1614316899,2019-03-28,2019,The Java Barn,Canton,NY,1,10,Arcadia,403,false,,,0,89,0,,false,",",false,closer
1614316899,2019-03-28,2019,The Java Barn,Canton,NY,1,11,Turned Clouds,400,false,,,3,39,0,,false,,false,
1614316899,2019-03-28,2019,The Java Barn,Canton,NY,E,12,Dancing In The Moonlight,456,true,King Harvest,,10,6,10,,false,,false,encore
1614316456,2019-03-29,2019,Flour City Station,Rochester,NY,1,1,Me & My Uncle,592,true,John Philips,362,5,19,0,,false,",",false,opener
1614316456,2019-03-29,2019,Flour City Station,Rochester,NY,1,2,Time to Flee,404,false,,584,1,24,0,,false,",",false,
1614316456,2019-03-29,2019,Flour City Station,Rochester,NY,1,3,Echo of a Rose,463,false,Vasudo,374,3,9,0,,false,",",false,jam
1614316456,2019-03-29,2019,Flour City Station,Rochester,NY,1,4,Tumble,418,false,Vasudo,740,1,9,0,,false,",",false,closer|jam|peak
1614316456,2019-03-29,2019,Flour City Station,Rochester,NY,1,5,Atlas,439,true,The Wood Brothers,650,11,17,10,,false,",",false,opener
1614316456,2019-03-29,2019,Flour City Station,Rochester,NY,1,6,Doc Brown,459,false,Great Blue,485,30,8,20,,false,",",false,
1614316456,2019-03-29,2019,Flour City Station,Rochester,NY,1,7,Ghostbusters Rap,481,true,Run DMC,677,0,9,0,,false,,false,closer
1614316456,2019-03-29,2019,Flour City Station,Rochester,NY,2,8,Hot Tea,408,false,Vasudo,953,0,25,0,,false,",",false,closer
1614316456,2019-03-29,2019,Flour City Station,Rochester,NY,2,9,Jive I,411,false,,496,5,53,0,,false,>,true,
1614316456,2019-03-29,2019,Flour City Station,Rochester,NY,2,10,Rosewood Heart,412,false,,569,71,10,35,,false,>,true,jam|peak
1614316456,2019-03-29,2019,Flour City Station,Rochester,NY,2,11,Jive Lee,502,false,,374,3,14,0,,false,",",false,closer|jam
1614316456,2019-03-29,2019,Flour City Station,Rochester,NY,2,12,Wysteria Lane,405,false,Vasudo,786,6,34,0,,false,",",false,opener|jam|peak
1614316456,2019-03-29,2019,Flour City Station,Rochester,NY,2,13,Electric Avenue,464,true,Eddy Grant,512,5,6,0,,false,",",false,
1614316456,2019-03-29,2019,Flour City Station,Rochester,NY,2,14,Liza Jane,508,true,African American Folk Song,437,4,8,0,,false,",",false,opener
1614316456,2019-03-29,2019,Flour City Station,Rochester,NY,2,15,White Lights,586,false,,441,4,7,0,,false,",",false,closer|encore
1614316456,2019-03-29,2019,Flour City Station,Rochester,NY,2,16,All I Need,414,false,,776,4,42,0,,false,,false,jam
1614316456,2019-03-29,2019,Flour City Station,Rochester,NY,E,17,Escape (The Piña Colada Song),469,true,Rupert Holmes,430,11,13,10,,false,,false,opener|encore
1614316138,2019-04-04,2019,Higher Ground,South Burlington,VT,1,1,Yeti,416,false,Great Blue,,1,18,0,,false,",",false,opener
1614316138,2019-04-04,2019,Higher Ground,South Burlington,VT,1,2,Slow Ready,422,false,,,1,4,0,,false,",",false,
1614316138,2019-04-04,2019,Higher Ground,South Burlington,VT,1,3,Tumble,418,false,Vasudo,,0,10,0,,false,",",false,closer|jam|peak
1614316138,2019-04-04,2019,Higher Ground,South Burlington,VT,1,4,Arcadia,403,false,,,1,90,0,,false,",",false,closer
1614316138,2019-04-04,2019,Higher Ground,South Burlington,VT,1,5,Feeling Hot Hot Hot,491,true,The Merrymen,,1,8,0,,false,",",false,opener|closer
1614316138,2019-04-04,2019,Higher Ground,South Burlington,VT,1,6,Hot Tea,408,false,Vasudo,,0,26,0,,false,,false,closer
1614315171,2019-04-11,2019,River Street Jazz Cafe,Plains,PA,1,1,Jive I,411,false,,,1,54,0,,false,>,true,
1614315171,2019-04-11,2019,River Street Jazz Cafe,Plains,PA,1,2,Jive Lee,502,false,,,1,15,0,,false,",",false,closer|jam
1614315171,2019-04-11,2019,River Street Jazz Cafe,Plains,PA,1,3,Time to Flee,404,false,,,1,25,0,,false,",",false,
1614315171,2019-04-11,2019,River Street Jazz Cafe,Plains,PA,1,4,Butter Rum,415,false,Vasudo,,2,30,0,,false,",",false,
1614315171,2019-04-11,2019,River Street Jazz Cafe,Plains,PA,1,5,Tumble,418,false,Vasudo,,0,11,0,,false,",",false,closer|jam|peak
1614315171,2019-04-11,2019,River Street Jazz Cafe,Plains,PA,1,6,Peggy-O,531,true,Grateful Dead,,7,7,0,,false,",",false,
1614315171,2019-04-11,2019,River Street Jazz Cafe,Plains,PA,1,7,Creatures,420,false,,,13,39,10,,false,",",false,jam
1614315171,2019-04-11,2019,River Street Jazz Cafe,Plains,PA,1,8,Happy Birthday,1,true,,,117,2,50,,false,",",false,
1614315171,2019-04-11,2019,River Street Jazz Cafe,Plains,PA,1,9,The Way It Is,570,true,Bruce Hornsby,,6,12,0,,false,",",false,
1614315171,2019-04-11,2019,River Street Jazz Cafe,Plains,PA,1,10,So Ready,421,false,,,7,65,0,,false,",",false,closer
1614315171,2019-04-11,2019,River Street Jazz Cafe,Plains,PA,1,11,I'm Alright,496,true,Kenny Loggins,,8,8,10,,false,>,true,
1614315171,2019-04-11,2019,River Street Jazz Cafe,Plains,PA,1,12,Make The Move,514,true,Kenny Loggins,,8,7,10,,false,",",false,
1614315171,2019-04-11,2019,River Street Jazz Cafe,Plains,PA,1,13,Arcadia,403,false,,,0,91,0,,false,,false,closer
1614315004,2019-04-12,2019,Market Street Park,Charlottesville,VA,1,1,Butter Rum,415,false,Vasudo,,0,31,0,,false,",",false,
1614315004,2019-04-12,2019,Market Street Park,Charlottesville,VA,1,2,Madhuvan,512,false,,,4,63,0,,false,",",false,opener|closer|jam
1614315004,2019-04-12,2019,Market Street Park,Charlottesville,VA,1,3,Time to Flee,404,false,,,0,26,0,,false,",",false,
1614315004,2019-04-12,2019,Market Street Park,Charlottesville,VA,1,4,The Way It Is,570,true,Bruce Hornsby,,0,13,0,,false,",",false,
1614315004,2019-04-12,2019,Market Street Park,Charlottesville,VA,1,5,Arcadia,403,false,,,0,92,0,,false,",",false,closer
1614315004,2019-04-12,2019,Market Street Park,Charlottesville,VA,1,6,Hot Tea,408,false,Vasudo,,1,27,0,,false,,false,closer
1614314712,2019-04-13,2019,123 Pleasant Street,Morgantown,WV,1,1,Jive I,411,false,,,1,55,0,,false,>,true,
1614314712,2019-04-13,2019,123 Pleasant Street,Morgantown,WV,1,2,Jive Lee,502,false,,,1,16,0,,false,",",false,closer|jam
1614314712,2019-04-13,2019,123 Pleasant Street,Morgantown,WV,1,3,Wysteria Lane,405,false,Vasudo,,3,35,0,,false,>,true,opener|jam|peak
1614314712,2019-04-13,2019,123 Pleasant Street,Morgantown,WV,1,4,Yeti,416,false,Great Blue,,2,19,0,,false,>,true,opener
1614314712,2019-04-13,2019,123 Pleasant Street,Morgantown,WV,1,5,Pumped Up Kicks,534,true,Foster The People,,7,10,0,,false,",",false,
1614314712,2019-04-13,2019,123 Pleasant Street,Morgantown,WV,1,6,Tumble,418,false,Vasudo,,1,12,0,,false,",",false,closer|jam|peak
1614314712,2019-04-13,2019,123 Pleasant Street,Morgantown,WV,1,7,All I Need,414,false,,,3,43,0,,false,,false,jam
1614314179,2019-04-18,2019,The Mercury Lounge,New York,NY,1,1,Eminence Front,468,true,The Who,497,0,1,0,,false,>,true,opener
1614314179,2019-04-18,2019,The Mercury Lounge,New York,NY,1,2,Butter Rum,415,false,Vasudo,398,1,32,0,,false,",",false,
1614314179,2019-04-18,2019,The Mercury Lounge,New York,NY,1,3,Time to Flee,404,false,,604,1,27,0,,false,",",false,
1614314179,2019-04-18,2019,The Mercury Lounge,New York,NY,1,4,Tumble,418,false,Vasudo,685,0,13,0,,false,",",false,closer|jam|peak
1614314179,2019-04-18,2019,The Mercury Lounge,New York,NY,1,5,Turned Clouds,400,false,,545,5,40,0,,false,",",false,
1614314179,2019-04-18,2019,The Mercury Lounge,New York,NY,1,6,So Ready,421,false,,252,2,66,0,,false,>,true,closer
1614314179,2019-04-18,2019,The Mercury Lounge,New York,NY,1,7,Echo of a Rose,463,false,Vasudo,337,4,10,0,,false,>,true,jam
1614314179,2019-04-18,2019,The Mercury Lounge,New York,NY,1,8,(satellite),636,false,,444,56,2,35,,false,",",false,
1614314179,2019-04-18,2019,The Mercury Lounge,New York,NY,1,9,Green River,482,true,Creedence Clearwater Revival,397,6,10,0,,false,",",false,
1614314179,2019-04-18,2019,The Mercury Lounge,New York,NY,1,10,Creatures,420,false,,1122,2,40,0,,false,",",false,jam
1614314179,2019-04-18,2019,The Mercury Lounge,New York,NY,1,11,Arcadia,403,false,,551,1,93,0,,false,",",false,closer
1614314179,2019-04-18,2019,The Mercury Lounge,New York,NY,1,12,Electric Avenue,464,true,Eddy Grant,418,4,7,0,,false,,false,
1614313627,2019-04-19,2019,Down the Road Beer Co.,Everett,MA,1,1,Liza Jane,508,true,African American Folk Song,471,5,9,0,,false,",",false,opener
1614313627,2019-04-19,2019,Down the Road Beer Co.,Everett,MA,1,2,Elizabeth,465,false,,613,12,11,10,,false,",",false,opener|jam
1614313627,2019-04-19,2019,Down the Road Beer Co.,Everett,MA,1,3,Indian River,410,false,,457,6,61,0,,false,",",false,
1614313627,2019-04-19,2019,Down the Road Beer Co.,Everett,MA,1,4,Me & My Uncle,592,true,John Philips,432,5,20,0,,false,",",false,opener
1614313627,2019-04-19,2019,Down the Road Beer Co.,Everett,MA,1,5,Wysteria Lane,405,false,Vasudo,901,1,36,0,,true,",",false,opener|jam|peak
1614313627,2019-04-19,2019,Down the Road Beer Co.,Everett,MA,1,6,Mas Que Nada,513,true,Sergio Mendes,455,19,4,10,,false,",",false,
1614313627,2019-04-19,2019,Down the Road Beer Co.,Everett,MA,1,7,Hot Tea,408,false,Vasudo,773,2,28,0,,false,,false,closer
1614313627,2019-04-19,2019,Down the Road Beer Co.,Everett,MA,2,8,Yeti,416,false,Great Blue,539,1,20,0,,false,",",false,opener
1614313627,2019-04-19,2019,Down the Road Beer Co.,Everett,MA,2,9,Flodown,478,false,Vasudo,555,6,58,0,,false,",",false,
1614313627,2019-04-19,2019,Down the Road Beer Co.,Everett,MA,2,10,Ghostbusters Rap,481,true,Run DMC,582,5,10,0,,false,",",false,closer
1614313627,2019-04-19,2019,Down the Road Beer Co.,Everett,MA,2,11,Into the Myst,402,false,,589,19,8,10,,false,>,true,jam
1614313627,2019-04-19,2019,Down the Road Beer Co.,Everett,MA,2,12,Can't Get You Out Of My Head,426,true,Kylie Minogue,272,6,3,0,,false,>,true,
1614313627,2019-04-19,2019,Down the Road Beer Co.,Everett,MA,2,13,Into the Myst,402,false,,181,0,9,0,,false,",",false,jam
1614313627,2019-04-19,2019,Down the Road Beer Co.,Everett,MA,2,14,Mississippi Half-Step Uptown Toodeloo,517,true,Grateful Dead,615,66,12,35,,false,",",false,jam
1614313627,2019-04-19,2019,Down the Road Beer Co.,Everett,MA,2,15,Escape (The Piña Colada Song),469,true,Rupert Holmes,370,5,14,0,,false,",",false,opener|encore
1614313627,2019-04-19,2019,Down the Road Beer Co.,Everett,MA,2,16,All I Need,414,false,,514,1,44,0,,false,>,true,jam
1614313627,2019-04-19,2019,Down the Road Beer Co.,Everett,MA,2,17,Shama Lama Ding Dong,545,true,Otis Day and The Knights,251,14,16,10,,false,>,true,encore
1614313627,2019-04-19,2019,Down the Road Beer Co.,Everett,MA,2,18,All I Need,414,false,,151,0,45,0,,false,,false,jam
1614310757,2019-04-20,2019,The Acoustic,Bridgeport,CT,1,1,One More Saturday Night,528,true,Grateful Dead,399,62,13,35,,false,",",false,closer|encore
1614310757,2019-04-20,2019,The Acoustic,Bridgeport,CT,1,2,Jive I,411,false,,550,2,56,0,,false,>,true,
1614310757,2019-04-20,2019,The Acoustic,Bridgeport,CT,1,3,Hot Night,492,true,Laura Branigan,271,32,5,20,,false,>,true,opener|ballad
1614310757,2019-04-20,2019,The Acoustic,Bridgeport,CT,1,4,Take On Me,565,true,A-Ha,408,120,2,50,,false,",",false,
1614310757,2019-04-20,2019,The Acoustic,Bridgeport,CT,1,5,Doc Brown,459,false,Great Blue,388,6,9,0,,false,",",false,
1614310757,2019-04-20,2019,The Acoustic,Bridgeport,CT,1,6,Madhuvan,512,false,,671,3,64,0,,false,",",false,opener|closer|jam
1614310757,2019-04-20,2019,The Acoustic,Bridgeport,CT,1,7,Slow Ready,422,false,,597,5,5,0,,false,",",false,
1614310757,2019-04-20,2019,The Acoustic,Bridgeport,CT,1,8,Jive II,413,false,,543,19,29,10,,false,,false,opener
1614310757,2019-04-20,2019,The Acoustic,Bridgeport,CT,2,9,Drive,462,false,,1009,47,2,20,,true,>,true,opener|jam
1614310757,2019-04-20,2019,The Acoustic,Bridgeport,CT,2,10,Disco Inferno,419,true,The Trammps,720,15,10,10,,false,",",false,
1614310757,2019-04-20,2019,The Acoustic,Bridgeport,CT,2,11,White Lights,586,false,,423,6,8,0,,false,",",false,closer|encore
1614310757,2019-04-20,2019,The Acoustic,Bridgeport,CT,2,12,Rosewood Heart,412,false,,630,6,11,0,,false,>,true,jam|peak
1614310757,2019-04-20,2019,The Acoustic,Bridgeport,CT,2,13,Doobie Song,461,false,,393,10,2,10,,false,",",false,closer|encore
1614310757,2019-04-20,2019,The Acoustic,Bridgeport,CT,2,14,Praise You,533,true,Fatboy Slim,368,48,5,20,,false,",",false,closer|encore
1614310757,2019-04-20,2019,The Acoustic,Bridgeport,CT,2,15,Eminence Front,468,true,The Who,354,1,2,0,,false,,false,opener
1614313575,2019-05-03,2019,B Chord Brewing Company,Round Hill,VA,1,1,A Western Sun,435,false,,,10,17,10,,false,",",false,
1614313575,2019-05-03,2019,B Chord Brewing Company,Round Hill,VA,1,2,Drive,462,false,,,0,3,0,,false,",",false,opener|jam
1614313575,2019-05-03,2019,B Chord Brewing Company,Round Hill,VA,1,3,I'm Alright,496,true,Kenny Loggins,,5,9,0,,false,",",false,
1614313575,2019-05-03,2019,B Chord Brewing Company,Round Hill,VA,1,4,White Lights,586,false,,,0,9,0,,false,",",false,closer|encore
1614313575,2019-05-03,2019,B Chord Brewing Company,Round Hill,VA,1,5,Hot Tea,408,false,Vasudo,,1,29,0,,false,",",false,closer
1614313575,2019-05-03,2019,B Chord Brewing Company,Round Hill,VA,1,6,Me and Julio Down By The Schoolyard,515,true,Paul Simon,,20,8,20,,false,",",false,
1614313575,2019-05-03,2019,B Chord Brewing Company,Round Hill,VA,1,7,Slow Ready,422,false,,,0,6,0,,false,",",false,
1614313575,2019-05-03,2019,B Chord Brewing Company,Round Hill,VA,1,8,Mississippi Half-Step Uptown Toodeloo,517,true,Grateful Dead,,1,13,0,,false,",",false,jam
1614313575,2019-05-03,2019,B Chord Brewing Company,Round Hill,VA,1,9,Turned Clouds,400,false,,,2,41,0,,false,",",false,
1614313575,2019-05-03,2019,B Chord Brewing Company,Round Hill,VA,1,10,Arcadia,403,false,,,2,94,0,,false,,false,closer
1715020691,2019-05-04,2019,Chi Psi Yard Sale,Lexington,VA,1,1,Feeling Hot Hot Hot,491,true,The Merrymen,,7,9,0,,false,",",false,opener|closer
1715020691,2019-05-04,2019,Chi Psi Yard Sale,Lexington,VA,1,2,Doc Brown,459,false,Great Blue,,1,10,0,,false,",",false,
1715020691,2019-05-04,2019,Chi Psi Yard Sale,Lexington,VA,1,3,Me and Julio Down By The Schoolyard,515,true,Paul Simon,,0,9,0,,false,",",false,
1715020691,2019-05-04,2019,Chi Psi Yard Sale,Lexington,VA,1,4,Time to Flee,404,false,,,3,28,0,,false,",",false,
1715020691,2019-05-04,2019,Chi Psi Yard Sale,Lexington,VA,1,5,Green River,482,true,Creedence Clearwater Revival,,3,11,0,,false,",",false,
1715020691,2019-05-04,2019,Chi Psi Yard Sale,Lexington,VA,1,6,Flodown,478,false,Vasudo,,2,59,0,,false,,false,
1715020691,2019-05-04,2019,Chi Psi Yard Sale,Lexington,VA,2,7,Electric Avenue,464,true,Eddy Grant,,3,8,0,,false,",",false,
1715020691,2019-05-04,2019,Chi Psi Yard Sale,Lexington,VA,2,8,Tumble,418,false,Vasudo,,3,14,0,,false,",",false,closer|jam|peak
1715020691,2019-05-04,2019,Chi Psi Yard Sale,Lexington,VA,2,9,Mississippi Half-Step Uptown Toodeloo,517,true,Grateful Dead,,0,14,0,,false,",",false,jam
1715020691,2019-05-04,2019,Chi Psi Yard Sale,Lexington,VA,2,10,Disco Inferno,419,true,The Trammps,,1,11,0,,false,",",false,
1715020691,2019-05-04,2019,Chi Psi Yard Sale,Lexington,VA,2,11,Back On The Train,656,true,Phish,,152,2,50,,false,",",false,
1715020691,2019-05-04,2019,Chi Psi Yard Sale,Lexington,VA,2,12,Echo of a Rose,463,false,Vasudo,,3,11,0,,false,",",false,jam
1715020691,2019-05-04,2019,Chi Psi Yard Sale,Lexington,VA,2,13,Jive I,411,false,,,1,57,0,,false,",",false,
1715020691,2019-05-04,2019,Chi Psi Yard Sale,Lexington,VA,2,14,Liza Jane,508,true,African American Folk Song,,2,10,0,,false,,false,opener
1715020691,2019-05-04,2019,Chi Psi Yard Sale,Lexington,VA,E,15,The Way It Is,570,true,Bruce Hornsby,,5,14,0,,false,,false,
1614313203,2019-05-09,2019,Woodlands Tavern,Columbus,OH,1,1,Madhuvan,512,false,,666,2,65,0,,false,",",false,opener|closer|jam
1614313203,2019-05-09,2019,Woodlands Tavern,Columbus,OH,1,2,Jive I,411,false,,478,0,58,0,,false,>,true,
1614313203,2019-05-09,2019,Woodlands Tavern,Columbus,OH,1,3,Jive Lee,502,false,,431,5,17,0,,false,",",false,closer|jam
1614313203,2019-05-09,2019,Woodlands Tavern,Columbus,OH,1,4,Tumble,418,false,Vasudo,,0,15,0,,false,",",false,closer|jam|peak
1614313203,2019-05-09,2019,Woodlands Tavern,Columbus,OH,1,5,Time to Flee,404,false,,493,0,29,0,,false,>,true,
1614313203,2019-05-09,2019,Woodlands Tavern,Columbus,OH,1,6,Take On Me,565,true,A-Ha,487,2,3,0,,false,>,true,
1614313203,2019-05-09,2019,Woodlands Tavern,Columbus,OH,1,7,Time to Flee,404,false,,58,0,30,0,,false,",",false,
1614313203,2019-05-09,2019,Woodlands Tavern,Columbus,OH,1,8,Hot Tea,408,false,Vasudo,465,1,30,0,,false,,false,closer
1614312473,2019-05-10,2019,Madison Theater,Covington,KY,1,1,Flodown,478,false,Vasudo,583,1,60,0,,false,",",false,
1614312473,2019-05-10,2019,Madison Theater,Covington,KY,1,2,Drive,462,false,,640,2,4,0,,false,>,true,opener|jam
1614312473,2019-05-10,2019,Madison Theater,Covington,KY,1,3,Peaches En Regalia,530,true,Frank Zappa,191,14,6,10,,false,",",false,
1614312473,2019-05-10,2019,Madison Theater,Covington,KY,1,4,White Lights,586,false,,454,2,10,0,,false,",",false,closer|encore
1614312473,2019-05-10,2019,Madison Theater,Covington,KY,1,5,Slow Ready,422,false,,534,2,7,0,,false,",",false,
1614312473,2019-05-10,2019,Madison Theater,Covington,KY,1,6,Mississippi Half-Step Uptown Toodeloo,517,true,Grateful Dead,704,1,15,0,,false,",",false,jam
1614312473,2019-05-10,2019,Madison Theater,Covington,KY,1,7,Arcadia,403,false,,673,2,95,0,,false,",",false,closer
1614312473,2019-05-10,2019,Madison Theater,Covington,KY,1,8,Jive Lee,502,false,,618,0,18,0,,false,,false,closer|jam
1614312273,2019-05-11,2019,The Rex Theater,Pittsburgh,PA,1,1,Butter Rum,415,false,Vasudo,,6,33,0,,false,",",false,
1614312273,2019-05-11,2019,The Rex Theater,Pittsburgh,PA,1,2,Creatures,420,false,,,6,41,0,,false,>,true,jam
1614312273,2019-05-11,2019,The Rex Theater,Pittsburgh,PA,1,3,Indian River,410,false,,,5,62,0,,false,",",false,
1614312273,2019-05-11,2019,The Rex Theater,Pittsburgh,PA,1,4,Yeti,416,false,Great Blue,,5,21,0,,false,",",false,opener
1614312273,2019-05-11,2019,The Rex Theater,Pittsburgh,PA,1,5,All I Need,414,false,,,5,46,0,,false,>,true,jam
1614312273,2019-05-11,2019,The Rex Theater,Pittsburgh,PA,1,6,Ghostbusters Rap,481,true,Run DMC,,5,11,0,,false,>,true,closer
1614312273,2019-05-11,2019,The Rex Theater,Pittsburgh,PA,1,7,All I Need,414,false,,,0,47,0,,false,,false,jam
1614306725,2019-05-18,2019,Marvin's Mountaintop,Masontown,WV,1,1,Christmas Wrapping,450,true,The Waitresses,297,89,2,35,,false,",",false,opener|ballad
1614306725,2019-05-18,2019,Marvin's Mountaintop,Masontown,WV,1,2,Time to Flee,404,false,,567,2,31,0,,false,",",false,
1614306725,2019-05-18,2019,Marvin's Mountaintop,Masontown,WV,1,3,Drive,462,false,,560,1,5,0,,false,>,true,opener|jam
1614306725,2019-05-18,2019,Marvin's Mountaintop,Masontown,WV,1,4,Flodown,478,false,Vasudo,436,1,61,0,,false,,false,
1614306725,2019-05-18,2019,Marvin's Mountaintop,Masontown,WV,2,5,Eminence Front,468,true,The Who,460,5,3,0,,false,",",false,opener
1614306725,2019-05-18,2019,Marvin's Mountaintop,Masontown,WV,2,6,Tumble,418,false,Vasudo,608,2,16,0,,false,",",false,closer|jam|peak
1614306725,2019-05-18,2019,Marvin's Mountaintop,Masontown,WV,2,7,Arcadia,403,false,,485,1,96,0,,false,",",false,closer
1614306725,2019-05-18,2019,Marvin's Mountaintop,Masontown,WV,2,8,Butter Rum,415,false,Vasudo,385,0,34,0,,false,",",false,
1614306725,2019-05-18,2019,Marvin's Mountaintop,Masontown,WV,2,9,Jive Lee,502,false,,669,1,19,0,,false,",",false,closer|jam
1614306725,2019-05-18,2019,Marvin's Mountaintop,Masontown,WV,2,10,Turn On Your Love Light,578,true,Bobby Blue Bland,374,17,24,10,,false,,false,closer|encore
1614306725,2019-05-18,2019,Marvin's Mountaintop,Masontown,WV,3,11,Yeti,416,false,Great Blue,363,0,22,0,,false,>,true,opener
1614306725,2019-05-18,2019,Marvin's Mountaintop,Masontown,WV,3,12,Electric Avenue,464,true,Eddy Grant,446,3,9,0,,false,",",false,
1614306725,2019-05-18,2019,Marvin's Mountaintop,Masontown,WV,3,13,Creatures,420,false,,594,0,42,0,,false,",",false,jam
1614306725,2019-05-18,2019,Marvin's Mountaintop,Masontown,WV,3,14,Hot Tea,408,false,Vasudo,544,2,31,0,,false,",",false,closer
1614306725,2019-05-18,2019,Marvin's Mountaintop,Masontown,WV,3,15,Crosseyed & Painless,455,true,Talking Heads,458,18,28,10,,false,,false,
1614306331,2019-05-24,2019,Revival Music Festival,Ellendale,MN,1,1,Liza Jane,508,true,African American Folk Song,,4,11,0,,false,",",false,opener
1614306331,2019-05-24,2019,Revival Music Festival,Ellendale,MN,1,2,Madhuvan,512,false,,,3,66,0,,false,",",false,opener|closer|jam
1614306331,2019-05-24,2019,Revival Music Festival,Ellendale,MN,1,3,Indian River,410,false,,,1,63,0,,false,",",false,
1614306331,2019-05-24,2019,Revival Music Festival,Ellendale,MN,1,4,Drive,462,false,,,0,6,0,,false,>,true,opener|jam
1614306331,2019-05-24,2019,Revival Music Festival,Ellendale,MN,1,5,Butter Rum,415,false,Vasudo,,0,35,0,,false,",",false,
1614306331,2019-05-24,2019,Revival Music Festival,Ellendale,MN,1,6,Time to Flee,404,false,,,0,32,0,,false,",",false,
1614306331,2019-05-24,2019,Revival Music Festival,Ellendale,MN,1,7,Crosseyed & Painless,455,true,Talking Heads,,0,29,0,,false,",",false,
1614306331,2019-05-24,2019,Revival Music Festival,Ellendale,MN,1,8,Arcadia,403,false,,,0,97,0,,false,",",false,closer
1614306331,2019-05-24,2019,Revival Music Festival,Ellendale,MN,1,9,Turn On Your Love Light,578,true,Bobby Blue Bland,,0,25,0,,false,,false,closer|encore
1614307340,2019-05-25,2019,Three Sisters Park,Chillicothe,IL,1,1,Butter Rum,415,false,Vasudo,416,0,36,0,,false,,false,
1614307340,2019-05-25,2019,Three Sisters Park,Chillicothe,IL,2,2,Feeling Hot Hot Hot,491,true,The Merrymen,,5,10,0,,false,",",false,opener|closer
1614307340,2019-05-25,2019,Three Sisters Park,Chillicothe,IL,2,3,Day-O,458,true,Harry Belafonte,,30,2,20,,false,,false,
1614307340,2019-05-25,2019,Three Sisters Park,Chillicothe,IL,3,4,Hot Tea,408,false,Vasudo,629,1,32,0,,false,",",false,closer
1614307340,2019-05-25,2019,Three Sisters Park,Chillicothe,IL,3,5,Tumble,418,false,Vasudo,715,1,17,0,,false,",",false,closer|jam|peak
1614307340,2019-05-25,2019,Three Sisters Park,Chillicothe,IL,3,6,Arcadia,403,false,,591,0,98,0,,false,,false,closer
1614310040,2019-05-26,2019,The Mellwood Tavern,Louisville,KY,1,1,Me & My Uncle,592,true,John Philips,343,9,21,10,,false,",",false,opener
1614310040,2019-05-26,2019,The Mellwood Tavern,Louisville,KY,1,2,Elizabeth,465,false,,465,9,12,10,,false,",",false,opener|jam
1614310040,2019-05-26,2019,The Mellwood Tavern,Louisville,KY,1,3,Atlas,439,true,The Wood Brothers,720,15,18,10,,false,",",false,opener
1614310040,2019-05-26,2019,The Mellwood Tavern,Louisville,KY,1,4,Doc Brown,459,false,Great Blue,422,6,11,0,,false,",",false,
1614310040,2019-05-26,2019,The Mellwood Tavern,Louisville,KY,1,5,Me and Julio Down By The Schoolyard,515,true,Paul Simon,436,6,10,0,,false,",",false,
1614310040,2019-05-26,2019,The Mellwood Tavern,Louisville,KY,1,6,Jive I,411,false,,493,5,59,0,,false,",",false,
1614310040,2019-05-26,2019,The Mellwood Tavern,Louisville,KY,1,7,Madhuvan,512,false,,667,1,67,0,,false,",",false,opener|closer|jam
1614310040,2019-05-26,2019,The Mellwood Tavern,Louisville,KY,1,8,Jive II,413,false,,580,8,30,10,,false,,false,opener
1614310040,2019-05-26,2019,The Mellwood Tavern,Louisville,KY,2,9,Drive,462,false,,997,1,7,0,,false,",",false,opener|jam
1614310040,2019-05-26,2019,The Mellwood Tavern,Louisville,KY,2,10,Echo of a Rose,463,false,Vasudo,367,6,12,0,,false,",",false,jam
1614310040,2019-05-26,2019,The Mellwood Tavern,Louisville,KY,2,11,Tumble,418,false,Vasudo,970,0,18,0,,false,",",false,closer|jam|peak
1614310040,2019-05-26,2019,The Mellwood Tavern,Louisville,KY,2,12,Shama Lama Ding Dong,545,true,Otis Day and The Knights,324,9,17,10,,false,",",false,encore
1614310040,2019-05-26,2019,The Mellwood Tavern,Louisville,KY,2,13,Hot Tea,408,false,Vasudo,770,0,33,0,,false,,false,closer
1614310040,2019-05-26,2019,The Mellwood Tavern,Louisville,KY,E,14,Mustang Sally,427,true,Wilson Pickett,328,19,7,10,,false,>,true,closer|encore
1614310040,2019-05-26,2019,The Mellwood Tavern,Louisville,KY,E,15,Also Sprach Zarathustra,433,true,Deodato,259,19,6,10,,false,",",false,closer
1614310040,2019-05-26,2019,The Mellwood Tavern,Louisville,KY,E,16,One More Saturday Night,528,true,Grateful Dead,344,8,14,10,,false,,false,closer|encore
1614303358,2019-06-15,2019,Pizza in the Park,Stamford,CT,1,1,Time to Flee,404,false,,589,2,33,0,,false,",",false,
1614303358,2019-06-15,2019,Pizza in the Park,Stamford,CT,1,2,All I Need,414,false,,539,4,48,0,,false,>,true,jam
1614303358,2019-06-15,2019,Pizza in the Park,Stamford,CT,1,3,Echo of a Rose,463,false,Vasudo,264,0,13,0,,false,",",false,jam
1614303358,2019-06-15,2019,Pizza in the Park,Stamford,CT,1,4,Movin' Out (Anthony's Song),519,true,Billy Joel,265,0,1,0,,false,",",false,
1614303358,2019-06-15,2019,Pizza in the Park,Stamford,CT,1,5,Arcadia,403,false,,471,1,99,0,,false,",",false,closer
1614303358,2019-06-15,2019,Pizza in the Park,Stamford,CT,1,6,Drive,462,false,,1015,0,8,0,,false,",",false,opener|jam
1614303358,2019-06-15,2019,Pizza in the Park,Stamford,CT,1,7,White Lights,586,false,,410,5,11,0,,false,",",false,closer|encore
1614303358,2019-06-15,2019,Pizza in the Park,Stamford,CT,1,8,I2I,472,true,Tevin Campbell,689,0,1,0,,false,",",false,
1614303358,2019-06-15,2019,Pizza in the Park,Stamford,CT,1,9,Turned Clouds,400,false,,513,8,42,10,,false,",",false,
1614303358,2019-06-15,2019,Pizza in the Park,Stamford,CT,1,10,Wysteria Lane,405,false,Vasudo,729,10,37,10,,false,>,true,opener|jam|peak
1614303358,2019-06-15,2019,Pizza in the Park,Stamford,CT,1,11,Hot Tea,408,false,Vasudo,562,0,34,0,,false,,false,closer
1614295229,2019-06-22,2019,Kenny's Westside Pub,Peoria,IL,1,1,Madhuvan,512,false,,,1,68,0,,false,",",false,opener|closer|jam
1614295229,2019-06-22,2019,Kenny's Westside Pub,Peoria,IL,1,2,Lead the Way,406,false,,,38,47,20,,false,",",false,opener
1614295229,2019-06-22,2019,Kenny's Westside Pub,Peoria,IL,1,3,Flodown,478,false,Vasudo,,4,62,0,,false,",",false,
1614295229,2019-06-22,2019,Kenny's Westside Pub,Peoria,IL,1,4,Movin' Out (Anthony's Song),519,true,Billy Joel,,0,2,0,,false,",",false,
1614295229,2019-06-22,2019,Kenny's Westside Pub,Peoria,IL,1,5,Doc Brown,459,false,Great Blue,,1,12,0,,false,",",false,
1614295229,2019-06-22,2019,Kenny's Westside Pub,Peoria,IL,1,6,Drive,462,false,,,0,9,0,,false,",",false,opener|jam
1614295229,2019-06-22,2019,Kenny's Westside Pub,Peoria,IL,1,7,The Way It Is,570,true,Bruce Hornsby,,8,15,10,,false,",",false,
1614295229,2019-06-22,2019,Kenny's Westside Pub,Peoria,IL,1,8,All I Need,414,false,,,0,49,0,,false,>,true,jam
1614295229,2019-06-22,2019,Kenny's Westside Pub,Peoria,IL,1,9,Tumble,418,false,Vasudo,,1,19,0,,false,,false,closer|jam|peak
1614295229,2019-06-22,2019,Kenny's Westside Pub,Peoria,IL,2,10,Eminence Front,468,true,The Who,,4,4,0,,false,",",false,opener
1614295229,2019-06-22,2019,Kenny's Westside Pub,Peoria,IL,2,11,Wysteria Lane,405,false,Vasudo,,0,38,0,,false,",",false,opener|jam|peak
1614295229,2019-06-22,2019,Kenny's Westside Pub,Peoria,IL,2,12,Into the Myst,402,false,,,11,10,10,,false,",",false,jam
1614295229,2019-06-22,2019,Kenny's Westside Pub,Peoria,IL,2,13,Butter Rum,415,false,Vasudo,,2,37,0,,false,",",false,
1614295229,2019-06-22,2019,Kenny's Westside Pub,Peoria,IL,2,14,Slow Ready,422,false,,,6,8,0,,false,",",false,
1614295229,2019-06-22,2019,Kenny's Westside Pub,Peoria,IL,2,15,White Lights,586,false,,,0,12,0,,false,",",false,closer|encore
1614295229,2019-06-22,2019,Kenny's Westside Pub,Peoria,IL,2,16,Jive I,411,false,,,1,60,0,,false,>,true,
1614295229,2019-06-22,2019,Kenny's Westside Pub,Peoria,IL,2,17,Jive Lee,502,false,,,4,20,0,,false,,false,closer|jam
1614295229,2019-06-22,2019,Kenny's Westside Pub,Peoria,IL,E,18,Escape (The Piña Colada Song),469,true,Rupert Holmes,,11,15,10,,false,,false,opener|encore
1614300379,2019-06-26,2019,The Fox Theatre,Boulder,CO,1,1,All I Need,414,false,,552,0,50,0,,false,>,true,jam
1614300379,2019-06-26,2019,The Fox Theatre,Boulder,CO,1,2,Time to Flee,404,false,,218,1,34,0,,false,",",false,
1614300379,2019-06-26,2019,The Fox Theatre,Boulder,CO,1,3,Drive,462,false,,1090,0,10,0,,false,>,true,opener|jam
1614300379,2019-06-26,2019,The Fox Theatre,Boulder,CO,1,4,Creatures,420,false,,779,5,43,0,,false,",",false,jam
1614300379,2019-06-26,2019,The Fox Theatre,Boulder,CO,1,5,Mississippi Half-Step Uptown Toodeloo,517,true,Grateful Dead,675,7,16,0,,false,",",false,jam
1614300379,2019-06-26,2019,The Fox Theatre,Boulder,CO,1,6,So Ready,421,false,,742,13,67,10,,false,,false,closer
1614300553,2019-06-27,2019,Aggie Theatre,Fort Collins,CO,1,1,Wysteria Lane,405,false,Vasudo,986,1,39,0,,false,>,true,opener|jam|peak
1614300553,2019-06-27,2019,Aggie Theatre,Fort Collins,CO,1,2,Can't Get You Out Of My Head,426,true,Kylie Minogue,342,13,4,10,,false,>,true,
1614300553,2019-06-27,2019,Aggie Theatre,Fort Collins,CO,1,3,Flodown,478,false,Vasudo,455,1,63,0,,false,",",false,
1614300553,2019-06-27,2019,Aggie Theatre,Fort Collins,CO,1,4,Jive II,413,false,,559,3,31,0,,false,>,true,opener
1614300553,2019-06-27,2019,Aggie Theatre,Fort Collins,CO,1,5,White Lights,586,false,,432,1,13,0,,false,>,true,closer|encore
1614300553,2019-06-27,2019,Aggie Theatre,Fort Collins,CO,1,6,Crosseyed & Painless,455,true,Talking Heads,775,5,30,0,,false,>,true,
1614300553,2019-06-27,2019,Aggie Theatre,Fort Collins,CO,1,7,Turn On Your Love Light,578,true,Bobby Blue Bland,496,5,26,0,,false,,false,closer|encore
1614300553,2019-06-27,2019,Aggie Theatre,Fort Collins,CO,E,8,Hot Tea,408,false,Vasudo,730,2,35,0,,false,,false,closer
1614300844,2019-06-28,2019,The Lariat,Buena Vista,CO,1,1,Atlas,439,true,The Wood Brothers,,4,19,0,,false,",",false,opener
1614300844,2019-06-28,2019,The Lariat,Buena Vista,CO,1,2,Indian River,410,false,,,6,64,0,,false,",",false,
1614300844,2019-06-28,2019,The Lariat,Buena Vista,CO,1,3,Madhuvan,512,false,,,2,69,0,,false,",",false,opener|closer|jam
1614300844,2019-06-28,2019,The Lariat,Buena Vista,CO,1,4,Movin' Out (Anthony's Song),519,true,Billy Joel,,2,3,0,,false,",",false,
1614300844,2019-06-28,2019,The Lariat,Buena Vista,CO,1,5,Drive,462,false,,,1,11,0,,false,",",false,opener|jam
1614300844,2019-06-28,2019,The Lariat,Buena Vista,CO,1,6,A Western Sun,435,false,,,12,18,10,,false,",",false,
1614300844,2019-06-28,2019,The Lariat,Buena Vista,CO,1,7,Wild Night,588,true,Van Morrison,,24,9,20,,false,",",false,opener|closer
1614300844,2019-06-28,2019,The Lariat,Buena Vista,CO,1,8,Turned Clouds,400,false,,,3,43,0,,false,",",false,
1614300844,2019-06-28,2019,The Lariat,Buena Vista,CO,1,9,Arcadia,403,false,,,3,100,0,,false,",",false,closer
1614300844,2019-06-28,2019,The Lariat,Buena Vista,CO,1,10,Disco Inferno,419,true,The Trammps,,11,12,10,,false,",",false,
1614300844,2019-06-28,2019,The Lariat,Buena Vista,CO,1,11,Arcadia,403,false,,,0,101,0,,false,",",false,closer
1614300844,2019-06-28,2019,The Lariat,Buena Vista,CO,1,12,Boogie On Reggae Woman,441,true,Stevie Wonder,,71,9,35,,false,>,true,
1614300844,2019-06-28,2019,The Lariat,Buena Vista,CO,1,13,Yeti,416,false,Great Blue,,7,23,0,,false,>,true,opener
1614300844,2019-06-28,2019,The Lariat,Buena Vista,CO,1,14,Pumped Up Kicks,534,true,Foster The People,,16,11,10,,false,",",false,
1614300844,2019-06-28,2019,The Lariat,Buena Vista,CO,1,15,Doobie Song,461,false,,,13,3,10,,false,",",false,closer|encore
1614300844,2019-06-28,2019,The Lariat,Buena Vista,CO,1,16,(Marie's The Name) His Latest Flame,593,true,Elvis Presley,,0,1,0,,false,",",false,
1614300844,2019-06-28,2019,The Lariat,Buena Vista,CO,1,17,White Lights,586,false,,,0,14,0,,false,>,true,closer|encore
1614300844,2019-06-28,2019,The Lariat,Buena Vista,CO,1,18,Also Sprach Zarathustra,433,true,Deodato,,4,7,0,,false,,false,closer
1614300844,2019-06-28,2019,The Lariat,Buena Vista,CO,E,19,One More Saturday Night,528,true,Grateful Dead,,4,15,0,,false,,false,closer|encore
1614302893,2019-06-29,2019,Beanstalk Music &amp; Mountain Festival,Bond,CO,1,1,Butter Rum,415,false,Vasudo,463,3,38,0,,false,",",false,
1614302893,2019-06-29,2019,Beanstalk Music &amp; Mountain Festival,Bond,CO,1,2,Me & My Uncle,592,true,John Philips,331,5,22,0,,false,",",false,opener
1614302893,2019-06-29,2019,Beanstalk Music &amp; Mountain Festival,Bond,CO,1,3,Time to Flee,404,false,,620,2,35,0,,false,",",false,
1614302893,2019-06-29,2019,Beanstalk Music &amp; Mountain Festival,Bond,CO,1,4,Flodown,478,false,Vasudo,467,1,64,0,,false,,false,
1614302893,2019-06-29,2019,Beanstalk Music &amp; Mountain Festival,Bond,CO,2,5,Madhuvan,512,false,,745,0,70,0,,false,",",false,opener|closer|jam
1614302893,2019-06-29,2019,Beanstalk Music &amp; Mountain Festival,Bond,CO,2,6,All I Need,414,false,,295,2,51,0,,false,",",false,jam
1614302893,2019-06-29,2019,Beanstalk Music &amp; Mountain Festival,Bond,CO,2,7,Green River,482,true,Creedence Clearwater Revival,643,12,12,10,,false,",",false,
1614302893,2019-06-29,2019,Beanstalk Music &amp; Mountain Festival,Bond,CO,2,8,Crosseyed & Painless,455,true,Talking Heads,663,1,31,0,,false,,false,
1614302893,2019-06-29,2019,Beanstalk Music &amp; Mountain Festival,Bond,CO,3,9,Drive,462,false,,1151,0,12,0,,false,,false,opener|jam
1614302893,2019-06-29,2019,Beanstalk Music &amp; Mountain Festival,Bond,CO,4,10,So Ready,421,false,,701,2,68,0,,false,",",false,closer
1614302893,2019-06-29,2019,Beanstalk Music &amp; Mountain Festival,Bond,CO,4,11,Yeti,416,false,Great Blue,441,0,24,0,,false,->,true,opener
1614302893,2019-06-29,2019,Beanstalk Music &amp; Mountain Festival,Bond,CO,4,12,Electric Avenue,464,true,Eddy Grant,400,8,10,10,,false,,false,
1614302893,2019-06-29,2019,Beanstalk Music &amp; Mountain Festival,Bond,CO,5,13,Tumble,418,false,Vasudo,874,3,20,0,,false,",",false,closer|jam|peak
1614302893,2019-06-29,2019,Beanstalk Music &amp; Mountain Festival,Bond,CO,5,14,Arcadia,403,false,,411,0,102,0,,false,->,true,closer
1614302893,2019-06-29,2019,Beanstalk Music &amp; Mountain Festival,Bond,CO,5,15,Hot Tea,408,false,Vasudo,462,1,36,0,,false,,false,closer
1613694760,2019-07-11,2019,Doc Taylor's,Virginia Beach,VA,1,1,Elizabeth,465,false,,668,6,13,0,,false,>,true,opener|jam
1613694760,2019-07-11,2019,Doc Taylor's,Virginia Beach,VA,1,2,Echo of a Rose,463,false,Vasudo,352,5,14,0,,false,>,true,jam
1613694760,2019-07-11,2019,Doc Taylor's,Virginia Beach,VA,1,3,Me & My Uncle,592,true,John Philips,311,0,23,0,,false,",",false,opener
1613694760,2019-07-11,2019,Doc Taylor's,Virginia Beach,VA,1,4,All I Need,414,false,,913,0,52,0,,false,>,true,jam
1613694760,2019-07-11,2019,Doc Taylor's,Virginia Beach,VA,1,5,A Western Sun,435,false,,470,1,19,0,,false,",",false,
1613694760,2019-07-11,2019,Doc Taylor's,Virginia Beach,VA,1,6,Doc Brown,459,false,Great Blue,443,4,13,0,,false,>,true,
1613694760,2019-07-11,2019,Doc Taylor's,Virginia Beach,VA,1,7,I'm Alright,496,true,Kenny Loggins,324,14,10,10,,false,>,true,
1613694760,2019-07-11,2019,Doc Taylor's,Virginia Beach,VA,1,8,Make The Move,514,true,Kenny Loggins,139,20,8,20,,false,",",false,
1613694760,2019-07-11,2019,Doc Taylor's,Virginia Beach,VA,1,9,Jive I,411,false,,542,4,61,0,,false,>,true,
1613694760,2019-07-11,2019,Doc Taylor's,Virginia Beach,VA,1,10,Jive Lee,502,false,,849,4,21,0,,false,,false,closer|jam
1613694760,2019-07-11,2019,Doc Taylor's,Virginia Beach,VA,2,11,Drive,462,false,,1177,0,13,0,,false,>,true,opener|jam
1613694760,2019-07-11,2019,Doc Taylor's,Virginia Beach,VA,2,12,Slow Ready,422,false,,715,4,9,0,,false,",",false,
1613694760,2019-07-11,2019,Doc Taylor's,Virginia Beach,VA,2,13,Ghostbusters Rap,481,true,Run DMC,898,10,12,10,,false,,false,closer
1613694760,2019-07-11,2019,Doc Taylor's,Virginia Beach,VA,E,14,Electric Avenue,464,true,Eddy Grant,491,0,11,0,,false,",",false,
1613694760,2019-07-11,2019,Doc Taylor's,Virginia Beach,VA,E,15,Flodown,478,false,Vasudo,601,0,65,0,,false,,false,
1613694362,2019-07-12,2019,The Camel,Richmond,VA,1,1,Madhuvan,512,false,,,1,71,0,,false,",",false,opener|closer|jam
1613694362,2019-07-12,2019,The Camel,Richmond,VA,1,2,Time to Flee,404,false,,,1,36,0,,false,>,true,
1613694362,2019-07-12,2019,The Camel,Richmond,VA,1,3,Butter Rum,415,false,Vasudo,,1,39,0,,false,",",false,
1613694362,2019-07-12,2019,The Camel,Richmond,VA,1,4,Yeti,416,false,Great Blue,,1,25,0,,false,>,true,opener
1613694362,2019-07-12,2019,The Camel,Richmond,VA,1,5,Pumped Up Kicks,534,true,Foster The People,,2,12,0,,false,",",false,
1613694362,2019-07-12,2019,The Camel,Richmond,VA,1,6,Arcadia,403,false,,,1,103,0,,false,,false,closer
1613697753,2019-07-13,2019,Paradise Music &amp; Beer Festival,Covington,KY,1,1,Jam,802,false,,,87,8,35,,false,>,true,opener|jam
1613697753,2019-07-13,2019,Paradise Music &amp; Beer Festival,Covington,KY,1,2,Liza Jane,508,true,African American Folk Song,,10,12,10,,false,",",false,opener
1613697753,2019-07-13,2019,Paradise Music &amp; Beer Festival,Covington,KY,1,3,Indian River,410,false,,,3,65,0,,false,",",false,
1613697753,2019-07-13,2019,Paradise Music &amp; Beer Festival,Covington,KY,1,4,Switchin',564,true,Wes Montgomery,,66,12,35,,false,",",false,opener
1613697753,2019-07-13,2019,Paradise Music &amp; Beer Festival,Covington,KY,1,5,Me and Julio Down By The Schoolyard,515,true,Paul Simon,,8,11,10,,false,",",false,
1613697753,2019-07-13,2019,Paradise Music &amp; Beer Festival,Covington,KY,1,6,Peggy-O,531,true,Grateful Dead,,22,8,20,,false,",",false,
1613697753,2019-07-13,2019,Paradise Music &amp; Beer Festival,Covington,KY,1,7,Turned Clouds,400,false,,,3,44,0,,false,,false,
1613697753,2019-07-13,2019,Paradise Music &amp; Beer Festival,Covington,KY,2,8,All I Need,414,false,,1075,1,53,0,,false,",",false,jam
1613697753,2019-07-13,2019,Paradise Music &amp; Beer Festival,Covington,KY,2,9,Two Tickets To Paradise,579,true,Eddie Money,318,0,1,0,,false,",",false,
1613697753,2019-07-13,2019,Paradise Music &amp; Beer Festival,Covington,KY,2,10,Drive,462,false,,1182,1,14,0,,false,",",false,opener|jam
1613697753,2019-07-13,2019,Paradise Music &amp; Beer Festival,Covington,KY,2,11,The Way It Is,570,true,Bruce Hornsby,511,6,16,0,,false,,false,
1613697753,2019-07-13,2019,Paradise Music &amp; Beer Festival,Covington,KY,3,12,So Ready,421,false,,693,2,69,0,,false,",",false,closer
1613697753,2019-07-13,2019,Paradise Music &amp; Beer Festival,Covington,KY,3,13,White Lights,586,false,,428,3,15,0,,false,",",false,closer|encore
1613697753,2019-07-13,2019,Paradise Music &amp; Beer Festival,Covington,KY,3,14,Tumble,418,false,Vasudo,762,2,21,0,,false,",",false,closer|jam|peak
1613697753,2019-07-13,2019,Paradise Music &amp; Beer Festival,Covington,KY,3,15,Eminence Front,468,true,The Who,443,6,5,0,,false,>,true,opener
1613697753,2019-07-13,2019,Paradise Music &amp; Beer Festival,Covington,KY,3,16,Also Sprach Zarathustra,433,true,Deodato,380,3,8,0,,false,",",false,closer
1613697753,2019-07-13,2019,Paradise Music &amp; Beer Festival,Covington,KY,3,17,Hot Tea,408,false,Vasudo,828,2,37,0,,false,",",false,closer
1613697753,2019-07-13,2019,Paradise Music &amp; Beer Festival,Covington,KY,3,18,Turn On Your Love Light,578,true,Bobby Blue Bland,373,4,27,0,,false,,false,closer|encore
1614299494,2019-07-19,2019,Jerry Jam,Bath,NH,1,1,Me & My Uncle,592,true,John Philips,352,2,24,0,,false,",",false,opener
1614299494,2019-07-19,2019,Jerry Jam,Bath,NH,1,2,Time to Flee,404,false,,581,1,37,0,,false,",",false,
1614299494,2019-07-19,2019,Jerry Jam,Bath,NH,1,3,Flodown,478,false,Vasudo,555,2,66,0,,false,",",false,
1614299494,2019-07-19,2019,Jerry Jam,Bath,NH,1,4,Jive II,413,false,,538,5,32,0,,false,",",false,opener
1614299494,2019-07-19,2019,Jerry Jam,Bath,NH,1,5,Green River,482,true,Creedence Clearwater Revival,417,3,13,0,,false,",",false,
1614299494,2019-07-19,2019,Jerry Jam,Bath,NH,1,6,Tumble,418,false,Vasudo,677,0,22,0,,false,",",false,closer|jam|peak
1614299494,2019-07-19,2019,Jerry Jam,Bath,NH,1,7,Lead the Way,406,false,,515,7,48,0,,false,,false,opener
1613619605,2019-07-25,2019,Orlando's Bar and Lounge,Burlington,VT,1,1,Switchin',564,true,Wes Montgomery,,1,13,0,,false,",",false,opener
1613619605,2019-07-25,2019,Orlando's Bar and Lounge,Burlington,VT,1,2,Butter Rum,415,false,Vasudo,,2,40,0,,false,",",false,
1613619605,2019-07-25,2019,Orlando's Bar and Lounge,Burlington,VT,1,3,Drive,462,false,,,1,15,0,,false,>,true,opener|jam
1613619605,2019-07-25,2019,Orlando's Bar and Lounge,Burlington,VT,1,4,Doc Brown,459,false,Great Blue,,3,14,0,,false,",",false,
1613619605,2019-07-25,2019,Orlando's Bar and Lounge,Burlington,VT,1,5,Jive I,411,false,,,3,62,0,,false,>,true,
1613619605,2019-07-25,2019,Orlando's Bar and Lounge,Burlington,VT,1,6,Electric Avenue,464,true,Eddy Grant,,3,12,0,,false,",",false,
1613619605,2019-07-25,2019,Orlando's Bar and Lounge,Burlington,VT,1,7,Yeti,416,false,Great Blue,,2,26,0,,false,>,true,opener
1613619605,2019-07-25,2019,Orlando's Bar and Lounge,Burlington,VT,1,8,Disco Inferno,419,true,The Trammps,,5,13,0,,false,,false,
1613619605,2019-07-25,2019,Orlando's Bar and Lounge,Burlington,VT,2,9,So Ready,421,false,,,1,70,0,,false,>,true,closer
1613619605,2019-07-25,2019,Orlando's Bar and Lounge,Burlington,VT,2,10,Echo of a Rose,463,false,Vasudo,,3,15,0,,false,>,true,jam
1613619605,2019-07-25,2019,Orlando's Bar and Lounge,Burlington,VT,2,11,Flodown,478,false,Vasudo,,0,67,0,,false,",",false,
1613619605,2019-07-25,2019,Orlando's Bar and Lounge,Burlington,VT,2,12,Ghostbusters Rap,481,true,Run DMC,,3,13,0,,false,",",false,closer
1613619605,2019-07-25,2019,Orlando's Bar and Lounge,Burlington,VT,2,13,Into the Myst,402,false,,,8,11,10,,false,>,true,jam
1613619605,2019-07-25,2019,Orlando's Bar and Lounge,Burlington,VT,2,14,Can't Get You Out Of My Head,426,true,Kylie Minogue,,6,5,0,,false,>,true,
1613619605,2019-07-25,2019,Orlando's Bar and Lounge,Burlington,VT,2,15,Into the Myst,402,false,,,0,12,0,,false,",",false,jam
1613619605,2019-07-25,2019,Orlando's Bar and Lounge,Burlington,VT,2,16,Turned Clouds,400,false,,,1,45,0,,false,,false,
1613619605,2019-07-25,2019,Orlando's Bar and Lounge,Burlington,VT,E,17,Crosseyed & Painless,455,true,Talking Heads,,4,32,0,,false,,false,
1595185299,2019-07-27,2019,Peach Music Festival,Scranton,PA,1,1,Madhuvan,512,false,,756,3,72,0,,false,",",false,opener|closer|jam
1595185299,2019-07-27,2019,Peach Music Festival,Scranton,PA,1,2,Time to Flee,404,false,,582,1,38,0,,false,",",false,
1595185299,2019-07-27,2019,Peach Music Festival,Scranton,PA,1,3,All I Need,414,false,,813,2,54,0,,false,",",false,jam
1595185299,2019-07-27,2019,Peach Music Festival,Scranton,PA,1,4,Wysteria Lane,405,false,Vasudo,638,7,40,0,,false,>,true,opener|jam|peak
1595185299,2019-07-27,2019,Peach Music Festival,Scranton,PA,1,5,Mississippi Half-Step Uptown Toodeloo,517,true,Grateful Dead,662,8,17,10,,false,",",false,jam
1595185299,2019-07-27,2019,Peach Music Festival,Scranton,PA,1,6,Arcadia,403,false,,535,3,104,0,,true,",",false,closer
1595185299,2019-07-27,2019,Peach Music Festival,Scranton,PA,1,7,The Way It Is,570,true,Bruce Hornsby,525,2,17,0,,false,",",false,
1595185299,2019-07-27,2019,Peach Music Festival,Scranton,PA,1,8,Hot Tea,408,false,Vasudo,731,2,38,0,,false,,false,closer
1613620791,2019-08-08,2019,Otus Supply,Ferndale,MI,1,1,Hot Tea,408,false,Vasudo,,0,39,0,,false,",",false,closer
1613620791,2019-08-08,2019,Otus Supply,Ferndale,MI,1,2,Atlas,439,true,The Wood Brothers,,7,20,0,,false,",",false,opener
1613620791,2019-08-08,2019,Otus Supply,Ferndale,MI,1,3,Wysteria Lane,405,false,Vasudo,,0,41,0,,false,>,true,opener|jam|peak
1613620791,2019-08-08,2019,Otus Supply,Ferndale,MI,1,4,Echo of a Rose,463,false,Vasudo,,1,16,0,,false,>,true,jam
1613620791,2019-08-08,2019,Otus Supply,Ferndale,MI,1,5,Shama Lama Ding Dong,545,true,Otis Day and The Knights,,12,18,10,,false,",",false,encore
1613620791,2019-08-08,2019,Otus Supply,Ferndale,MI,1,6,Time to Flee,404,false,,,0,39,0,,false,",",false,
1613620791,2019-08-08,2019,Otus Supply,Ferndale,MI,1,7,Flodown,478,false,Vasudo,,1,68,0,,false,",",false,
1613620791,2019-08-08,2019,Otus Supply,Ferndale,MI,1,8,Slow Ready,422,false,,,5,10,0,,false,",",false,
1613620791,2019-08-08,2019,Otus Supply,Ferndale,MI,1,9,Tumble,418,false,Vasudo,,2,23,0,,false,",",false,closer|jam|peak
1613620791,2019-08-08,2019,Otus Supply,Ferndale,MI,1,10,Creatures,420,false,,,9,44,10,,false,>,true,jam
1613620791,2019-08-08,2019,Otus Supply,Ferndale,MI,1,11,Rosa Lee McFall,538,true,Grateful Dead,,0,1,0,,false,",",false,closer
1613620791,2019-08-08,2019,Otus Supply,Ferndale,MI,1,12,Disco Inferno,419,true,The Trammps,,1,14,0,,false,,false,
1614299084,2019-08-09,2019,Cowpie Music Festival,Caledonia,MI,1,1,Drive,462,false,,,2,16,0,,false,",",false,opener|jam
1614299084,2019-08-09,2019,Cowpie Music Festival,Caledonia,MI,1,2,Butter Rum,415,false,Vasudo,,2,41,0,,false,",",false,
1614299084,2019-08-09,2019,Cowpie Music Festival,Caledonia,MI,1,3,Feeling Hot Hot Hot,491,true,The Merrymen,,14,11,10,,false,",",false,opener|closer
1614299084,2019-08-09,2019,Cowpie Music Festival,Caledonia,MI,1,4,Arcadia,403,false,,,1,105,0,,false,",",false,closer
1614299084,2019-08-09,2019,Cowpie Music Festival,Caledonia,MI,1,5,Yeti,416,false,Great Blue,,2,27,0,,false,",",false,opener
1614299084,2019-08-09,2019,Cowpie Music Festival,Caledonia,MI,1,6,Pumped Up Kicks,534,true,Foster The People,,5,13,0,,false,",",false,
1614299084,2019-08-09,2019,Cowpie Music Festival,Caledonia,MI,1,7,Turn On Your Love Light,578,true,Bobby Blue Bland,,4,28,0,,false,,false,closer|encore
1614298417,2019-08-10,2019,The Mousetrap,Indianapolis,IN,1,1,Time to Flee,404,false,,565,1,40,0,,false,",",false,
1614298417,2019-08-10,2019,The Mousetrap,Indianapolis,IN,1,2,Hot Tea,408,false,Vasudo,1000,1,40,0,,false,",",false,closer
1614298417,2019-08-10,2019,The Mousetrap,Indianapolis,IN,1,3,Liza Jane,508,true,African American Folk Song,474,5,13,0,,false,",",false,opener
1614298417,2019-08-10,2019,The Mousetrap,Indianapolis,IN,1,4,Wysteria Lane,405,false,Vasudo,911,1,42,0,,false,>,true,opener|jam|peak
1614298417,2019-08-10,2019,The Mousetrap,Indianapolis,IN,1,5,Electric Avenue,464,true,Eddy Grant,522,3,13,0,,false,",",false,
1614298417,2019-08-10,2019,The Mousetrap,Indianapolis,IN,1,6,White Lights,586,false,,467,5,16,0,,false,,false,closer|encore
1614298417,2019-08-10,2019,The Mousetrap,Indianapolis,IN,2,7,So Ready,421,false,,778,3,71,0,,false,",",false,closer
1614298417,2019-08-10,2019,The Mousetrap,Indianapolis,IN,2,8,All I Need,414,false,,938,2,55,0,,false,",",false,jam
1614298417,2019-08-10,2019,The Mousetrap,Indianapolis,IN,2,9,Tumble,418,false,Vasudo,402,1,24,0,,false,>,true,closer|jam|peak
1614298417,2019-08-10,2019,The Mousetrap,Indianapolis,IN,2,10,Can't Get You Out Of My Head,426,true,Kylie Minogue,324,3,6,0,,false,>,true,
1614298417,2019-08-10,2019,The Mousetrap,Indianapolis,IN,2,11,Tumble,418,false,Vasudo,382,0,25,0,,false,",",false,closer|jam|peak
1614298417,2019-08-10,2019,The Mousetrap,Indianapolis,IN,2,12,Escape (The Piña Colada Song),469,true,Rupert Holmes,430,12,16,10,,false,",",false,opener|encore
1614298417,2019-08-10,2019,The Mousetrap,Indianapolis,IN,2,13,Arcadia,403,false,,628,0,106,0,,false,>,true,closer
1614298417,2019-08-10,2019,The Mousetrap,Indianapolis,IN,2,14,Jive Lee,502,false,,534,7,22,0,,false,,false,closer|jam
1614298417,2019-08-10,2019,The Mousetrap,Indianapolis,IN,E,15,One More Saturday Night,528,true,Grateful Dead,422,9,16,10,,false,,false,closer|encore
1614297985,2019-08-14,2019,Skully's Music-Diner,Columbus,OH,1,1,Yeti,416,false,Great Blue,719,1,28,0,,false,>,true,opener
1614297985,2019-08-14,2019,Skully's Music-Diner,Columbus,OH,1,2,Echo of a Rose,463,false,Vasudo,370,2,17,0,,false,",",false,jam
1614297985,2019-08-14,2019,Skully's Music-Diner,Columbus,OH,1,3,Drive,462,false,,1229,1,17,0,,false,",",false,opener|jam
1614297985,2019-08-14,2019,Skully's Music-Diner,Columbus,OH,1,4,Arcadia,403,false,,638,0,107,0,,false,",",false,closer
1614297985,2019-08-14,2019,Skully's Music-Diner,Columbus,OH,1,5,Feeling Hot Hot Hot,491,true,The Merrymen,454,1,12,0,,false,",",false,opener|closer
1614297985,2019-08-14,2019,Skully's Music-Diner,Columbus,OH,1,6,All I Need,414,false,,981,0,56,0,,false,",",false,jam
1614297985,2019-08-14,2019,Skully's Music-Diner,Columbus,OH,1,7,Danger Zone,457,true,Kenny Loggins,240,38,11,20,,false,",",false,
1614297985,2019-08-14,2019,Skully's Music-Diner,Columbus,OH,1,8,Tumble,418,false,Vasudo,828,0,26,0,,false,",",false,closer|jam|peak
1614297985,2019-08-14,2019,Skully's Music-Diner,Columbus,OH,1,9,Disco Inferno,419,true,The Trammps,583,2,15,0,,false,,false,
1613621323,2019-08-16,2019,Birds of a Feather Music &amp; Arts Festival,Morning View,KY,1,1,Jive I,411,false,,585,5,63,0,,false,>,true,
1613621323,2019-08-16,2019,Birds of a Feather Music &amp; Arts Festival,Morning View,KY,1,2,Atlas,439,true,The Wood Brothers,688,3,21,0,,false,",",false,opener
1613621323,2019-08-16,2019,Birds of a Feather Music &amp; Arts Festival,Morning View,KY,1,3,White Lights,586,false,,466,1,17,0,,false,",",false,closer|encore
1613621323,2019-08-16,2019,Birds of a Feather Music &amp; Arts Festival,Morning View,KY,1,4,Wysteria Lane,405,false,Vasudo,1242,1,43,0,,false,->,true,opener|jam|peak
1613621323,2019-08-16,2019,Birds of a Feather Music &amp; Arts Festival,Morning View,KY,1,5,Butter Rum,415,false,Vasudo,410,2,42,0,,false,",",false,
1613621323,2019-08-16,2019,Birds of a Feather Music &amp; Arts Festival,Morning View,KY,1,6,Wild Night,588,true,Van Morrison,311,11,10,10,,false,",",false,opener|closer
1613621323,2019-08-16,2019,Birds of a Feather Music &amp; Arts Festival,Morning View,KY,1,7,Hot Tea,408,false,Vasudo,556,1,41,0,,false,>,true,closer
1613621323,2019-08-16,2019,Birds of a Feather Music &amp; Arts Festival,Morning View,KY,1,8,Mas Que Nada,513,true,Sergio Mendes,539,26,5,20,,false,",",false,
1613621323,2019-08-16,2019,Birds of a Feather Music &amp; Arts Festival,Morning View,KY,1,9,Slow Ready,422,false,,788,3,11,0,,false,",",false,
1613621323,2019-08-16,2019,Birds of a Feather Music &amp; Arts Festival,Morning View,KY,1,10,Turned Clouds,400,false,,646,5,46,0,,false,",",false,
1613621323,2019-08-16,2019,Birds of a Feather Music &amp; Arts Festival,Morning View,KY,1,11,Into the Myst,402,false,,846,5,13,0,,false,,false,jam
1613621568,2019-08-17,2019,Birds of a Feather Music &amp; Arts Festival,Morning View,KY,1,1,Elizabeth,465,false,,913,10,14,10,,false,",",false,opener|jam
1613621568,2019-08-17,2019,Birds of a Feather Music &amp; Arts Festival,Morning View,KY,1,2,Flodown,478,false,Vasudo,681,4,69,0,,false,",",false,
1613621568,2019-08-17,2019,Birds of a Feather Music &amp; Arts Festival,Morning View,KY,1,3,The W.S. Walcott Medicine Show,582,true,The Band,743,67,7,35,,false,",",false,
1613621568,2019-08-17,2019,Birds of a Feather Music &amp; Arts Festival,Morning View,KY,1,4,Drive,462,false,,1097,1,18,0,,false,",",false,opener|jam
1613621568,2019-08-17,2019,Birds of a Feather Music &amp; Arts Festival,Morning View,KY,1,5,Creatures,420,false,,488,4,45,0,,false,>,true,jam
1613621568,2019-08-17,2019,Birds of a Feather Music &amp; Arts Festival,Morning View,KY,1,6,Shama Lama Ding Dong,545,true,Otis Day and The Knights,243,4,19,0,,false,>,true,encore
1613621568,2019-08-17,2019,Birds of a Feather Music &amp; Arts Festival,Morning View,KY,1,7,Happy Birthday,747,true,,44,96,2,35,,false,>,true,opener|ballad
1613621568,2019-08-17,2019,Birds of a Feather Music &amp; Arts Festival,Morning View,KY,1,8,Jive Lee,502,false,,465,2,23,0,,false,,false,closer|jam
1613618864,2019-08-22,2019,Night Lights Music Festival,Sherman,NY,1,1,All I Need,414,false,,,2,57,0,,false,",",false,jam
1613618864,2019-08-22,2019,Night Lights Music Festival,Sherman,NY,1,2,Time to Flee,404,false,,,3,41,0,,false,>,true,
1613618864,2019-08-22,2019,Night Lights Music Festival,Sherman,NY,1,3,Butter Rum,415,false,Vasudo,,1,43,0,,false,",",false,
1613618864,2019-08-22,2019,Night Lights Music Festival,Sherman,NY,1,4,Wysteria Lane,405,false,Vasudo,,1,44,0,,false,->,true,opener|jam|peak
1613618864,2019-08-22,2019,Night Lights Music Festival,Sherman,NY,1,5,Yeti,416,false,Great Blue,,2,29,0,,false,>,true,opener
1613618864,2019-08-22,2019,Night Lights Music Festival,Sherman,NY,1,6,So Ready,421,false,,,3,72,0,,false,",",false,closer
1613618864,2019-08-22,2019,Night Lights Music Festival,Sherman,NY,1,7,Hot Tea,408,false,Vasudo,,1,42,0,,false,",",false,closer
1613618864,2019-08-22,2019,Night Lights Music Festival,Sherman,NY,1,8,White Lights,586,false,,,1,18,0,,false,",",false,closer|encore
1613618864,2019-08-22,2019,Night Lights Music Festival,Sherman,NY,1,9,Wild Night,588,true,Van Morrison,,1,11,0,,false,,false,opener|closer
1613615869,2019-09-01,2019,Silk Fest,Granby,CT,1,1,Atlas,439,true,The Wood Brothers,,2,22,0,,false,",",false,opener
1613615869,2019-09-01,2019,Silk Fest,Granby,CT,1,2,Time to Flee,404,false,,,0,42,0,,false,",",false,
1613615869,2019-09-01,2019,Silk Fest,Granby,CT,1,3,Jive I,411,false,,,2,64,0,,false,>,true,
1613615869,2019-09-01,2019,Silk Fest,Granby,CT,1,4,I'm Alright,496,true,Kenny Loggins,,12,11,10,,false,>,true,
1613615869,2019-09-01,2019,Silk Fest,Granby,CT,1,5,Make The Move,514,true,Kenny Loggins,,12,9,10,,false,>,true,
1613615869,2019-09-01,2019,Silk Fest,Granby,CT,1,6,Danger Zone,457,true,Kenny Loggins,,3,12,0,,false,",",false,
1613615869,2019-09-01,2019,Silk Fest,Granby,CT,1,7,Yeti,416,false,Great Blue,,0,30,0,,false,>,true,opener
1613615869,2019-09-01,2019,Silk Fest,Granby,CT,1,8,Pumped Up Kicks,534,true,Foster The People,,5,14,0,,false,",",false,
1613615869,2019-09-01,2019,Silk Fest,Granby,CT,1,9,Madhuvan,512,false,,,7,73,0,,false,",",false,opener|closer|jam
1613615869,2019-09-01,2019,Silk Fest,Granby,CT,1,10,Drive,462,false,,,1,19,0,,false,",",false,opener|jam
1613615869,2019-09-01,2019,Silk Fest,Granby,CT,1,11,Don't Do It,460,true,The Band,,94,12,35,,false,,false,closer|encore
1613615869,2019-09-01,2019,Silk Fest,Granby,CT,2,12,Escape (The Piña Colada Song),469,true,Rupert Holmes,,4,17,0,,false,",",false,opener|encore
1613615869,2019-09-01,2019,Silk Fest,Granby,CT,2,13,Echo of a Rose,463,false,Vasudo,,3,18,0,,false,",",false,jam
1613615869,2019-09-01,2019,Silk Fest,Granby,CT,2,14,Hot Tea,408,false,Vasudo,,0,43,0,,false,>,true,closer
1613615869,2019-09-01,2019,Silk Fest,Granby,CT,2,15,Strokin',560,true,Clarence Carter,,51,5,35,,false,>,true,
1613615869,2019-09-01,2019,Silk Fest,Granby,CT,2,16,Loose Ends,762,false,Vasudo,,0,1,0,,false,>,true,closer
1613615869,2019-09-01,2019,Silk Fest,Granby,CT,2,17,Hot Tea,408,false,Vasudo,,0,44,0,,false,",",false,closer
1613615869,2019-09-01,2019,Silk Fest,Granby,CT,2,18,Turned Clouds,400,false,,,2,47,0,,false,",",false,
1613615869,2019-09-01,2019,Silk Fest,Granby,CT,2,19,Green River,482,true,Creedence Clearwater Revival,,9,14,10,,false,",",false,
1613615869,2019-09-01,2019,Silk Fest,Granby,CT,2,20,So Ready,421,false,,,0,73,0,,false,",",false,closer
1613615869,2019-09-01,2019,Silk Fest,Granby,CT,2,21,Electric Avenue,464,true,Eddy Grant,,4,14,0,,false,",",false,
1613615869,2019-09-01,2019,Silk Fest,Granby,CT,2,22,Mustang Sally,427,true,Wilson Pickett,,19,8,10,,false,>,true,closer|encore
1613615869,2019-09-01,2019,Silk Fest,Granby,CT,2,23,Also Sprach Zarathustra,433,true,Deodato,,10,9,10,,false,",",false,closer
1613615869,2019-09-01,2019,Silk Fest,Granby,CT,2,24,Disco Inferno,419,true,The Trammps,,3,16,0,,false,>,true,
1613615869,2019-09-01,2019,Silk Fest,Granby,CT,2,25,Turn On Your Love Light,578,true,Bobby Blue Bland,,5,29,0,,false,,false,closer|encore
1613615034,2019-09-06,2019,Sprout Music Collective,West Chester,PA,1,1,So Ready,421,false,,793,0,74,0,,false,",",false,closer
1613615034,2019-09-06,2019,Sprout Music Collective,West Chester,PA,1,2,The W.S. Walcott Medicine Show,582,true,The Band,649,2,8,0,,false,",",false,
1613615034,2019-09-06,2019,Sprout Music Collective,West Chester,PA,1,3,All I Need,414,false,,876,1,58,0,,false,",",false,jam
1613615034,2019-09-06,2019,Sprout Music Collective,West Chester,PA,1,4,Wysteria Lane,405,false,Vasudo,1130,1,45,0,,true,",",false,opener|jam|peak
1613615034,2019-09-06,2019,Sprout Music Collective,West Chester,PA,1,5,Indian River,410,false,,628,11,66,10,,false,",",false,
1613615034,2019-09-06,2019,Sprout Music Collective,West Chester,PA,1,6,Tumble,418,false,Vasudo,810,4,27,0,,false,,false,closer|jam|peak
1613615034,2019-09-06,2019,Sprout Music Collective,West Chester,PA,2,7,Peaches En Regalia,530,true,Frank Zappa,195,25,7,20,,false,>,true,
1613615034,2019-09-06,2019,Sprout Music Collective,West Chester,PA,2,8,Drive,462,false,,1206,0,20,0,,false,>,true,opener|jam
1613615034,2019-09-06,2019,Sprout Music Collective,West Chester,PA,2,9,Disco Inferno,419,true,The Trammps,627,0,17,0,,false,",",false,
1613615034,2019-09-06,2019,Sprout Music Collective,West Chester,PA,2,10,Flodown,478,false,Vasudo,465,2,70,0,,false,",",false,
1613615034,2019-09-06,2019,Sprout Music Collective,West Chester,PA,2,11,Time to Flee,404,false,,260,0,43,0,,false,>,true,
1613615034,2019-09-06,2019,Sprout Music Collective,West Chester,PA,2,12,Take On Me,565,true,A-Ha,267,26,4,20,,false,>,true,
1613615034,2019-09-06,2019,Sprout Music Collective,West Chester,PA,2,13,Time to Flee,404,false,,331,0,44,0,,false,",",false,
1613615034,2019-09-06,2019,Sprout Music Collective,West Chester,PA,2,14,Creatures,420,false,,756,2,46,0,,false,",",false,jam
1613615034,2019-09-06,2019,Sprout Music Collective,West Chester,PA,2,15,Dancing In The Moonlight,456,true,King Harvest,487,37,7,20,,false,",",false,encore
1613615034,2019-09-06,2019,Sprout Music Collective,West Chester,PA,2,16,Madhuvan,512,false,,780,0,74,0,,false,,false,opener|closer|jam
1613615034,2019-09-06,2019,Sprout Music Collective,West Chester,PA,E,17,Mississippi Half-Step Uptown Toodeloo,517,true,Grateful Dead,,8,18,10,,false,>,true,jam
1613615034,2019-09-06,2019,Sprout Music Collective,West Chester,PA,E,18,White Lights,586,false,,,1,19,0,,false,,false,closer|encore
1613613861,2019-09-07,2019,Valley Fusion Festival,Capon Bridge,WV,1,1,Butter Rum,415,false,Vasudo,,2,44,0,,false,",",false,
1613613861,2019-09-07,2019,Valley Fusion Festival,Capon Bridge,WV,1,2,Jive I,411,false,,,1,65,0,,false,",",false,
1613613861,2019-09-07,2019,Valley Fusion Festival,Capon Bridge,WV,1,3,Yeti,416,false,Great Blue,,1,31,0,,false,",",false,opener
1613613861,2019-09-07,2019,Valley Fusion Festival,Capon Bridge,WV,1,4,Movin' Out (Anthony's Song),519,true,Billy Joel,,16,4,10,,false,",",false,
1613613861,2019-09-07,2019,Valley Fusion Festival,Capon Bridge,WV,1,5,Arcadia,403,false,,,5,108,0,,false,",",false,closer
1613613861,2019-09-07,2019,Valley Fusion Festival,Capon Bridge,WV,1,6,Me and Julio Down By The Schoolyard,515,true,Paul Simon,,12,12,10,,false,",",false,
1613613861,2019-09-07,2019,Valley Fusion Festival,Capon Bridge,WV,1,7,Jive II,413,false,,,11,33,10,,false,",",false,opener
1613613861,2019-09-07,2019,Valley Fusion Festival,Capon Bridge,WV,1,8,Into the Myst,402,false,,,4,14,0,,false,",",false,jam
1613613861,2019-09-07,2019,Valley Fusion Festival,Capon Bridge,WV,1,9,Feeling Hot Hot Hot,491,true,The Merrymen,,5,13,0,,false,",",false,opener|closer
1613613861,2019-09-07,2019,Valley Fusion Festival,Capon Bridge,WV,1,10,Hot Tea,408,false,Vasudo,,1,45,0,,false,,false,closer
1613613861,2019-09-07,2019,Valley Fusion Festival,Capon Bridge,WV,E,11,Praise You,533,true,Fatboy Slim,,30,6,20,,false,,false,closer|encore
1613613251,2019-09-14,2019,Private Party,Norwalk,CT,1,1,Liza Jane,508,true,African American Folk Song,,7,14,0,,false,",",false,opener
1613613251,2019-09-14,2019,Private Party,Norwalk,CT,1,2,Time to Flee,404,false,,,1,45,0,,false,",",false,
1613613251,2019-09-14,2019,Private Party,Norwalk,CT,1,3,Butter Rum,415,false,Vasudo,,0,45,0,,false,",",false,
1613613251,2019-09-14,2019,Private Party,Norwalk,CT,1,4,Me & My Uncle,592,true,John Philips,,12,25,10,,false,",",false,opener
1613613251,2019-09-14,2019,Private Party,Norwalk,CT,1,5,Indian River,410,false,,,1,67,0,,false,",",false,
1613613251,2019-09-14,2019,Private Party,Norwalk,CT,1,6,The W.S. Walcott Medicine Show,582,true,The Band,,1,9,0,,false,",",false,
1613613251,2019-09-14,2019,Private Party,Norwalk,CT,1,7,Madhuvan,512,false,,,1,75,0,,false,",",false,opener|closer|jam
1613613251,2019-09-14,2019,Private Party,Norwalk,CT,1,8,Electric Avenue,464,true,Eddy Grant,,2,15,0,,false,",",false,
1613613251,2019-09-14,2019,Private Party,Norwalk,CT,1,9,Drive,462,false,,,1,21,0,,false,,false,opener|jam
1613613251,2019-09-14,2019,Private Party,Norwalk,CT,2,10,Disco Inferno,419,true,The Trammps,,1,18,0,,false,",",false,
1613613251,2019-09-14,2019,Private Party,Norwalk,CT,2,11,Hot Tea,408,false,Vasudo,,0,46,0,,false,",",false,closer
1613613251,2019-09-14,2019,Private Party,Norwalk,CT,2,12,Movin' Out (Anthony's Song),519,true,Billy Joel,,0,5,0,,false,",",false,
1613613251,2019-09-14,2019,Private Party,Norwalk,CT,2,13,Flodown,478,false,Vasudo,,1,71,0,,false,",",false,
1613613251,2019-09-14,2019,Private Party,Norwalk,CT,2,14,One More Saturday Night,528,true,Grateful Dead,,7,17,0,,false,",",false,closer|encore
1613613251,2019-09-14,2019,Private Party,Norwalk,CT,2,15,Crosseyed & Painless,455,true,Talking Heads,,11,33,10,,false,>,true,
1613613251,2019-09-14,2019,Private Party,Norwalk,CT,2,16,Turn On Your Love Light,578,true,Bobby Blue Bland,,2,30,0,,false,,false,closer|encore
1608183761,2019-09-18,2019,Coopers Lake,Slippery Rock,PA,1,1,Creatures,420,false,,1122,2,47,0,,true,",",false,jam
1608183761,2019-09-18,2019,Coopers Lake,Slippery Rock,PA,1,2,Tumble,418,false,Vasudo,877,2,28,0,,false,",",false,closer|jam|peak
1608183761,2019-09-18,2019,Coopers Lake,Slippery Rock,PA,1,3,Slow Ready,422,false,,668,6,12,0,,false,",",false,
1608183761,2019-09-18,2019,Coopers Lake,Slippery Rock,PA,1,4,Ghostbusters Rap,481,true,Run DMC,996,12,14,10,,false,,false,closer
1613535674,2019-09-19,2019,Coopers Lake,Slippery Rock,PA,1,1,Jive I,411,false,,610,2,66,0,,false,>,true,
1613535674,2019-09-19,2019,Coopers Lake,Slippery Rock,PA,1,2,All I Need,414,false,,827,3,59,0,,false,>,true,jam
1613535674,2019-09-19,2019,Coopers Lake,Slippery Rock,PA,1,3,Echo of a Rose,463,false,Vasudo,281,4,19,0,,false,",",false,jam
1613535674,2019-09-19,2019,Coopers Lake,Slippery Rock,PA,1,4,Every Little Thing She Does Is Magic,470,true,The Police,395,0,1,0,,false,",",false,
1613535674,2019-09-19,2019,Coopers Lake,Slippery Rock,PA,1,5,Turned Clouds,400,false,,656,4,48,0,,false,",",false,
1613535674,2019-09-19,2019,Coopers Lake,Slippery Rock,PA,1,6,Madhuvan,512,false,,681,1,76,0,,false,,false,opener|closer|jam
1613534872,2019-09-21,2019,Coopers Lake,Slippery Rock,PA,1,1,Jive II,413,false,,597,3,34,0,,false,",",false,opener
1613534872,2019-09-21,2019,Coopers Lake,Slippery Rock,PA,1,2,Me & My Uncle,592,true,John Philips,309,2,26,0,,false,",",false,opener
1613534872,2019-09-21,2019,Coopers Lake,Slippery Rock,PA,1,3,Drive,462,false,,1029,2,22,0,,false,",",false,opener|jam
1613534872,2019-09-21,2019,Coopers Lake,Slippery Rock,PA,1,4,Arcadia,403,false,,533,3,109,0,,false,",",false,closer
1613534872,2019-09-21,2019,Coopers Lake,Slippery Rock,PA,1,5,Hot Tea,408,false,Vasudo,730,2,47,0,,false,>,true,closer
1613534872,2019-09-21,2019,Coopers Lake,Slippery Rock,PA,1,6,Jive Lee,502,false,,272,7,24,0,,false,,false,closer|jam
1601962402,2019-10-05,2019,Barberry Hill Farm,Madison,CT,1,1,Also Sprach Zarathustra,433,true,Deodato,,6,10,0,,false,>,true,closer
1601962402,2019-10-05,2019,Barberry Hill Farm,Madison,CT,1,2,Escape (The Piña Colada Song),469,true,Rupert Holmes,,6,18,0,,false,",",false,opener|encore
1601962402,2019-10-05,2019,Barberry Hill Farm,Madison,CT,1,3,Butter Rum,415,false,Vasudo,,3,46,0,,false,",",false,
1601962402,2019-10-05,2019,Barberry Hill Farm,Madison,CT,1,4,Disco Inferno,419,true,The Trammps,,3,19,0,,false,",",false,
1601962402,2019-10-05,2019,Barberry Hill Farm,Madison,CT,1,5,Feel Like Making Love,474,true,Bad Company,,0,1,0,,false,",",false,
1601962402,2019-10-05,2019,Barberry Hill Farm,Madison,CT,1,6,Arcadia,403,false,,,0,110,0,,false,>,true,closer
1601962402,2019-10-05,2019,Barberry Hill Farm,Madison,CT,1,7,Love And Happiness,596,true,Al Green,,0,1,0,,false,",",false,
1601962402,2019-10-05,2019,Barberry Hill Farm,Madison,CT,1,8,Factory Fiction,473,false,Vasudo,,93,3,35,,false,",",false,closer|jam|peak|encore
1601962402,2019-10-05,2019,Barberry Hill Farm,Madison,CT,1,9,Night Moves,597,true,Bob Seger & The Silver Bullet Band,,0,1,0,,false,",",false,
1601962402,2019-10-05,2019,Barberry Hill Farm,Madison,CT,1,10,Ain't Life Grand,437,true,Widespread Panic,,0,1,0,,false,",",false,
1601962402,2019-10-05,2019,Barberry Hill Farm,Madison,CT,1,11,Shout,550,true,The Isley Brothers,,49,5,20,,false,>,true,closer|encore
1601962402,2019-10-05,2019,Barberry Hill Farm,Madison,CT,1,12,Also Sprach Zarathustra,433,true,Deodato,,0,11,0,,false,>,true,closer
1601962402,2019-10-05,2019,Barberry Hill Farm,Madison,CT,1,13,Hot Tea,408,false,Vasudo,,0,48,0,,false,,false,closer
1608535941,2019-10-18,2019,Parish Public House,Albany,NY,1,1,Time to Flee,404,false,,953,4,46,0,,false,",",false,
1608535941,2019-10-18,2019,Parish Public House,Albany,NY,1,2,Lead the Way,406,false,,792,17,49,10,,false,",",false,opener
1608535941,2019-10-18,2019,Parish Public House,Albany,NY,1,3,Elizabeth,465,false,,1000,9,15,10,,false,",",false,opener|jam
1608535941,2019-10-18,2019,Parish Public House,Albany,NY,1,4,One More Day,527,true,The Wood Brothers,416,100,10,50,,false,",",false,
1608535941,2019-10-18,2019,Parish Public House,Albany,NY,1,5,Inside Out,499,true,Spoon,634,0,1,0,,false,",",false,jam
1608535941,2019-10-18,2019,Parish Public House,Albany,NY,1,6,Yeti,416,false,Great Blue,530,5,32,0,,false,,false,opener
1608535941,2019-10-18,2019,Parish Public House,Albany,NY,2,7,Jive I,411,false,,650,2,67,0,,false,",",false,
1608535941,2019-10-18,2019,Parish Public House,Albany,NY,2,8,Green River,482,true,Creedence Clearwater Revival,471,7,15,0,,false,",",false,
1608535941,2019-10-18,2019,Parish Public House,Albany,NY,2,9,Flodown,478,false,Vasudo,609,4,72,0,,false,",",false,
1608535941,2019-10-18,2019,Parish Public House,Albany,NY,2,10,All I Need,414,false,,939,2,60,0,,false,",",false,jam
1608535941,2019-10-18,2019,Parish Public House,Albany,NY,2,11,The Way It Is,570,true,Bruce Hornsby,787,15,18,10,,false,>,true,
1608535941,2019-10-18,2019,Parish Public House,Albany,NY,2,12,Jive Lee,502,false,,717,1,25,0,,false,,false,closer|jam
1608535941,2019-10-18,2019,Parish Public House,Albany,NY,E,13,Shout,550,true,The Isley Brothers,355,0,6,0,,false,,false,closer|encore
1613528677,2019-10-19,2019,Sonia,Cambridge,MA,1,1,Switchin',564,true,Wes Montgomery,529,17,14,10,,false,",",false,opener
1613528677,2019-10-19,2019,Sonia,Cambridge,MA,1,2,So Ready,421,false,,719,7,75,0,,false,>,true,closer
1613528677,2019-10-19,2019,Sonia,Cambridge,MA,1,3,Echo of a Rose,463,false,Vasudo,468,3,20,0,,false,",",false,jam
1613528677,2019-10-19,2019,Sonia,Cambridge,MA,1,4,Drive,462,false,,1033,2,23,0,,false,",",false,opener|jam
1613528677,2019-10-19,2019,Sonia,Cambridge,MA,1,5,Wysteria Lane,405,false,Vasudo,1003,7,46,0,,false,,false,opener|jam|peak
1613528677,2019-10-19,2019,Sonia,Cambridge,MA,2,6,Movin' Out (Anthony's Song),519,true,Billy Joel,433,5,6,0,,false,>,true,
1613528677,2019-10-19,2019,Sonia,Cambridge,MA,2,7,Sleepwalk,551,true,Santo & Johnny,297,0,1,0,,false,",",false,closer
1613528677,2019-10-19,2019,Sonia,Cambridge,MA,2,8,Tumble,418,false,Vasudo,822,4,29,0,,false,",",false,closer|jam|peak
1613528677,2019-10-19,2019,Sonia,Cambridge,MA,2,9,Creatures,420,false,,1063,4,48,0,,false,>,true,jam
1613528677,2019-10-19,2019,Sonia,Cambridge,MA,2,10,Don't Do It,460,true,The Band,492,8,13,10,,false,",",false,closer|encore
1613528677,2019-10-19,2019,Sonia,Cambridge,MA,2,11,Hot Tea,408,false,Vasudo,766,1,49,0,,false,,false,closer
1613528677,2019-10-19,2019,Sonia,Cambridge,MA,E,12,White Lights,586,false,,402,7,20,0,,false,",",false,closer|encore
1613528677,2019-10-19,2019,Sonia,Cambridge,MA,E,13,One More Saturday Night,528,true,Grateful Dead,432,5,18,0,,false,,false,closer|encore
1613527259,2019-10-25,2019,River Street Jazz Cafe,Plains,PA,1,1,Wild Night,588,true,Van Morrison,300,10,12,10,,false,",",false,opener|closer
1613527259,2019-10-25,2019,River Street Jazz Cafe,Plains,PA,1,2,Doc Brown,459,false,Great Blue,478,18,15,10,,false,",",false,
1613527259,2019-10-25,2019,River Street Jazz Cafe,Plains,PA,1,3,All I Need,414,false,,1516,1,61,0,,true,>,true,jam
1613527259,2019-10-25,2019,River Street Jazz Cafe,Plains,PA,1,4,Mas Que Nada,513,true,Sergio Mendes,507,12,6,10,,false,",",false,
1613527259,2019-10-25,2019,River Street Jazz Cafe,Plains,PA,1,5,A Western Sun,435,false,,902,22,20,20,,false,>,true,
1613527259,2019-10-25,2019,River Street Jazz Cafe,Plains,PA,1,6,Butter Rum,415,false,Vasudo,451,2,47,0,,false,,false,
1613527259,2019-10-25,2019,River Street Jazz Cafe,Plains,PA,2,7,Into the Myst,402,false,,1023,7,15,0,,false,",",false,jam
1613527259,2019-10-25,2019,River Street Jazz Cafe,Plains,PA,2,8,Tumble,418,false,Vasudo,932,0,30,0,,false,",",false,closer|jam|peak
1613527259,2019-10-25,2019,River Street Jazz Cafe,Plains,PA,2,9,Slow Ready,422,false,,620,5,13,0,,false,",",false,
1613527259,2019-10-25,2019,River Street Jazz Cafe,Plains,PA,2,10,Flodown,478,false,Vasudo,564,1,73,0,,false,",",false,
1613527259,2019-10-25,2019,River Street Jazz Cafe,Plains,PA,2,11,Me and Julio Down By The Schoolyard,515,true,Paul Simon,462,7,13,0,,false,",",false,
1613527259,2019-10-25,2019,River Street Jazz Cafe,Plains,PA,2,12,Christmas Card From A Hooker In Minneapolis,448,true,Tom Waits,377,162,2,50,,false,",",false,encore
1613527259,2019-10-25,2019,River Street Jazz Cafe,Plains,PA,2,13,Arcadia,403,false,,654,2,111,0,,false,,false,closer
1613527259,2019-10-25,2019,River Street Jazz Cafe,Plains,PA,E,14,Yeti,416,false,Great Blue,518,1,33,0,,false,>,true,opener
1613527259,2019-10-25,2019,River Street Jazz Cafe,Plains,PA,E,15,Shama Lama Ding Dong,545,true,Otis Day and The Knights,363,11,20,10,,false,,false,encore
1613526499,2019-10-31,2019,The Mercury Lounge,New York,NY,1,1,Love Me Sexy,509,true,Jackie Moon,307,0,1,0,,false,",",false,
1613526499,2019-10-31,2019,The Mercury Lounge,New York,NY,1,2,Hot Tea,408,false,Vasudo,928,1,50,0,,false,",",false,closer
1613526499,2019-10-31,2019,The Mercury Lounge,New York,NY,1,3,Yeti,416,false,Great Blue,559,0,34,0,,false,>,true,opener
1613526499,2019-10-31,2019,The Mercury Lounge,New York,NY,1,4,Get The Funk Out Ma Face,479,true,Brothers Johnson,726,0,1,0,,false,",",false,
1613526499,2019-10-31,2019,The Mercury Lounge,New York,NY,1,5,Wysteria Lane,405,false,Vasudo,494,1,47,0,,false,>,true,opener|jam|peak
1613526499,2019-10-31,2019,The Mercury Lounge,New York,NY,1,6,Lady Marmalade,505,true,Patti Labell,450,0,1,0,,false,",",false,
1613526499,2019-10-31,2019,The Mercury Lounge,New York,NY,1,7,A Fifth Of Beethoven,434,true,Walter Murphy,261,0,1,0,,false,,false,closer
1613526499,2019-10-31,2019,The Mercury Lounge,New York,NY,2,8,Never Never Gonna Give Ya Up,522,true,Barry White,708,0,1,0,,false,",",false,
1613526499,2019-10-31,2019,The Mercury Lounge,New York,NY,2,9,Jive I,411,false,,602,2,68,0,,false,>,true,
1613526499,2019-10-31,2019,The Mercury Lounge,New York,NY,2,10,Why Can't We Be Friends,587,true,War,215,0,1,0,,false,>,true,
1613526499,2019-10-31,2019,The Mercury Lounge,New York,NY,2,11,Jive Lee,502,false,,993,2,26,0,,false,",",false,closer|jam
1613526499,2019-10-31,2019,The Mercury Lounge,New York,NY,2,12,So Ready,421,false,,741,1,76,0,,false,",",false,closer
1613526499,2019-10-31,2019,The Mercury Lounge,New York,NY,2,13,White Lights,586,false,,464,1,21,0,,false,",",false,closer|encore
1613526499,2019-10-31,2019,The Mercury Lounge,New York,NY,2,14,Short People,549,true,Randy Newman,457,0,1,0,,false,,false,closer|encore
1613526499,2019-10-31,2019,The Mercury Lounge,New York,NY,E,15,A Fifth Of Beethoven,434,true,Walter Murphy,291,0,2,0,,false,>,true,closer
1613526499,2019-10-31,2019,The Mercury Lounge,New York,NY,E,16,Also Sprach Zarathustra,433,true,Deodato,478,3,12,0,,false,,false,closer
1613511263,2019-11-02,2019,College Street Music Hall,New Haven,CT,1,1,Creatures,420,false,,,2,49,0,,false,>,true,jam
1613511263,2019-11-02,2019,College Street Music Hall,New Haven,CT,1,2,Time to Flee,404,false,,,3,47,0,,false,",",false,
1613511263,2019-11-02,2019,College Street Music Hall,New Haven,CT,1,3,Drive,462,false,,,2,24,0,,false,",",false,opener|jam
1613511263,2019-11-02,2019,College Street Music Hall,New Haven,CT,1,4,Slow Ready,422,false,,,1,14,0,,false,",",false,
1613511263,2019-11-02,2019,College Street Music Hall,New Haven,CT,1,5,Arcadia,403,false,,,1,112,0,,false,",",false,closer
1613511263,2019-11-02,2019,College Street Music Hall,New Haven,CT,1,6,A Fifth Of Beethoven,434,true,Walter Murphy,,0,3,0,,false,,false,closer
1613508165,2019-11-07,2019,XL Live,Harrisburg,PA,1,1,Liza Jane,508,true,African American Folk Song,,9,15,10,,false,",",false,opener
1613508165,2019-11-07,2019,XL Live,Harrisburg,PA,1,2,Jive I,411,false,,,1,69,0,,false,>,true,
1613508165,2019-11-07,2019,XL Live,Harrisburg,PA,1,3,Elizabeth,465,false,,,4,16,0,,false,>,true,opener|jam
1613508165,2019-11-07,2019,XL Live,Harrisburg,PA,1,4,Echo of a Rose,463,false,Vasudo,,3,21,0,,false,>,true,jam
1613508165,2019-11-07,2019,XL Live,Harrisburg,PA,1,5,I'm Alright,496,true,Kenny Loggins,,12,12,10,,false,>,true,
1613508165,2019-11-07,2019,XL Live,Harrisburg,PA,1,6,Make The Move,514,true,Kenny Loggins,,12,10,10,,false,",",false,
1613508165,2019-11-07,2019,XL Live,Harrisburg,PA,1,7,Jive II,413,false,,,6,35,0,,false,>,true,opener
1613508165,2019-11-07,2019,XL Live,Harrisburg,PA,1,8,Jive Lee,502,false,,,1,27,0,,false,>,true,closer|jam
1613508165,2019-11-07,2019,XL Live,Harrisburg,PA,1,9,Loose Ends,762,false,Vasudo,,12,2,10,,false,",",false,closer
1613508165,2019-11-07,2019,XL Live,Harrisburg,PA,1,10,Butter Rum,415,false,Vasudo,,2,48,0,,false,",",false,
1613508165,2019-11-07,2019,XL Live,Harrisburg,PA,1,11,So Ready,421,false,,,1,77,0,,false,,false,closer
1616454806,2019-11-08,2019,9:30 Club,Washington,DC,1,1,Flodown,478,false,Vasudo,552,3,74,0,,false,",",false,
1616454806,2019-11-08,2019,9:30 Club,Washington,DC,1,2,Arcadia,403,false,,594,1,113,0,,false,",",false,closer
1616454806,2019-11-08,2019,9:30 Club,Washington,DC,1,3,Creatures,420,false,,890,1,50,0,,false,",",false,jam
1616454806,2019-11-08,2019,9:30 Club,Washington,DC,1,4,Inside Out,499,true,Spoon,671,5,2,0,,false,",",false,jam
1616454806,2019-11-08,2019,9:30 Club,Washington,DC,1,5,Tumble,418,false,Vasudo,779,3,31,0,,false,,false,closer|jam|peak
1613507639,2019-11-09,2019,Hampden-Sydney College Frat House,Hampden Sydney,VA,1,1,Interlude I,407,false,,,0,1,0,,false,>,true,
1613507639,2019-11-09,2019,Hampden-Sydney College Frat House,Hampden Sydney,VA,1,2,Switchin',564,true,Wes Montgomery,,5,15,0,,false,",",false,opener
1613507639,2019-11-09,2019,Hampden-Sydney College Frat House,Hampden Sydney,VA,1,3,Boogie On Reggae Woman,441,true,Stevie Wonder,,29,10,20,,false,",",false,
1613507639,2019-11-09,2019,Hampden-Sydney College Frat House,Hampden Sydney,VA,1,4,Wysteria Lane,405,false,Vasudo,,3,48,0,,false,>,true,opener|jam|peak
1613507639,2019-11-09,2019,Hampden-Sydney College Frat House,Hampden Sydney,VA,1,5,Shama Lama Ding Dong,545,true,Otis Day and The Knights,,4,21,0,,false,",",false,encore
1613507639,2019-11-09,2019,Hampden-Sydney College Frat House,Hampden Sydney,VA,1,6,One More Day,527,true,The Wood Brothers,,6,11,0,,false,",",false,
1613507639,2019-11-09,2019,Hampden-Sydney College Frat House,Hampden Sydney,VA,1,7,Movin' Out (Anthony's Song),519,true,Billy Joel,,5,7,0,,false,",",false,
1613507639,2019-11-09,2019,Hampden-Sydney College Frat House,Hampden Sydney,VA,1,8,Disco Inferno,419,true,The Trammps,,7,20,0,,false,",",false,
1613507639,2019-11-09,2019,Hampden-Sydney College Frat House,Hampden Sydney,VA,1,9,I Wish,495,true,Stevie Wonder,,143,9,50,,false,,false,
1613507150,2019-11-10,2019,The Broadberry,Richmond,VA,1,1,Wysteria Lane,405,false,Vasudo,1192,0,49,0,,false,",",false,opener|jam|peak
1613507150,2019-11-10,2019,The Broadberry,Richmond,VA,1,2,The W.S. Walcott Medicine Show,582,true,The Band,603,12,10,10,,false,",",false,
1613507150,2019-11-10,2019,The Broadberry,Richmond,VA,1,3,Drive,462,false,,985,3,25,0,,false,>,true,opener|jam
1613507150,2019-11-10,2019,The Broadberry,Richmond,VA,1,4,Disco Inferno,419,true,The Trammps,619,0,21,0,,false,",",false,
1613507150,2019-11-10,2019,The Broadberry,Richmond,VA,1,5,Lead the Way,406,false,,634,7,50,0,,false,",",false,opener
1613507150,2019-11-10,2019,The Broadberry,Richmond,VA,1,6,Yeti,416,false,Great Blue,553,4,35,0,,false,,false,opener
1613507150,2019-11-10,2019,The Broadberry,Richmond,VA,2,7,All I Need,414,false,,1163,5,62,0,,true,>,true,jam
1613507150,2019-11-10,2019,The Broadberry,Richmond,VA,2,8,Slow Ready,422,false,,663,3,15,0,,false,>,true,
1613507150,2019-11-10,2019,The Broadberry,Richmond,VA,2,9,Every Little Thing She Does Is Magic,470,true,The Police,379,10,2,10,,false,",",false,
1613507150,2019-11-10,2019,The Broadberry,Richmond,VA,2,10,Into the Myst,402,false,,881,5,16,0,,false,>,true,jam
1613507150,2019-11-10,2019,The Broadberry,Richmond,VA,2,11,Hot Tea,408,false,Vasudo,910,4,51,0,,false,",",false,closer
1613507150,2019-11-10,2019,The Broadberry,Richmond,VA,2,12,White Lights,586,false,,423,4,22,0,,false,,false,closer|encore
1613507150,2019-11-10,2019,The Broadberry,Richmond,VA,E,13,Dancing In The Moonlight,456,true,King Harvest,373,14,8,10,,false,>,true,encore
1613507150,2019-11-10,2019,The Broadberry,Richmond,VA,E,14,Time to Flee,404,false,,194,3,48,0,,false,,false,
1613506931,2019-11-14,2019,Roxian Theatre,McKees Rocks,PA,1,1,Into the Myst,402,false,,731,0,17,0,,false,>,true,jam
1613506931,2019-11-14,2019,Roxian Theatre,McKees Rocks,PA,1,2,Echo of a Rose,463,false,Vasudo,324,3,22,0,,false,",",false,jam
1613506931,2019-11-14,2019,Roxian Theatre,McKees Rocks,PA,1,3,Tumble,418,false,Vasudo,733,2,32,0,,false,",",false,closer|jam|peak
1613506931,2019-11-14,2019,Roxian Theatre,McKees Rocks,PA,1,4,So Ready,421,false,,792,3,78,0,,false,,false,closer
1613450184,2019-11-15,2019,The Summit Music Hall,Columbus,OH,1,1,Escape (The Piña Colada Song),469,true,Rupert Holmes,419,10,19,10,,false,",",false,opener|encore
1613450184,2019-11-15,2019,The Summit Music Hall,Columbus,OH,1,2,All I Need,414,false,,1665,1,63,0,,true,>,true,jam
1613450184,2019-11-15,2019,The Summit Music Hall,Columbus,OH,1,3,Peggy-O,531,true,Grateful Dead,515,28,9,20,,false,",",false,
1613450184,2019-11-15,2019,The Summit Music Hall,Columbus,OH,1,4,Doc Brown,459,false,Great Blue,466,7,16,0,,false,>,true,
1613450184,2019-11-15,2019,The Summit Music Hall,Columbus,OH,1,5,Wysteria Lane,405,false,Vasudo,982,1,50,0,,false,>,true,opener|jam|peak
1613450184,2019-11-15,2019,The Summit Music Hall,Columbus,OH,1,6,Turn On Your Love Light,578,true,Bobby Blue Bland,454,14,31,10,,false,,false,closer|encore
1613450184,2019-11-15,2019,The Summit Music Hall,Columbus,OH,2,7,Madhuvan,512,false,,785,12,77,10,,false,",",false,opener|closer|jam
1613450184,2019-11-15,2019,The Summit Music Hall,Columbus,OH,2,8,I Wish,495,true,Stevie Wonder,597,2,10,0,,false,",",false,
1613450184,2019-11-15,2019,The Summit Music Hall,Columbus,OH,2,9,Jive I,411,false,,890,4,70,0,,false,>,true,
1613450184,2019-11-15,2019,The Summit Music Hall,Columbus,OH,2,10,Crosseyed & Painless,455,true,Talking Heads,653,14,34,10,,false,>,true,
1613450184,2019-11-15,2019,The Summit Music Hall,Columbus,OH,2,11,Flodown,478,false,Vasudo,460,3,75,0,,false,>,true,
1613450184,2019-11-15,2019,The Summit Music Hall,Columbus,OH,2,12,Turned Clouds,400,false,,665,12,49,10,,false,,false,
1613450184,2019-11-15,2019,The Summit Music Hall,Columbus,OH,E,13,Doobie Song,461,false,,452,32,4,20,,false,>,true,closer|encore
1613450184,2019-11-15,2019,The Summit Music Hall,Columbus,OH,E,14,Butter Rum,415,false,Vasudo,507,4,49,0,,false,,false,
1613444180,2019-11-16,2019,Nietzsche's,Buffalo,NY,1,1,Atlas,439,true,The Wood Brothers,833,18,23,10,,false,>,true,opener
1613444180,2019-11-16,2019,Nietzsche's,Buffalo,NY,1,2,Arcadia,403,false,,1342,4,114,0,,true,",",false,closer
1613444180,2019-11-16,2019,Nietzsche's,Buffalo,NY,1,3,Indian River,410,false,,645,15,68,10,,true,",",false,
1613444180,2019-11-16,2019,Nietzsche's,Buffalo,NY,1,4,Drive,462,false,,1817,2,26,0,,true,,false,opener|jam
1613444180,2019-11-16,2019,Nietzsche's,Buffalo,NY,2,5,Creatures,420,false,,987,4,51,0,,false,->,true,jam
1613444180,2019-11-16,2019,Nietzsche's,Buffalo,NY,2,6,Shama Lama Ding Dong,545,true,Otis Day and The Knights,385,3,22,0,,false,>,true,encore
1613444180,2019-11-16,2019,Nietzsche's,Buffalo,NY,2,7,Slow Ready,422,false,,753,2,16,0,,false,>,true,
1613444180,2019-11-16,2019,Nietzsche's,Buffalo,NY,2,8,Take On Me,565,true,A-Ha,641,17,5,10,,false,",",false,
1613444180,2019-11-16,2019,Nietzsche's,Buffalo,NY,2,9,Hot Tea,408,false,Vasudo,646,2,52,0,,false,,false,closer
1613444180,2019-11-16,2019,Nietzsche's,Buffalo,NY,E,10,Short People,549,true,Randy Newman,441,7,2,0,,false,>,true,closer|encore
1613444180,2019-11-16,2019,Nietzsche's,Buffalo,NY,E,11,Hot Tea,408,false,Vasudo,127,0,53,0,,false,,false,closer
1613443194,2019-11-27,2019,O'Neill's Irish Pub &amp; Restaurant,Norwalk,CT,1,1,Eminence Front,468,true,The Who,,30,6,20,,false,",",false,opener
1613443194,2019-11-27,2019,O'Neill's Irish Pub &amp; Restaurant,Norwalk,CT,1,2,Sco-Mule,543,true,Government Mule ft. John Scofield,,106,7,50,,false,",",false,
1613443194,2019-11-27,2019,O'Neill's Irish Pub &amp; Restaurant,Norwalk,CT,1,3,Feel Like Making Love,474,true,Bad Company,,12,2,10,,false,",",false,
1613443194,2019-11-27,2019,O'Neill's Irish Pub &amp; Restaurant,Norwalk,CT,1,4,Tennessee Jed,566,true,Grateful Dead,,181,3,50,,false,",",false,
1613443194,2019-11-27,2019,O'Neill's Irish Pub &amp; Restaurant,Norwalk,CT,1,5,Caution,446,true,Bob Marley,,84,6,35,,false,>,true,
1613443194,2019-11-27,2019,O'Neill's Irish Pub &amp; Restaurant,Norwalk,CT,1,6,Billie Jean,440,true,Michael Jackson,,154,5,50,,false,",",false,
1613443194,2019-11-27,2019,O'Neill's Irish Pub &amp; Restaurant,Norwalk,CT,1,7,Every Little Thing She Does Is Magic,470,true,The Police,,3,3,0,,false,",",false,
1613443194,2019-11-27,2019,O'Neill's Irish Pub &amp; Restaurant,Norwalk,CT,1,8,A Fifth Of Beethoven,434,true,Walter Murphy,,7,4,0,,false,",",false,closer
1613443194,2019-11-27,2019,O'Neill's Irish Pub &amp; Restaurant,Norwalk,CT,1,9,Lady Marmalade,505,true,Patti Labell,,8,2,10,,false,",",false,
1613443194,2019-11-27,2019,O'Neill's Irish Pub &amp; Restaurant,Norwalk,CT,1,10,Secret Agent Man,544,true,Johnny Rivers,,100,3,50,,false,",",false,opener|ballad
1613443194,2019-11-27,2019,O'Neill's Irish Pub &amp; Restaurant,Norwalk,CT,1,11,Trouble,576,true,Elvis Presley,,0,1,0,,false,",",false,ballad|encore
1613443194,2019-11-27,2019,O'Neill's Irish Pub &amp; Restaurant,Norwalk,CT,1,12,Love Me Sexy,509,true,Jackie Moon,,8,2,10,,false,",",false,
1613443194,2019-11-27,2019,O'Neill's Irish Pub &amp; Restaurant,Norwalk,CT,1,13,Can't Get You Out Of My Head,426,true,Kylie Minogue,,24,7,20,,false,>,true,
1613443194,2019-11-27,2019,O'Neill's Irish Pub &amp; Restaurant,Norwalk,CT,1,14,Boogie On Reggae Woman,441,true,Stevie Wonder,,4,11,0,,false,,false,
1613441845,2019-12-05,2019,Aggie Theatre,Fort Collins,CO,1,1,Me & My Uncle,592,true,John Philips,443,14,27,10,,false,",",false,opener
1613441845,2019-12-05,2019,Aggie Theatre,Fort Collins,CO,1,2,Lead the Way,406,false,,666,4,51,0,,true,",",false,opener
1613441845,2019-12-05,2019,Aggie Theatre,Fort Collins,CO,1,3,Time to Flee,404,false,,812,4,49,0,,false,",",false,
1613441845,2019-12-05,2019,Aggie Theatre,Fort Collins,CO,1,4,All I Need,414,false,,1246,2,64,0,,true,",",false,jam
1613441845,2019-12-05,2019,Aggie Theatre,Fort Collins,CO,1,5,The Way It Is,570,true,Bruce Hornsby,544,12,19,10,,false,",",false,
1613441845,2019-12-05,2019,Aggie Theatre,Fort Collins,CO,1,6,So Ready,421,false,,736,3,79,0,,false,,false,closer
1613441845,2019-12-05,2019,Aggie Theatre,Fort Collins,CO,2,7,Jive I,411,false,,574,2,71,0,,false,>,true,
1613441845,2019-12-05,2019,Aggie Theatre,Fort Collins,CO,2,8,Weird Fishes / Arpeggi,428,true,Radiohead,472,123,2,50,,false,>,true,
1613441845,2019-12-05,2019,Aggie Theatre,Fort Collins,CO,2,9,Into the Myst,402,false,,768,3,18,0,,false,",",false,jam
1613441845,2019-12-05,2019,Aggie Theatre,Fort Collins,CO,2,10,Turned Clouds,400,false,,603,2,50,0,,false,",",false,
1613441845,2019-12-05,2019,Aggie Theatre,Fort Collins,CO,2,11,Tumble,418,false,Vasudo,476,3,33,0,,true,->,true,closer|jam|peak
1613441845,2019-12-05,2019,Aggie Theatre,Fort Collins,CO,2,12,Make The Move,514,true,Kenny Loggins,166,7,11,0,,false,->,true,
1613441845,2019-12-05,2019,Aggie Theatre,Fort Collins,CO,2,13,Tumble,418,false,Vasudo,263,0,34,0,,false,->,true,closer|jam|peak
1613441845,2019-12-05,2019,Aggie Theatre,Fort Collins,CO,2,14,Cantaloupe Island,444,true,Herbie Hancock,298,121,7,50,,false,>,true,
1613441845,2019-12-05,2019,Aggie Theatre,Fort Collins,CO,2,15,Tumble,418,false,Vasudo,181,0,35,0,,false,,false,closer|jam|peak
1613441845,2019-12-05,2019,Aggie Theatre,Fort Collins,CO,E,16,Disco Inferno,419,true,The Trammps,658,4,22,0,,false,,false,
1613439915,2019-12-06,2019,Cervantes' Other Side,Denver,CO,1,1,Madhuvan,512,false,,716,3,78,0,,false,",",false,opener|closer|jam
1613439915,2019-12-06,2019,Cervantes' Other Side,Denver,CO,1,2,Inside Out,499,true,Spoon,668,7,3,0,,false,->,true,jam
1613439915,2019-12-06,2019,Cervantes' Other Side,Denver,CO,1,3,Creatures,420,false,,854,2,52,0,,false,->,true,jam
1613439915,2019-12-06,2019,Cervantes' Other Side,Denver,CO,1,4,Shama Lama Ding Dong,545,true,Otis Day and The Knights,510,2,23,0,,false,",",false,encore
1613439915,2019-12-06,2019,Cervantes' Other Side,Denver,CO,1,5,Jive II,413,false,,609,8,36,10,,false,",",false,opener
1613439915,2019-12-06,2019,Cervantes' Other Side,Denver,CO,1,6,Hot Tea,408,false,Vasudo,843,2,54,0,,false,,false,closer
1613439915,2019-12-06,2019,Cervantes' Other Side,Denver,CO,2,7,Happy Birthday,747,true,,,23,3,20,,false,",",false,opener|ballad
1613439915,2019-12-06,2019,Cervantes' Other Side,Denver,CO,2,8,Yeti,416,false,Great Blue,510,5,36,0,,false,->,true,opener
1613439915,2019-12-06,2019,Cervantes' Other Side,Denver,CO,2,9,Pumped Up Kicks,534,true,Foster The People,354,21,15,20,,false,",",false,
1613439915,2019-12-06,2019,Cervantes' Other Side,Denver,CO,2,10,Slow Ready,422,false,,702,2,17,0,,false,",",false,
1613439915,2019-12-06,2019,Cervantes' Other Side,Denver,CO,2,11,Drive,462,false,,1279,2,27,0,,false,->,true,opener|jam
1613439915,2019-12-06,2019,Cervantes' Other Side,Denver,CO,2,12,Ghostbusters Rap,481,true,Run DMC,1097,17,15,10,,true,,false,closer
1613439915,2019-12-06,2019,Cervantes' Other Side,Denver,CO,E,13,Echo of a Rose,463,false,Vasudo,372,4,23,0,,false,>,true,jam
1613439915,2019-12-06,2019,Cervantes' Other Side,Denver,CO,E,14,Feeling Hot Hot Hot,491,true,The Merrymen,710,19,14,10,,false,,false,opener|closer
1613439018,2019-12-07,2019,Old Town Pub &amp; Restaurant,Steamboat Springs,CO,1,1,Flodown,478,false,Vasudo,670,4,76,0,,false,",",false,
1613439018,2019-12-07,2019,Old Town Pub &amp; Restaurant,Steamboat Springs,CO,1,2,Doc Brown,459,false,Great Blue,450,4,17,0,,false,",",false,
1613439018,2019-12-07,2019,Old Town Pub &amp; Restaurant,Steamboat Springs,CO,1,3,Green River,482,true,Creedence Clearwater Revival,461,14,16,10,,false,",",false,
1613439018,2019-12-07,2019,Old Town Pub &amp; Restaurant,Steamboat Springs,CO,1,4,Wysteria Lane,405,false,Vasudo,1310,4,51,0,,true,",",false,opener|jam|peak
1613439018,2019-12-07,2019,Old Town Pub &amp; Restaurant,Steamboat Springs,CO,1,5,Movin' Out (Anthony's Song),519,true,Billy Joel,500,7,8,0,,false,",",false,
1613439018,2019-12-07,2019,Old Town Pub &amp; Restaurant,Steamboat Springs,CO,1,6,All I Need,414,false,,1043,1,65,0,,true,,false,jam
1613439018,2019-12-07,2019,Old Town Pub &amp; Restaurant,Steamboat Springs,CO,2,7,Happy Birthday,747,true,,64,0,4,0,,false,",",false,opener|ballad
1613439018,2019-12-07,2019,Old Town Pub &amp; Restaurant,Steamboat Springs,CO,2,8,Elizabeth,465,false,,625,9,17,10,,false,->,true,opener|jam
1613439018,2019-12-07,2019,Old Town Pub &amp; Restaurant,Steamboat Springs,CO,2,9,Mas Que Nada,513,true,Sergio Mendes,476,12,7,10,,false,",",false,
1613439018,2019-12-07,2019,Old Town Pub &amp; Restaurant,Steamboat Springs,CO,2,10,Arcadia,403,false,,745,3,115,0,,false,",",false,closer
1613439018,2019-12-07,2019,Old Town Pub &amp; Restaurant,Steamboat Springs,CO,2,11,I Wish,495,true,Stevie Wonder,645,4,11,0,,false,->,true,
1613439018,2019-12-07,2019,Old Town Pub &amp; Restaurant,Steamboat Springs,CO,2,12,Butter Rum,415,false,Vasudo,524,4,50,0,,false,",",false,
1613439018,2019-12-07,2019,Old Town Pub &amp; Restaurant,Steamboat Springs,CO,2,13,White Lights,586,false,,562,6,23,0,,false,,false,closer|encore
1613439018,2019-12-07,2019,Old Town Pub &amp; Restaurant,Steamboat Springs,CO,E,14,Don't Do It,460,true,The Band,498,13,14,10,,false,,false,closer|encore
1613436194,2019-12-08,2019,Old Town Pub &amp; Restaurant,Steamboat Springs,CO,1,1,Atlas,439,true,The Wood Brothers,924,4,24,0,,false,",",false,opener
1613436194,2019-12-08,2019,Old Town Pub &amp; Restaurant,Steamboat Springs,CO,1,2,Switchin',564,true,Wes Montgomery,497,8,16,10,,false,",",false,opener
1613436194,2019-12-08,2019,Old Town Pub &amp; Restaurant,Steamboat Springs,CO,1,3,Tumble,418,false,Vasudo,1014,2,36,0,,true,",",false,closer|jam|peak
1613436194,2019-12-08,2019,Old Town Pub &amp; Restaurant,Steamboat Springs,CO,1,4,A Western Sun,435,false,,821,13,21,10,,false,",",false,
1613436194,2019-12-08,2019,Old Town Pub &amp; Restaurant,Steamboat Springs,CO,1,5,Time to Flee,404,false,,850,2,50,0,,true,",",false,
1613436194,2019-12-08,2019,Old Town Pub &amp; Restaurant,Steamboat Springs,CO,1,6,Me and Julio Down By The Schoolyard,515,true,Paul Simon,405,13,14,10,,false,,false,
1613436194,2019-12-08,2019,Old Town Pub &amp; Restaurant,Steamboat Springs,CO,2,7,Doobie Song,461,false,,402,5,5,0,,false,>,true,closer|encore
1613436194,2019-12-08,2019,Old Town Pub &amp; Restaurant,Steamboat Springs,CO,2,8,Drive,462,false,,1402,1,28,0,,true,->,true,opener|jam
1613436194,2019-12-08,2019,Old Town Pub &amp; Restaurant,Steamboat Springs,CO,2,9,Danger Zone,457,true,Kenny Loggins,256,23,13,20,,false,",",false,
1613436194,2019-12-08,2019,Old Town Pub &amp; Restaurant,Steamboat Springs,CO,2,10,Everywhere,471,true,Michelle Branch,240,85,3,35,,false,",",false,ballad
1613436194,2019-12-08,2019,Old Town Pub &amp; Restaurant,Steamboat Springs,CO,2,11,Jive Lee,502,false,,513,10,28,10,,false,",",false,closer|jam
1613436194,2019-12-08,2019,Old Town Pub &amp; Restaurant,Steamboat Springs,CO,2,12,A Fifth Of Beethoven,434,true,Walter Murphy,282,3,5,0,,false,->,true,closer
1613436194,2019-12-08,2019,Old Town Pub &amp; Restaurant,Steamboat Springs,CO,2,13,Also Sprach Zarathustra,433,true,Deodato,158,12,13,10,,false,>,true,closer
1613436194,2019-12-08,2019,Old Town Pub &amp; Restaurant,Steamboat Springs,CO,2,14,Ain't Life Grand,437,true,Widespread Panic,457,16,2,10,,false,>,true,
1613436194,2019-12-08,2019,Old Town Pub &amp; Restaurant,Steamboat Springs,CO,2,15,Shout,550,true,The Isley Brothers,424,15,7,10,,false,,false,closer|encore
1613435548,2019-12-11,2019,The Bootleg at Atomic Cowboy,St. Louis,MO,1,1,Madhuvan,512,false,,771,2,79,0,,false,",",false,opener|closer|jam
1613435548,2019-12-11,2019,The Bootleg at Atomic Cowboy,St. Louis,MO,1,2,The W.S. Walcott Medicine Show,582,true,The Band,589,8,11,10,,false,->,true,
1613435548,2019-12-11,2019,The Bootleg at Atomic Cowboy,St. Louis,MO,1,3,Jive II,413,false,,606,2,37,0,,false,>,true,opener
1613435548,2019-12-11,2019,The Bootleg at Atomic Cowboy,St. Louis,MO,1,4,The W.S. Walcott Medicine Show,582,true,The Band,68,0,12,0,,false,",",false,
1613435548,2019-12-11,2019,The Bootleg at Atomic Cowboy,St. Louis,MO,1,5,Elizabeth,465,false,,1046,1,18,0,,true,->,true,opener|jam
1613435548,2019-12-11,2019,The Bootleg at Atomic Cowboy,St. Louis,MO,1,6,Echo of a Rose,463,false,Vasudo,315,2,24,0,,false,",",false,jam
1613435548,2019-12-11,2019,The Bootleg at Atomic Cowboy,St. Louis,MO,1,7,No Rain,525,true,Blind Melon,1188,96,5,35,,false,",",false,opener|jam
1613435548,2019-12-11,2019,The Bootleg at Atomic Cowboy,St. Louis,MO,1,8,White Lights,586,false,,677,1,24,0,,false,,false,closer|encore
1613435548,2019-12-11,2019,The Bootleg at Atomic Cowboy,St. Louis,MO,2,9,So Ready,421,false,,759,3,80,0,,false,",",false,closer
1613435548,2019-12-11,2019,The Bootleg at Atomic Cowboy,St. Louis,MO,2,10,Arcadia,403,false,,619,1,116,0,,false,",",false,closer
1613435548,2019-12-11,2019,The Bootleg at Atomic Cowboy,St. Louis,MO,2,11,Every Little Thing She Does Is Magic,470,true,The Police,356,4,4,0,,false,",",false,
1613435548,2019-12-11,2019,The Bootleg at Atomic Cowboy,St. Louis,MO,2,12,Into the Myst,402,false,,810,3,19,0,,false,",",false,jam
1613435548,2019-12-11,2019,The Bootleg at Atomic Cowboy,St. Louis,MO,2,13,What's Up?,430,true,4 Non Blondes,412,72,4,35,,false,",",false,closer|encore
1613435548,2019-12-11,2019,The Bootleg at Atomic Cowboy,St. Louis,MO,2,14,Turned Clouds,400,false,,623,3,51,0,,false,,false,
1613435548,2019-12-11,2019,The Bootleg at Atomic Cowboy,St. Louis,MO,E,15,One More Saturday Night,528,true,Grateful Dead,242,15,19,10,,false,->,true,closer|encore
1613435548,2019-12-11,2019,The Bootleg at Atomic Cowboy,St. Louis,MO,E,16,Make The Move,514,true,Kenny Loggins,99,3,12,0,,false,->,true,
1613435548,2019-12-11,2019,The Bootleg at Atomic Cowboy,St. Louis,MO,E,17,One More Saturday Night,528,true,Grateful Dead,234,0,20,0,,false,,false,closer|encore
1613434987,2019-12-12,2019,Lincoln Hall,Chicago,IL,1,1,Time to Flee,404,false,,661,1,51,0,,false,",",false,
1613434987,2019-12-12,2019,Lincoln Hall,Chicago,IL,1,2,Wild Night,588,true,Van Morrison,253,15,13,10,,false,",",false,opener|closer
1613434987,2019-12-12,2019,Lincoln Hall,Chicago,IL,1,3,Drive,462,false,,1271,1,29,0,,true,",",false,opener|jam
1613434987,2019-12-12,2019,Lincoln Hall,Chicago,IL,1,4,Doc Brown,459,false,Great Blue,461,2,18,0,,false,",",false,
1613434987,2019-12-12,2019,Lincoln Hall,Chicago,IL,1,5,Creatures,420,false,,1194,3,53,0,,true,",",false,jam
1613434987,2019-12-12,2019,Lincoln Hall,Chicago,IL,1,6,Mississippi Half-Step Uptown Toodeloo,517,true,Grateful Dead,667,24,19,20,,false,,false,jam
1613434987,2019-12-12,2019,Lincoln Hall,Chicago,IL,2,7,All I Need,414,false,,942,2,66,0,,true,->,true,jam
1613434987,2019-12-12,2019,Lincoln Hall,Chicago,IL,2,8,Electric Avenue,464,true,Eddy Grant,446,22,16,20,,false,",",false,
1613434987,2019-12-12,2019,Lincoln Hall,Chicago,IL,2,9,Slow Ready,422,false,,670,3,18,0,,false,",",false,
1613434987,2019-12-12,2019,Lincoln Hall,Chicago,IL,2,10,Doobie Song,461,false,,1059,1,6,0,,false,,false,closer|encore
1613434987,2019-12-12,2019,Lincoln Hall,Chicago,IL,E,11,Hot Tea,408,false,Vasudo,297,3,55,0,,false,->,true,closer
1613434987,2019-12-12,2019,Lincoln Hall,Chicago,IL,E,12,Can't Get You Out Of My Head,426,true,Kylie Minogue,272,5,8,0,,false,->,true,
1613434987,2019-12-12,2019,Lincoln Hall,Chicago,IL,E,13,Hot Tea,408,false,Vasudo,431,0,56,0,,false,,false,closer
1613434124,2019-12-13,2019,Madison Theater,Covington,KY,1,1,Wysteria Lane,405,false,Vasudo,1111,3,52,0,,false,->,true,opener|jam|peak
1613434124,2019-12-13,2019,Madison Theater,Covington,KY,1,2,Take On Me,565,true,A-Ha,805,7,6,0,,false,>,true,
1613434124,2019-12-13,2019,Madison Theater,Covington,KY,1,3,Flodown,478,false,Vasudo,577,3,77,0,,false,",",false,
1613434124,2019-12-13,2019,Madison Theater,Covington,KY,1,4,Arcadia,403,false,,1107,1,117,0,,true,->,true,closer
1613434124,2019-12-13,2019,Madison Theater,Covington,KY,1,5,Lady Marmalade,505,true,Patti Labell,480,6,3,0,,false,",",false,
1613434124,2019-12-13,2019,Madison Theater,Covington,KY,1,6,Echo of a Rose,463,false,Vasudo,919,1,25,0,,false,,false,jam
1613434124,2019-12-13,2019,Madison Theater,Covington,KY,2,7,Tumble,418,false,Vasudo,824,2,37,0,,false,",",false,closer|jam|peak
1613434124,2019-12-13,2019,Madison Theater,Covington,KY,2,8,Dancing In The Moonlight,456,true,King Harvest,393,10,9,10,,false,",",false,encore
1613434124,2019-12-13,2019,Madison Theater,Covington,KY,2,9,Jive I,411,false,,566,5,72,0,,false,>,true,
1613434124,2019-12-13,2019,Madison Theater,Covington,KY,2,10,Rosewood Heart,412,false,,584,55,12,35,,false,>,true,jam|peak
1613434124,2019-12-13,2019,Madison Theater,Covington,KY,2,11,Jive Lee,502,false,,247,2,29,0,,false,>,true,closer|jam
1613434124,2019-12-13,2019,Madison Theater,Covington,KY,2,12,Yeti,416,false,Great Blue,510,4,37,0,,false,",",false,opener
1613434124,2019-12-13,2019,Madison Theater,Covington,KY,2,13,Short People,549,true,Randy Newman,465,7,3,0,,false,,false,closer|encore
1613434124,2019-12-13,2019,Madison Theater,Covington,KY,E,14,Butter Rum,415,false,Vasudo,316,3,51,0,,false,->,true,
1613434124,2019-12-13,2019,Madison Theater,Covington,KY,E,15,Jive Lee,502,false,,300,0,30,0,,false,->,true,closer|jam
1613434124,2019-12-13,2019,Madison Theater,Covington,KY,E,16,Butter Rum,415,false,Vasudo,146,0,52,0,,false,,false,
1613433393,2019-12-14,2019,The Mousetrap,Indianapolis,IN,1,1,Crosseyed & Painless,455,true,Talking Heads,1398,9,35,10,,true,>,true,
1613433393,2019-12-14,2019,The Mousetrap,Indianapolis,IN,1,2,Doc Brown,459,false,Great Blue,497,1,19,0,,false,",",false,
1613433393,2019-12-14,2019,The Mousetrap,Indianapolis,IN,1,3,One More Day,527,true,The Wood Brothers,427,12,12,10,,false,",",false,
1613433393,2019-12-14,2019,The Mousetrap,Indianapolis,IN,1,4,Indian River,410,false,,643,8,69,10,,false,",",false,
1613433393,2019-12-14,2019,The Mousetrap,Indianapolis,IN,1,5,Madhuvan,512,false,,1379,2,80,0,,true,,false,opener|closer|jam
1613433393,2019-12-14,2019,The Mousetrap,Indianapolis,IN,2,6,Drive,462,false,,406,1,30,0,,false,>,true,opener|jam
1613433393,2019-12-14,2019,The Mousetrap,Indianapolis,IN,2,7,Get The Funk Out Ma Face,479,true,Brothers Johnson,421,16,2,10,,false,>,true,
1613433393,2019-12-14,2019,The Mousetrap,Indianapolis,IN,2,8,Billie Jean,440,true,Michael Jackson,622,7,6,0,,false,>,true,
1613433393,2019-12-14,2019,The Mousetrap,Indianapolis,IN,2,9,Boogie On Reggae Woman,441,true,Stevie Wonder,633,7,12,0,,false,->,true,
1613433393,2019-12-14,2019,The Mousetrap,Indianapolis,IN,2,10,Loose Ends,762,false,Vasudo,141,14,3,10,,false,",",false,closer
1613433393,2019-12-14,2019,The Mousetrap,Indianapolis,IN,2,11,Turned Clouds,400,false,,687,2,52,0,,false,",",false,
1613433393,2019-12-14,2019,The Mousetrap,Indianapolis,IN,2,12,So Ready,421,false,,799,2,81,0,,false,,false,closer
1613433393,2019-12-14,2019,The Mousetrap,Indianapolis,IN,E,13,Christmas Card From A Hooker In Minneapolis,448,true,Tom Waits,401,17,3,10,,false,",",false,encore
1613433393,2019-12-14,2019,The Mousetrap,Indianapolis,IN,E,14,White Lights,586,false,,737,2,25,0,,false,,false,closer|encore
1613160742,2019-12-21,2019,Wall Street Theater,Norwalk,CT,1,1,Christmas Must Be Tonight,449,true,The Band,350,0,1,0,,false,",",false,
1613160742,2019-12-21,2019,Wall Street Theater,Norwalk,CT,1,2,Tumble,418,false,Vasudo,935,1,38,0,,false,",",false,closer|jam|peak
1613160742,2019-12-21,2019,Wall Street Theater,Norwalk,CT,1,3,Gringo,484,false,,269,197,5,50,,false,",",false,opener|ballad
1613160742,2019-12-21,2019,Wall Street Theater,Norwalk,CT,1,4,All I Need,414,false,,803,2,67,0,,false,>,true,jam
1613160742,2019-12-21,2019,Wall Street Theater,Norwalk,CT,1,5,Carol Of The Bells,445,true,Mykola Leontovych,370,197,2,50,,false,",",false,opener|closer
1613160742,2019-12-21,2019,Wall Street Theater,Norwalk,CT,1,6,Rosewood Heart,412,false,,651,1,13,0,,false,>,true,jam|peak
1613160742,2019-12-21,2019,Wall Street Theater,Norwalk,CT,1,7,Christmas Wrapping,450,true,The Waitresses,298,51,3,35,,false,>,true,opener|ballad
1613160742,2019-12-21,2019,Wall Street Theater,Norwalk,CT,1,8,Yeti,416,false,Great Blue,530,1,38,0,,false,>,true,opener
1613160742,2019-12-21,2019,Wall Street Theater,Norwalk,CT,1,9,Linus And Lucy,507,true,Vince Guaraldi,176,209,5,50,,false,,false,opener|closer|encore
1613160742,2019-12-21,2019,Wall Street Theater,Norwalk,CT,2,10,Wysteria Lane,405,false,Vasudo,187,1,53,0,,false,>,true,opener|jam|peak
1613160742,2019-12-21,2019,Wall Street Theater,Norwalk,CT,2,11,Sweet Home Chicago,563,true,The Blues Brothers,350,0,1,0,,false,>,true,
1613160742,2019-12-21,2019,Wall Street Theater,Norwalk,CT,2,12,Arrow,438,false,,888,0,1,0,,false,>,true,opener|closer|jam
1613160742,2019-12-21,2019,Wall Street Theater,Norwalk,CT,2,13,White Lights,586,false,,525,0,26,0,,false,",",false,closer|encore
1613160742,2019-12-21,2019,Wall Street Theater,Norwalk,CT,2,14,Honeybee,490,false,,452,0,1,0,,false,>,true,
1613160742,2019-12-21,2019,Wall Street Theater,Norwalk,CT,2,15,Slow Ready,422,false,,630,2,19,0,,false,",",false,
1613160742,2019-12-21,2019,Wall Street Theater,Norwalk,CT,2,16,Creatures,420,false,,717,2,54,0,,false,>,true,jam
1613160742,2019-12-21,2019,Wall Street Theater,Norwalk,CT,2,17,Tomorrow Never Knows,573,true,The Beatles,422,0,1,0,,false,>,true,encore
1613160742,2019-12-21,2019,Wall Street Theater,Norwalk,CT,2,18,Your Ocean,590,false,,419,181,4,50,,false,>,true,
1613160742,2019-12-21,2019,Wall Street Theater,Norwalk,CT,2,19,Wysteria Lane,405,false,Vasudo,246,0,54,0,,false,>,true,opener|jam|peak
1613160742,2019-12-21,2019,Wall Street Theater,Norwalk,CT,2,20,Jam,802,false,,687,39,9,20,,false,,false,opener|jam
1613158995,2020-01-14,2020,Moon Palace,Riviera Maya,,1,1,Atlas,439,true,The Wood Brothers,,5,25,0,,false,",",false,opener
1613158995,2020-01-14,2020,Moon Palace,Riviera Maya,,1,2,Doc Brown,459,false,Great Blue,,1,20,0,,false,",",false,
1613158995,2020-01-14,2020,Moon Palace,Riviera Maya,,1,3,Butter Rum,415,false,Vasudo,,2,53,0,,false,",",false,
1613158995,2020-01-14,2020,Moon Palace,Riviera Maya,,1,4,Jive II,413,false,,,4,38,0,,false,",",false,opener
1613158995,2020-01-14,2020,Moon Palace,Riviera Maya,,1,5,So Ready,421,false,,,1,82,0,,false,,false,closer
1613158668,2020-01-17,2020,Moon Palace,Riviera Maya,,1,1,Time to Flee,404,false,,1034,4,52,0,,false,",",false,
1613158668,2020-01-17,2020,Moon Palace,Riviera Maya,,1,2,Green River,482,true,Creedence Clearwater Revival,489,7,17,0,,false,",",false,
1613158668,2020-01-17,2020,Moon Palace,Riviera Maya,,1,3,Yeti,416,false,Great Blue,547,1,39,0,,false,",",false,opener
1613158668,2020-01-17,2020,Moon Palace,Riviera Maya,,1,4,Drive,462,false,,1375,2,31,0,,false,",",false,opener|jam
1613158668,2020-01-17,2020,Moon Palace,Riviera Maya,,1,5,The Way It Is,570,true,Bruce Hornsby,551,9,20,10,,false,",",false,
1613158668,2020-01-17,2020,Moon Palace,Riviera Maya,,1,6,Hot Tea,408,false,Vasudo,861,4,57,0,,false,",",false,closer
1613158668,2020-01-17,2020,Moon Palace,Riviera Maya,,1,7,All I Need,414,false,,900,1,68,0,,false,>,true,jam
1613158668,2020-01-17,2020,Moon Palace,Riviera Maya,,1,8,Electric Avenue,464,true,Eddy Grant,516,4,17,0,,false,",",false,
1613158668,2020-01-17,2020,Moon Palace,Riviera Maya,,1,9,Turn On Your Love Light,578,true,Bobby Blue Bland,518,12,32,10,,false,,false,closer|encore
1613158190,2020-01-18,2020,Moon Palace,Riviera Maya,,1,1,Flodown,478,false,Vasudo,678,4,78,0,,false,",",false,
1613158190,2020-01-18,2020,Moon Palace,Riviera Maya,,1,2,Escape (The Piña Colada Song),469,true,Rupert Holmes,394,13,20,10,,false,",",false,opener|encore
1613158190,2020-01-18,2020,Moon Palace,Riviera Maya,,1,3,Tumble,418,false,Vasudo,822,2,39,0,,false,",",false,closer|jam|peak
1613158190,2020-01-18,2020,Moon Palace,Riviera Maya,,1,4,Wysteria Lane,405,false,Vasudo,660,2,55,0,,false,>,true,opener|jam|peak
1613158190,2020-01-18,2020,Moon Palace,Riviera Maya,,1,5,Echo of a Rose,463,false,Vasudo,300,4,26,0,,false,",",false,jam
1613158190,2020-01-18,2020,Moon Palace,Riviera Maya,,1,6,Crosseyed & Painless,455,true,Talking Heads,599,3,36,0,,false,",",false,
1613158190,2020-01-18,2020,Moon Palace,Riviera Maya,,1,7,Arcadia,403,false,,930,4,118,0,,false,",",false,closer
1613158190,2020-01-18,2020,Moon Palace,Riviera Maya,,1,8,Madhuvan,512,false,,417,3,81,0,,false,>,true,opener|closer|jam
1613158190,2020-01-18,2020,Moon Palace,Riviera Maya,,1,9,Wild Night,588,true,Van Morrison,273,5,14,0,,false,",",false,opener|closer
1613158190,2020-01-18,2020,Moon Palace,Riviera Maya,,1,10,Creatures,420,false,,946,2,55,0,,false,",",false,jam
1613158190,2020-01-18,2020,Moon Palace,Riviera Maya,,1,11,Don't Do It,460,true,The Band,523,8,15,10,,false,",",false,closer|encore
1613158190,2020-01-18,2020,Moon Palace,Riviera Maya,,1,12,Jive I,411,false,,580,4,73,0,,false,>,true,
1613158190,2020-01-18,2020,Moon Palace,Riviera Maya,,1,13,Jive Lee,502,false,,748,4,31,0,,false,,false,closer|jam
1613158190,2020-01-18,2020,Moon Palace,Riviera Maya,,E,14,Me & My Uncle,592,true,John Philips,382,10,28,10,,false,,false,opener
1597168237,2020-01-24,2020,Bowery Ballroom,New York,NY,1,1,Drive,462,false,,,1,32,0,,false,>,true,opener|jam
1597168237,2020-01-24,2020,Bowery Ballroom,New York,NY,1,2,Switchin',564,true,Wes Montgomery,,8,17,10,,false,",",false,opener
1597168237,2020-01-24,2020,Bowery Ballroom,New York,NY,1,3,Lead the Way,406,false,,,11,52,10,,false,",",false,opener
1597168237,2020-01-24,2020,Bowery Ballroom,New York,NY,1,4,Elizabeth,465,false,,,7,19,0,,false,",",false,opener|jam
1597168237,2020-01-24,2020,Bowery Ballroom,New York,NY,1,5,Lovely Day,511,true,Bill Withers,,0,1,0,,false,",",false,
1597168237,2020-01-24,2020,Bowery Ballroom,New York,NY,1,6,Honeybee,490,false,,,3,2,0,,false,,false,
1597168237,2020-01-24,2020,Bowery Ballroom,New York,NY,2,7,Into the Myst,402,false,,,7,20,0,,false,>,true,jam
1597168237,2020-01-24,2020,Bowery Ballroom,New York,NY,2,8,Flodown,478,false,Vasudo,,0,79,0,,false,>,true,
1597168237,2020-01-24,2020,Bowery Ballroom,New York,NY,2,9,Bob Don,429,false,,,0,1,0,,false,>,true,
1597168237,2020-01-24,2020,Bowery Ballroom,New York,NY,2,10,Echo of a Rose,463,false,Vasudo,,0,27,0,,false,",",false,jam
1597168237,2020-01-24,2020,Bowery Ballroom,New York,NY,2,11,Slow Ready,422,false,,,3,20,0,,false,",",false,
1597168237,2020-01-24,2020,Bowery Ballroom,New York,NY,2,12,Tumble,418,false,Vasudo,,0,40,0,,false,,false,closer|jam|peak
1597168237,2020-01-24,2020,Bowery Ballroom,New York,NY,E,13,Shama Lama Ding Dong,545,true,Otis Day and The Knights,,10,24,10,,false,",",false,encore
1613152694,2020-01-25,2020,Music Hall of Williamsburg,Brooklyn,NY,1,1,Yeti,416,false,Great Blue,534,2,40,0,,false,",",false,opener
1613152694,2020-01-25,2020,Music Hall of Williamsburg,Brooklyn,NY,1,2,Time to Flee,404,false,,708,2,53,0,,false,",",false,
1613152694,2020-01-25,2020,Music Hall of Williamsburg,Brooklyn,NY,1,3,A Western Sun,435,false,,422,9,22,10,,false,",",false,
1613152694,2020-01-25,2020,Music Hall of Williamsburg,Brooklyn,NY,1,4,All I Need,414,false,,1133,2,69,0,,false,",",false,jam
1613152694,2020-01-25,2020,Music Hall of Williamsburg,Brooklyn,NY,1,5,Weird Fishes / Arpeggi,428,true,Radiohead,719,12,3,10,,false,",",false,
1613152694,2020-01-25,2020,Music Hall of Williamsburg,Brooklyn,NY,1,6,Doc Brown,459,false,Great Blue,433,3,21,0,,false,",",false,
1613152694,2020-01-25,2020,Music Hall of Williamsburg,Brooklyn,NY,1,7,So Ready,421,false,,790,3,83,0,,false,,false,closer
1613152694,2020-01-25,2020,Music Hall of Williamsburg,Brooklyn,NY,2,8,Arrow,438,false,,1191,4,2,0,,false,>,true,opener|closer|jam
1613152694,2020-01-25,2020,Music Hall of Williamsburg,Brooklyn,NY,2,9,Nights In White Satin,524,true,The Moody Blues,393,0,1,0,,false,>,true,
1613152694,2020-01-25,2020,Music Hall of Williamsburg,Brooklyn,NY,2,10,Creatures,420,false,,826,1,56,0,,false,->,true,jam
1613152694,2020-01-25,2020,Music Hall of Williamsburg,Brooklyn,NY,2,11,Can't Get You Out Of My Head,426,true,Kylie Minogue,298,7,9,0,,false,>,true,
1613152694,2020-01-25,2020,Music Hall of Williamsburg,Brooklyn,NY,2,12,Hot Tea,408,false,Vasudo,871,2,58,0,,true,",",false,closer
1613152694,2020-01-25,2020,Music Hall of Williamsburg,Brooklyn,NY,2,13,Jive I,411,false,,519,1,74,0,,false,>,true,
1613152694,2020-01-25,2020,Music Hall of Williamsburg,Brooklyn,NY,2,14,Jive Lee,502,false,,365,1,32,0,,false,,false,closer|jam
1613152694,2020-01-25,2020,Music Hall of Williamsburg,Brooklyn,NY,E,15,Turned Clouds,400,false,,761,5,53,0,,false,,false,
1613152384,2020-02-05,2020,Marquee Theatre,Tempe,AZ,1,1,Mustang Sally,427,true,Wilson Pickett,350,34,9,20,,false,>,true,closer|encore
1613152384,2020-02-05,2020,Marquee Theatre,Tempe,AZ,1,2,Flodown,478,false,Vasudo,610,1,80,0,,false,",",false,
1613152384,2020-02-05,2020,Marquee Theatre,Tempe,AZ,1,3,Echo of a Rose,463,false,Vasudo,390,1,28,0,,false,",",false,jam
1613152384,2020-02-05,2020,Marquee Theatre,Tempe,AZ,1,4,Madhuvan,512,false,,823,2,82,0,,false,",",false,opener|closer|jam
1613152384,2020-02-05,2020,Marquee Theatre,Tempe,AZ,1,5,Jive I,411,false,,580,0,75,0,,false,>,true,
1613152384,2020-02-05,2020,Marquee Theatre,Tempe,AZ,1,6,Butter Rum,415,false,Vasudo,421,4,54,0,,false,>,true,
1613152384,2020-02-05,2020,Marquee Theatre,Tempe,AZ,1,7,Jive Lee,502,false,,410,0,33,0,,false,,false,closer|jam
1613147507,2020-02-06,2020,Belly Up Tavern,Solana Beach,CA,1,1,Switchin',564,true,Wes Montgomery,,2,18,0,,false,",",false,opener
1613147507,2020-02-06,2020,Belly Up Tavern,Solana Beach,CA,1,2,Doc Brown,459,false,Great Blue,,1,22,0,,false,",",false,
1613147507,2020-02-06,2020,Belly Up Tavern,Solana Beach,CA,1,3,Wysteria Lane,405,false,Vasudo,,3,56,0,,false,>,true,opener|jam|peak
1613147507,2020-02-06,2020,Belly Up Tavern,Solana Beach,CA,1,4,Electric Avenue,464,true,Eddy Grant,,4,18,0,,false,",",false,
1613147507,2020-02-06,2020,Belly Up Tavern,Solana Beach,CA,1,5,Arcadia,403,false,,,3,119,0,,false,",",false,closer
1613147507,2020-02-06,2020,Belly Up Tavern,Solana Beach,CA,1,6,So Ready,421,false,,,1,84,0,,false,,false,closer
1613103303,2020-02-07,2020,The Troubadour,West Hollywood,CA,1,1,Time to Flee,404,false,,614,2,54,0,,false,",",false,
1613103303,2020-02-07,2020,The Troubadour,West Hollywood,CA,1,2,Creatures,420,false,,842,2,57,0,,false,",",false,jam
1613103303,2020-02-07,2020,The Troubadour,West Hollywood,CA,1,3,Movin' Out (Anthony's Song),519,true,Billy Joel,485,13,9,10,,false,",",false,
1613103303,2020-02-07,2020,The Troubadour,West Hollywood,CA,1,4,All I Need,414,false,,940,2,70,0,,false,",",false,jam
1613103303,2020-02-07,2020,The Troubadour,West Hollywood,CA,1,5,Don't Do It,460,true,The Band,465,4,16,0,,false,",",false,closer|encore
1613103303,2020-02-07,2020,The Troubadour,West Hollywood,CA,1,6,Hot Tea,408,false,Vasudo,619,2,59,0,,false,,false,closer
1613147258,2020-02-08,2020,The Troubadour,West Hollywood,CA,1,1,Jive II,413,false,,602,7,39,0,,false,",",false,opener
1613147258,2020-02-08,2020,The Troubadour,West Hollywood,CA,1,2,Drive,462,false,,1174,4,33,0,,false,>,true,opener|jam
1613147258,2020-02-08,2020,The Troubadour,West Hollywood,CA,1,3,Disco Inferno,419,true,The Trammps,585,16,23,10,,false,",",false,
1613147258,2020-02-08,2020,The Troubadour,West Hollywood,CA,1,4,Slow Ready,422,false,,629,4,21,0,,false,",",false,
1613147258,2020-02-08,2020,The Troubadour,West Hollywood,CA,1,5,Mississippi Half-Step Uptown Toodeloo,517,true,Grateful Dead,730,11,20,10,,false,",",false,jam
1613147258,2020-02-08,2020,The Troubadour,West Hollywood,CA,1,6,Yeti,416,false,Great Blue,522,3,41,0,,false,,false,opener
1679080283,2020-02-10,2020,Jam in the Van,Los Angeles,CA,1,1,Drive,462,false,,,0,34,0,,false,>,true,opener|jam
1679080283,2020-02-10,2020,Jam in the Van,Los Angeles,CA,1,2,Echo of a Rose,463,false,Vasudo,,3,29,0,,false,",",false,jam
1679080283,2020-02-10,2020,Jam in the Van,Los Angeles,CA,1,3,Wysteria Lane,405,false,Vasudo,,2,57,0,,false,,false,opener|jam|peak
1613146897,2020-02-12,2020,Fremont Theater,San Luis Obispo,CA,1,1,Lead the Way,406,false,,,6,53,0,,false,",",false,opener
1613146897,2020-02-12,2020,Fremont Theater,San Luis Obispo,CA,1,2,Elizabeth,465,false,,,6,20,0,,false,>,true,opener|jam
1613146897,2020-02-12,2020,Fremont Theater,San Luis Obispo,CA,1,3,Bob Don,429,false,,,6,2,0,,false,",",false,
1613146897,2020-02-12,2020,Fremont Theater,San Luis Obispo,CA,1,4,The Way It Is,570,true,Bruce Hornsby,,8,21,10,,false,>,true,
1613146897,2020-02-12,2020,Fremont Theater,San Luis Obispo,CA,1,5,All I Need,414,false,,,2,71,0,,false,,false,jam
1613146701,2020-02-13,2020,The Catalyst,Santa Cruz,CA,1,1,Indian River,410,false,,681,12,70,10,,false,>,true,
1613146701,2020-02-13,2020,The Catalyst,Santa Cruz,CA,1,2,Madhuvan,512,false,,867,5,83,0,,false,",",false,opener|closer|jam
1613146701,2020-02-13,2020,The Catalyst,Santa Cruz,CA,1,3,Jive I,411,false,,553,5,76,0,,false,",",false,
1613146701,2020-02-13,2020,The Catalyst,Santa Cruz,CA,1,4,Mas Que Nada,513,true,Sergio Mendes,444,17,8,10,,false,",",false,
1613146701,2020-02-13,2020,The Catalyst,Santa Cruz,CA,1,5,White Lights,586,false,,526,11,27,10,,false,",",false,closer|encore
1613146701,2020-02-13,2020,The Catalyst,Santa Cruz,CA,1,6,Jive Lee,502,false,,384,5,34,0,,false,,false,closer|jam
1613104091,2020-02-14,2020,Great American Music Hall,San Francisco,CA,1,1,Butter Rum,415,false,Vasudo,523,6,55,0,,false,",",false,
1613104091,2020-02-14,2020,Great American Music Hall,San Francisco,CA,1,2,Yeti,416,false,Great Blue,483,3,42,0,,false,>,true,opener
1613104091,2020-02-14,2020,Great American Music Hall,San Francisco,CA,1,3,Shama Lama Ding Dong,545,true,Otis Day and The Knights,338,8,25,10,,false,",",false,encore
1613104091,2020-02-14,2020,Great American Music Hall,San Francisco,CA,1,4,Echo of a Rose,463,false,Vasudo,1122,2,30,0,,false,>,true,jam
1613104091,2020-02-14,2020,Great American Music Hall,San Francisco,CA,1,5,Arcadia,403,false,,748,5,120,0,,false,",",false,closer
1613104091,2020-02-14,2020,Great American Music Hall,San Francisco,CA,1,6,So Ready,421,false,,854,5,85,0,,false,,false,closer
1613101473,2020-02-15,2020,The Regency Ballroom,San Francisco,CA,1,1,Creatures,420,false,,813,5,58,0,,false,>,true,jam
1613101473,2020-02-15,2020,The Regency Ballroom,San Francisco,CA,1,2,Inside Out,499,true,Spoon,679,20,4,20,,false,>,true,jam
1613101473,2020-02-15,2020,The Regency Ballroom,San Francisco,CA,1,3,Flodown,478,false,Vasudo,581,7,81,0,,false,",",false,
1613101473,2020-02-15,2020,The Regency Ballroom,San Francisco,CA,1,4,Tumble,418,false,Vasudo,1120,9,41,10,,true,",",false,closer|jam|peak
1613101473,2020-02-15,2020,The Regency Ballroom,San Francisco,CA,1,5,Hot Tea,408,false,Vasudo,955,5,60,0,,false,,false,closer
1602830467,2020-02-16,2020,Crystal Bay Club,Crystal Bay,NV,1,1,Wysteria Lane,405,false,Vasudo,1173,4,58,0,,false,",",false,opener|jam|peak
1602830467,2020-02-16,2020,Crystal Bay Club,Crystal Bay,NV,1,2,Escape (The Piña Colada Song),469,true,Rupert Holmes,407,11,21,10,,false,",",false,opener|encore
1602830467,2020-02-16,2020,Crystal Bay Club,Crystal Bay,NV,1,3,Drive,462,false,,773,4,35,0,,false,>,true,opener|jam
1602830467,2020-02-16,2020,Crystal Bay Club,Crystal Bay,NV,1,4,Turn On Your Love Light,578,true,Bobby Blue Bland,398,12,33,10,,false,,false,closer|encore
1602830169,2020-02-19,2020,Session Music Hall,Eugene,OR,1,1,Jive I,411,false,,622,3,77,0,,false,>,true,
1602830169,2020-02-19,2020,Session Music Hall,Eugene,OR,1,2,Madhuvan,512,false,,780,3,84,0,,false,",",false,opener|closer|jam
1602830169,2020-02-19,2020,Session Music Hall,Eugene,OR,1,3,Bob Don,429,false,,346,4,3,0,,false,",",false,
1602830169,2020-02-19,2020,Session Music Hall,Eugene,OR,1,4,Me and Julio Down By The Schoolyard,515,true,Paul Simon,523,20,15,20,,false,",",false,
1602830169,2020-02-19,2020,Session Music Hall,Eugene,OR,1,5,Time to Flee,404,false,,787,7,55,0,,false,>,true,
1602830169,2020-02-19,2020,Session Music Hall,Eugene,OR,1,6,Jive Lee,502,false,,323,3,35,0,,false,,false,closer|jam
1613100294,2020-02-20,2020,Midtown Ballroom,Bend,OR,1,1,Me & My Uncle,592,true,John Philips,,13,29,10,,false,",",false,opener
1613100294,2020-02-20,2020,Midtown Ballroom,Bend,OR,1,2,All I Need,414,false,,,5,72,0,,false,",",false,jam
1613100294,2020-02-20,2020,Midtown Ballroom,Bend,OR,1,3,Into the Myst,402,false,,,12,21,10,,false,",",false,jam
1613100294,2020-02-20,2020,Midtown Ballroom,Bend,OR,1,4,Butter Rum,415,false,Vasudo,,3,56,0,,false,",",false,
1613100294,2020-02-20,2020,Midtown Ballroom,Bend,OR,1,5,So Ready,421,false,,,3,86,0,,false,,false,closer
1602829277,2020-02-21,2020,Wonder Ballroom,Portland,OR,1,1,Yeti,416,false,Great Blue,608,4,43,0,,false,>,true,opener
1602829277,2020-02-21,2020,Wonder Ballroom,Portland,OR,1,2,Flodown,478,false,Vasudo,556,3,82,0,,false,",",false,
1602829277,2020-02-21,2020,Wonder Ballroom,Portland,OR,1,3,Turned Clouds,400,false,,637,12,54,10,,false,",",false,
1602829277,2020-02-21,2020,Wonder Ballroom,Portland,OR,1,4,Ghostbusters Rap,481,true,Run DMC,1068,24,16,20,,false,>,true,closer
1602829277,2020-02-21,2020,Wonder Ballroom,Portland,OR,1,5,Hot Tea,408,false,Vasudo,542,3,61,0,,false,,false,closer
1602829578,2020-02-22,2020,Neptune Theatre,Seattle,WA,1,1,Tumble,418,false,Vasudo,873,4,42,0,,false,",",false,closer|jam|peak
1602829578,2020-02-22,2020,Neptune Theatre,Seattle,WA,1,2,Slow Ready,422,false,,632,9,22,10,,false,",",false,
1602829578,2020-02-22,2020,Neptune Theatre,Seattle,WA,1,3,Creatures,420,false,,928,4,59,0,,false,>,true,jam
1602829578,2020-02-22,2020,Neptune Theatre,Seattle,WA,1,4,Arcadia,403,false,,522,5,121,0,,false,>,true,closer
1602829578,2020-02-22,2020,Neptune Theatre,Seattle,WA,1,5,Praise You,533,true,Fatboy Slim,334,45,7,20,,false,,false,closer|encore
1602828440,2020-02-29,2020,Rock Legends Cruise,Port Canaveral,FL,1,1,Butter Rum,415,false,Vasudo,,2,57,0,,false,",",false,
1602828440,2020-02-29,2020,Rock Legends Cruise,Port Canaveral,FL,1,2,Hot Tea,408,false,Vasudo,,1,62,0,,false,",",false,closer
1602828440,2020-02-29,2020,Rock Legends Cruise,Port Canaveral,FL,1,3,Green River,482,true,Creedence Clearwater Revival,,17,18,10,,false,",",false,
1602828440,2020-02-29,2020,Rock Legends Cruise,Port Canaveral,FL,1,4,All I Need,414,false,,,2,73,0,,false,>,true,jam
1602828440,2020-02-29,2020,Rock Legends Cruise,Port Canaveral,FL,1,5,Echo of a Rose,463,false,Vasudo,,6,31,0,,false,",",false,jam
1602828440,2020-02-29,2020,Rock Legends Cruise,Port Canaveral,FL,1,6,The Way It Is,570,true,Bruce Hornsby,,8,22,10,,false,",",false,
1602828440,2020-02-29,2020,Rock Legends Cruise,Port Canaveral,FL,1,7,Jive I,411,false,,,3,78,0,,false,",",false,
1602828440,2020-02-29,2020,Rock Legends Cruise,Port Canaveral,FL,1,8,Indian River,410,false,,,7,71,0,,false,",",false,
1602828440,2020-02-29,2020,Rock Legends Cruise,Port Canaveral,FL,1,9,Turn On Your Love Light,578,true,Bobby Blue Bland,,4,34,0,,false,,false,closer|encore
1602828850,2020-02-29,2020,Rock Legends Cruise,Port Canaveral,FL,1,1,Madhuvan,512,false,,,4,85,0,,false,",",false,opener|closer|jam
1602828850,2020-02-29,2020,Rock Legends Cruise,Port Canaveral,FL,1,2,Movin' Out (Anthony's Song),519,true,Billy Joel,,12,10,10,,false,",",false,
1602828850,2020-02-29,2020,Rock Legends Cruise,Port Canaveral,FL,1,3,Drive,462,false,,,5,36,0,,false,",",false,opener|jam
1602828850,2020-02-29,2020,Rock Legends Cruise,Port Canaveral,FL,1,4,The W.S. Walcott Medicine Show,582,true,The Band,,24,13,20,,false,",",false,
1602828850,2020-02-29,2020,Rock Legends Cruise,Port Canaveral,FL,1,5,Flodown,478,false,Vasudo,,2,83,0,,false,",",false,
1602828850,2020-02-29,2020,Rock Legends Cruise,Port Canaveral,FL,1,6,Boogie On Reggae Woman,441,true,Stevie Wonder,,21,13,20,,false,>,true,
1602828850,2020-02-29,2020,Rock Legends Cruise,Port Canaveral,FL,1,7,Also Sprach Zarathustra,433,true,Deodato,,25,14,20,,false,",",false,closer
1602828850,2020-02-29,2020,Rock Legends Cruise,Port Canaveral,FL,1,8,Turned Clouds,400,false,,,2,55,0,,false,,false,
1602828053,2020-03-01,2020,Rock Legends Cruise,Port Canaveral,FL,1,1,Lead the Way,406,false,,,10,54,10,,false,",",false,opener
1602828053,2020-03-01,2020,Rock Legends Cruise,Port Canaveral,FL,1,2,Elizabeth,465,false,,,10,21,10,,false,>,true,opener|jam
1602828053,2020-03-01,2020,Rock Legends Cruise,Port Canaveral,FL,1,3,Atlas,439,true,The Wood Brothers,,20,26,20,,false,",",false,opener
1602828053,2020-03-01,2020,Rock Legends Cruise,Port Canaveral,FL,1,4,A Western Sun,435,false,,,16,23,10,,false,",",false,
1602828053,2020-03-01,2020,Rock Legends Cruise,Port Canaveral,FL,1,5,Time to Flee,404,false,,,5,56,0,,false,",",false,
1602828053,2020-03-01,2020,Rock Legends Cruise,Port Canaveral,FL,1,6,Me and Julio Down By The Schoolyard,515,true,Paul Simon,,5,16,0,,false,",",false,
1602828053,2020-03-01,2020,Rock Legends Cruise,Port Canaveral,FL,1,7,Arcadia,403,false,,,2,122,0,,false,,false,closer
1602827443,2020-03-05,2020,Agora Theater,Cleveland,OH,1,1,Flodown,478,false,Vasudo,587,1,84,0,,false,",",false,
1602827443,2020-03-05,2020,Agora Theater,Cleveland,OH,1,2,Wysteria Lane,405,false,Vasudo,906,7,59,0,,false,",",false,opener|jam|peak
1602827443,2020-03-05,2020,Agora Theater,Cleveland,OH,1,3,Honeybee,490,false,,446,18,3,10,,false,>,true,
1602827443,2020-03-05,2020,Agora Theater,Cleveland,OH,1,4,Jive I,411,false,,611,2,79,0,,false,>,true,
1602827443,2020-03-05,2020,Agora Theater,Cleveland,OH,1,5,Shout,550,true,The Isley Brothers,408,27,8,20,,false,",",false,closer|encore
1602827443,2020-03-05,2020,Agora Theater,Cleveland,OH,1,6,Echo of a Rose,463,false,Vasudo,320,2,32,0,,false,",",false,jam
1602827443,2020-03-05,2020,Agora Theater,Cleveland,OH,1,7,So Ready,421,false,,671,5,87,0,,false,,false,closer
1602827131,2020-03-06,2020,The Intersection,Grand Rapids,MI,1,1,Madhuvan,512,false,,851,2,86,0,,false,",",false,opener|closer|jam
1602827131,2020-03-06,2020,The Intersection,Grand Rapids,MI,1,2,Rosewood Heart,412,false,,576,23,14,20,,false,",",false,jam|peak
1602827131,2020-03-06,2020,The Intersection,Grand Rapids,MI,1,3,All I Need,414,false,,909,3,74,0,,false,>,true,jam
1602827131,2020-03-06,2020,The Intersection,Grand Rapids,MI,1,4,Hot Tea,408,false,Vasudo,700,3,63,0,,false,>,true,closer
1602827131,2020-03-06,2020,The Intersection,Grand Rapids,MI,1,5,Dancing In The Moonlight,456,true,King Harvest,356,25,10,20,,false,>,true,encore
1602827131,2020-03-06,2020,The Intersection,Grand Rapids,MI,1,6,Hot Tea,408,false,Vasudo,127,0,64,0,,false,",",false,closer
1602827131,2020-03-06,2020,The Intersection,Grand Rapids,MI,1,7,Yeti,416,false,Great Blue,556,5,44,0,,false,,false,opener
1602826574,2020-03-07,2020,Riviera Theatre,Chicago,IL,1,1,Jive II,413,false,,546,15,40,10,,false,>,true,opener
1602826574,2020-03-07,2020,Riviera Theatre,Chicago,IL,1,2,Jive Lee,502,false,,428,8,36,10,,false,",",false,closer|jam
1602826574,2020-03-07,2020,Riviera Theatre,Chicago,IL,1,3,Turned Clouds,400,false,,569,3,56,0,,false,",",false,
1602826574,2020-03-07,2020,Riviera Theatre,Chicago,IL,1,4,Tumble,418,false,Vasudo,523,5,43,0,,false,>,true,closer|jam|peak
1602826574,2020-03-07,2020,Riviera Theatre,Chicago,IL,1,5,Make The Move,514,true,Kenny Loggins,212,28,13,20,,false,>,true,
1602826574,2020-03-07,2020,Riviera Theatre,Chicago,IL,1,6,Tumble,418,false,Vasudo,165,0,44,0,,false,",",false,closer|jam|peak
1602826574,2020-03-07,2020,Riviera Theatre,Chicago,IL,1,7,Disco Inferno,419,true,The Trammps,434,15,24,10,,false,",",false,
1602826574,2020-03-07,2020,Riviera Theatre,Chicago,IL,1,8,Arcadia,403,false,,745,2,123,0,,false,,false,closer
1602826142,2020-03-08,2020,Delmar Hall,St. Louis,MO,1,1,Echo of a Rose,463,false,Vasudo,690,2,33,0,,false,",",false,jam
1602826142,2020-03-08,2020,Delmar Hall,St. Louis,MO,1,2,Lead the Way,406,false,,637,3,55,0,,false,",",false,opener
1602826142,2020-03-08,2020,Delmar Hall,St. Louis,MO,1,3,Drive,462,false,,393,4,37,0,,false,>,true,opener|jam
1602826142,2020-03-08,2020,Delmar Hall,St. Louis,MO,1,4,Nights In White Satin,524,true,The Moody Blues,392,20,2,20,,false,>,true,
1602826142,2020-03-08,2020,Delmar Hall,St. Louis,MO,1,5,Drive,462,false,,586,0,38,0,,false,",",false,opener|jam
1602826142,2020-03-08,2020,Delmar Hall,St. Louis,MO,1,6,Creatures,420,false,,1024,6,60,0,,false,>,true,jam
1602826142,2020-03-08,2020,Delmar Hall,St. Louis,MO,1,7,Turn On Your Love Light,578,true,Bobby Blue Bland,322,5,35,0,,false,,false,closer|encore
1594067578,2020-03-11,2020,Madison Theater,Covington,KY,1,1,Time to Flee,404,false,,632,4,57,0,,false,",",false,
1594067578,2020-03-11,2020,Madison Theater,Covington,KY,1,2,Indian River,410,false,,602,6,72,0,,false,>,true,
1594067578,2020-03-11,2020,Madison Theater,Covington,KY,1,3,Lovely Day,511,true,Bill Withers,623,22,2,20,,false,>,true,
1594067578,2020-03-11,2020,Madison Theater,Covington,KY,1,4,Arrow,438,false,,1002,21,3,20,,false,>,true,opener|closer|jam
1594067578,2020-03-11,2020,Madison Theater,Covington,KY,1,5,Butter Rum,415,false,Vasudo,710,6,58,0,,false,",",false,
1594067578,2020-03-11,2020,Madison Theater,Covington,KY,1,6,Madhuvan,512,false,,769,2,87,0,,false,,false,opener|closer|jam
1602824178,2020-03-15,2020,T's House,Somewhere,CT,1,1,Madhuvan,512,false,,702,0,88,0,,false,>,true,opener|closer|jam
1602824178,2020-03-15,2020,T's House,Somewhere,CT,1,2,Bob Don,429,false,,361,11,4,10,,false,>,true,
1602824178,2020-03-15,2020,T's House,Somewhere,CT,1,3,All I Need,414,false,,877,3,75,0,,false,",",false,jam
1602824178,2020-03-15,2020,T's House,Somewhere,CT,1,4,Indian River,410,false,,301,0,73,0,,false,>,true,
1602824178,2020-03-15,2020,T's House,Somewhere,CT,1,5,Atlantic City,601,true,Bruce Springsteen,329,0,1,0,,false,",",false,ballad
1602824178,2020-03-15,2020,T's House,Somewhere,CT,1,6,Jive II,413,false,,591,2,41,0,,false,>,true,opener
1602824178,2020-03-15,2020,T's House,Somewhere,CT,1,7,Into the Myst,402,false,,718,10,22,10,,false,>,true,jam
1602824178,2020-03-15,2020,T's House,Somewhere,CT,1,8,Honeybee,490,false,,449,4,4,0,,false,>,true,
1602824178,2020-03-15,2020,T's House,Somewhere,CT,1,9,Jive Lee,502,false,,450,2,37,0,,false,>,true,closer|jam
1602824178,2020-03-15,2020,T's House,Somewhere,CT,1,10,Mustang Sally,427,true,Wilson Pickett,373,21,10,20,,false,,false,closer|encore
1602823058,2020-03-21,2020,T's House,Somewhere,CT,1,1,Gun Street Girl,599,true,Tom Waits,426,0,1,0,,false,",",false,opener
1602823058,2020-03-21,2020,T's House,Somewhere,CT,1,2,Drive,462,false,,635,2,39,0,,false,",",false,opener|jam
1602823058,2020-03-21,2020,T's House,Somewhere,CT,1,3,A Western Sun,435,false,,453,6,24,0,,false,",",false,
1602823058,2020-03-21,2020,T's House,Somewhere,CT,1,4,I'm Writing A Novel,424,true,Father John Misty,421,0,1,0,,false,",",false,
1602823058,2020-03-21,2020,T's House,Somewhere,CT,1,5,Lead the Way,406,false,,550,2,56,0,,false,",",false,opener
1602823058,2020-03-21,2020,T's House,Somewhere,CT,1,6,Tumble,418,false,Vasudo,545,3,45,0,,false,",",false,closer|jam|peak
1602823058,2020-03-21,2020,T's House,Somewhere,CT,1,7,Rosewood Heart,412,false,,854,4,15,0,,false,,false,jam|peak
1613099309,2020-03-27,2020,T's House,Somewhere,CT,1,1,Slow Ready,422,false,,704,10,23,10,,false,>,true,
1613099309,2020-03-27,2020,T's House,Somewhere,CT,1,2,Echo of a Rose,463,false,Vasudo,1139,3,34,0,,false,>,true,jam
1613099309,2020-03-27,2020,T's House,Somewhere,CT,1,3,Arrow,438,false,,978,2,4,0,,false,>,true,opener|closer|jam
1613099309,2020-03-27,2020,T's House,Somewhere,CT,1,4,White Lights,586,false,,381,17,28,10,,false,>,true,closer|encore
1613099309,2020-03-27,2020,T's House,Somewhere,CT,1,5,Tomorrow Never Knows,573,true,The Beatles,561,29,2,20,,false,>,true,encore
1613099309,2020-03-27,2020,T's House,Somewhere,CT,1,6,Doobie Song,461,false,,418,32,7,20,,false,",",false,closer|encore
1613099309,2020-03-27,2020,T's House,Somewhere,CT,1,7,Time to Flee,404,false,,587,2,58,0,,false,,false,
1599321210,2020-06-19,2020,Goose Community Rec Center,Redding,CT,1,1,Jam,802,false,,188,30,10,20,,false,>,true,opener|jam
1599321210,2020-06-19,2020,Goose Community Rec Center,Redding,CT,1,2,Jive II,413,false,,747,2,42,0,,true,",",false,opener
1599321210,2020-06-19,2020,Goose Community Rec Center,Redding,CT,1,3,Into the Myst,402,false,,709,2,23,0,,false,",",false,jam
1599321210,2020-06-19,2020,Goose Community Rec Center,Redding,CT,1,4,Drive,462,false,,1571,1,40,0,,true,>,true,opener|jam
1599321210,2020-06-19,2020,Goose Community Rec Center,Redding,CT,1,5,Travelers,574,false,,1432,0,1,0,,true,,false,
1599321210,2020-06-19,2020,Goose Community Rec Center,Redding,CT,2,6,Echo of a Rose,463,false,Vasudo,832,0,35,0,,false,->,true,jam
1599321210,2020-06-19,2020,Goose Community Rec Center,Redding,CT,2,7,Green River,482,true,Creedence Clearwater Revival,392,10,19,10,,false,",",false,
1599321210,2020-06-19,2020,Goose Community Rec Center,Redding,CT,2,8,A Fifth Of Beethoven,434,true,Walter Murphy,421,35,6,20,,false,",",false,closer
1599321210,2020-06-19,2020,Goose Community Rec Center,Redding,CT,2,9,Time to Flee,404,false,,929,0,59,0,,false,->,true,
1599321210,2020-06-19,2020,Goose Community Rec Center,Redding,CT,2,10,Indian River,410,false,,603,2,74,0,,false,>,true,
1599321210,2020-06-19,2020,Goose Community Rec Center,Redding,CT,2,11,I'm Alright,496,true,Kenny Loggins,359,46,13,20,,false,->,true,
1599321210,2020-06-19,2020,Goose Community Rec Center,Redding,CT,2,12,Make The Move,514,true,Kenny Loggins,201,5,14,0,,false,",",false,
1599321210,2020-06-19,2020,Goose Community Rec Center,Redding,CT,2,13,Yeti,416,false,Great Blue,477,6,45,0,,false,>,true,opener
1599321210,2020-06-19,2020,Goose Community Rec Center,Redding,CT,2,14,Jive Lee,502,false,,377,2,38,0,,false,,false,closer|jam
1599321210,2020-06-19,2020,Goose Community Rec Center,Redding,CT,E,15,Jam,802,false,,497,0,11,0,,true,,false,opener|jam
1599321218,2020-06-20,2020,Goose Community Rec Center,Redding,CT,1,1,Jam,802,false,,526,0,12,0,,false,>,true,opener|jam
1599321218,2020-06-20,2020,Goose Community Rec Center,Redding,CT,1,2,Mas Que Nada,513,true,Sergio Mendes,566,19,9,10,,false,",",false,
1599321218,2020-06-20,2020,Goose Community Rec Center,Redding,CT,1,3,Escape (The Piña Colada Song),469,true,Rupert Holmes,397,16,22,10,,false,",",false,opener|encore
1599321218,2020-06-20,2020,Goose Community Rec Center,Redding,CT,1,4,Danger Zone,457,true,Kenny Loggins,315,36,14,20,,false,>,true,
1599321218,2020-06-20,2020,Goose Community Rec Center,Redding,CT,1,5,Jam,802,false,,2036,0,13,0,,false,>,true,opener|jam
1599321218,2020-06-20,2020,Goose Community Rec Center,Redding,CT,1,6,Trevor Reads Poetry,741,false,,337,0,1,0,,false,>,true,ballad
1599321218,2020-06-20,2020,Goose Community Rec Center,Redding,CT,1,7,Peggy-O,531,true,Grateful Dead,550,42,10,20,,false,,false,
1599321218,2020-06-20,2020,Goose Community Rec Center,Redding,CT,2,8,Happy Birthday,747,true,,141,37,5,20,,false,",",false,opener|ballad
1599321218,2020-06-20,2020,Goose Community Rec Center,Redding,CT,2,9,Atlas,439,true,The Wood Brothers,594,9,27,10,,false,",",false,opener
1599321218,2020-06-20,2020,Goose Community Rec Center,Redding,CT,2,10,Movin' Out (Anthony's Song),519,true,Billy Joel,488,10,11,10,,false,>,true,
1599321218,2020-06-20,2020,Goose Community Rec Center,Redding,CT,2,11,Jam,802,false,,594,0,14,0,,false,>,true,opener|jam
1599321218,2020-06-20,2020,Goose Community Rec Center,Redding,CT,2,12,White Lights,586,false,,452,1,29,0,,false,>,true,closer|encore
1599321218,2020-06-20,2020,Goose Community Rec Center,Redding,CT,2,13,Hot Night,492,true,Laura Branigan,256,89,6,35,,false,",",false,opener|ballad
1599321218,2020-06-20,2020,Goose Community Rec Center,Redding,CT,2,14,White Lights,586,false,,110,0,30,0,,false,",",false,closer|encore
1599321218,2020-06-20,2020,Goose Community Rec Center,Redding,CT,2,15,Your Ocean,590,false,,428,31,5,20,,false,",",false,
1599321218,2020-06-20,2020,Goose Community Rec Center,Redding,CT,2,16,Inside Out,499,true,Spoon,619,17,5,10,,false,",",false,jam
1599321218,2020-06-20,2020,Goose Community Rec Center,Redding,CT,2,17,In Your Eyes,498,true,Peter Gabriel,526,0,1,0,,false,",",false,jam|peak
1599321218,2020-06-20,2020,Goose Community Rec Center,Redding,CT,2,18,Wysteria Lane,405,false,Vasudo,1091,8,60,10,,true,,false,opener|jam|peak
1599321218,2020-06-20,2020,Goose Community Rec Center,Redding,CT,E,19,726,432,false,,496,0,1,0,,false,,false,encore
1599321248,2020-06-26,2020,Goose Community Rec Center,Redding,CT,1,1,Jam,802,false,,471,0,15,0,,false,>,true,opener|jam
1599321248,2020-06-26,2020,Goose Community Rec Center,Redding,CT,1,2,Get The Funk Out Ma Face,479,true,Brothers Johnson,824,33,3,20,,false,>,true,
1599321248,2020-06-26,2020,Goose Community Rec Center,Redding,CT,1,3,So Ready,421,false,,844,9,88,10,,false,>,true,closer
1599321248,2020-06-26,2020,Goose Community Rec Center,Redding,CT,1,4,Mini Mall Rap,803,false,,194,0,1,0,,false,->,true,
1599321248,2020-06-26,2020,Goose Community Rec Center,Redding,CT,1,5,Switchin',564,true,Wes Montgomery,420,25,19,20,,false,",",false,opener
1599321248,2020-06-26,2020,Goose Community Rec Center,Redding,CT,1,6,Lead the Way,406,false,,667,3,57,0,,false,",",false,opener
1599321248,2020-06-26,2020,Goose Community Rec Center,Redding,CT,1,7,Electric Avenue,464,true,Eddy Grant,940,25,19,20,,false,>,true,
1599321248,2020-06-26,2020,Goose Community Rec Center,Redding,CT,1,8,Shama Lama Ding Dong,545,true,Otis Day and The Knights,375,19,26,10,,false,,false,encore
1599321248,2020-06-26,2020,Goose Community Rec Center,Redding,CT,2,9,No Rain,525,true,Blind Melon,690,36,6,20,,false,",",false,opener|jam
1599321248,2020-06-26,2020,Goose Community Rec Center,Redding,CT,2,10,Fish In The Sea,477,true,Fat Freddy's Drop,842,0,1,0,,false,",",false,opener
1599321248,2020-06-26,2020,Goose Community Rec Center,Redding,CT,2,11,Doc Brown,459,false,Great Blue,492,25,23,20,,false,>,true,
1599321248,2020-06-26,2020,Goose Community Rec Center,Redding,CT,2,12,Jam,802,false,,218,0,16,0,,false,",",false,opener|jam
1599321248,2020-06-26,2020,Goose Community Rec Center,Redding,CT,2,13,Jam,802,false,,910,0,17,0,,true,>,true,opener|jam
1599321248,2020-06-26,2020,Goose Community Rec Center,Redding,CT,2,14,Factory Fiction,473,false,Vasudo,1138,54,4,35,,true,",",false,closer|jam|peak|encore
1599321248,2020-06-26,2020,Goose Community Rec Center,Redding,CT,2,15,Jam,802,false,,1242,0,18,0,,false,>,true,opener|jam
1599321248,2020-06-26,2020,Goose Community Rec Center,Redding,CT,2,16,Don't Do It,460,true,The Band,508,24,17,20,,false,,false,closer|encore
1599321248,2020-06-26,2020,Goose Community Rec Center,Redding,CT,E,17,Rosewood Heart,412,false,,708,3,16,0,,false,,false,jam|peak
1601960752,2020-06-27,2020,Goose Community Rec Center,Redding,CT,1,1,Disco Inferno,419,true,The Trammps,635,8,25,10,,false,",",false,
1601960752,2020-06-27,2020,Goose Community Rec Center,Redding,CT,1,2,Hot Tea,408,false,Vasudo,846,9,65,10,,true,->,true,closer
1601960752,2020-06-27,2020,Goose Community Rec Center,Redding,CT,1,3,Creatures,420,false,,1115,7,61,0,,true,->,true,jam
1601960752,2020-06-27,2020,Goose Community Rec Center,Redding,CT,1,4,Hot Tea,408,false,Vasudo,171,0,66,0,,true,",",false,closer
1601960752,2020-06-27,2020,Goose Community Rec Center,Redding,CT,1,5,Slow Ready,422,false,,673,3,24,0,,false,>,true,
1601960752,2020-06-27,2020,Goose Community Rec Center,Redding,CT,1,6,Jam,802,false,,242,0,19,0,,false,>,true,opener|jam
1601960752,2020-06-27,2020,Goose Community Rec Center,Redding,CT,1,7,All I Need,414,false,,1065,5,76,0,,false,,false,jam
1601960752,2020-06-27,2020,Goose Community Rec Center,Redding,CT,2,8,I'm Writing A Novel,424,true,Father John Misty,483,4,2,0,,false,>,true,
1601960752,2020-06-27,2020,Goose Community Rec Center,Redding,CT,2,9,The Whales,425,false,,479,0,1,0,,false,",",false,opener
1601960752,2020-06-27,2020,Goose Community Rec Center,Redding,CT,2,10,Can't Get You Out Of My Head,426,true,Kylie Minogue,381,28,10,20,,false,",",false,
1601960752,2020-06-27,2020,Goose Community Rec Center,Redding,CT,2,11,Tumble,418,false,Vasudo,843,4,46,0,,false,",",false,closer|jam|peak
1601960752,2020-06-27,2020,Goose Community Rec Center,Redding,CT,2,12,Mustang Sally,427,true,Wilson Pickett,394,5,11,0,,false,",",false,closer|encore
1601960752,2020-06-27,2020,Goose Community Rec Center,Redding,CT,2,13,Arcadia,403,false,,619,8,124,10,,false,",",false,closer
1601960752,2020-06-27,2020,Goose Community Rec Center,Redding,CT,2,14,Weird Fishes / Arpeggi,428,true,Radiohead,459,28,4,20,,false,>,true,
1601960752,2020-06-27,2020,Goose Community Rec Center,Redding,CT,2,15,Bob Don,429,false,,363,5,5,0,,false,",",false,
1601960752,2020-06-27,2020,Goose Community Rec Center,Redding,CT,2,16,What's Up?,430,true,4 Non Blondes,498,37,5,20,,false,,false,closer|encore
1601960752,2020-06-27,2020,Goose Community Rec Center,Redding,CT,E,17,Butter Rum,415,false,Vasudo,402,6,59,0,,false,>,true,
1601960752,2020-06-27,2020,Goose Community Rec Center,Redding,CT,E,18,Rock The Casbah,431,true,The Clash,311,0,1,0,,false,>,true,encore
1601960752,2020-06-27,2020,Goose Community Rec Center,Redding,CT,E,19,Butter Rum,415,false,Vasudo,96,0,60,0,,false,,false,
1601960752,2020-06-27,2020,Goose Community Rec Center,Redding,CT,E2,20,Achy Breaky Heart,436,true,Billy Ray Cyrus,259,175,2,50,,false,",",false,closer|encore
1601960752,2020-06-27,2020,Goose Community Rec Center,Redding,CT,E2,21,Arrow,438,false,,1177,3,5,0,,false,,false,opener|closer|jam
1601959001,2020-06-28,2020,Millstone Farm,Wilton,CT,1,1,Shelter From The Storm,547,true,Bob Dylan,318,0,1,0,,false,",",false,
1601959001,2020-06-28,2020,Millstone Farm,Wilton,CT,1,2,Honeybee,490,false,,383,6,5,0,,false,",",false,
1601959001,2020-06-28,2020,Millstone Farm,Wilton,CT,1,3,Turned Clouds,400,false,,572,9,57,10,,false,",",false,
1601959001,2020-06-28,2020,Millstone Farm,Wilton,CT,1,4,Me and Julio Down By The Schoolyard,515,true,Paul Simon,454,12,17,10,,false,",",false,
1601959001,2020-06-28,2020,Millstone Farm,Wilton,CT,1,5,Elizabeth,465,false,,445,12,22,10,,false,>,true,opener|jam
1601959001,2020-06-28,2020,Millstone Farm,Wilton,CT,1,6,Flodown,478,false,Vasudo,508,11,85,10,,false,",",false,
1601959001,2020-06-28,2020,Millstone Farm,Wilton,CT,1,7,Christmas Card From A Hooker In Minneapolis,448,true,Tom Waits,323,35,4,20,,false,",",false,encore
1601959001,2020-06-28,2020,Millstone Farm,Wilton,CT,1,8,Madhuvan,512,false,,688,6,89,0,,false,",",false,opener|closer|jam
1601959001,2020-06-28,2020,Millstone Farm,Wilton,CT,1,9,This Old Sea,572,false,,405,242,4,50,,false,,false,jam
1599321090,2020-09-11,2020,Yarmouth Drive-In,West Yarmouth,MA,1,1,Howard Johnson's Got His Ho-Jo Working,594,true,NRBQ,354,0,1,0,,false,",",false,opener|ballad
1599321090,2020-09-11,2020,Yarmouth Drive-In,West Yarmouth,MA,1,2,Turned Clouds,400,false,,628,0,58,0,,false,",",false,
1599321090,2020-09-11,2020,Yarmouth Drive-In,West Yarmouth,MA,1,3,Jive I,411,false,,543,12,80,10,,false,>,true,
1599321090,2020-09-11,2020,Yarmouth Drive-In,West Yarmouth,MA,1,4,Jive Lee,502,false,,732,4,39,0,,false,",",false,closer|jam
1599321090,2020-09-11,2020,Yarmouth Drive-In,West Yarmouth,MA,1,5,"Well, You Can Do It Without Me",595,true,Father John Misty,322,0,1,0,,false,",",false,
1599321090,2020-09-11,2020,Yarmouth Drive-In,West Yarmouth,MA,1,6,Time to Flee,404,false,,769,4,60,0,,false,",",false,
1599321090,2020-09-11,2020,Yarmouth Drive-In,West Yarmouth,MA,1,7,Arrow,438,false,,1220,1,6,0,,false,,false,opener|closer|jam
1599321090,2020-09-11,2020,Yarmouth Drive-In,West Yarmouth,MA,2,8,Wysteria Lane,405,false,Vasudo,925,3,61,0,,false,",",false,opener|jam|peak
1599321090,2020-09-11,2020,Yarmouth Drive-In,West Yarmouth,MA,2,9,Into the Myst,402,false,,768,4,24,0,,false,",",false,jam
1599321090,2020-09-11,2020,Yarmouth Drive-In,West Yarmouth,MA,2,10,Mas Que Nada,513,true,Sergio Mendes,452,3,10,0,,false,",",false,
1599321090,2020-09-11,2020,Yarmouth Drive-In,West Yarmouth,MA,2,11,Indian River,410,false,,332,4,75,0,,false,",",false,
1599321090,2020-09-11,2020,Yarmouth Drive-In,West Yarmouth,MA,2,12,Mississippi Half-Step Uptown Toodeloo,517,true,Grateful Dead,867,26,21,20,,false,,false,jam
1599321090,2020-09-11,2020,Yarmouth Drive-In,West Yarmouth,MA,E,13,Yeti,416,false,Great Blue,497,4,46,0,,false,,false,opener
1599321108,2020-09-12,2020,Yarmouth Drive-In,West Yarmouth,MA,1,1,Creatures,420,false,,848,2,62,0,,false,>,true,jam
1599321108,2020-09-12,2020,Yarmouth Drive-In,West Yarmouth,MA,1,2,Butter Rum,415,false,Vasudo,426,2,61,0,,false,",",false,
1599321108,2020-09-12,2020,Yarmouth Drive-In,West Yarmouth,MA,1,3,Honeybee,490,false,,459,1,6,0,,false,",",false,
1599321108,2020-09-12,2020,Yarmouth Drive-In,West Yarmouth,MA,1,4,(Marie's The Name) His Latest Flame,593,true,Elvis Presley,516,80,2,35,,false,",",false,
1599321108,2020-09-12,2020,Yarmouth Drive-In,West Yarmouth,MA,1,5,All I Need,414,false,,923,2,77,0,,true,>,true,jam
1599321108,2020-09-12,2020,Yarmouth Drive-In,West Yarmouth,MA,1,6,The Whales,425,false,,448,2,2,0,,false,,false,opener
1599321108,2020-09-12,2020,Yarmouth Drive-In,West Yarmouth,MA,2,7,Slow Ready,422,false,,659,2,25,0,,false,->,true,
1599321108,2020-09-12,2020,Yarmouth Drive-In,West Yarmouth,MA,2,8,Fish In The Sea,477,true,Fat Freddy's Drop,770,3,2,0,,false,",",false,opener
1599321108,2020-09-12,2020,Yarmouth Drive-In,West Yarmouth,MA,2,9,Your Ocean,590,false,,447,4,6,0,,false,",",false,
1599321108,2020-09-12,2020,Yarmouth Drive-In,West Yarmouth,MA,2,10,Hot Tea,408,false,Vasudo,887,2,67,0,,false,,false,closer
1599321108,2020-09-12,2020,Yarmouth Drive-In,West Yarmouth,MA,E,11,The Way It Is,570,true,Bruce Hornsby,485,16,23,10,,false,",",false,
1599321108,2020-09-12,2020,Yarmouth Drive-In,West Yarmouth,MA,E,12,Drive,462,false,,1091,5,41,0,,false,",",false,opener|jam
1599321108,2020-09-12,2020,Yarmouth Drive-In,West Yarmouth,MA,E,13,Rock The Casbah,431,true,The Clash,311,2,2,0,,false,,false,encore
1599321126,2020-09-16,2020,South Farms,Morris,CT,1,1,Me & My Uncle,592,true,John Philips,373,20,30,20,,false,",",false,opener
1599321126,2020-09-16,2020,South Farms,Morris,CT,1,2,Flodown,478,false,Vasudo,672,2,86,0,,false,",",false,
1599321126,2020-09-16,2020,South Farms,Morris,CT,1,3,A Western Sun,435,false,,833,8,25,10,,false,>,true,
1599321126,2020-09-16,2020,South Farms,Morris,CT,1,4,Tumble,418,false,Vasudo,787,3,47,0,,false,",",false,closer|jam|peak
1599321126,2020-09-16,2020,South Farms,Morris,CT,1,5,Jive II,413,false,,641,6,43,0,,false,>,true,opener
1599321126,2020-09-16,2020,South Farms,Morris,CT,1,6,Jive Lee,502,false,,456,1,40,0,,false,",",false,closer|jam
1599321126,2020-09-16,2020,South Farms,Morris,CT,1,7,Electric Avenue,464,true,Eddy Grant,658,4,20,0,,false,",",false,
1599321126,2020-09-16,2020,South Farms,Morris,CT,1,8,Echo of a Rose,463,false,Vasudo,770,6,36,0,,false,,false,jam
1599321126,2020-09-16,2020,South Farms,Morris,CT,2,9,Travelers,574,false,,563,6,2,0,,false,",",false,
1599321126,2020-09-16,2020,South Farms,Morris,CT,2,10,White Lights,586,false,,780,5,31,0,,false,",",false,closer|encore
1599321126,2020-09-16,2020,South Farms,Morris,CT,2,11,Bob Don,429,false,,392,3,6,0,,false,",",false,
1599321126,2020-09-16,2020,South Farms,Morris,CT,2,12,Madhuvan,512,false,,1271,2,90,0,,true,,false,opener|closer|jam
1599321126,2020-09-16,2020,South Farms,Morris,CT,E,13,Disco Inferno,419,true,The Trammps,858,3,26,0,,false,,false,
1599321141,2020-09-17,2020,South Farms,Morris,CT,1,1,Switchin',564,true,Wes Montgomery,522,5,20,0,,false,",",false,opener
1599321141,2020-09-17,2020,South Farms,Morris,CT,1,2,Doc Brown,459,false,Great Blue,499,5,24,0,,false,",",false,
1599321141,2020-09-17,2020,South Farms,Morris,CT,1,3,Wild Night,588,true,Van Morrison,284,35,15,20,,false,",",false,opener|closer
1599321141,2020-09-17,2020,South Farms,Morris,CT,1,4,Elizabeth,465,false,,865,3,23,0,,false,",",false,opener|jam
1599321141,2020-09-17,2020,South Farms,Morris,CT,1,5,Rosewood Heart,412,false,,1320,5,17,0,,true,",",false,jam|peak
1599321141,2020-09-17,2020,South Farms,Morris,CT,1,6,State Of The Art (A.E.I.O.U.),558,true,Jim James,444,0,1,0,,false,,false,closer
1599321141,2020-09-17,2020,South Farms,Morris,CT,2,7,Indian River,410,false,,617,2,76,0,,false,->,true,
1599321141,2020-09-17,2020,South Farms,Morris,CT,2,8,Crosseyed & Painless,455,true,Talking Heads,983,35,37,20,,false,",",false,
1599321141,2020-09-17,2020,South Farms,Morris,CT,2,9,Lead the Way,406,false,,586,5,58,0,,false,",",false,opener
1599321141,2020-09-17,2020,South Farms,Morris,CT,2,10,So Ready,421,false,,730,5,89,0,,false,",",false,closer
1599321141,2020-09-17,2020,South Farms,Morris,CT,2,11,This Old Sea,572,false,,713,3,5,0,,true,",",false,jam
1599321141,2020-09-17,2020,South Farms,Morris,CT,2,12,Arrow,438,false,,832,2,7,0,,false,,false,opener|closer|jam
1599321141,2020-09-17,2020,South Farms,Morris,CT,E,13,Arcadia,403,false,,967,4,125,0,,true,,false,closer
1613006128,2020-09-19,2020,Wall Street Theater,Norwalk,CT,1,1,Drive,462,false,,,2,42,0,,false,",",false,opener|jam
1613006128,2020-09-19,2020,Wall Street Theater,Norwalk,CT,1,2,Weird Fishes / Arpeggi,428,true,Radiohead,,5,5,0,,false,,false,
1601953243,2020-10-02,2020,Higher Ground Drive-In at the Essex Junction Exposition Center,Essex Junction,VT,1,1,Time to Flee,404,false,,1386,4,61,0,,true,",",false,
1601953243,2020-10-02,2020,Higher Ground Drive-In at the Essex Junction Exposition Center,Essex Junction,VT,1,2,Caution,446,true,Bob Marley,473,49,7,20,,false,->,true,
1601953243,2020-10-02,2020,Higher Ground Drive-In at the Essex Junction Exposition Center,Essex Junction,VT,1,3,Butter Rum,415,false,Vasudo,460,3,62,0,,false,",",false,
1601953243,2020-10-02,2020,Higher Ground Drive-In at the Essex Junction Exposition Center,Essex Junction,VT,1,4,Jive II,413,false,,783,2,44,0,,false,",",false,opener
1601953243,2020-10-02,2020,Higher Ground Drive-In at the Essex Junction Exposition Center,Essex Junction,VT,1,5,Drive,462,false,,1545,0,43,0,,true,,false,opener|jam
1601953243,2020-10-02,2020,Higher Ground Drive-In at the Essex Junction Exposition Center,Essex Junction,VT,2,6,Movin' Out (Anthony's Song),519,true,Billy Joel,498,8,12,10,,false,>,true,
1601953243,2020-10-02,2020,Higher Ground Drive-In at the Essex Junction Exposition Center,Essex Junction,VT,2,7,A Fifth Of Beethoven,434,true,Walter Murphy,409,9,7,10,,true,",",false,closer
1601953243,2020-10-02,2020,Higher Ground Drive-In at the Essex Junction Exposition Center,Essex Junction,VT,2,8,Creatures,420,false,,1456,3,63,0,,true,",",false,jam
1601953243,2020-10-02,2020,Higher Ground Drive-In at the Essex Junction Exposition Center,Essex Junction,VT,2,9,Doobie Song,461,false,,396,10,8,10,,false,",",false,closer|encore
1601953243,2020-10-02,2020,Higher Ground Drive-In at the Essex Junction Exposition Center,Essex Junction,VT,2,10,Hot Tea,408,false,Vasudo,965,3,68,0,,true,,false,closer
1601953243,2020-10-02,2020,Higher Ground Drive-In at the Essex Junction Exposition Center,Essex Junction,VT,E,11,Turned Clouds,400,false,,667,4,59,0,,false,,false,
1601953232,2020-10-03,2020,Drive-In Live,Swanzey,NH,1,1,Yeti,416,false,Great Blue,560,5,47,0,,false,",",false,opener
1601953232,2020-10-03,2020,Drive-In Live,Swanzey,NH,1,2,Look Out Cleveland,591,true,The Band,834,0,1,0,,true,",",false,closer|jam|peak
1601953232,2020-10-03,2020,Drive-In Live,Swanzey,NH,1,3,Honeybee,490,false,,447,4,7,0,,false,",",false,
1601953232,2020-10-03,2020,Drive-In Live,Swanzey,NH,1,4,Jive I,411,false,,590,5,81,0,,false,",",false,
1601953232,2020-10-03,2020,Drive-In Live,Swanzey,NH,1,5,Madhuvan,512,false,,1173,3,91,0,,true,",",false,opener|closer|jam
1601953232,2020-10-03,2020,Drive-In Live,Swanzey,NH,1,6,726,432,false,,487,9,2,10,,false,,false,encore
1601953232,2020-10-03,2020,Drive-In Live,Swanzey,NH,2,7,Tumble,418,false,Vasudo,1079,3,48,0,,false,",",false,closer|jam|peak
1601953232,2020-10-03,2020,Drive-In Live,Swanzey,NH,2,8,Christmas Card From A Hooker In Minneapolis,448,true,Tom Waits,418,6,5,0,,false,",",false,encore
1601953232,2020-10-03,2020,Drive-In Live,Swanzey,NH,2,9,All I Need,414,false,,1034,4,78,0,,false,>,true,jam
1601953232,2020-10-03,2020,Drive-In Live,Swanzey,NH,2,10,Echo of a Rose,463,false,Vasudo,304,3,37,0,,false,>,true,jam
1601953232,2020-10-03,2020,Drive-In Live,Swanzey,NH,2,11,Flodown,478,false,Vasudo,611,3,87,0,,false,,false,
1601953232,2020-10-03,2020,Drive-In Live,Swanzey,NH,E,12,Christmas Card From A Hooker In Minneapolis,448,true,Tom Waits,249,0,6,0,,false,>,true,encore
1601953232,2020-10-03,2020,Drive-In Live,Swanzey,NH,E,13,Jive Lee,502,false,,590,3,41,0,,true,,false,closer|jam
1602831065,2020-10-15,2020,Legend Valley,Thornville,OH,1,1,Danger Zone,457,true,Kenny Loggins,304,10,15,10,,false,",",false,
1602831065,2020-10-15,2020,Legend Valley,Thornville,OH,1,2,Bob Don,429,false,,372,4,7,0,,false,",",false,
1602831065,2020-10-15,2020,Legend Valley,Thornville,OH,1,3,Happy Birthday,747,true,,133,10,6,10,,false,",",false,opener|ballad
1602831065,2020-10-15,2020,Legend Valley,Thornville,OH,1,4,Arcadia,403,false,,746,3,126,0,,false,",",false,closer
1602831065,2020-10-15,2020,Legend Valley,Thornville,OH,1,5,No Rain,525,true,Blind Melon,902,9,7,10,,false,>,true,opener|jam
1602831065,2020-10-15,2020,Legend Valley,Thornville,OH,1,6,Jive II,413,false,,723,1,45,0,,false,",",false,opener
1602831065,2020-10-15,2020,Legend Valley,Thornville,OH,1,7,The Whales,425,false,,451,5,3,0,,false,",",false,opener
1602831065,2020-10-15,2020,Legend Valley,Thornville,OH,1,8,White Lights,586,false,,586,4,32,0,,false,->,true,closer|encore
1602831065,2020-10-15,2020,Legend Valley,Thornville,OH,1,9,Loose Ends,762,false,Vasudo,276,43,4,20,,false,->,true,closer
1602831065,2020-10-15,2020,Legend Valley,Thornville,OH,1,10,White Lights,586,false,,105,0,33,0,,false,,false,closer|encore
1602831065,2020-10-15,2020,Legend Valley,Thornville,OH,2,11,Wysteria Lane,405,false,Vasudo,1088,6,62,0,,true,",",false,opener|jam|peak
1602831065,2020-10-15,2020,Legend Valley,Thornville,OH,2,12,Time to Flee,404,false,,195,1,62,0,,false,>,true,
1602831065,2020-10-15,2020,Legend Valley,Thornville,OH,2,13,Howard Johnson's Got His Ho-Jo Working,594,true,NRBQ,361,6,2,0,,false,",",false,opener|ballad
1602831065,2020-10-15,2020,Legend Valley,Thornville,OH,2,14,Into the Myst,402,false,,660,6,25,0,,false,->,true,jam
1602831065,2020-10-15,2020,Legend Valley,Thornville,OH,2,15,Pumped Up Kicks,534,true,Foster The People,372,49,16,20,,false,",",false,
1602831065,2020-10-15,2020,Legend Valley,Thornville,OH,2,16,This Old Sea,572,false,,797,3,6,0,,false,,false,jam
1602831065,2020-10-15,2020,Legend Valley,Thornville,OH,E,17,Lead the Way,406,false,,808,3,59,0,,false,>,true,opener
1602831065,2020-10-15,2020,Legend Valley,Thornville,OH,E,18,Rock The Casbah,431,true,The Clash,339,5,3,0,,false,,false,encore
1608528597,2020-10-17,2020,Smoky Mountain Event Center,Waynesville,NC,1,1,Flodown,478,false,Vasudo,820,1,88,0,,false,",",false,
1608528597,2020-10-17,2020,Smoky Mountain Event Center,Waynesville,NC,1,2,Elizabeth,465,false,,1173,4,24,0,,false,",",false,opener|jam
1608528597,2020-10-17,2020,Smoky Mountain Event Center,Waynesville,NC,1,3,Green River,482,true,Creedence Clearwater Revival,447,12,20,10,,false,",",false,
1608528597,2020-10-17,2020,Smoky Mountain Event Center,Waynesville,NC,1,4,Yeti,416,false,Great Blue,587,1,48,0,,false,",",false,opener
1608528597,2020-10-17,2020,Smoky Mountain Event Center,Waynesville,NC,1,5,A Western Sun,435,false,,769,5,26,0,,false,",",false,
1608528597,2020-10-17,2020,Smoky Mountain Event Center,Waynesville,NC,1,6,Tumble,418,false,Vasudo,1026,1,49,0,,false,,false,closer|jam|peak
1608528597,2020-10-17,2020,Smoky Mountain Event Center,Waynesville,NC,2,7,Creatures,420,false,,838,2,64,0,,false,",",false,jam
1608528597,2020-10-17,2020,Smoky Mountain Event Center,Waynesville,NC,2,8,In Your Eyes,498,true,Peter Gabriel,517,11,2,10,,false,",",false,jam|peak
1608528597,2020-10-17,2020,Smoky Mountain Event Center,Waynesville,NC,2,9,Madhuvan,512,false,,1043,1,92,0,,false,",",false,opener|closer|jam
1608528597,2020-10-17,2020,Smoky Mountain Event Center,Waynesville,NC,2,10,Honeybee,490,false,,427,1,8,0,,false,",",false,
1608528597,2020-10-17,2020,Smoky Mountain Event Center,Waynesville,NC,2,11,Arrow,438,false,,724,4,8,0,,false,->,true,opener|closer|jam
1608528597,2020-10-17,2020,Smoky Mountain Event Center,Waynesville,NC,2,12,Turn On Your Love Light,578,true,Bobby Blue Bland,652,17,36,10,,false,,false,closer|encore
1608527452,2020-10-19,2020,Frederick Fairgrounds,Frederick,MD,1,1,Drive,462,false,,999,3,44,0,,true,->,true,opener|jam
1608527452,2020-10-19,2020,Frederick Fairgrounds,Frederick,MD,1,2,Doc Brown,459,false,Great Blue,517,5,25,0,,false,",",false,
1608527452,2020-10-19,2020,Frederick Fairgrounds,Frederick,MD,1,3,So Ready,421,false,,803,5,90,0,,false,",",false,closer
1608527452,2020-10-19,2020,Frederick Fairgrounds,Frederick,MD,1,4,AUATC,602,true,Bon Iver,434,0,1,0,,false,",",false,
1608527452,2020-10-19,2020,Frederick Fairgrounds,Frederick,MD,1,5,Jive I,411,false,,560,2,82,0,,false,>,true,
1608527452,2020-10-19,2020,Frederick Fairgrounds,Frederick,MD,1,6,Jive Lee,502,false,,668,2,42,0,,true,",",false,closer|jam
1608527452,2020-10-19,2020,Frederick Fairgrounds,Frederick,MD,1,7,Indian River,410,false,,542,5,77,0,,false,->,true,
1608527452,2020-10-19,2020,Frederick Fairgrounds,Frederick,MD,1,8,Time to Flee,404,false,,519,1,63,0,,false,,false,
1608527452,2020-10-19,2020,Frederick Fairgrounds,Frederick,MD,2,9,Fish In The Sea,477,true,Fat Freddy's Drop,776,7,3,0,,false,->,true,opener
1608527452,2020-10-19,2020,Frederick Fairgrounds,Frederick,MD,2,10,Drive,462,false,,645,0,45,0,,false,>,true,opener|jam
1608527452,2020-10-19,2020,Frederick Fairgrounds,Frederick,MD,2,11,Rosewood Heart,412,false,,598,5,18,0,,false,>,true,jam|peak
1608527452,2020-10-19,2020,Frederick Fairgrounds,Frederick,MD,2,12,Travelers,574,false,,593,6,3,0,,false,",",false,
1608527452,2020-10-19,2020,Frederick Fairgrounds,Frederick,MD,2,13,Turned Clouds,400,false,,702,3,60,0,,false,>,true,
1608527452,2020-10-19,2020,Frederick Fairgrounds,Frederick,MD,2,14,Hot Tea,408,false,Vasudo,481,3,69,0,,false,,false,closer
1605809122,2020-11-06,2020,South Farms,Morris,CT,1,1,Lily's Tiger,603,false,Great Blue,334,0,1,0,,false,",",false,opener
1605809122,2020-11-06,2020,South Farms,Morris,CT,1,2,Butter Rum,415,false,Vasudo,727,4,63,0,,false,",",false,
1605809122,2020-11-06,2020,South Farms,Morris,CT,1,3,The Whales,425,false,,495,2,4,0,,false,",",false,opener
1605809122,2020-11-06,2020,South Farms,Morris,CT,1,4,It Burns Within,500,false,St. John's Revival,390,252,3,50,,false,",",false,
1605809122,2020-11-06,2020,South Farms,Morris,CT,1,5,All I Need,414,false,,1071,3,79,0,,false,->,true,jam
1605809122,2020-11-06,2020,South Farms,Morris,CT,1,6,Secret Agent Man,544,true,Johnny Rivers,364,54,4,35,,false,",",false,opener|ballad
1605809122,2020-11-06,2020,South Farms,Morris,CT,1,7,Into the Myst,402,false,,746,2,26,0,,false,,false,jam
1605809122,2020-11-06,2020,South Farms,Morris,CT,2,8,The Empress Of Organos,604,false,Vasudo,918,0,1,0,,false,",",false,closer|jam
1605809122,2020-11-06,2020,South Farms,Morris,CT,2,9,Don't Do It,460,true,The Band,459,12,18,10,,false,",",false,closer|encore
1605809122,2020-11-06,2020,South Farms,Morris,CT,2,10,Creatures,420,false,,931,1,65,0,,false,>,true,jam
1605809122,2020-11-06,2020,South Farms,Morris,CT,2,11,Honeybee,490,false,,441,1,9,0,,false,",",false,
1605809122,2020-11-06,2020,South Farms,Morris,CT,2,12,Your Ocean,590,false,,410,8,7,10,,false,",",false,
1605809122,2020-11-06,2020,South Farms,Morris,CT,2,13,Earthling or Alien?,605,false,,872,0,1,0,,true,>,true,jam|peak
1605809122,2020-11-06,2020,South Farms,Morris,CT,2,14,Yeti,416,false,Great Blue,537,1,49,0,,false,",",false,opener
1605809122,2020-11-06,2020,South Farms,Morris,CT,2,15,Ghostbusters Rap,481,true,Run DMC,417,27,17,20,,false,,false,closer
1605927892,2020-11-07,2020,South Farms,Morris,CT,1,1,The Killing Moon,606,true,Echo & The Bunnymen,413,0,1,0,,false,",",false,opener
1605927892,2020-11-07,2020,South Farms,Morris,CT,1,2,Arrow,438,false,,1300,2,9,0,,true,->,true,opener|closer|jam
1605927892,2020-11-07,2020,South Farms,Morris,CT,1,3,Doobie Song,461,false,,372,5,9,0,,false,>,true,closer|encore
1605927892,2020-11-07,2020,South Farms,Morris,CT,1,4,Slow Ready,422,false,,681,9,26,10,,true,",",false,
1605927892,2020-11-07,2020,South Farms,Morris,CT,1,5,Jive I,411,false,,503,1,83,0,,false,>,true,
1605927892,2020-11-07,2020,South Farms,Morris,CT,1,6,Jive Lee,502,false,,456,1,43,0,,false,",",false,closer|jam
1605927892,2020-11-07,2020,South Farms,Morris,CT,1,7,Head Over Heels,607,true,Tears For Fears,447,0,1,0,,false,,false,
1605927892,2020-11-07,2020,South Farms,Morris,CT,2,8,Notorious,608,true,Duran Duran,590,0,1,0,,false,",",false,
1605927892,2020-11-07,2020,South Farms,Morris,CT,2,9,Tumble,418,false,Vasudo,811,2,50,0,,false,",",false,closer|jam|peak
1605927892,2020-11-07,2020,South Farms,Morris,CT,2,10,Seekers on the Ridge pt I,609,false,,396,0,1,0,,false,>,true,
1605927892,2020-11-07,2020,South Farms,Morris,CT,2,11,Seekers on the Ridge pt II,610,false,,290,0,1,0,,false,",",false,
1605927892,2020-11-07,2020,South Farms,Morris,CT,2,12,Hot Tea,408,false,Vasudo,979,1,70,0,,false,",",false,closer
1605927892,2020-11-07,2020,South Farms,Morris,CT,2,13,Wysteria Lane,405,false,Vasudo,935,3,63,0,,true,>,true,opener|jam|peak
1605927892,2020-11-07,2020,South Farms,Morris,CT,2,14,Head Over Heels,607,true,Tears For Fears,140,0,2,0,,false,,false,
1605927892,2020-11-07,2020,South Farms,Morris,CT,E,15,Mad World,611,true,Tears For Fears,464,0,1,0,,false,,false,encore
1608529980,2020-12-11,2020,620 Loft & Garden in Rockefeller Center,New York,NY,1,1,Arcadia,403,false,,783,4,127,0,,false,>,true,closer
1608529980,2020-12-11,2020,620 Loft & Garden in Rockefeller Center,New York,NY,1,2,Linus And Lucy,507,true,Vince Guaraldi,165,47,6,20,,false,",",false,opener|closer|encore
1608529980,2020-12-11,2020,620 Loft & Garden in Rockefeller Center,New York,NY,1,3,Madhuvan,512,false,,860,3,93,0,,false,",",false,opener|closer|jam
1608529980,2020-12-11,2020,620 Loft & Garden in Rockefeller Center,New York,NY,1,4,Turned Clouds,400,false,,653,2,61,0,,false,",",false,
1608529980,2020-12-11,2020,620 Loft & Garden in Rockefeller Center,New York,NY,1,5,Earthling or Alien?,605,false,,670,1,2,0,,false,",",false,jam|peak
1608529980,2020-12-11,2020,620 Loft & Garden in Rockefeller Center,New York,NY,1,6,Love Is A Battlefield,612,true,Pat Benatar,477,0,1,0,,false,",",false,
1608529980,2020-12-11,2020,620 Loft & Garden in Rockefeller Center,New York,NY,1,7,Slow Ready,422,false,,672,0,27,0,,false,",",false,
1608529980,2020-12-11,2020,620 Loft & Garden in Rockefeller Center,New York,NY,1,8,Elmeg The Wise,466,false,St. John's Revival,875,122,5,50,,false,,false,closer|encore
1608529980,2020-12-11,2020,620 Loft & Garden in Rockefeller Center,New York,NY,2,9,Seekers on the Ridge pt I,609,false,,438,0,2,0,,false,>,true,
1608529980,2020-12-11,2020,620 Loft & Garden in Rockefeller Center,New York,NY,2,10,Seekers on the Ridge pt II,610,false,,284,0,2,0,,false,",",false,
1608529980,2020-12-11,2020,620 Loft & Garden in Rockefeller Center,New York,NY,2,11,All I Need,414,false,,889,1,80,0,,false,",",false,jam
1608529980,2020-12-11,2020,620 Loft & Garden in Rockefeller Center,New York,NY,2,12,The Empress Of Organos,604,false,Vasudo,903,1,2,0,,false,",",false,closer|jam
1608529980,2020-12-11,2020,620 Loft & Garden in Rockefeller Center,New York,NY,2,13,Hot Tea,408,false,Vasudo,604,0,71,0,,false,>,true,closer
1608529980,2020-12-11,2020,620 Loft & Garden in Rockefeller Center,New York,NY,2,14,You and Whose Army,613,true,Radiohead,176,0,1,0,,false,>,true,
1608529980,2020-12-11,2020,620 Loft & Garden in Rockefeller Center,New York,NY,2,15,Hot Tea,408,false,Vasudo,269,0,72,0,,false,,false,closer
1608529980,2020-12-11,2020,620 Loft & Garden in Rockefeller Center,New York,NY,E,16,(Your Love Keeps Lifting Me) Higher and Higher,487,true,Jackie Wilson,327,140,3,50,,false,,false,encore
1618127002,2021-04-09,2021,Spirit of the Suwannee Music Park,Live Oak,FL,1,1,Lead the Way,406,false,,635,5,60,0,,false,",",false,opener
1618127002,2021-04-09,2021,Spirit of the Suwannee Music Park,Live Oak,FL,1,2,Doc Brown,459,false,Great Blue,511,3,26,0,,false,",",false,
1618127002,2021-04-09,2021,Spirit of the Suwannee Music Park,Live Oak,FL,1,3,Jive II,413,false,,686,5,46,0,,false,",",false,opener
1618127002,2021-04-09,2021,Spirit of the Suwannee Music Park,Live Oak,FL,1,4,Time to Flee,404,false,,718,3,64,0,,false,",",false,
1618127002,2021-04-09,2021,Spirit of the Suwannee Music Park,Live Oak,FL,1,5,Gun Street Girl,599,true,Tom Waits,529,19,2,10,,false,",",false,opener
1618127002,2021-04-09,2021,Spirit of the Suwannee Music Park,Live Oak,FL,1,6,Turned Clouds,400,false,,675,0,62,0,,false,",",false,
1618127002,2021-04-09,2021,Spirit of the Suwannee Music Park,Live Oak,FL,1,7,All I Need,414,false,,1224,0,81,0,,true,->,true,jam
1618127002,2021-04-09,2021,Spirit of the Suwannee Music Park,Live Oak,FL,1,8,Jive Lee,502,false,,524,1,44,0,,false,,false,closer|jam
1618127002,2021-04-09,2021,Spirit of the Suwannee Music Park,Live Oak,FL,2,9,Wysteria Lane,405,false,Vasudo,662,1,64,0,,false,->,true,opener|jam|peak
1618127002,2021-04-09,2021,Spirit of the Suwannee Music Park,Live Oak,FL,2,10,Inside Out,499,true,Spoon,526,16,6,10,,false,->,true,jam
1618127002,2021-04-09,2021,Spirit of the Suwannee Music Park,Live Oak,FL,2,11,Flodown,478,false,Vasudo,509,4,89,0,,false,",",false,
1618127002,2021-04-09,2021,Spirit of the Suwannee Music Park,Live Oak,FL,2,12,Arcadia,403,false,,733,0,128,0,,false,",",false,closer
1618127002,2021-04-09,2021,Spirit of the Suwannee Music Park,Live Oak,FL,2,13,Rosewood Heart,412,false,,643,3,19,0,,false,->,true,jam|peak
1618127002,2021-04-09,2021,Spirit of the Suwannee Music Park,Live Oak,FL,2,14,Mas Que Nada,513,true,Sergio Mendes,499,12,11,10,,false,",",false,
1618127002,2021-04-09,2021,Spirit of the Suwannee Music Park,Live Oak,FL,2,15,Slow Ready,422,false,,330,0,28,0,,false,>,true,
1618127002,2021-04-09,2021,Spirit of the Suwannee Music Park,Live Oak,FL,2,16,The Empress Of Organos,604,false,Vasudo,870,0,3,0,,false,,false,closer|jam
1621489414,2021-05-03,2021,Frederick Fairgrounds,Frederick,MD,1,1,Arrow,438,false,,1433,2,10,0,,true,>,true,opener|closer|jam
1621489414,2021-05-03,2021,Frederick Fairgrounds,Frederick,MD,1,2,Bob Don,429,false,,344,6,8,0,,false,",",false,
1621489414,2021-05-03,2021,Frederick Fairgrounds,Frederick,MD,1,3,Yeti,416,false,Great Blue,790,3,50,0,,true,>,true,opener
1621489414,2021-05-03,2021,Frederick Fairgrounds,Frederick,MD,1,4,Spirit Of The Dark Horse,557,false,,678,118,15,50,,false,->,true,
1621489414,2021-05-03,2021,Frederick Fairgrounds,Frederick,MD,1,5,Arrow,438,false,,238,0,11,0,,false,,false,opener|closer|jam
1621489520,2021-05-04,2021,Frederick Fairgrounds,Frederick,MD,1,1,Time to Flee,404,false,,711,1,65,0,,false,",",false,
1621489520,2021-05-04,2021,Frederick Fairgrounds,Frederick,MD,1,2,Echo of a Rose,463,false,Vasudo,451,8,38,10,,false,>,true,jam
1621489520,2021-05-04,2021,Frederick Fairgrounds,Frederick,MD,1,3,All I Need,414,false,,814,1,82,0,,false,->,true,jam
1621489520,2021-05-04,2021,Frederick Fairgrounds,Frederick,MD,1,4,Flodown,478,false,Vasudo,599,1,90,0,,false,",",false,
1621489520,2021-05-04,2021,Frederick Fairgrounds,Frederick,MD,1,5,Honeybee,490,false,,456,4,10,0,,false,",",false,
1621489520,2021-05-04,2021,Frederick Fairgrounds,Frederick,MD,1,6,Doctor My Eyes,678,true,Jackson Browne,402,0,1,0,,false,",",false,
1621489520,2021-05-04,2021,Frederick Fairgrounds,Frederick,MD,1,7,Arcadia,403,false,,810,1,129,0,,false,,false,closer
1621489520,2021-05-04,2021,Frederick Fairgrounds,Frederick,MD,2,8,Creatures,420,false,,1477,4,66,0,,true,>,true,jam
1621489520,2021-05-04,2021,Frederick Fairgrounds,Frederick,MD,2,9,Your Ocean,590,false,,491,4,8,0,,false,",",false,
1621489520,2021-05-04,2021,Frederick Fairgrounds,Frederick,MD,2,10,Tumble,418,false,Vasudo,1123,3,51,0,,true,",",false,closer|jam|peak
1621489520,2021-05-04,2021,Frederick Fairgrounds,Frederick,MD,2,11,Seekers on the Ridge pt I,609,false,,408,2,3,0,,false,>,true,
1621489520,2021-05-04,2021,Frederick Fairgrounds,Frederick,MD,2,12,Seekers on the Ridge pt II,610,false,,253,2,3,0,,false,",",false,
1621489520,2021-05-04,2021,Frederick Fairgrounds,Frederick,MD,2,13,Slow Ready,422,false,,537,1,29,0,,false,,false,
1621490963,2021-05-06,2021,Riverfront Park,North Charleston,SC,1,1,Switchin',564,true,Wes Montgomery,467,12,21,10,,false,",",false,opener
1621490963,2021-05-06,2021,Riverfront Park,North Charleston,SC,1,2,A Western Sun,435,false,,439,7,27,0,,false,>,true,
1621490963,2021-05-06,2021,Riverfront Park,North Charleston,SC,1,3,The Whales,425,false,,440,5,5,0,,false,",",false,opener
1621490963,2021-05-06,2021,Riverfront Park,North Charleston,SC,1,4,Hot Tea,408,false,Vasudo,1137,3,73,0,,true,",",false,closer
1621490963,2021-05-06,2021,Riverfront Park,North Charleston,SC,1,5,Lead the Way,406,false,,618,2,61,0,,false,",",false,opener
1621490963,2021-05-06,2021,Riverfront Park,North Charleston,SC,1,6,White Lights,586,false,,684,8,34,10,,false,",",false,closer|encore
1621490963,2021-05-06,2021,Riverfront Park,North Charleston,SC,1,7,The Way It Is,570,true,Bruce Hornsby,644,14,24,10,,false,,false,
1621490963,2021-05-06,2021,Riverfront Park,North Charleston,SC,2,8,So Ready,421,false,,819,6,91,0,,false,",",false,closer
1621490963,2021-05-06,2021,Riverfront Park,North Charleston,SC,2,9,This Old Sea,572,false,,683,8,7,10,,false,>,true,jam
1621490963,2021-05-06,2021,Riverfront Park,North Charleston,SC,2,10,Into the Myst,402,false,,750,5,27,0,,false,>,true,jam
1621490963,2021-05-06,2021,Riverfront Park,North Charleston,SC,2,11,Drive,462,false,,937,6,46,0,,false,->,true,opener|jam
1621490963,2021-05-06,2021,Riverfront Park,North Charleston,SC,2,12,Shama Lama Ding Dong,545,true,Otis Day and The Knights,291,18,27,10,,false,",",false,encore
1621490963,2021-05-06,2021,Riverfront Park,North Charleston,SC,2,13,Earthling or Alien?,605,false,,966,3,3,0,,false,,false,jam|peak
1621490963,2021-05-06,2021,Riverfront Park,North Charleston,SC,E,14,Turn On Your Love Light,578,true,Bobby Blue Bland,487,7,37,0,,false,,false,closer|encore
1621488565,2021-05-08,2021,The Caverns Above Ground Amphitheater,Pelham,TN,1,1,Travelers,574,false,,652,7,4,0,,false,>,true,
1621488565,2021-05-08,2021,The Caverns Above Ground Amphitheater,Pelham,TN,1,2,Doc Brown,459,false,Great Blue,501,3,27,0,,false,",",false,
1621488565,2021-05-08,2021,The Caverns Above Ground Amphitheater,Pelham,TN,1,3,Elizabeth,465,false,,474,8,25,10,,false,",",false,opener|jam
1621488565,2021-05-08,2021,The Caverns Above Ground Amphitheater,Pelham,TN,1,4,Me and Julio Down By The Schoolyard,515,true,Paul Simon,386,17,18,10,,false,",",false,
1621488565,2021-05-08,2021,The Caverns Above Ground Amphitheater,Pelham,TN,1,5,Turned Clouds,400,false,,581,3,63,0,,false,",",false,
1621488565,2021-05-08,2021,The Caverns Above Ground Amphitheater,Pelham,TN,1,6,Rosewood Heart,412,false,,1356,3,20,0,,true,->,true,jam|peak
1621488565,2021-05-08,2021,The Caverns Above Ground Amphitheater,Pelham,TN,1,7,Jive I,411,false,,596,5,84,0,,false,,false,
1621488565,2021-05-08,2021,The Caverns Above Ground Amphitheater,Pelham,TN,2,8,Jive Lee,502,false,,568,3,45,0,,true,->,true,closer|jam
1621488565,2021-05-08,2021,The Caverns Above Ground Amphitheater,Pelham,TN,2,9,Jive II,413,false,,1274,3,47,0,,true,>,true,opener
1621488565,2021-05-08,2021,The Caverns Above Ground Amphitheater,Pelham,TN,2,10,Wysteria Lane,405,false,Vasudo,736,3,65,0,,true,>,true,opener|jam|peak
1621488565,2021-05-08,2021,The Caverns Above Ground Amphitheater,Pelham,TN,2,11,Moby,677,false,,325,0,1,0,,false,",",false,ballad
1621488565,2021-05-08,2021,The Caverns Above Ground Amphitheater,Pelham,TN,2,12,The Empress Of Organos,604,false,Vasudo,917,3,4,0,,false,,false,closer|jam
1621488565,2021-05-08,2021,The Caverns Above Ground Amphitheater,Pelham,TN,E,13,726,432,false,,583,10,3,10,,false,,false,encore
1621488243,2021-05-09,2021,The Caverns Above Ground Amphitheater,Pelham,TN,1,1,Atlas,439,true,The Wood Brothers,872,21,28,20,,false,",",false,opener
1621488243,2021-05-09,2021,The Caverns Above Ground Amphitheater,Pelham,TN,1,2,Indian River,410,false,,364,8,78,10,,false,>,true,
1621488243,2021-05-09,2021,The Caverns Above Ground Amphitheater,Pelham,TN,1,3,Welcome To Delta,676,false,,467,0,1,0,,false,->,true,
1621488243,2021-05-09,2021,The Caverns Above Ground Amphitheater,Pelham,TN,1,4,Butter Rum,415,false,Vasudo,460,7,64,0,,false,",",false,
1621488243,2021-05-09,2021,The Caverns Above Ground Amphitheater,Pelham,TN,1,5,Elmeg The Wise,466,false,St. John's Revival,772,5,6,0,,false,,false,closer|encore
1621488243,2021-05-09,2021,The Caverns Above Ground Amphitheater,Pelham,TN,2,6,Madhuvan,512,false,,1084,5,94,0,,true,>,true,opener|closer|jam
1621488243,2021-05-09,2021,The Caverns Above Ground Amphitheater,Pelham,TN,2,7,Spirit Of The Dark Horse,557,false,,744,3,16,0,,false,>,true,
1621488243,2021-05-09,2021,The Caverns Above Ground Amphitheater,Pelham,TN,2,8,Madhuvan,512,false,,246,0,95,0,,false,",",false,opener|closer|jam
1621488243,2021-05-09,2021,The Caverns Above Ground Amphitheater,Pelham,TN,2,9,Doobie Song,461,false,,508,6,10,0,,false,->,true,closer|encore
1621488243,2021-05-09,2021,The Caverns Above Ground Amphitheater,Pelham,TN,2,10,Tumble,418,false,Vasudo,454,2,52,0,,false,",",false,closer|jam|peak
1621488243,2021-05-09,2021,The Caverns Above Ground Amphitheater,Pelham,TN,2,11,Don't Do It,460,true,The Band,596,7,19,0,,false,,false,closer|encore
1621488243,2021-05-09,2021,The Caverns Above Ground Amphitheater,Pelham,TN,E,12,Crosseyed & Painless,455,true,Talking Heads,714,14,38,10,,false,->,true,
1621488243,2021-05-09,2021,The Caverns Above Ground Amphitheater,Pelham,TN,E,13,Elmeg The Wise,466,false,St. John's Revival,345,0,7,0,,false,,false,closer|encore
1624330525,2021-06-11,2021,Northlands Live,Swanzey,NH,1,1,Elizabeth,465,false,,586,1,26,0,,false,",",false,opener|jam
1624330525,2021-06-11,2021,Northlands Live,Swanzey,NH,1,2,Arcadia,403,false,,1035,3,130,0,,true,",",false,closer
1624330525,2021-06-11,2021,Northlands Live,Swanzey,NH,1,3,Drive,462,false,,761,2,47,0,,false,",",false,opener|jam
1624330525,2021-06-11,2021,Northlands Live,Swanzey,NH,1,4,Lead the Way,406,false,,753,2,62,0,,true,",",false,opener
1624330525,2021-06-11,2021,Northlands Live,Swanzey,NH,1,5,Weird Fishes / Arpeggi,428,true,Radiohead,871,14,6,10,,false,>,true,
1624330525,2021-06-11,2021,Northlands Live,Swanzey,NH,1,6,Wysteria Lane,405,false,Vasudo,1016,1,66,0,,true,->,true,opener|jam|peak
1624330525,2021-06-11,2021,Northlands Live,Swanzey,NH,1,7,Loose Ends,762,false,Vasudo,69,11,5,10,,false,,false,closer
1624330525,2021-06-11,2021,Northlands Live,Swanzey,NH,2,8,The Labyrinth,639,false,,774,0,1,0,,false,>,true,opener
1624330525,2021-06-11,2021,Northlands Live,Swanzey,NH,2,9,Love Is A Battlefield,612,true,Pat Benatar,498,6,2,0,,false,",",false,
1624330525,2021-06-11,2021,Northlands Live,Swanzey,NH,2,10,White Lights,586,false,,895,2,35,0,,false,",",false,closer|encore
1624330525,2021-06-11,2021,Northlands Live,Swanzey,NH,2,11,Jive II,413,false,,1024,1,48,0,,true,>,true,opener
1624330525,2021-06-11,2021,Northlands Live,Swanzey,NH,2,12,Creatures,420,false,,1056,3,67,0,,false,",",false,jam
1624330525,2021-06-11,2021,Northlands Live,Swanzey,NH,2,13,Slow Ready,422,false,,323,3,30,0,,false,,false,
1624331646,2021-06-12,2021,Westville Music Bowl,New Haven,CT,1,1,Me & My Uncle,592,true,John Philips,365,17,31,10,,false,>,true,opener
1624331646,2021-06-12,2021,Westville Music Bowl,New Haven,CT,1,2,Flodown,478,false,Vasudo,699,4,91,0,,false,",",false,
1624331646,2021-06-12,2021,Westville Music Bowl,New Haven,CT,1,3,The Whales,425,false,,433,3,6,0,,false,",",false,opener
1624331646,2021-06-12,2021,Westville Music Bowl,New Haven,CT,1,4,Honeybee,490,false,,449,4,11,0,,false,",",false,
1624331646,2021-06-12,2021,Westville Music Bowl,New Haven,CT,1,5,Yeti,416,false,Great Blue,522,5,51,0,,false,",",false,opener
1624331646,2021-06-12,2021,Westville Music Bowl,New Haven,CT,1,6,Seekers on the Ridge pt I,609,false,,387,4,4,0,,false,>,true,
1624331646,2021-06-12,2021,Westville Music Bowl,New Haven,CT,1,7,Seekers on the Ridge pt II,610,false,,289,4,4,0,,false,",",false,
1624331646,2021-06-12,2021,Westville Music Bowl,New Haven,CT,1,8,Madhuvan,512,false,,1225,1,96,0,,true,,false,opener|closer|jam
1624331646,2021-06-12,2021,Westville Music Bowl,New Haven,CT,2,9,Fish In The Sea,477,true,Fat Freddy's Drop,733,10,4,10,,false,",",false,opener
1624331646,2021-06-12,2021,Westville Music Bowl,New Haven,CT,2,10,Jive I,411,false,,506,2,85,0,,false,>,true,
1624331646,2021-06-12,2021,Westville Music Bowl,New Haven,CT,2,11,Earthling or Alien?,605,false,,875,3,4,0,,true,",",false,jam|peak
1624331646,2021-06-12,2021,Westville Music Bowl,New Haven,CT,2,12,Tumble,418,false,Vasudo,744,1,53,0,,false,>,true,closer|jam|peak
1624331646,2021-06-12,2021,Westville Music Bowl,New Haven,CT,2,13,Factory Fiction,473,false,Vasudo,967,22,5,20,,true,,false,closer|jam|peak|encore
1624331646,2021-06-12,2021,Westville Music Bowl,New Haven,CT,E,14,Slow Ready,422,false,,316,0,31,0,,false,,false,
1624331672,2021-06-13,2021,Westville Music Bowl,New Haven,CT,1,1,Tribute To Gold,679,true,Duke Herrington,318,0,1,0,,false,",",false,opener|ballad|encore
1624331672,2021-06-13,2021,Westville Music Bowl,New Haven,CT,1,2,All I Need,414,false,,902,5,83,0,,false,",",false,jam
1624331672,2021-06-13,2021,Westville Music Bowl,New Haven,CT,1,3,Indian River,410,false,,354,2,79,0,,false,",",false,
1624331672,2021-06-13,2021,Westville Music Bowl,New Haven,CT,1,4,Time to Flee,404,false,,855,5,66,0,,true,>,true,
1624331672,2021-06-13,2021,Westville Music Bowl,New Haven,CT,1,5,Your Ocean,590,false,,451,5,9,0,,false,",",false,
1624331672,2021-06-13,2021,Westville Music Bowl,New Haven,CT,1,6,So Ready,421,false,,852,4,92,0,,false,,false,closer
1624331672,2021-06-13,2021,Westville Music Bowl,New Haven,CT,2,7,Arrow,438,false,,1223,6,12,0,,false,>,true,opener|closer|jam
1624331672,2021-06-13,2021,Westville Music Bowl,New Haven,CT,2,8,Nights In White Satin,524,true,The Moody Blues,415,30,3,20,,false,",",false,
1624331672,2021-06-13,2021,Westville Music Bowl,New Haven,CT,2,9,Rosewood Heart,412,false,,838,3,21,0,,false,>,true,jam|peak
1624331672,2021-06-13,2021,Westville Music Bowl,New Haven,CT,2,10,Bob Don,429,false,,369,6,9,0,,false,",",false,
1624331672,2021-06-13,2021,Westville Music Bowl,New Haven,CT,2,11,Same Old Shenanigans,541,false,,726,128,8,50,,false,,false,closer
1624331672,2021-06-13,2021,Westville Music Bowl,New Haven,CT,E,12,Mustang Sally,427,true,Wilson Pickett,453,22,12,20,,false,->,true,closer|encore
1624331672,2021-06-13,2021,Westville Music Bowl,New Haven,CT,E,13,Butter Rum,415,false,Vasudo,432,2,65,0,,false,,false,
1624592560,2021-06-15,2021,Silver Lake Twin Drive-In Theatre,Perry,NY,1,1,Turned Clouds,400,false,,728,4,64,0,,false,",",false,
1624592560,2021-06-15,2021,Silver Lake Twin Drive-In Theatre,Perry,NY,1,2,Doc Brown,459,false,Great Blue,506,4,28,0,,false,",",false,
1624592560,2021-06-15,2021,Silver Lake Twin Drive-In Theatre,Perry,NY,1,3,I'm Alright,496,true,Kenny Loggins,445,26,14,20,,false,->,true,
1624592560,2021-06-15,2021,Silver Lake Twin Drive-In Theatre,Perry,NY,1,4,Make The Move,514,true,Kenny Loggins,199,26,15,20,,false,>,true,
1624592560,2021-06-15,2021,Silver Lake Twin Drive-In Theatre,Perry,NY,1,5,Danger Zone,457,true,Kenny Loggins,300,14,16,10,,false,",",false,
1624592560,2021-06-15,2021,Silver Lake Twin Drive-In Theatre,Perry,NY,1,6,A Western Sun,435,false,,1741,5,28,0,,true,->,true,
1624592560,2021-06-15,2021,Silver Lake Twin Drive-In Theatre,Perry,NY,1,7,Echo of a Rose,463,false,Vasudo,1412,6,39,0,,true,,false,jam
1624592560,2021-06-15,2021,Silver Lake Twin Drive-In Theatre,Perry,NY,2,8,Into the Myst,402,false,,751,5,28,0,,false,",",false,jam
1624592560,2021-06-15,2021,Silver Lake Twin Drive-In Theatre,Perry,NY,2,9,Travelers,574,false,,562,4,5,0,,false,",",false,
1624592560,2021-06-15,2021,Silver Lake Twin Drive-In Theatre,Perry,NY,2,10,"It's All Over Now, Baby Blue",501,true,Bob Dylan,455,262,2,50,,false,",",false,
1624592560,2021-06-15,2021,Silver Lake Twin Drive-In Theatre,Perry,NY,2,11,Spirit Of The Dark Horse,557,false,,771,3,17,0,,true,",",false,
1624592560,2021-06-15,2021,Silver Lake Twin Drive-In Theatre,Perry,NY,2,12,The Empress Of Organos,604,false,Vasudo,1194,4,5,0,,true,,false,closer|jam
1625628063,2021-06-16,2021,Silver Lake Twin Drive-In Theatre,Perry,NY,1,1,Tumble,418,false,Vasudo,547,2,54,0,,false,>,true,closer|jam|peak
1625628063,2021-06-16,2021,Silver Lake Twin Drive-In Theatre,Perry,NY,1,2,Doobie Song,461,false,,398,4,11,0,,false,",",false,closer|encore
1625628063,2021-06-16,2021,Silver Lake Twin Drive-In Theatre,Perry,NY,1,3,Mississippi Half-Step Uptown Toodeloo,517,true,Grateful Dead,1151,22,22,20,,true,",",false,jam
1625628063,2021-06-16,2021,Silver Lake Twin Drive-In Theatre,Perry,NY,1,4,Wysteria Lane,405,false,Vasudo,832,3,67,0,,false,>,true,opener|jam|peak
1625628063,2021-06-16,2021,Silver Lake Twin Drive-In Theatre,Perry,NY,1,5,Innocent Son,681,true,Fleet Foxes,433,0,1,0,,false,",",false,
1625628063,2021-06-16,2021,Silver Lake Twin Drive-In Theatre,Perry,NY,1,6,The Labyrinth,639,false,,710,3,2,0,,false,",",false,opener
1625628063,2021-06-16,2021,Silver Lake Twin Drive-In Theatre,Perry,NY,1,7,Hot Tea,408,false,Vasudo,1052,6,74,0,,false,,false,closer
1625628063,2021-06-16,2021,Silver Lake Twin Drive-In Theatre,Perry,NY,2,8,Electric Avenue,464,true,Eddy Grant,890,20,21,20,,false,>,true,
1625628063,2021-06-16,2021,Silver Lake Twin Drive-In Theatre,Perry,NY,2,9,Creatures,420,false,,856,3,68,0,,false,",",false,jam
1625628063,2021-06-16,2021,Silver Lake Twin Drive-In Theatre,Perry,NY,2,10,This Old Sea,572,false,,910,6,8,0,,false,",",false,jam
1625628063,2021-06-16,2021,Silver Lake Twin Drive-In Theatre,Perry,NY,2,11,Jive II,413,false,,708,3,49,0,,false,>,true,opener
1625628063,2021-06-16,2021,Silver Lake Twin Drive-In Theatre,Perry,NY,2,12,Jive Lee,502,false,,278,5,46,0,,false,,false,closer|jam
1624331734,2021-06-18,2021,Legend Valley,Thornville,OH,1,1,Flodown,478,false,Vasudo,762,3,92,0,,false,",",false,
1624331734,2021-06-18,2021,Legend Valley,Thornville,OH,1,2,White Lights,586,false,,1051,4,36,0,,true,",",false,closer|encore
1624331734,2021-06-18,2021,Legend Valley,Thornville,OH,1,3,Arcadia,403,false,,1263,4,131,0,,true,",",false,closer
1624331734,2021-06-18,2021,Legend Valley,Thornville,OH,1,4,The Whales,425,false,,448,3,7,0,,false,",",false,opener
1624331734,2021-06-18,2021,Legend Valley,Thornville,OH,1,5,Jive I,411,false,,616,3,86,0,,false,>,true,
1624331734,2021-06-18,2021,Legend Valley,Thornville,OH,1,6,So Ready,421,false,,834,2,93,0,,false,,false,closer
1624331734,2021-06-18,2021,Legend Valley,Thornville,OH,2,7,Same Old Shenanigans,541,false,,806,2,9,0,,false,",",false,closer
1624331734,2021-06-18,2021,Legend Valley,Thornville,OH,2,8,Lead the Way,406,false,,763,4,63,0,,false,",",false,opener
1624331734,2021-06-18,2021,Legend Valley,Thornville,OH,2,9,Seekers on the Ridge pt I,609,false,,385,3,5,0,,false,>,true,
1624331734,2021-06-18,2021,Legend Valley,Thornville,OH,2,10,Seekers on the Ridge pt II,610,false,,322,3,5,0,,false,",",false,
1624331734,2021-06-18,2021,Legend Valley,Thornville,OH,2,11,All I Need,414,false,,1448,2,84,0,,true,>,true,jam
1624331734,2021-06-18,2021,Legend Valley,Thornville,OH,2,12,A Fifth Of Beethoven,434,true,Walter Murphy,408,18,8,10,,false,,false,closer
1624331734,2021-06-18,2021,Legend Valley,Thornville,OH,E,13,Brokedown Palace,614,true,Grateful Dead,353,0,1,0,,false,,false,ballad|encore
1624331751,2021-06-19,2021,Legend Valley,Thornville,OH,1,1,Green River,482,true,Creedence Clearwater Revival,546,16,21,10,,false,",",false,
1624331751,2021-06-19,2021,Legend Valley,Thornville,OH,1,2,Elizabeth,465,false,,690,5,27,0,,false,",",false,opener|jam
1624331751,2021-06-19,2021,Legend Valley,Thornville,OH,1,3,The Empress Of Organos,604,false,Vasudo,1171,2,6,0,,false,",",false,closer|jam
1624331751,2021-06-19,2021,Legend Valley,Thornville,OH,1,4,Rosewood Heart,412,false,,1109,3,22,0,,true,>,true,jam|peak
1624331751,2021-06-19,2021,Legend Valley,Thornville,OH,1,5,Honeybee,490,false,,517,4,12,0,,false,",",false,
1624331751,2021-06-19,2021,Legend Valley,Thornville,OH,1,6,Look Out Cleveland,591,true,The Band,871,18,2,10,,true,,false,closer|jam|peak
1624331751,2021-06-19,2021,Legend Valley,Thornville,OH,2,7,Elmeg The Wise,466,false,St. John's Revival,1324,6,8,0,,true,",",false,closer|encore
1624331751,2021-06-19,2021,Legend Valley,Thornville,OH,2,8,Madhuvan,512,false,,451,4,97,0,,false,>,true,opener|closer|jam
1624331751,2021-06-19,2021,Legend Valley,Thornville,OH,2,9,Moby,677,false,,333,7,2,0,,false,>,true,ballad
1624331751,2021-06-19,2021,Legend Valley,Thornville,OH,2,10,Madhuvan,512,false,,763,0,98,0,,true,",",false,opener|closer|jam
1624331751,2021-06-19,2021,Legend Valley,Thornville,OH,2,11,Earthling or Alien?,605,false,,814,4,5,0,,false,>,true,jam|peak
1624331751,2021-06-19,2021,Legend Valley,Thornville,OH,2,12,Strokin',560,true,Clarence Carter,722,89,6,35,,false,->,true,
1624331751,2021-06-19,2021,Legend Valley,Thornville,OH,2,13,Indian River,410,false,,287,3,80,0,,false,,false,
1624331751,2021-06-19,2021,Legend Valley,Thornville,OH,E,14,726,432,false,,599,7,4,0,,true,>,true,encore
1624331751,2021-06-19,2021,Legend Valley,Thornville,OH,E,15,Arrow,438,false,,1077,3,13,0,,true,,false,opener|closer|jam
1626226617,2021-07-02,2021,The Pines Music Park,Eau Claire,WI,1,1,Time to Flee,404,false,,868,4,67,0,,false,",",false,
1626226617,2021-07-02,2021,The Pines Music Park,Eau Claire,WI,1,2,A Western Sun,435,false,,455,3,29,0,,false,",",false,
1626226617,2021-07-02,2021,The Pines Music Park,Eau Claire,WI,1,3,Movin' Out (Anthony's Song),519,true,Billy Joel,599,20,13,20,,false,",",false,
1626226617,2021-07-02,2021,The Pines Music Park,Eau Claire,WI,1,4,Doc Brown,459,false,Great Blue,538,3,29,0,,false,",",false,
1626226617,2021-07-02,2021,The Pines Music Park,Eau Claire,WI,1,5,Butter Rum,415,false,Vasudo,805,4,66,0,,false,",",false,
1626226617,2021-07-02,2021,The Pines Music Park,Eau Claire,WI,1,6,Your Ocean,590,false,,482,4,10,0,,false,",",false,
1626226617,2021-07-02,2021,The Pines Music Park,Eau Claire,WI,1,7,Jive II,413,false,,742,2,50,0,,false,>,true,opener
1626226617,2021-07-02,2021,The Pines Music Park,Eau Claire,WI,1,8,Jive Lee,502,false,,764,2,47,0,,true,,false,closer|jam
1626226617,2021-07-02,2021,The Pines Music Park,Eau Claire,WI,2,9,Slow Ready,422,false,,1177,5,32,0,,true,->,true,
1626226617,2021-07-02,2021,The Pines Music Park,Eau Claire,WI,2,10,Drive,462,false,,1210,6,48,0,,true,->,true,opener|jam
1626226617,2021-07-02,2021,The Pines Music Park,Eau Claire,WI,2,11,Can't Get You Out Of My Head,426,true,Kylie Minogue,296,27,11,20,,false,->,true,
1626226617,2021-07-02,2021,The Pines Music Park,Eau Claire,WI,2,12,Mas Que Nada,513,true,Sergio Mendes,509,12,12,10,,false,",",false,
1626226617,2021-07-02,2021,The Pines Music Park,Eau Claire,WI,2,13,Tumble,418,false,Vasudo,659,2,55,0,,false,,false,closer|jam|peak
1626226633,2021-07-03,2021,The Pines Music Park,Eau Claire,WI,1,1,Honeybee,490,false,,438,1,13,0,,false,",",false,
1626226633,2021-07-03,2021,The Pines Music Park,Eau Claire,WI,1,2,Bob Don,429,false,,374,5,10,0,,false,",",false,
1626226633,2021-07-03,2021,The Pines Music Park,Eau Claire,WI,1,3,Turned Clouds,400,false,,739,4,65,0,,false,",",false,
1626226633,2021-07-03,2021,The Pines Music Park,Eau Claire,WI,1,4,The Way It Is,570,true,Bruce Hornsby,1123,10,25,10,,true,",",false,
1626226633,2021-07-03,2021,The Pines Music Park,Eau Claire,WI,1,5,Indian River,410,false,,350,1,81,0,,false,",",false,
1626226633,2021-07-03,2021,The Pines Music Park,Eau Claire,WI,1,6,Yeti,416,false,Great Blue,1029,6,52,0,,false,,false,opener
1626226633,2021-07-03,2021,The Pines Music Park,Eau Claire,WI,2,7,Bingo Tour Theme,684,false,,112,0,1,0,,false,",",false,opener|ballad
1626226633,2021-07-03,2021,The Pines Music Park,Eau Claire,WI,2,8,Creatures,420,false,,752,3,69,0,,false,->,true,jam
1626226633,2021-07-03,2021,The Pines Music Park,Eau Claire,WI,2,9,Shama Lama Ding Dong,545,true,Otis Day and The Knights,366,10,28,10,,false,",",false,encore
1626226633,2021-07-03,2021,The Pines Music Park,Eau Claire,WI,2,10,Rosewood Heart,412,false,,641,1,23,0,,false,>,true,jam|peak
1626226633,2021-07-03,2021,The Pines Music Park,Eau Claire,WI,2,11,Spirit Of The Dark Horse,557,false,,815,4,18,0,,false,",",false,
1626226633,2021-07-03,2021,The Pines Music Park,Eau Claire,WI,2,12,This Old Sea,572,false,,907,3,9,0,,true,,false,jam
1626226633,2021-07-03,2021,The Pines Music Park,Eau Claire,WI,E,13,Hot Tea,408,false,Vasudo,466,3,75,0,,false,,false,closer
1627784422,2021-07-06,2021,Pine Creek Lodge,Livingston,MT,1,1,The Whales,425,false,,477,3,8,0,,false,",",false,opener
1627784422,2021-07-06,2021,Pine Creek Lodge,Livingston,MT,1,2,Lead the Way,406,false,,647,3,64,0,,false,",",false,opener
1627784422,2021-07-06,2021,Pine Creek Lodge,Livingston,MT,1,3,Me and Julio Down By The Schoolyard,515,true,Paul Simon,546,10,19,10,,false,",",false,
1627784422,2021-07-06,2021,Pine Creek Lodge,Livingston,MT,1,4,All I Need,414,false,,1367,3,85,0,,true,>,true,jam
1627784422,2021-07-06,2021,Pine Creek Lodge,Livingston,MT,1,5,(Marie's The Name) His Latest Flame,593,true,Elvis Presley,646,26,3,20,,false,",",false,
1627784422,2021-07-06,2021,Pine Creek Lodge,Livingston,MT,1,6,White Lights,586,false,,804,3,37,0,,false,,false,closer|encore
1627784422,2021-07-06,2021,Pine Creek Lodge,Livingston,MT,2,7,Travelers,574,false,,575,5,6,0,,false,",",false,
1627784422,2021-07-06,2021,Pine Creek Lodge,Livingston,MT,2,8,Flodown,478,false,Vasudo,694,3,93,0,,true,",",false,
1627784422,2021-07-06,2021,Pine Creek Lodge,Livingston,MT,2,9,Wysteria Lane,405,false,Vasudo,1136,4,68,0,,true,->,true,opener|jam|peak
1627784422,2021-07-06,2021,Pine Creek Lodge,Livingston,MT,2,10,Echo of a Rose,463,false,Vasudo,708,5,40,0,,true,",",false,jam
1627784422,2021-07-06,2021,Pine Creek Lodge,Livingston,MT,2,11,Escape (The Piña Colada Song),469,true,Rupert Holmes,489,31,23,20,,false,,false,opener|encore
1627784422,2021-07-06,2021,Pine Creek Lodge,Livingston,MT,E,12,Jive Lee,502,false,,342,1,48,0,,false,,false,closer|jam
1627787577,2021-07-07,2021,Pine Creek Lodge,Livingston,MT,1,1,Drive,462,false,,1210,2,49,0,,true,>,true,opener|jam
1627787577,2021-07-07,2021,Pine Creek Lodge,Livingston,MT,1,2,Elizabeth,465,false,,543,3,28,0,,false,",",false,opener|jam
1627787577,2021-07-07,2021,Pine Creek Lodge,Livingston,MT,1,3,Liza Jane,508,true,African American Folk Song,611,80,16,35,,false,",",false,opener
1627787577,2021-07-07,2021,Pine Creek Lodge,Livingston,MT,1,4,Jive I,411,false,,584,4,87,0,,false,",",false,
1627787577,2021-07-07,2021,Pine Creek Lodge,Livingston,MT,1,5,Earthling or Alien?,605,false,,661,3,6,0,,false,>,true,jam|peak
1627787577,2021-07-07,2021,Pine Creek Lodge,Livingston,MT,1,6,Drive,462,false,,501,0,50,0,,false,,false,opener|jam
1627787577,2021-07-07,2021,Pine Creek Lodge,Livingston,MT,2,7,Bingo Tour Theme,684,false,,123,1,2,0,,false,",",false,opener|ballad
1627787577,2021-07-07,2021,Pine Creek Lodge,Livingston,MT,2,8,Madhuvan,512,false,,452,3,99,0,,false,>,true,opener|closer|jam
1627787577,2021-07-07,2021,Pine Creek Lodge,Livingston,MT,2,9,Doctor My Eyes,678,true,Jackson Browne,720,13,2,10,,false,>,true,
1627787577,2021-07-07,2021,Pine Creek Lodge,Livingston,MT,2,10,Madhuvan,512,false,,344,0,100,0,,false,->,true,opener|closer|jam
1627787577,2021-07-07,2021,Pine Creek Lodge,Livingston,MT,2,11,Indian River,410,false,,446,1,82,0,,false,",",false,
1627787577,2021-07-07,2021,Pine Creek Lodge,Livingston,MT,2,12,Hot Tea,408,false,Vasudo,894,1,76,0,,false,,false,closer
1627787577,2021-07-07,2021,Pine Creek Lodge,Livingston,MT,E,13,Peggy-O,531,true,Grateful Dead,590,32,11,20,,false,",",false,
1627787577,2021-07-07,2021,Pine Creek Lodge,Livingston,MT,E,14,Turn On Your Love Light,578,true,Bobby Blue Bland,508,12,38,10,,false,,false,closer|encore
1627788999,2021-07-09,2021,Sculpture Park at Denver Performing Arts Center,Denver,CO,1,1,So Ready,421,false,,816,5,94,0,,false,",",false,closer
1627788999,2021-07-09,2021,Sculpture Park at Denver Performing Arts Center,Denver,CO,1,2,Honeybee,490,false,,475,2,14,0,,false,",",false,
1627788999,2021-07-09,2021,Sculpture Park at Denver Performing Arts Center,Denver,CO,1,3,Yeti,416,false,Great Blue,499,2,53,0,,false,",",false,opener
1627788999,2021-07-09,2021,Sculpture Park at Denver Performing Arts Center,Denver,CO,1,4,A Western Sun,435,false,,708,3,30,0,,false,>,true,
1627788999,2021-07-09,2021,Sculpture Park at Denver Performing Arts Center,Denver,CO,1,5,In Your Eyes,498,true,Peter Gabriel,949,21,3,20,,true,",",false,jam|peak
1627788999,2021-07-09,2021,Sculpture Park at Denver Performing Arts Center,Denver,CO,1,6,Bob Don,429,false,,352,2,11,0,,false,",",false,
1627788999,2021-07-09,2021,Sculpture Park at Denver Performing Arts Center,Denver,CO,1,7,Tumble,418,false,Vasudo,899,3,56,0,,false,,false,closer|jam|peak
1627788999,2021-07-09,2021,Sculpture Park at Denver Performing Arts Center,Denver,CO,2,8,Fish In The Sea,477,true,Fat Freddy's Drop,640,9,5,10,,false,",",false,opener
1627788999,2021-07-09,2021,Sculpture Park at Denver Performing Arts Center,Denver,CO,2,9,Into the Myst,402,false,,795,7,29,0,,false,",",false,jam
1627788999,2021-07-09,2021,Sculpture Park at Denver Performing Arts Center,Denver,CO,2,10,Same Old Shenanigans,541,false,,709,5,10,0,,false,",",false,closer
1627788999,2021-07-09,2021,Sculpture Park at Denver Performing Arts Center,Denver,CO,2,11,Elmeg The Wise,466,false,St. John's Revival,996,4,9,0,,false,",",false,closer|encore
1627788999,2021-07-09,2021,Sculpture Park at Denver Performing Arts Center,Denver,CO,2,12,726,432,false,,532,4,5,0,,false,>,true,encore
1627788999,2021-07-09,2021,Sculpture Park at Denver Performing Arts Center,Denver,CO,2,13,The Empress Of Organos,604,false,Vasudo,643,4,7,0,,false,,false,closer|jam
1628047692,2021-07-10,2021,Sculpture Park at Denver Performing Arts Center,Denver,CO,1,1,Jive II,413,false,,673,4,51,0,,false,>,true,opener
1628047692,2021-07-10,2021,Sculpture Park at Denver Performing Arts Center,Denver,CO,1,2,Time to Flee,404,false,,647,4,68,0,,false,>,true,
1628047692,2021-07-10,2021,Sculpture Park at Denver Performing Arts Center,Denver,CO,1,3,Butter Rum,415,false,Vasudo,502,4,67,0,,false,",",false,
1628047692,2021-07-10,2021,Sculpture Park at Denver Performing Arts Center,Denver,CO,1,4,Turned Clouds,400,false,,645,3,66,0,,false,",",false,
1628047692,2021-07-10,2021,Sculpture Park at Denver Performing Arts Center,Denver,CO,1,5,Your Ocean,590,false,,468,4,11,0,,false,>,true,
1628047692,2021-07-10,2021,Sculpture Park at Denver Performing Arts Center,Denver,CO,1,6,Arcadia,403,false,,847,6,132,0,,false,",",false,closer
1628047692,2021-07-10,2021,Sculpture Park at Denver Performing Arts Center,Denver,CO,1,7,Seekers on the Ridge pt I,609,false,,390,6,6,0,,false,>,true,
1628047692,2021-07-10,2021,Sculpture Park at Denver Performing Arts Center,Denver,CO,1,8,Seekers on the Ridge pt II,610,false,,314,6,6,0,,false,,false,
1628047692,2021-07-10,2021,Sculpture Park at Denver Performing Arts Center,Denver,CO,2,9,Bingo Tour Theme,684,false,,172,1,3,0,,false,",",false,opener|ballad
1628047692,2021-07-10,2021,Sculpture Park at Denver Performing Arts Center,Denver,CO,2,10,Arrow,438,false,,1219,5,14,0,,true,>,true,opener|closer|jam
1628047692,2021-07-10,2021,Sculpture Park at Denver Performing Arts Center,Denver,CO,2,11,Creatures,420,false,,895,3,70,0,,true,>,true,jam
1628047692,2021-07-10,2021,Sculpture Park at Denver Performing Arts Center,Denver,CO,2,12,Moby,677,false,,233,5,3,0,,false,",",false,ballad
1628047692,2021-07-10,2021,Sculpture Park at Denver Performing Arts Center,Denver,CO,2,13,State Of The Art (A.E.I.O.U.),558,true,Jim James,420,27,2,20,,false,",",false,closer
1628047692,2021-07-10,2021,Sculpture Park at Denver Performing Arts Center,Denver,CO,2,14,Hot Tea,408,false,Vasudo,644,1,77,0,,false,,false,closer
1628047692,2021-07-10,2021,Sculpture Park at Denver Performing Arts Center,Denver,CO,E,15,Don't Do It,460,true,The Band,460,12,20,10,,false,,false,closer|encore
1628134819,2021-07-23,2021,FloydFest,Floyd,VA,1,1,All I Need,414,false,,1112,3,86,0,,false,->,true,jam
1628134819,2021-07-23,2021,FloydFest,Floyd,VA,1,2,Flodown,478,false,Vasudo,570,3,94,0,,false,",",false,
1628134819,2021-07-23,2021,FloydFest,Floyd,VA,1,3,Mississippi Half-Step Uptown Toodeloo,517,true,Grateful Dead,859,8,23,10,,false,",",false,jam
1628134819,2021-07-23,2021,FloydFest,Floyd,VA,1,4,Slow Ready,422,false,,657,5,33,0,,false,",",false,
1628134819,2021-07-23,2021,FloydFest,Floyd,VA,1,5,The Empress Of Organos,604,false,Vasudo,1093,1,8,0,,false,",",false,closer|jam
1628134819,2021-07-23,2021,FloydFest,Floyd,VA,1,6,Madhuvan,512,false,,1016,2,101,0,,false,",",false,opener|closer|jam
1628134819,2021-07-23,2021,FloydFest,Floyd,VA,1,7,This Old Sea,572,false,,1068,4,10,0,,true,",",false,jam
1628134819,2021-07-23,2021,FloydFest,Floyd,VA,1,8,Jive I,411,false,,566,2,88,0,,false,>,true,
1628134819,2021-07-23,2021,FloydFest,Floyd,VA,1,9,Jive Lee,502,false,,482,3,49,0,,false,,false,closer|jam
1628134819,2021-07-23,2021,FloydFest,Floyd,VA,E,10,Arcadia,403,false,,752,0,133,0,,false,,false,closer
1630723826,2021-08-21,2021,Oak Ridge Farm,Arrington,VA,1,1,Yeti,416,false,Great Blue,585,2,54,0,,false,",",false,opener
1630723826,2021-08-21,2021,Oak Ridge Farm,Arrington,VA,1,2,Drive,462,false,,1424,3,51,0,,true,>,true,opener|jam
1630723826,2021-08-21,2021,Oak Ridge Farm,Arrington,VA,1,3,Rosewood Heart,412,false,,634,5,24,0,,false,>,true,jam|peak
1630723826,2021-08-21,2021,Oak Ridge Farm,Arrington,VA,1,4,Please Forgive Me,685,true,David Gray,516,0,1,0,,false,",",false,
1630723826,2021-08-21,2021,Oak Ridge Farm,Arrington,VA,1,5,Seekers on the Ridge pt I,609,false,,405,1,7,0,,false,>,true,
1630723826,2021-08-21,2021,Oak Ridge Farm,Arrington,VA,1,6,Seekers on the Ridge pt II,610,false,,312,1,7,0,,false,",",false,
1630723826,2021-08-21,2021,Oak Ridge Farm,Arrington,VA,1,7,Arrow,438,false,,1307,1,15,0,,true,,false,opener|closer|jam
1630723826,2021-08-21,2021,Oak Ridge Farm,Arrington,VA,2,8,Creatures,420,false,,1236,1,71,0,,true,",",false,jam
1630723826,2021-08-21,2021,Oak Ridge Farm,Arrington,VA,2,9,Hot Tea,408,false,Vasudo,1137,1,78,0,,true,",",false,closer
1630723826,2021-08-21,2021,Oak Ridge Farm,Arrington,VA,2,10,This Old Sea,572,false,,968,0,11,0,,false,",",false,jam
1630723826,2021-08-21,2021,Oak Ridge Farm,Arrington,VA,2,11,Don't Do It,460,true,The Band,550,1,21,0,,false,,false,closer|encore
1630726077,2021-08-22,2021,Oak Ridge Farm,Arrington,VA,1,1,Honeybee,490,false,,443,3,15,0,,false,",",false,
1630726077,2021-08-22,2021,Oak Ridge Farm,Arrington,VA,1,2,Lily's Tiger,603,false,Great Blue,437,23,2,20,,false,",",false,opener
1630726077,2021-08-22,2021,Oak Ridge Farm,Arrington,VA,1,3,Butter Rum,415,false,Vasudo,458,2,68,0,,false,",",false,
1630726077,2021-08-22,2021,Oak Ridge Farm,Arrington,VA,1,4,Tumble,418,false,Vasudo,1185,3,57,0,,true,",",false,closer|jam|peak
1630726077,2021-08-22,2021,Oak Ridge Farm,Arrington,VA,1,5,726,432,false,,545,3,6,0,,false,",",false,encore
1630726077,2021-08-22,2021,Oak Ridge Farm,Arrington,VA,1,6,So Ready,421,false,,765,3,95,0,,true,,false,closer
1630726077,2021-08-22,2021,Oak Ridge Farm,Arrington,VA,2,7,Spirit Of The Dark Horse,557,false,,699,6,19,0,,false,>,true,
1630726077,2021-08-22,2021,Oak Ridge Farm,Arrington,VA,2,8,A Western Sun,435,false,,439,3,31,0,,false,",",false,
1630726077,2021-08-22,2021,Oak Ridge Farm,Arrington,VA,2,9,Earthling or Alien?,605,false,,1162,4,7,0,,false,",",false,jam|peak
1630726077,2021-08-22,2021,Oak Ridge Farm,Arrington,VA,2,10,Factory Fiction,473,false,Vasudo,1119,13,6,10,,true,,false,closer|jam|peak|encore
1630726077,2021-08-22,2021,Oak Ridge Farm,Arrington,VA,E,11,Travelers,574,false,,572,5,7,0,,false,>,true,
1630726077,2021-08-22,2021,Oak Ridge Farm,Arrington,VA,E,12,Elmeg The Wise,466,false,St. John's Revival,991,3,10,0,,false,,false,closer|encore
1630728677,2021-08-28,2021,Bronx Zoo,Bronx,NY,1,1,So Ready,421,false,,,0,96,0,,false,",",false,closer
1630728677,2021-08-28,2021,Bronx Zoo,Bronx,NY,1,2,I Wish,495,true,Stevie Wonder,,76,12,35,,false,",",false,
1630728677,2021-08-28,2021,Bronx Zoo,Bronx,NY,1,3,Arcadia,403,false,,,2,134,0,,false,,false,closer
1631854243,2021-09-03,2021,Snowshoe Mountain Resort,Snowshoe,WV,1,1,Jive II,413,false,,752,4,52,0,,false,>,true,opener
1631854243,2021-09-03,2021,Snowshoe Mountain Resort,Snowshoe,WV,1,2,Time to Flee,404,false,,1229,4,69,0,,true,",",false,
1631854243,2021-09-03,2021,Snowshoe Mountain Resort,Snowshoe,WV,1,3,Same Old Shenanigans,541,false,,752,5,11,0,,false,>,true,closer
1631854243,2021-09-03,2021,Snowshoe Mountain Resort,Snowshoe,WV,1,4,White Lights,586,false,,808,7,38,0,,true,",",false,closer|encore
1631854243,2021-09-03,2021,Snowshoe Mountain Resort,Snowshoe,WV,1,5,Your Ocean,590,false,,467,4,12,0,,false,",",false,
1631854243,2021-09-03,2021,Snowshoe Mountain Resort,Snowshoe,WV,1,6,Creatures,420,false,,850,2,72,0,,false,->,true,jam
1631854243,2021-09-03,2021,Snowshoe Mountain Resort,Snowshoe,WV,1,7,Jive Lee,502,false,,330,3,50,0,,false,,false,closer|jam
1631924908,2021-09-18,2021,Sea.Hear.Now Festival,Asbury Park,NJ,1,1,Yeti,416,false,Great Blue,408,3,55,0,,false,",",false,opener
1631924908,2021-09-18,2021,Sea.Hear.Now Festival,Asbury Park,NJ,1,2,Arcadia,403,false,,602,1,135,0,,false,",",false,closer
1631924908,2021-09-18,2021,Sea.Hear.Now Festival,Asbury Park,NJ,1,3,Madhuvan,512,false,,997,4,102,0,,false,",",false,opener|closer|jam
1631924908,2021-09-18,2021,Sea.Hear.Now Festival,Asbury Park,NJ,1,4,Turned Clouds,400,false,,611,5,67,0,,false,",",false,
1631924908,2021-09-18,2021,Sea.Hear.Now Festival,Asbury Park,NJ,1,5,The Empress Of Organos,604,false,Vasudo,507,4,9,0,,false,,false,closer|jam
1635306732,2021-10-08,2021,Terminal 5,New York,NY,1,1,So Ready,421,false,,775,2,97,0,,false,",",false,closer
1635306732,2021-10-08,2021,Terminal 5,New York,NY,1,2,Look Out Cleveland,591,true,The Band,1015,12,3,10,,true,",",false,closer|jam|peak
1635306732,2021-10-08,2021,Terminal 5,New York,NY,1,3,Honeybee,490,false,,458,3,16,0,,false,",",false,
1635306732,2021-10-08,2021,Terminal 5,New York,NY,1,4,Indian River,410,false,,798,8,83,10,,true,",",false,
1635306732,2021-10-08,2021,Terminal 5,New York,NY,1,5,The Whales,425,false,,440,9,9,10,,false,",",false,opener
1635306732,2021-10-08,2021,Terminal 5,New York,NY,1,6,All I Need,414,false,,1062,5,87,0,,true,,false,jam
1635306732,2021-10-08,2021,Terminal 5,New York,NY,2,7,2021,709,true,Vampire Weekend,483,0,1,0,,false,>,true,opener|closer
1635306732,2021-10-08,2021,Terminal 5,New York,NY,2,8,The Old Man's Boat,710,false,,736,0,1,0,,false,>,true,
1635306732,2021-10-08,2021,Terminal 5,New York,NY,2,9,Rosewood Heart,412,false,,649,4,25,0,,false,->,true,jam|peak
1635306732,2021-10-08,2021,Terminal 5,New York,NY,2,10,Into the Myst,402,false,,771,7,30,0,,false,>,true,jam
1635306732,2021-10-08,2021,Terminal 5,New York,NY,2,11,Echo of a Rose,463,false,Vasudo,619,9,41,10,,false,>,true,jam
1635306732,2021-10-08,2021,Terminal 5,New York,NY,2,12,2021,709,true,Vampire Weekend,101,0,2,0,,false,,false,opener|closer
1635306732,2021-10-08,2021,Terminal 5,New York,NY,E,13,Flodown,478,false,Vasudo,607,5,95,0,,false,,false,
1635910003,2021-10-09,2021,Terminal 5,New York,NY,1,1,Tumble,418,false,Vasudo,1059,4,58,0,,true,",",false,closer|jam|peak
1635910003,2021-10-09,2021,Terminal 5,New York,NY,1,2,Bob Don,429,false,,346,8,12,10,,false,",",false,
1635910003,2021-10-09,2021,Terminal 5,New York,NY,1,3,Life On The Shelf,711,false,,325,0,1,0,,false,",",false,ballad
1635910003,2021-10-09,2021,Terminal 5,New York,NY,1,4,White Lights,586,false,,741,2,39,0,,true,->,true,closer|encore
1635910003,2021-10-09,2021,Terminal 5,New York,NY,1,5,Jive I,411,false,,647,6,89,0,,false,>,true,
1635910003,2021-10-09,2021,Terminal 5,New York,NY,1,6,Jive Lee,502,false,,864,2,51,0,,true,>,true,closer|jam
1635910003,2021-10-09,2021,Terminal 5,New York,NY,1,7,Rock The Casbah,431,true,The Clash,272,31,4,20,,false,,false,encore
1635910003,2021-10-09,2021,Terminal 5,New York,NY,2,8,Wysteria Lane,405,false,Vasudo,905,10,69,10,,false,>,true,opener|jam|peak
1635910003,2021-10-09,2021,Terminal 5,New York,NY,2,9,It Burns Within,500,false,St. John's Revival,579,28,4,20,,false,>,true,
1635910003,2021-10-09,2021,Terminal 5,New York,NY,2,10,Seekers on the Ridge pt I,609,false,,389,5,8,0,,false,>,true,
1635910003,2021-10-09,2021,Terminal 5,New York,NY,2,11,Seekers on the Ridge pt II,610,false,,294,5,8,0,,false,>,true,
1635910003,2021-10-09,2021,Terminal 5,New York,NY,2,12,Hot Tea,408,false,Vasudo,937,5,79,0,,false,->,true,closer
1635910003,2021-10-09,2021,Terminal 5,New York,NY,2,13,Dragonfly,694,false,,466,0,1,0,,false,,false,closer
1635910003,2021-10-09,2021,Terminal 5,New York,NY,3,14,Get The Funk Out Ma Face,479,true,Brothers Johnson,593,41,4,20,,false,",",false,
1635910003,2021-10-09,2021,Terminal 5,New York,NY,3,15,Creatures,420,false,,767,2,73,0,,false,->,true,jam
1635910003,2021-10-09,2021,Terminal 5,New York,NY,3,16,Pumped Up Kicks,534,true,Foster The People,381,31,17,20,,false,",",false,
1635910003,2021-10-09,2021,Terminal 5,New York,NY,3,17,Madhuvan,512,false,,446,1,103,0,,false,>,true,opener|closer|jam
1635910003,2021-10-09,2021,Terminal 5,New York,NY,3,18,Trevor Reads Poetry,741,false,,72,42,2,20,,false,>,true,ballad
1635910003,2021-10-09,2021,Terminal 5,New York,NY,3,19,Madhuvan,512,false,,258,0,104,0,,false,->,true,opener|closer|jam
1635910003,2021-10-09,2021,Terminal 5,New York,NY,3,20,Turn On Your Love Light,578,true,Bobby Blue Bland,481,9,39,10,,false,>,true,closer|encore
1635910003,2021-10-09,2021,Terminal 5,New York,NY,3,21,Madhuvan,512,false,,450,0,105,0,,false,,false,opener|closer|jam
1635910003,2021-10-09,2021,Terminal 5,New York,NY,E,22,Hot Tea,408,false,Vasudo,255,0,80,0,,false,,false,closer
1635919185,2021-10-28,2021,State Theater,Portland,ME,1,1,All I Need,414,false,,698,1,88,0,,false,",",false,jam
1635919185,2021-10-28,2021,State Theater,Portland,ME,1,2,Elizabeth,465,false,,742,10,29,10,,false,",",false,opener|jam
1635919185,2021-10-28,2021,State Theater,Portland,ME,1,3,Travelers,574,false,,528,5,8,0,,false,>,true,
1635919185,2021-10-28,2021,State Theater,Portland,ME,1,4,Same Old Shenanigans,541,false,,739,3,12,0,,false,",",false,closer
1635919185,2021-10-28,2021,State Theater,Portland,ME,1,5,Rosewood Heart,412,false,,1064,1,26,0,,true,>,true,jam|peak
1635919185,2021-10-28,2021,State Theater,Portland,ME,1,6,Slow Ready,422,false,,661,7,34,0,,false,,false,
1635919185,2021-10-28,2021,State Theater,Portland,ME,2,7,Electric Avenue,464,true,Eddy Grant,769,16,22,10,,false,>,true,
1635919185,2021-10-28,2021,State Theater,Portland,ME,2,8,Drive,462,false,,1604,6,52,0,,true,",",false,opener|jam
1635919185,2021-10-28,2021,State Theater,Portland,ME,2,9,Your Ocean,590,false,,447,3,13,0,,false,",",false,
1635919185,2021-10-28,2021,State Theater,Portland,ME,2,10,The Empress Of Organos,604,false,Vasudo,1230,2,10,0,,false,,false,closer|jam
1635919185,2021-10-28,2021,State Theater,Portland,ME,E,11,Butter Rum,415,false,Vasudo,518,5,69,0,,false,,false,
1635919553,2021-10-29,2021,State Theater,Portland,ME,1,1,Yeti,416,false,Great Blue,526,3,56,0,,false,",",false,opener
1635919553,2021-10-29,2021,State Theater,Portland,ME,1,2,Escape (The Piña Colada Song),469,true,Rupert Holmes,377,12,24,10,,false,",",false,opener|encore
1635919553,2021-10-29,2021,State Theater,Portland,ME,1,3,Jive I,411,false,,640,1,90,0,,false,>,true,
1635919553,2021-10-29,2021,State Theater,Portland,ME,1,4,Echo of a Rose,463,false,Vasudo,808,2,42,0,,false,->,true,jam
1635919553,2021-10-29,2021,State Theater,Portland,ME,1,5,Spirit Of The Dark Horse,557,false,,836,6,20,0,,false,",",false,
1635919553,2021-10-29,2021,State Theater,Portland,ME,1,6,Madhuvan,512,false,,1218,1,106,0,,true,,false,opener|closer|jam
1635919553,2021-10-29,2021,State Theater,Portland,ME,2,7,Arcadia,403,false,,1333,3,136,0,,true,",",false,closer
1635919553,2021-10-29,2021,State Theater,Portland,ME,2,8,Creatures,420,false,,864,1,74,0,,false,->,true,jam
1635919553,2021-10-29,2021,State Theater,Portland,ME,2,9,Me & My Uncle,592,true,John Philips,350,20,32,20,,false,",",false,opener
1635919553,2021-10-29,2021,State Theater,Portland,ME,2,10,Lead the Way,406,false,,896,12,65,10,,true,",",false,opener
1635919553,2021-10-29,2021,State Theater,Portland,ME,2,11,Flodown,478,false,Vasudo,699,2,96,0,,false,,false,
1635919553,2021-10-29,2021,State Theater,Portland,ME,E,12,726,432,false,,542,6,7,0,,false,>,true,encore
1635919553,2021-10-29,2021,State Theater,Portland,ME,E,13,Jive Lee,502,false,,541,1,52,0,,false,->,true,closer|jam
1635919553,2021-10-29,2021,State Theater,Portland,ME,E,14,Loose Ends,762,false,Vasudo,106,21,6,20,,false,,false,closer
1643255453,2021-10-30,2021,The Palladium,Worcester,MA,1,1,Wysteria Lane,405,false,Vasudo,866,2,70,0,,false,>,true,opener|jam|peak
1643255453,2021-10-30,2021,The Palladium,Worcester,MA,1,2,Time to Flee,404,false,,933,5,70,0,,false,",",false,
1643255453,2021-10-30,2021,The Palladium,Worcester,MA,1,3,Jive II,413,false,,630,5,53,0,,false,",",false,opener
1643255453,2021-10-30,2021,The Palladium,Worcester,MA,1,4,The Whales,425,false,,422,3,10,0,,false,",",false,opener
1643255453,2021-10-30,2021,The Palladium,Worcester,MA,1,5,Rockdale,714,false,Vasudo,755,0,1,0,,false,",",false,opener|closer|jam
1643255453,2021-10-30,2021,The Palladium,Worcester,MA,1,6,Seekers on the Ridge pt I,609,false,,402,2,9,0,,false,>,true,
1643255453,2021-10-30,2021,The Palladium,Worcester,MA,1,7,Tumble,418,false,Vasudo,880,2,59,0,,false,,false,closer|jam|peak
1643255453,2021-10-30,2021,The Palladium,Worcester,MA,2,8,Arrow,438,false,,857,8,16,10,,false,->,true,opener|closer|jam
1643255453,2021-10-30,2021,The Palladium,Worcester,MA,2,9,Bob Don,429,false,,366,2,13,0,,false,>,true,
1643255453,2021-10-30,2021,The Palladium,Worcester,MA,2,10,Ghostbusters Rap,481,true,Run DMC,633,31,18,20,,false,>,true,closer
1643255453,2021-10-30,2021,The Palladium,Worcester,MA,2,11,Fish In The Sea,477,true,Fat Freddy's Drop,679,11,6,10,,false,",",false,opener
1643255453,2021-10-30,2021,The Palladium,Worcester,MA,2,12,White Lights,586,false,,721,2,40,0,,false,->,true,closer|encore
1643255453,2021-10-30,2021,The Palladium,Worcester,MA,2,13,Arrow,438,false,,144,0,17,0,,false,,false,opener|closer|jam
1643255453,2021-10-30,2021,The Palladium,Worcester,MA,E,14,Moby,677,false,,300,10,4,10,,false,>,true,ballad
1643255453,2021-10-30,2021,The Palladium,Worcester,MA,E,15,Mas Que Nada,513,true,Sergio Mendes,610,15,13,10,,false,,false,
1643255473,2021-10-31,2021,The Palladium,Worcester,MA,1,1,Soul Bossa Nova,552,true,Quincy Jones,384,188,3,50,,false,",",false,opener|ballad|encore
1643255473,2021-10-31,2021,The Palladium,Worcester,MA,1,2,Draggin' the Line,716,true,Tommy James,514,0,1,0,,false,",",false,
1643255473,2021-10-31,2021,The Palladium,Worcester,MA,1,3,Earthling or Alien?,605,false,,1006,8,8,10,,false,",",false,jam|peak
1643255473,2021-10-31,2021,The Palladium,Worcester,MA,1,4,My Generation,521,true,The Who,976,185,5,50,,false,>,true,jam
1643255473,2021-10-31,2021,The Palladium,Worcester,MA,1,5,A Western Sun,435,false,,429,8,32,10,,false,",",false,
1643255473,2021-10-31,2021,The Palladium,Worcester,MA,1,6,I'm A Believer,717,true,The Monkees,702,0,1,0,,false,->,true,
1643255473,2021-10-31,2021,The Palladium,Worcester,MA,1,7,Earthling or Alien?,605,false,,61,0,9,0,,false,>,true,jam|peak
1643255473,2021-10-31,2021,The Palladium,Worcester,MA,1,8,So Ready,421,false,,783,4,98,0,,false,,false,closer
1643255473,2021-10-31,2021,The Palladium,Worcester,MA,2,9,American Woman,718,true,The Guess Who,312,0,1,0,,false,",",false,opener|ballad|encore
1643255473,2021-10-31,2021,The Palladium,Worcester,MA,2,10,The Labyrinth,639,false,,665,19,3,10,,false,>,true,opener
1643255473,2021-10-31,2021,The Palladium,Worcester,MA,2,11,Magic Carpet Ride,719,true,Steppenwolf,406,0,1,0,,false,",",false,encore
1643255473,2021-10-31,2021,The Palladium,Worcester,MA,2,12,Into the Myst,402,false,,776,4,31,0,,false,->,true,jam
1643255473,2021-10-31,2021,The Palladium,Worcester,MA,2,13,Whip It,720,true,Devo,142,0,1,0,,false,",",false,ballad|encore
1643255473,2021-10-31,2021,The Palladium,Worcester,MA,2,14,Seekers on the Ridge pt II,610,false,,325,3,9,0,,false,",",false,
1643255473,2021-10-31,2021,The Palladium,Worcester,MA,2,15,Just The Two Of Us,721,true,Bill Withers,510,0,1,0,,false,",",false,
1643255473,2021-10-31,2021,The Palladium,Worcester,MA,2,16,Hot Tea,408,false,Vasudo,1060,3,81,0,,false,,false,closer
1643255473,2021-10-31,2021,The Palladium,Worcester,MA,E,17,All I Need,414,false,,661,2,89,0,,false,,false,jam
1643255965,2021-11-06,2021,The Eastern,Atlanta,GA,1,1,Flodown,478,false,Vasudo,774,2,97,0,,false,",",false,
1643255965,2021-11-06,2021,The Eastern,Atlanta,GA,1,2,The W.S. Walcott Medicine Show,582,true,The Band,783,58,14,35,,true,",",false,
1643255965,2021-11-06,2021,The Eastern,Atlanta,GA,1,3,Life On The Shelf,711,false,,340,4,2,0,,false,",",false,ballad
1643255965,2021-11-06,2021,The Eastern,Atlanta,GA,1,4,Indian River,410,false,,821,5,84,0,,false,>,true,
1643255965,2021-11-06,2021,The Eastern,Atlanta,GA,1,5,Honeybee,490,false,,432,5,17,0,,false,>,true,
1643255965,2021-11-06,2021,The Eastern,Atlanta,GA,1,6,Slow Ready,422,false,,792,3,35,0,,true,->,true,
1643255965,2021-11-06,2021,The Eastern,Atlanta,GA,1,7,Arcadia,403,false,,1110,2,137,0,,false,,false,closer
1643255965,2021-11-06,2021,The Eastern,Atlanta,GA,2,8,The Empress Of Organos,604,false,Vasudo,1094,3,11,0,,false,",",false,closer|jam
1643255965,2021-11-06,2021,The Eastern,Atlanta,GA,2,9,Please Forgive Me,685,true,David Gray,621,10,2,10,,false,>,true,
1643255965,2021-11-06,2021,The Eastern,Atlanta,GA,2,10,Rosewood Heart,412,false,,1532,3,27,0,,true,>,true,jam|peak
1643255965,2021-11-06,2021,The Eastern,Atlanta,GA,2,11,Creatures,420,false,,817,2,75,0,,false,->,true,jam
1643255965,2021-11-06,2021,The Eastern,Atlanta,GA,2,12,Dragonfly,694,false,,486,4,2,0,,false,,false,closer
1643255965,2021-11-06,2021,The Eastern,Atlanta,GA,E,13,Turned Clouds,400,false,,745,6,68,0,,false,,false,
1643255989,2021-11-07,2021,The Eastern,Atlanta,GA,1,1,Jive II,413,false,,758,2,54,0,,false,",",false,opener
1643255989,2021-11-07,2021,The Eastern,Atlanta,GA,1,2,Doc Brown,459,false,Great Blue,492,18,30,10,,false,",",false,
1643255989,2021-11-07,2021,The Eastern,Atlanta,GA,1,3,Atlas,439,true,The Wood Brothers,836,26,29,20,,false,",",false,opener
1643255989,2021-11-07,2021,The Eastern,Atlanta,GA,1,4,All I Need,414,false,,1086,1,90,0,,true,>,true,jam
1643255989,2021-11-07,2021,The Eastern,Atlanta,GA,1,5,Drive,462,false,,1004,4,53,0,,true,,false,opener|jam
1643255989,2021-11-07,2021,The Eastern,Atlanta,GA,2,6,Echo of a Rose,463,false,Vasudo,395,3,43,0,,false,",",false,jam
1643255989,2021-11-07,2021,The Eastern,Atlanta,GA,2,7,Same Old Shenanigans,541,false,,864,4,13,0,,false,",",false,closer
1643255989,2021-11-07,2021,The Eastern,Atlanta,GA,2,8,The Old Man's Boat,710,false,,1156,6,2,0,,true,>,true,
1643255989,2021-11-07,2021,The Eastern,Atlanta,GA,2,9,You and Whose Army,613,true,Radiohead,190,32,2,20,,false,",",false,
1643255989,2021-11-07,2021,The Eastern,Atlanta,GA,2,10,Arrow,438,false,,801,2,18,0,,false,->,true,opener|closer|jam
1643255989,2021-11-07,2021,The Eastern,Atlanta,GA,2,11,Tomorrow Never Knows,573,true,The Beatles,466,50,3,35,,false,>,true,encore
1643255989,2021-11-07,2021,The Eastern,Atlanta,GA,2,12,Doobie Song,461,false,,433,21,12,20,,false,,false,closer|encore
1643255989,2021-11-07,2021,The Eastern,Atlanta,GA,E,13,Madhuvan,512,false,,1019,3,107,0,,false,,false,opener|closer|jam
1643256041,2021-11-09,2021,Republic,New Orleans,LA,1,1,Butter Rum,415,false,Vasudo,451,5,70,0,,false,",",false,
1643256041,2021-11-09,2021,Republic,New Orleans,LA,1,2,Elizabeth,465,false,,762,5,30,0,,false,",",false,opener|jam
1643256041,2021-11-09,2021,Republic,New Orleans,LA,1,3,Jive I,411,false,,631,4,91,0,,false,>,true,
1643256041,2021-11-09,2021,Republic,New Orleans,LA,1,4,Into the Myst,402,false,,872,2,32,0,,false,",",false,jam
1643256041,2021-11-09,2021,Republic,New Orleans,LA,1,5,The Way It Is,570,true,Bruce Hornsby,1006,18,26,10,,false,",",false,
1643256041,2021-11-09,2021,Republic,New Orleans,LA,1,6,Hot Tea,408,false,Vasudo,930,2,82,0,,false,,false,closer
1643256041,2021-11-09,2021,Republic,New Orleans,LA,2,7,Spirit Of The Dark Horse,557,false,,336,4,21,0,,false,->,true,
1643256041,2021-11-09,2021,Republic,New Orleans,LA,2,8,Rockdale,714,false,Vasudo,680,3,2,0,,false,",",false,opener|closer|jam
1643256041,2021-11-09,2021,Republic,New Orleans,LA,2,9,Disco Inferno,419,true,The Trammps,967,43,27,20,,true,",",false,
1643256041,2021-11-09,2021,Republic,New Orleans,LA,2,10,This Old Sea,572,false,,783,12,12,10,,false,",",false,jam
1643256041,2021-11-09,2021,Republic,New Orleans,LA,2,11,Yeti,416,false,Great Blue,493,4,57,0,,false,,false,opener
1643256041,2021-11-09,2021,Republic,New Orleans,LA,E,12,Whip It,720,true,Devo,158,2,2,0,,false,>,true,ballad|encore
1643256041,2021-11-09,2021,Republic,New Orleans,LA,E,13,Bob Don,429,false,,383,3,14,0,,false,>,true,
1643256041,2021-11-09,2021,Republic,New Orleans,LA,E,14,Jive Lee,502,false,,443,4,53,0,,false,,false,closer|jam
1643256074,2021-11-10,2021,House of Blues,Houston,TX,1,1,The Whales,425,false,,487,4,11,0,,false,",",false,opener
1643256074,2021-11-10,2021,House of Blues,Houston,TX,1,2,Liza Jane,508,true,African American Folk Song,511,17,17,10,,false,",",false,opener
1643256074,2021-11-10,2021,House of Blues,Houston,TX,1,3,Time to Flee,404,false,,1260,4,71,0,,true,",",false,
1643256074,2021-11-10,2021,House of Blues,Houston,TX,1,4,Movin' Out (Anthony's Song),519,true,Billy Joel,578,20,14,20,,false,",",false,
1643256074,2021-11-10,2021,House of Blues,Houston,TX,1,5,Travelers,574,false,,605,6,9,0,,false,",",false,
1643256074,2021-11-10,2021,House of Blues,Houston,TX,1,6,So Ready,421,false,,781,3,99,0,,false,,false,closer
1643256074,2021-11-10,2021,House of Blues,Houston,TX,2,7,Wysteria Lane,405,false,Vasudo,1500,4,71,0,,true,",",false,opener|jam|peak
1643256074,2021-11-10,2021,House of Blues,Houston,TX,2,8,Earthling or Alien?,605,false,,1024,3,10,0,,false,",",false,jam|peak
1643256074,2021-11-10,2021,House of Blues,Houston,TX,2,9,My Generation,521,true,The Who,642,3,6,0,,true,>,true,jam
1643256074,2021-11-10,2021,House of Blues,Houston,TX,2,10,Your Ocean,590,false,,494,6,14,0,,false,",",false,
1643256074,2021-11-10,2021,House of Blues,Houston,TX,2,11,Tumble,418,false,Vasudo,933,4,60,0,,false,,false,closer|jam|peak
1643256074,2021-11-10,2021,House of Blues,Houston,TX,E,12,Honeybee,490,false,,477,2,18,0,,false,,false,
1643256285,2021-11-11,2021,Historic Scoot Inn,Austin,TX,1,1,Lead the Way,406,false,,853,6,66,0,,false,",",false,opener
1643256285,2021-11-11,2021,Historic Scoot Inn,Austin,TX,1,2,Echo of a Rose,463,false,Vasudo,440,2,44,0,,false,",",false,jam
1643256285,2021-11-11,2021,Historic Scoot Inn,Austin,TX,1,3,Life On The Shelf,711,false,,312,3,3,0,,false,",",false,ballad
1643256285,2021-11-11,2021,Historic Scoot Inn,Austin,TX,1,4,Inside Out,499,true,Spoon,731,34,7,20,,false,",",false,jam
1643256285,2021-11-11,2021,Historic Scoot Inn,Austin,TX,1,5,Seekers on the Ridge pt I,609,false,,412,5,10,0,,false,>,true,
1643256285,2021-11-11,2021,Historic Scoot Inn,Austin,TX,1,6,Seekers on the Ridge pt II,610,false,,325,4,10,0,,false,",",false,
1643256285,2021-11-11,2021,Historic Scoot Inn,Austin,TX,1,7,Madhuvan,512,false,,1423,2,108,0,,true,,false,opener|closer|jam
1643256285,2021-11-11,2021,Historic Scoot Inn,Austin,TX,2,8,All I Need,414,false,,1173,2,91,0,,true,>,true,jam
1643256285,2021-11-11,2021,Historic Scoot Inn,Austin,TX,2,9,No Rain,525,true,Blind Melon,580,40,8,20,,false,",",false,opener|jam
1643256285,2021-11-11,2021,Historic Scoot Inn,Austin,TX,2,10,The Labyrinth,639,false,,668,4,4,0,,false,",",false,opener
1643256285,2021-11-11,2021,Historic Scoot Inn,Austin,TX,2,11,Mississippi Half-Step Uptown Toodeloo,517,true,Grateful Dead,913,15,24,10,,false,,false,jam
1643256285,2021-11-11,2021,Historic Scoot Inn,Austin,TX,E,12,Arcadia,403,false,,706,3,138,0,,false,,false,closer
1643256302,2021-11-12,2021,Historic Scoot Inn,Austin,TX,1,1,Drive,462,false,,1147,3,54,0,,false,>,true,opener|jam
1643256302,2021-11-12,2021,Historic Scoot Inn,Austin,TX,1,2,Tumble,418,false,Vasudo,531,1,61,0,,false,",",false,closer|jam|peak
1643256302,2021-11-12,2021,Historic Scoot Inn,Austin,TX,1,3,I'm Writing A Novel,424,true,Father John Misty,456,50,3,35,,false,",",false,
1643256302,2021-11-12,2021,Historic Scoot Inn,Austin,TX,1,4,Same Old Shenanigans,541,false,,846,3,14,0,,false,",",false,closer
1643256302,2021-11-12,2021,Historic Scoot Inn,Austin,TX,1,5,726,432,false,,580,7,8,0,,false,>,true,encore
1643256302,2021-11-12,2021,Historic Scoot Inn,Austin,TX,1,6,The Empress Of Organos,604,false,Vasudo,1309,4,12,0,,true,,false,closer|jam
1643256302,2021-11-12,2021,Historic Scoot Inn,Austin,TX,2,7,Green River,482,true,Creedence Clearwater Revival,438,23,22,20,,false,",",false,
1643256302,2021-11-12,2021,Historic Scoot Inn,Austin,TX,2,8,The Old Man's Boat,710,false,,708,3,3,0,,false,>,true,
1643256302,2021-11-12,2021,Historic Scoot Inn,Austin,TX,2,9,Rockdale,714,false,Vasudo,638,2,3,0,,false,",",false,opener|closer|jam
1643256302,2021-11-12,2021,Historic Scoot Inn,Austin,TX,2,10,White Lights,586,false,,945,6,41,0,,false,>,true,closer|encore
1643256302,2021-11-12,2021,Historic Scoot Inn,Austin,TX,2,11,Rosewood Heart,412,false,,559,4,28,0,,false,>,true,jam|peak
1643256302,2021-11-12,2021,Historic Scoot Inn,Austin,TX,2,12,Flodown,478,false,Vasudo,583,4,98,0,,false,,false,
1643256302,2021-11-12,2021,Historic Scoot Inn,Austin,TX,E,13,American Woman,718,true,The Guess Who,277,5,2,0,,false,,false,opener|ballad|encore
1643257560,2021-11-13,2021,The Echo Lounge &amp; Music Hall,Dallas,TX,1,1,Eminence Front,468,true,The Who,522,94,7,35,,false,",",false,opener
1643257560,2021-11-13,2021,The Echo Lounge &amp; Music Hall,Dallas,TX,1,2,Bob Don,429,false,,391,3,15,0,,false,",",false,
1643257560,2021-11-13,2021,The Echo Lounge &amp; Music Hall,Dallas,TX,1,3,Turned Clouds,400,false,,672,5,69,0,,false,",",false,
1643257560,2021-11-13,2021,The Echo Lounge &amp; Music Hall,Dallas,TX,1,4,Arrow,438,false,,1156,4,19,0,,false,>,true,opener|closer|jam
1643257560,2021-11-13,2021,The Echo Lounge &amp; Music Hall,Dallas,TX,1,5,It Burns Within,500,false,St. John's Revival,578,10,5,10,,false,",",false,
1643257560,2021-11-13,2021,The Echo Lounge &amp; Music Hall,Dallas,TX,1,6,Yeti,416,false,Great Blue,495,3,58,0,,false,",",false,opener
1643257560,2021-11-13,2021,The Echo Lounge &amp; Music Hall,Dallas,TX,1,7,Slow Ready,422,false,,760,5,36,0,,false,,false,
1643257560,2021-11-13,2021,The Echo Lounge &amp; Music Hall,Dallas,TX,2,8,Creatures,420,false,,1095,5,76,0,,false,>,true,jam
1643257560,2021-11-13,2021,The Echo Lounge &amp; Music Hall,Dallas,TX,2,9,State Of The Art (A.E.I.O.U.),558,true,Jim James,505,18,3,10,,false,",",false,closer
1643257560,2021-11-13,2021,The Echo Lounge &amp; Music Hall,Dallas,TX,2,10,Jive I,411,false,,544,3,92,0,,false,>,true,
1643257560,2021-11-13,2021,The Echo Lounge &amp; Music Hall,Dallas,TX,2,11,Jive II,413,false,,701,4,55,0,,false,>,true,opener
1643257560,2021-11-13,2021,The Echo Lounge &amp; Music Hall,Dallas,TX,2,12,Jive Lee,502,false,,603,3,54,0,,false,,false,closer|jam
1643257560,2021-11-13,2021,The Echo Lounge &amp; Music Hall,Dallas,TX,E,13,Hot Tea,408,false,Vasudo,835,3,83,0,,false,,false,closer
1643257583,2021-11-16,2021,Tower Theatre,Oklahoma City,OK,1,1,Time to Flee,404,false,,1797,3,72,0,,true,",",false,
1643257583,2021-11-16,2021,Tower Theatre,Oklahoma City,OK,1,2,Caution,446,true,Bob Marley,494,45,8,20,,false,",",false,
1643257583,2021-11-16,2021,Tower Theatre,Oklahoma City,OK,1,3,Sco-Mule,543,true,Government Mule ft. John Scofield,553,95,8,35,,false,",",false,
1643257583,2021-11-16,2021,Tower Theatre,Oklahoma City,OK,1,4,A Western Sun,435,false,,1245,7,33,0,,true,->,true,
1643257583,2021-11-16,2021,Tower Theatre,Oklahoma City,OK,1,5,Time to Flee,404,false,,63,0,73,0,,false,",",false,
1643257583,2021-11-16,2021,Tower Theatre,Oklahoma City,OK,1,6,Elizabeth,465,false,,456,4,31,0,,false,,false,opener|jam
1643257583,2021-11-16,2021,Tower Theatre,Oklahoma City,OK,2,7,So Ready,421,false,,837,3,100,0,,false,",",false,closer
1643257583,2021-11-16,2021,Tower Theatre,Oklahoma City,OK,2,8,Wysteria Lane,405,false,Vasudo,909,3,72,0,,false,>,true,opener|jam|peak
1643257583,2021-11-16,2021,Tower Theatre,Oklahoma City,OK,2,9,Weird Fishes / Arpeggi,428,true,Radiohead,711,31,7,20,,false,>,true,
1643257583,2021-11-16,2021,Tower Theatre,Oklahoma City,OK,2,10,Madhuvan,512,false,,1157,2,109,0,,false,",",false,opener|closer|jam
1643257583,2021-11-16,2021,Tower Theatre,Oklahoma City,OK,2,11,Honeybee,490,false,,463,3,19,0,,false,",",false,
1643257583,2021-11-16,2021,Tower Theatre,Oklahoma City,OK,2,12,Spirit Of The Dark Horse,557,false,,530,4,22,0,,false,->,true,
1643257583,2021-11-16,2021,Tower Theatre,Oklahoma City,OK,2,13,Dragonfly,694,false,,633,6,3,0,,true,,false,closer
1643257583,2021-11-16,2021,Tower Theatre,Oklahoma City,OK,E,14,Turn On Your Love Light,578,true,Bobby Blue Bland,519,11,40,10,,false,,false,closer|encore
1643257605,2021-11-17,2021,The Truman,Kansas City,MO,1,1,Earthling or Alien?,605,false,,898,4,11,0,,false,>,true,jam|peak
1643257605,2021-11-17,2021,The Truman,Kansas City,MO,1,2,Indian River,410,false,,683,7,85,0,,false,>,true,
1643257605,2021-11-17,2021,The Truman,Kansas City,MO,1,3,Doctor My Eyes,678,true,Jackson Browne,465,22,3,20,,false,",",false,
1643257605,2021-11-17,2021,The Truman,Kansas City,MO,1,4,Same Old Shenanigans,541,false,,858,2,15,0,,true,",",false,closer
1643257605,2021-11-17,2021,The Truman,Kansas City,MO,1,5,All I Need,414,false,,725,3,92,0,,false,>,true,jam
1643257605,2021-11-17,2021,The Truman,Kansas City,MO,1,6,Bob Don,429,false,,775,1,16,0,,true,->,true,
1643257605,2021-11-17,2021,The Truman,Kansas City,MO,1,7,All I Need,414,false,,50,0,93,0,,false,,false,jam
1643257605,2021-11-17,2021,The Truman,Kansas City,MO,2,8,Arcadia,403,false,,872,3,139,0,,true,->,true,closer
1643257605,2021-11-17,2021,The Truman,Kansas City,MO,2,9,Crosseyed & Painless,455,true,Talking Heads,960,33,39,20,,false,>,true,
1643257605,2021-11-17,2021,The Truman,Kansas City,MO,2,10,Drive,462,false,,884,2,55,0,,false,>,true,opener|jam
1643257605,2021-11-17,2021,The Truman,Kansas City,MO,2,11,Moby,677,false,,295,9,5,10,,false,",",false,ballad
1643257605,2021-11-17,2021,The Truman,Kansas City,MO,2,12,726,432,false,,557,2,9,0,,false,",",false,encore
1643257605,2021-11-17,2021,The Truman,Kansas City,MO,2,13,Into the Myst,402,false,,914,5,33,0,,true,,false,jam
1643257605,2021-11-17,2021,The Truman,Kansas City,MO,E,14,Doobie Song,461,false,,464,6,13,0,,false,,false,closer|encore
1643341083,2021-11-19,2021,Belly Up,Aspen,CO,1,1,Yeti,416,false,Great Blue,531,2,59,0,,false,",",false,opener
1643341083,2021-11-19,2021,Belly Up,Aspen,CO,1,2,Jive II,413,false,,712,2,56,0,,false,",",false,opener
1643341083,2021-11-19,2021,Belly Up,Aspen,CO,1,3,Doc Brown,459,false,Great Blue,519,7,31,0,,false,",",false,
1643341083,2021-11-19,2021,Belly Up,Aspen,CO,1,4,I'm A Believer,717,true,The Monkees,688,9,2,10,,true,->,true,
1643341083,2021-11-19,2021,Belly Up,Aspen,CO,1,5,Butter Rum,415,false,Vasudo,1234,6,71,0,,true,",",false,
1643341083,2021-11-19,2021,Belly Up,Aspen,CO,1,6,Turned Clouds,400,false,,713,2,70,0,,false,,false,
1643341083,2021-11-19,2021,Belly Up,Aspen,CO,2,7,Seekers on the Ridge pt I,609,false,,398,4,11,0,,false,",",false,
1643341083,2021-11-19,2021,Belly Up,Aspen,CO,2,8,Trouble,576,true,Elvis Presley,335,97,2,35,,false,",",false,ballad|encore
1643341083,2021-11-19,2021,Belly Up,Aspen,CO,2,9,Hot Tea,408,false,Vasudo,1700,2,84,0,,true,->,true,closer
1643341083,2021-11-19,2021,Belly Up,Aspen,CO,2,10,Dancing In The Moonlight,456,true,King Harvest,311,64,11,35,,false,->,true,encore
1643341083,2021-11-19,2021,Belly Up,Aspen,CO,2,11,Shama Lama Ding Dong,545,true,Otis Day and The Knights,394,25,29,20,,false,>,true,encore
1643341083,2021-11-19,2021,Belly Up,Aspen,CO,2,12,The Empress Of Organos,604,false,Vasudo,626,3,13,0,,false,>,true,closer|jam
1643341083,2021-11-19,2021,Belly Up,Aspen,CO,2,13,Your Ocean,590,false,,544,5,15,0,,false,",",false,
1643341083,2021-11-19,2021,Belly Up,Aspen,CO,2,14,Seekers on the Ridge pt II,610,false,,329,4,11,0,,false,,false,
1643341083,2021-11-19,2021,Belly Up,Aspen,CO,E,15,The Empress Of Organos,604,false,Vasudo,680,0,14,0,,false,,false,closer|jam
1643341465,2021-11-21,2021,The Mission Ballroom,Denver,CO,1,1,Earthling or Alien?,605,false,,881,1,12,0,,false,",",false,jam|peak
1643341465,2021-11-21,2021,The Mission Ballroom,Denver,CO,1,2,Echo of a Rose,463,false,Vasudo,912,5,45,0,,true,",",false,jam
1643341465,2021-11-21,2021,The Mission Ballroom,Denver,CO,1,3,All I Need,414,false,,1146,1,94,0,,true,>,true,jam
1643341465,2021-11-21,2021,The Mission Ballroom,Denver,CO,1,4,Indian River,410,false,,318,1,86,0,,false,>,true,
1643341465,2021-11-21,2021,The Mission Ballroom,Denver,CO,1,5,Wysteria Lane,405,false,Vasudo,1117,2,73,0,,true,>,true,opener|jam|peak
1643341465,2021-11-21,2021,The Mission Ballroom,Denver,CO,1,6,Rockdale,714,false,Vasudo,890,4,4,0,,true,,false,opener|closer|jam
1643341465,2021-11-21,2021,The Mission Ballroom,Denver,CO,2,7,Slow Ready,422,false,,802,3,37,0,,false,",",false,
1643341465,2021-11-21,2021,The Mission Ballroom,Denver,CO,2,8,The Old Man's Boat,710,false,,746,4,4,0,,false,>,true,
1643341465,2021-11-21,2021,The Mission Ballroom,Denver,CO,2,9,Creatures,420,false,,932,3,77,0,,false,>,true,jam
1643341465,2021-11-21,2021,The Mission Ballroom,Denver,CO,2,10,Tumble,418,false,Vasudo,663,4,62,0,,true,",",false,closer|jam|peak
1643341465,2021-11-21,2021,The Mission Ballroom,Denver,CO,2,11,Nights In White Satin,524,true,The Moody Blues,414,32,4,20,,false,>,true,
1643341465,2021-11-21,2021,The Mission Ballroom,Denver,CO,2,12,White Lights,586,false,,686,4,42,0,,false,,false,closer|encore
1643341465,2021-11-21,2021,The Mission Ballroom,Denver,CO,E,13,Magic Carpet Ride,719,true,Steppenwolf,443,10,2,10,,false,",",false,encore
1643341465,2021-11-21,2021,The Mission Ballroom,Denver,CO,E,14,Jive Lee,502,false,,347,3,55,0,,false,>,true,closer|jam
1643341465,2021-11-21,2021,The Mission Ballroom,Denver,CO,E,15,Magic Carpet Ride,719,true,Steppenwolf,65,0,3,0,,false,,false,encore
1643341486,2021-11-22,2021,The Mission Ballroom,Denver,CO,1,1,Arrow,438,false,,1400,4,20,0,,true,>,true,opener|closer|jam
1643341486,2021-11-22,2021,The Mission Ballroom,Denver,CO,1,2,Travelers,574,false,,615,7,10,0,,false,>,true,
1643341486,2021-11-22,2021,The Mission Ballroom,Denver,CO,1,3,The Whales,425,false,,457,7,12,0,,false,",",false,opener
1643341486,2021-11-22,2021,The Mission Ballroom,Denver,CO,1,4,AUATC,602,true,Bon Iver,437,45,2,20,,false,",",false,
1643341486,2021-11-22,2021,The Mission Ballroom,Denver,CO,1,5,Flodown,478,false,Vasudo,658,5,99,0,,false,",",false,
1643341486,2021-11-22,2021,The Mission Ballroom,Denver,CO,1,6,Arcadia,403,false,,1177,2,140,0,,true,,false,closer
1643341486,2021-11-22,2021,The Mission Ballroom,Denver,CO,2,7,Drive,462,false,,853,2,56,0,,false,>,true,opener|jam
1643341486,2021-11-22,2021,The Mission Ballroom,Denver,CO,2,8,Rosewood Heart,412,false,,632,5,29,0,,false,>,true,jam|peak
1643341486,2021-11-22,2021,The Mission Ballroom,Denver,CO,2,9,Into the Myst,402,false,,705,2,34,0,,false,->,true,jam
1643341486,2021-11-22,2021,The Mission Ballroom,Denver,CO,2,10,Can't Get You Out Of My Head,426,true,Kylie Minogue,295,28,12,20,,false,",",false,
1643341486,2021-11-22,2021,The Mission Ballroom,Denver,CO,2,11,This Old Sea,572,false,,1141,8,13,10,,true,->,true,jam
1643341486,2021-11-22,2021,The Mission Ballroom,Denver,CO,2,12,Drive,462,false,,437,0,57,0,,false,",",false,opener|jam
1643341486,2021-11-22,2021,The Mission Ballroom,Denver,CO,2,13,Madhuvan,512,false,,941,3,110,0,,false,,false,opener|closer|jam
1643341486,2021-11-22,2021,The Mission Ballroom,Denver,CO,E,14,Factory Fiction,473,false,Vasudo,1091,20,7,20,,true,,false,closer|jam|peak|encore
1643341525,2021-12-30,2021,Riviera Theatre,Chicago,IL,1,1,Rockdale,714,false,Vasudo,797,1,5,0,,false,",",false,opener|closer|jam
1643341525,2021-12-30,2021,Riviera Theatre,Chicago,IL,1,2,Time to Flee,404,false,,1133,4,74,0,,true,",",false,
1643341525,2021-12-30,2021,Riviera Theatre,Chicago,IL,1,3,Jive II,413,false,,704,2,57,0,,false,",",false,opener
1643341525,2021-12-30,2021,Riviera Theatre,Chicago,IL,1,4,Same Old Shenanigans,541,false,,800,3,16,0,,false,",",false,closer
1643341525,2021-12-30,2021,Riviera Theatre,Chicago,IL,1,5,Bob Don,429,false,,670,3,17,0,,true,",",false,
1643341525,2021-12-30,2021,Riviera Theatre,Chicago,IL,1,6,Yeti,416,false,Great Blue,538,2,60,0,,false,",",false,opener
1643341525,2021-12-30,2021,Riviera Theatre,Chicago,IL,1,7,Tumble,418,false,Vasudo,1078,1,63,0,,true,,false,closer|jam|peak
1643341525,2021-12-30,2021,Riviera Theatre,Chicago,IL,2,8,Earthling or Alien?,605,false,,816,1,13,0,,false,>,true,jam|peak
1643341525,2021-12-30,2021,Riviera Theatre,Chicago,IL,2,9,726,432,false,,616,3,10,0,,false,",",false,encore
1643341525,2021-12-30,2021,Riviera Theatre,Chicago,IL,2,10,Echo of a Rose,463,false,Vasudo,593,1,46,0,,false,>,true,jam
1643341525,2021-12-30,2021,Riviera Theatre,Chicago,IL,2,11,Love Is A Battlefield,612,true,Pat Benatar,528,36,3,20,,false,",",false,
1643341525,2021-12-30,2021,Riviera Theatre,Chicago,IL,2,12,Travelers,574,false,,524,0,11,0,,false,>,true,
1643341525,2021-12-30,2021,Riviera Theatre,Chicago,IL,2,13,Echo of a Rose,463,false,Vasudo,88,0,47,0,,false,",",false,jam
1643341525,2021-12-30,2021,Riviera Theatre,Chicago,IL,2,14,Hot Tea,408,false,Vasudo,781,2,85,0,,false,,false,closer
1643341525,2021-12-30,2021,Riviera Theatre,Chicago,IL,E,15,Fish In The Sea,477,true,Fat Freddy's Drop,651,13,7,10,,false,,false,opener
1643341538,2021-12-31,2021,Riviera Theatre,Chicago,IL,1,1,Arrow,438,false,,1469,1,21,0,,true,>,true,opener|closer|jam
1643341538,2021-12-31,2021,Riviera Theatre,Chicago,IL,1,2,Rosewood Heart,412,false,,691,1,30,0,,false,",",false,jam|peak
1643341538,2021-12-31,2021,Riviera Theatre,Chicago,IL,1,3,White Lights,586,false,,462,2,43,0,,false,",",false,closer|encore
1643341538,2021-12-31,2021,Riviera Theatre,Chicago,IL,1,4,The Old Man's Boat,710,false,,791,2,5,0,,false,",",false,
1643341538,2021-12-31,2021,Riviera Theatre,Chicago,IL,1,5,Sleepwalk,551,true,Santo & Johnny,338,112,2,50,,false,,false,closer
1643341538,2021-12-31,2021,Riviera Theatre,Chicago,IL,2,6,2021,709,true,Vampire Weekend,1160,18,3,10,,false,",",false,opener|closer
1643341538,2021-12-31,2021,Riviera Theatre,Chicago,IL,2,7,Flodown,478,false,Vasudo,659,1,100,0,,true,",",false,
1643341538,2021-12-31,2021,Riviera Theatre,Chicago,IL,2,8,One More Saturday Night,528,true,Grateful Dead,375,96,21,35,,false,>,true,closer|encore
1643341538,2021-12-31,2021,Riviera Theatre,Chicago,IL,2,9,Arcadia,403,false,,734,1,141,0,,false,,false,closer
1643341538,2021-12-31,2021,Riviera Theatre,Chicago,IL,3,10,Wysteria Lane,405,false,Vasudo,504,2,74,0,,false,>,true,opener|jam|peak
1643341538,2021-12-31,2021,Riviera Theatre,Chicago,IL,3,11,Circle Of Life,730,true,Elton John,295,233,3,50,,false,>,true,closer
1643341538,2021-12-31,2021,Riviera Theatre,Chicago,IL,3,12,The Empress Of Organos,604,false,Vasudo,1122,3,15,0,,false,",",false,closer|jam
1643341538,2021-12-31,2021,Riviera Theatre,Chicago,IL,3,13,Creatures,420,false,,1348,2,78,0,,true,>,true,jam
1643341538,2021-12-31,2021,Riviera Theatre,Chicago,IL,3,14,Your Ocean,590,false,,485,3,16,0,,false,",",false,
1643341538,2021-12-31,2021,Riviera Theatre,Chicago,IL,3,15,Seekers on the Ridge pt I,609,false,,399,3,12,0,,false,>,true,
1643341538,2021-12-31,2021,Riviera Theatre,Chicago,IL,3,16,Seekers on the Ridge pt II,610,false,,327,3,12,0,,false,,false,
1643341538,2021-12-31,2021,Riviera Theatre,Chicago,IL,E,17,So Ready,421,false,,817,5,101,0,,false,,false,closer
1643221619,2022-01-26,2022,Marquee Theatre,Tempe,AZ,1,1,Atlas,439,true,The Wood Brothers,686,12,30,10,,false,",",false,opener
1643221619,2022-01-26,2022,Marquee Theatre,Tempe,AZ,1,2,Lead the Way,406,false,,726,9,67,10,,false,",",false,opener
1643221619,2022-01-26,2022,Marquee Theatre,Tempe,AZ,1,3,Jive I,411,false,,588,7,93,0,,false,>,true,
1643221619,2022-01-26,2022,Marquee Theatre,Tempe,AZ,1,4,Butter Rum,415,false,Vasudo,422,4,72,0,,false,",",false,
1643221619,2022-01-26,2022,Marquee Theatre,Tempe,AZ,1,5,Electric Avenue,464,true,Eddy Grant,798,17,23,10,,false,",",false,
1643221619,2022-01-26,2022,Marquee Theatre,Tempe,AZ,1,6,Same Old Shenanigans,541,false,,227,1,17,0,,false,>,true,closer
1643221619,2022-01-26,2022,Marquee Theatre,Tempe,AZ,1,7,Slow Ready,422,false,,734,3,38,0,,false,,false,
1643221619,2022-01-26,2022,Marquee Theatre,Tempe,AZ,2,8,Dr. Darkness,712,false,,392,0,1,0,,false,",",false,opener
1643221619,2022-01-26,2022,Marquee Theatre,Tempe,AZ,2,9,Elizabeth,465,false,,1209,6,32,0,,true,",",false,opener|jam
1643221619,2022-01-26,2022,Marquee Theatre,Tempe,AZ,2,10,Tumble,418,false,Vasudo,1421,1,64,0,,true,",",false,closer|jam|peak
1643221619,2022-01-26,2022,Marquee Theatre,Tempe,AZ,2,11,A Western Sun,435,false,,454,6,34,0,,false,",",false,
1643221619,2022-01-26,2022,Marquee Theatre,Tempe,AZ,2,12,(dawn),637,false,,688,0,1,0,,false,,false,closer|encore
1643221619,2022-01-26,2022,Marquee Theatre,Tempe,AZ,E,13,Mustang Sally,427,true,Wilson Pickett,850,36,13,20,,false,,false,closer|encore
1643342049,2022-01-27,2022,The Observatory North Park,San Diego,CA,1,1,The Whales,425,false,,536,3,13,0,,false,",",false,opener
1643342049,2022-01-27,2022,The Observatory North Park,San Diego,CA,1,2,Earthling or Alien?,605,false,,872,2,14,0,,false,>,true,jam|peak
1643342049,2022-01-27,2022,The Observatory North Park,San Diego,CA,1,3,Mas Que Nada,513,true,Sergio Mendes,590,16,14,10,,false,",",false,
1643342049,2022-01-27,2022,The Observatory North Park,San Diego,CA,1,4,Turned Clouds,400,false,,648,5,71,0,,false,",",false,
1643342049,2022-01-27,2022,The Observatory North Park,San Diego,CA,1,5,Time to Flee,404,false,,537,2,75,0,,false,>,true,
1643342049,2022-01-27,2022,The Observatory North Park,San Diego,CA,1,6,Bob Don,429,false,,334,2,18,0,,false,",",false,
1643342049,2022-01-27,2022,The Observatory North Park,San Diego,CA,1,7,Madhuvan,512,false,,1171,3,111,0,,false,,false,opener|closer|jam
1643342049,2022-01-27,2022,The Observatory North Park,San Diego,CA,2,8,Pancakes,723,false,Great Blue,1192,0,1,0,,true,",",false,opener|closer|jam
1643342049,2022-01-27,2022,The Observatory North Park,San Diego,CA,2,9,All I Need,414,false,,524,4,95,0,,false,>,true,jam
1643342049,2022-01-27,2022,The Observatory North Park,San Diego,CA,2,10,Me & My Uncle,592,true,John Philips,356,17,33,10,,false,",",false,opener
1643342049,2022-01-27,2022,The Observatory North Park,San Diego,CA,2,11,Rosewood Heart,412,false,,1221,1,31,0,,false,>,true,jam|peak
1643342049,2022-01-27,2022,The Observatory North Park,San Diego,CA,2,12,Moby,677,false,,277,6,6,0,,false,",",false,ballad
1643342049,2022-01-27,2022,The Observatory North Park,San Diego,CA,2,13,Drive,462,false,,423,3,58,0,,false,,false,opener|jam
1643342049,2022-01-27,2022,The Observatory North Park,San Diego,CA,E,14,Jive II,413,false,,635,2,58,0,,false,>,true,opener
1643342049,2022-01-27,2022,The Observatory North Park,San Diego,CA,E,15,Jive Lee,502,false,,234,4,56,0,,false,,false,closer|jam
1643430972,2022-01-28,2022,The Fonda Theatre,Los Angeles,CA,1,1,Honeybee,490,false,,471,8,20,10,,false,",",false,
1643430972,2022-01-28,2022,The Fonda Theatre,Los Angeles,CA,1,2,Arcadia,403,false,,737,2,142,0,,false,",",false,closer
1643430972,2022-01-28,2022,The Fonda Theatre,Los Angeles,CA,1,3,Travelers,574,false,,522,3,12,0,,false,",",false,
1643430972,2022-01-28,2022,The Fonda Theatre,Los Angeles,CA,1,4,The Way It Is,570,true,Bruce Hornsby,740,13,27,10,,true,",",false,
1643430972,2022-01-28,2022,The Fonda Theatre,Los Angeles,CA,1,5,Creatures,420,false,,1083,2,79,0,,false,",",false,jam
1643430972,2022-01-28,2022,The Fonda Theatre,Los Angeles,CA,1,6,Borne,725,false,,922,0,1,0,,true,>,true,jam
1643430972,2022-01-28,2022,The Fonda Theatre,Los Angeles,CA,1,7,Flodown,478,false,Vasudo,578,2,101,0,,false,,false,
1643430972,2022-01-28,2022,The Fonda Theatre,Los Angeles,CA,2,8,Atlas Dogs,727,false,,713,0,1,0,,false,",",false,opener
1643430972,2022-01-28,2022,The Fonda Theatre,Los Angeles,CA,2,9,Seekers on the Ridge pt I,609,false,,374,2,13,0,,false,>,true,
1643430972,2022-01-28,2022,The Fonda Theatre,Los Angeles,CA,2,10,Seekers on the Ridge pt II,610,false,,302,2,13,0,,false,",",false,
1643430972,2022-01-28,2022,The Fonda Theatre,Los Angeles,CA,2,11,Arrow,438,false,,1046,2,22,0,,false,->,true,opener|closer|jam
1643430972,2022-01-28,2022,The Fonda Theatre,Los Angeles,CA,2,12,Can't Get You Out Of My Head,426,true,Kylie Minogue,530,4,13,0,,false,->,true,
1643430972,2022-01-28,2022,The Fonda Theatre,Los Angeles,CA,2,13,Arrow,438,false,,63,0,23,0,,false,",",false,opener|closer|jam
1643430972,2022-01-28,2022,The Fonda Theatre,Los Angeles,CA,2,14,White Lights,586,false,,861,2,44,0,,false,->,true,closer|encore
1643430972,2022-01-28,2022,The Fonda Theatre,Los Angeles,CA,2,15,Loose Ends,762,false,Vasudo,205,18,7,10,,false,,false,closer
1643430972,2022-01-28,2022,The Fonda Theatre,Los Angeles,CA,E,16,726,432,false,,524,3,11,0,,false,,false,encore
1643946135,2022-01-29,2022,The Regency Ballroom,San Francisco,CA,1,1,Doc Brown,459,false,Great Blue,476,7,32,0,,false,",",false,
1643946135,2022-01-29,2022,The Regency Ballroom,San Francisco,CA,1,2,Rockdale,714,false,Vasudo,714,4,6,0,,false,",",false,opener|closer|jam
1643946135,2022-01-29,2022,The Regency Ballroom,San Francisco,CA,1,3,Yeti,416,false,Great Blue,761,4,61,0,,true,->,true,opener
1643946135,2022-01-29,2022,The Regency Ballroom,San Francisco,CA,1,4,Tomorrow Never Knows,573,true,The Beatles,518,15,4,10,,false,->,true,encore
1643946135,2022-01-29,2022,The Regency Ballroom,San Francisco,CA,1,5,Yeti,416,false,Great Blue,94,0,62,0,,false,",",false,opener
1643946135,2022-01-29,2022,The Regency Ballroom,San Francisco,CA,1,6,The Old Man's Boat,710,false,,775,3,6,0,,false,>,true,
1643946135,2022-01-29,2022,The Regency Ballroom,San Francisco,CA,1,7,Dragonfly,694,false,,648,9,4,10,,false,,false,closer
1643946135,2022-01-29,2022,The Regency Ballroom,San Francisco,CA,2,8,Red Bird,536,false,,1044,0,1,0,,false,",",false,jam
1643946135,2022-01-29,2022,The Regency Ballroom,San Francisco,CA,2,9,A Fifth Of Beethoven,434,true,Walter Murphy,525,36,9,20,,false,",",false,closer
1643946135,2022-01-29,2022,The Regency Ballroom,San Francisco,CA,2,10,Echo of a Rose,463,false,Vasudo,735,4,48,0,,false,",",false,jam
1643946135,2022-01-29,2022,The Regency Ballroom,San Francisco,CA,2,11,This Old Sea,572,false,,782,5,14,0,,true,",",false,jam
1643946135,2022-01-29,2022,The Regency Ballroom,San Francisco,CA,2,12,The Empress Of Organos,604,false,Vasudo,1133,3,16,0,,true,,false,closer|jam
1643946135,2022-01-29,2022,The Regency Ballroom,San Francisco,CA,E,13,Doobie Song,461,false,,483,8,14,10,,false,,false,closer|encore
1646889854,2022-01-30,2022,The Regency Ballroom,San Francisco,CA,1,1,The Labyrinth,639,false,,1098,13,5,10,,true,->,true,opener
1646889854,2022-01-30,2022,The Regency Ballroom,San Francisco,CA,1,2,I'm Writing A Novel,424,true,Father John Misty,398,12,4,10,,false,",",false,
1646889854,2022-01-30,2022,The Regency Ballroom,San Francisco,CA,1,3,Tumble,418,false,Vasudo,482,3,65,0,,false,",",false,closer|jam|peak
1646889854,2022-01-30,2022,The Regency Ballroom,San Francisco,CA,1,4,Wysteria Lane,405,false,Vasudo,1106,4,75,0,,true,",",false,opener|jam|peak
1646889854,2022-01-30,2022,The Regency Ballroom,San Francisco,CA,1,5,Me and Julio Down By The Schoolyard,515,true,Paul Simon,514,33,20,20,,false,",",false,
1646889854,2022-01-30,2022,The Regency Ballroom,San Francisco,CA,1,6,So Ready,421,false,,813,4,102,0,,false,,false,closer
1646889854,2022-01-30,2022,The Regency Ballroom,San Francisco,CA,2,7,Arise,733,false,St. John's Revival,548,0,1,0,,false,",",false,closer
1646889854,2022-01-30,2022,The Regency Ballroom,San Francisco,CA,2,8,Elizabeth,465,false,,820,3,33,0,,false,",",false,opener|jam
1646889854,2022-01-30,2022,The Regency Ballroom,San Francisco,CA,2,9,Into the Myst,402,false,,761,6,35,0,,false,>,true,jam
1646889854,2022-01-30,2022,The Regency Ballroom,San Francisco,CA,2,10,Rock The Casbah,431,true,The Clash,298,22,5,20,,false,",",false,encore
1646889854,2022-01-30,2022,The Regency Ballroom,San Francisco,CA,2,11,Elmeg The Wise,466,false,St. John's Revival,1292,27,11,20,,false,,false,closer|encore
1646889854,2022-01-30,2022,The Regency Ballroom,San Francisco,CA,E,12,Hot Tea,408,false,Vasudo,860,5,86,0,,false,,false,closer
1646890151,2022-02-02,2022,Midtown Ballroom,Bend,OR,1,1,Tribute To Gold,679,true,Duke Herrington,247,41,2,20,,false,",",false,opener|ballad|encore
1646890151,2022-02-02,2022,Midtown Ballroom,Bend,OR,1,2,Life On The Shelf,711,false,,295,14,4,10,,false,",",false,ballad
1646890151,2022-02-02,2022,Midtown Ballroom,Bend,OR,1,3,Madhuvan,512,false,,1385,3,112,0,,true,",",false,opener|closer|jam
1646890151,2022-02-02,2022,Midtown Ballroom,Bend,OR,1,4,No Rain,525,true,Blind Melon,1057,14,9,10,,true,",",false,opener|jam
1646890151,2022-02-02,2022,Midtown Ballroom,Bend,OR,1,5,Jive II,413,false,,687,3,59,0,,false,>,true,opener
1646890151,2022-02-02,2022,Midtown Ballroom,Bend,OR,1,6,Jive Lee,502,false,,536,3,57,0,,false,,false,closer|jam
1646890151,2022-02-02,2022,Midtown Ballroom,Bend,OR,2,7,Tribute To Gold,679,true,Duke Herrington,275,0,3,0,,false,",",false,opener|ballad|encore
1646890151,2022-02-02,2022,Midtown Ballroom,Bend,OR,2,8,Silver Rising,736,false,,467,0,1,0,,false,",",false,
1646890151,2022-02-02,2022,Midtown Ballroom,Bend,OR,2,9,Creatures,420,false,,1149,2,80,0,,false,>,true,jam
1646890151,2022-02-02,2022,Midtown Ballroom,Bend,OR,2,10,Green River,482,true,Creedence Clearwater Revival,507,13,23,10,,false,",",false,
1646890151,2022-02-02,2022,Midtown Ballroom,Bend,OR,2,11,726,432,false,,558,2,12,0,,false,",",false,encore
1646890151,2022-02-02,2022,Midtown Ballroom,Bend,OR,2,12,Drive,462,false,,1076,3,59,0,,false,,false,opener|jam
1646890151,2022-02-02,2022,Midtown Ballroom,Bend,OR,E,13,Tribute To Gold,679,true,Duke Herrington,11,0,4,0,,false,>,true,opener|ballad|encore
1646890151,2022-02-02,2022,Midtown Ballroom,Bend,OR,E,14,Drive,462,false,,331,0,60,0,,false,",",false,opener|jam
1646890151,2022-02-02,2022,Midtown Ballroom,Bend,OR,E,15,Time to Flee,404,false,,204,3,76,0,,false,,false,
1646890846,2022-02-03,2022,Wonder Ballroom,Portland,OR,1,1,Echo of a Rose,463,false,Vasudo,588,2,49,0,,false,>,true,jam
1646890846,2022-02-03,2022,Wonder Ballroom,Portland,OR,1,2,The Whales,425,false,,479,4,14,0,,false,",",false,opener
1646890846,2022-02-03,2022,Wonder Ballroom,Portland,OR,1,3,Dr. Darkness,712,false,,400,5,2,0,,false,",",false,opener
1646890846,2022-02-03,2022,Wonder Ballroom,Portland,OR,1,4,Travelers,574,false,,597,3,13,0,,false,>,true,
1646890846,2022-02-03,2022,Wonder Ballroom,Portland,OR,1,5,Echo of a Rose,463,false,Vasudo,1221,0,50,0,,true,",",false,jam
1646890846,2022-02-03,2022,Wonder Ballroom,Portland,OR,1,6,Bob Don,429,false,,631,4,19,0,,false,,false,
1646890846,2022-02-03,2022,Wonder Ballroom,Portland,OR,2,7,Rockdale,714,false,Vasudo,819,2,7,0,,false,",",false,opener|closer|jam
1646890846,2022-02-03,2022,Wonder Ballroom,Portland,OR,2,8,Rosewood Heart,412,false,,1335,4,32,0,,true,>,true,jam|peak
1646890846,2022-02-03,2022,Wonder Ballroom,Portland,OR,2,9,Indian River,410,false,,871,9,87,10,,false,",",false,
1646890846,2022-02-03,2022,Wonder Ballroom,Portland,OR,2,10,Pancakes,723,false,Great Blue,843,4,2,0,,false,,false,opener|closer|jam
1646890846,2022-02-03,2022,Wonder Ballroom,Portland,OR,E,11,White Lights,586,false,,552,3,45,0,,false,->,true,closer|encore
1646890846,2022-02-03,2022,Wonder Ballroom,Portland,OR,E,12,Shama Lama Ding Dong,545,true,Otis Day and The Knights,403,10,30,10,,false,,false,encore
1646891581,2022-02-04,2022,Wonder Ballroom,Portland,OR,1,1,Slow Ready,422,false,,339,6,39,0,,false,",",false,
1646891581,2022-02-04,2022,Wonder Ballroom,Portland,OR,1,2,Same Old Shenanigans,541,false,,896,6,18,0,,false,",",false,closer
1646891581,2022-02-04,2022,Wonder Ballroom,Portland,OR,1,3,Earthling or Alien?,605,false,,1091,5,15,0,,true,",",false,jam|peak
1646891581,2022-02-04,2022,Wonder Ballroom,Portland,OR,1,4,Atlas Dogs,727,false,,1239,4,2,0,,false,",",false,opener
1646891581,2022-02-04,2022,Wonder Ballroom,Portland,OR,1,5,My Generation,521,true,The Who,667,17,7,10,,false,>,true,jam
1646891581,2022-02-04,2022,Wonder Ballroom,Portland,OR,1,6,Inside Out,499,true,Spoon,672,16,8,10,,false,,false,jam
1646891581,2022-02-04,2022,Wonder Ballroom,Portland,OR,2,7,Arrow,438,false,,1185,4,24,0,,false,",",false,opener|closer|jam
1646891581,2022-02-04,2022,Wonder Ballroom,Portland,OR,2,8,Red Bird,536,false,,826,3,2,0,,false,>,true,jam
1646891581,2022-02-04,2022,Wonder Ballroom,Portland,OR,2,9,Flodown,478,false,Vasudo,611,4,102,0,,false,",",false,
1646891581,2022-02-04,2022,Wonder Ballroom,Portland,OR,2,10,Turned Clouds,400,false,,766,5,72,0,,false,",",false,
1646891581,2022-02-04,2022,Wonder Ballroom,Portland,OR,2,11,Arcadia,403,false,,857,4,143,0,,false,,false,closer
1646891581,2022-02-04,2022,Wonder Ballroom,Portland,OR,E,12,Slow Ready,422,false,,418,0,40,0,,false,,false,
1644291579,2022-02-05,2022,Neptune Theatre,Seattle,WA,1,1,Butter Rum,415,false,Vasudo,490,7,73,0,,false,",",false,
1644291579,2022-02-05,2022,Neptune Theatre,Seattle,WA,1,2,Your Ocean,590,false,,500,8,17,10,,false,",",false,
1644291579,2022-02-05,2022,Neptune Theatre,Seattle,WA,1,3,Hot Tea,408,false,Vasudo,986,3,87,0,,false,",",false,closer
1644291579,2022-02-05,2022,Neptune Theatre,Seattle,WA,1,4,Borne,725,false,,1152,5,2,0,,true,",",false,jam
1644291579,2022-02-05,2022,Neptune Theatre,Seattle,WA,1,5,Honeybee,490,false,,483,5,21,0,,false,",",false,
1644291579,2022-02-05,2022,Neptune Theatre,Seattle,WA,1,6,Fish In The Sea,477,true,Fat Freddy's Drop,730,9,8,10,,false,,false,opener
1644291579,2022-02-05,2022,Neptune Theatre,Seattle,WA,2,7,Yeti,416,false,Great Blue,681,4,63,0,,false,>,true,opener
1644291579,2022-02-05,2022,Neptune Theatre,Seattle,WA,2,8,Into the Myst,402,false,,538,3,36,0,,false,",",false,jam
1644291579,2022-02-05,2022,Neptune Theatre,Seattle,WA,2,9,The Old Man's Boat,710,false,,890,4,7,0,,false,",",false,
1644291579,2022-02-05,2022,Neptune Theatre,Seattle,WA,2,10,Jeff Engborg,737,false,Great Blue,705,0,1,0,,false,",",false,closer
1644291579,2022-02-05,2022,Neptune Theatre,Seattle,WA,2,11,Seekers on the Ridge pt I,609,false,,390,5,14,0,,false,>,true,
1644291579,2022-02-05,2022,Neptune Theatre,Seattle,WA,2,12,Seekers on the Ridge pt II,610,false,,330,5,14,0,,false,",",false,
1644291579,2022-02-05,2022,Neptune Theatre,Seattle,WA,2,13,The Empress Of Organos,604,false,Vasudo,1111,4,17,0,,false,,false,closer|jam
1644291579,2022-02-05,2022,Neptune Theatre,Seattle,WA,E,14,Don't Do It,460,true,The Band,525,32,22,20,,false,,false,closer|encore
1644290969,2022-02-07,2022,The ELM,Bozeman,MT,1,1,Jive I,411,false,,697,8,94,10,,false,",",false,
1644290969,2022-02-07,2022,The ELM,Bozeman,MT,1,2,The W.S. Walcott Medicine Show,582,true,The Band,796,22,15,20,,false,",",false,
1644290969,2022-02-07,2022,The ELM,Bozeman,MT,1,3,Silver Rising,736,false,,576,3,2,0,,true,",",false,
1644290969,2022-02-07,2022,The ELM,Bozeman,MT,1,4,All I Need,414,false,,1563,7,96,0,,true,->,true,jam
1644290969,2022-02-07,2022,The ELM,Bozeman,MT,1,5,Doc Brown,459,false,Great Blue,512,5,33,0,,false,,false,
1644290969,2022-02-07,2022,The ELM,Bozeman,MT,2,6,Elizabeth,465,false,,648,4,34,0,,true,->,true,opener|jam
1644290969,2022-02-07,2022,The ELM,Bozeman,MT,2,7,Moby,677,false,,300,7,7,0,,false,",",false,ballad
1644290969,2022-02-07,2022,The ELM,Bozeman,MT,2,8,So Ready,421,false,,826,4,103,0,,false,",",false,closer
1644290969,2022-02-07,2022,The ELM,Bozeman,MT,2,9,Crosseyed & Painless,455,true,Talking Heads,1198,14,40,10,,true,->,true,
1644290969,2022-02-07,2022,The ELM,Bozeman,MT,2,10,Dragonfly,694,false,,604,5,5,0,,false,",",false,closer
1644290969,2022-02-07,2022,The ELM,Bozeman,MT,2,11,This Old Sea,572,false,,1240,5,15,0,,true,,false,jam
1644290969,2022-02-07,2022,The ELM,Bozeman,MT,E,12,Escape (The Piña Colada Song),469,true,Rupert Holmes,457,25,25,20,,false,,false,opener|encore
1647968786,2022-02-09,2022,First Avenue,Minneapolis,MN,1,1,Drive,462,false,,1324,4,61,0,,false,",",false,opener|jam
1647968786,2022-02-09,2022,First Avenue,Minneapolis,MN,1,2,Gun Street Girl,599,true,Tom Waits,587,54,3,35,,false,",",false,opener
1647968786,2022-02-09,2022,First Avenue,Minneapolis,MN,1,3,Lead the Way,406,false,,695,9,68,10,,false,",",false,opener
1647968786,2022-02-09,2022,First Avenue,Minneapolis,MN,1,4,Life On The Shelf,711,false,,289,4,5,0,,false,>,true,ballad
1647968786,2022-02-09,2022,First Avenue,Minneapolis,MN,1,5,Electric Avenue,464,true,Eddy Grant,569,9,24,10,,false,",",false,
1647968786,2022-02-09,2022,First Avenue,Minneapolis,MN,1,6,Madhuvan,512,false,,988,4,113,0,,false,,false,opener|closer|jam
1647968786,2022-02-09,2022,First Avenue,Minneapolis,MN,2,7,Bob Don,429,false,,366,3,20,0,,false,",",false,
1647968786,2022-02-09,2022,First Avenue,Minneapolis,MN,2,8,Echo of a Rose,463,false,Vasudo,999,3,51,0,,true,>,true,jam
1647968786,2022-02-09,2022,First Avenue,Minneapolis,MN,2,9,Spirit Of The Dark Horse,557,false,,1312,16,23,10,,true,",",false,
1647968786,2022-02-09,2022,First Avenue,Minneapolis,MN,2,10,Mississippi Half-Step Uptown Toodeloo,517,true,Grateful Dead,930,19,25,10,,false,",",false,jam
1647968786,2022-02-09,2022,First Avenue,Minneapolis,MN,2,11,Time to Flee,404,false,,717,4,77,0,,false,,false,
1647968786,2022-02-09,2022,First Avenue,Minneapolis,MN,E,12,White Lights,586,false,,723,3,46,0,,false,,false,closer|encore
1647969186,2022-02-10,2022,The Sylvee,Madison,WI,1,1,Earthling or Alien?,605,false,,974,3,16,0,,true,",",false,jam|peak
1647969186,2022-02-10,2022,The Sylvee,Madison,WI,1,2,Caution,446,true,Bob Marley,454,17,9,10,,false,",",false,
1647969186,2022-02-10,2022,The Sylvee,Madison,WI,1,3,The Whales,425,false,,451,4,15,0,,false,",",false,opener
1647969186,2022-02-10,2022,The Sylvee,Madison,WI,1,4,Rosewood Heart,412,false,,1660,4,33,0,,true,",",false,jam|peak
1647969186,2022-02-10,2022,The Sylvee,Madison,WI,1,5,The Old Man's Boat,710,false,,922,2,8,0,,false,,false,
1647969186,2022-02-10,2022,The Sylvee,Madison,WI,2,6,Yeti,416,false,Great Blue,516,2,64,0,,false,",",false,opener
1647969186,2022-02-10,2022,The Sylvee,Madison,WI,2,7,AUATC,602,true,Bon Iver,425,13,3,10,,false,",",false,
1647969186,2022-02-10,2022,The Sylvee,Madison,WI,2,8,Arrow,438,false,,1620,3,25,0,,true,",",false,opener|closer|jam
1647969186,2022-02-10,2022,The Sylvee,Madison,WI,2,9,Arise,733,false,St. John's Revival,520,6,2,0,,false,",",false,closer
1647969186,2022-02-10,2022,The Sylvee,Madison,WI,2,10,Arcadia,403,false,,1144,3,144,0,,true,,false,closer
1647969186,2022-02-10,2022,The Sylvee,Madison,WI,E,11,Disco Inferno,419,true,The Trammps,617,22,28,20,,false,,false,
1647969465,2022-02-11,2022,Old Forester's Paristown Hall,Louisville,KY,1,1,Jive II,413,false,,748,6,60,0,,false,",",false,opener
1647969465,2022-02-11,2022,Old Forester's Paristown Hall,Louisville,KY,1,2,Indian River,410,false,,1090,5,88,0,,true,>,true,
1647969465,2022-02-11,2022,Old Forester's Paristown Hall,Louisville,KY,1,3,Dr. Darkness,712,false,,342,5,3,0,,false,",",false,opener
1647969465,2022-02-11,2022,Old Forester's Paristown Hall,Louisville,KY,1,4,Pancakes,723,false,Great Blue,1213,5,3,0,,true,",",false,opener|closer|jam
1647969465,2022-02-11,2022,Old Forester's Paristown Hall,Louisville,KY,1,5,Hot Tea,408,false,Vasudo,1257,3,88,0,,true,,false,closer
1647969465,2022-02-11,2022,Old Forester's Paristown Hall,Louisville,KY,2,6,Atlas Dogs,727,false,,798,4,3,0,,false,>,true,opener
1647969465,2022-02-11,2022,Old Forester's Paristown Hall,Louisville,KY,2,7,A Western Sun,435,false,,1031,11,35,10,,true,",",false,
1647969465,2022-02-11,2022,Old Forester's Paristown Hall,Louisville,KY,2,8,Creatures,420,false,,1021,6,81,0,,false,->,true,jam
1647969465,2022-02-11,2022,Old Forester's Paristown Hall,Louisville,KY,2,9,Flodown,478,false,Vasudo,535,4,103,0,,false,->,true,
1647969465,2022-02-11,2022,Old Forester's Paristown Hall,Louisville,KY,2,10,Peggy-O,531,true,Grateful Dead,533,40,12,20,,false,>,true,
1647969465,2022-02-11,2022,Old Forester's Paristown Hall,Louisville,KY,2,11,Factory Fiction,473,false,Vasudo,1116,14,8,10,,false,,false,closer|jam|peak|encore
1647969465,2022-02-11,2022,Old Forester's Paristown Hall,Louisville,KY,E,12,Jive Lee,502,false,,199,6,58,0,,false,->,true,closer|jam
1647969465,2022-02-11,2022,Old Forester's Paristown Hall,Louisville,KY,E,13,Flodown,478,false,Vasudo,199,0,104,0,,false,,false,
1647969788,2022-02-12,2022,Stage AE,Pittsburgh,PA,1,1,Silver Rising,736,false,,501,3,3,0,,false,",",false,
1647969788,2022-02-12,2022,Stage AE,Pittsburgh,PA,1,2,Butter Rum,415,false,Vasudo,840,4,74,0,,false,",",false,
1647969788,2022-02-12,2022,Stage AE,Pittsburgh,PA,1,3,Turned Clouds,400,false,,720,5,73,0,,false,",",false,
1647969788,2022-02-12,2022,Stage AE,Pittsburgh,PA,1,4,Red Bird,536,false,,1396,5,3,0,,true,>,true,jam
1647969788,2022-02-12,2022,Stage AE,Pittsburgh,PA,1,5,Tumble,418,false,Vasudo,980,8,66,10,,true,,false,closer|jam|peak
1647969788,2022-02-12,2022,Stage AE,Pittsburgh,PA,2,6,Rockdale,714,false,Vasudo,741,6,8,0,,false,",",false,opener|closer|jam
1647969788,2022-02-12,2022,Stage AE,Pittsburgh,PA,2,7,Seekers on the Ridge pt I,609,false,,390,4,15,0,,false,>,true,
1647969788,2022-02-12,2022,Stage AE,Pittsburgh,PA,2,8,Seekers on the Ridge pt II,610,false,,304,4,15,0,,false,",",false,
1647969788,2022-02-12,2022,Stage AE,Pittsburgh,PA,2,9,American Woman,718,true,The Guess Who,277,21,3,20,,false,",",false,opener|ballad|encore
1647969788,2022-02-12,2022,Stage AE,Pittsburgh,PA,2,10,The Empress Of Organos,604,false,Vasudo,1243,4,18,0,,false,",",false,closer|jam
1647969788,2022-02-12,2022,Stage AE,Pittsburgh,PA,2,11,Slow Ready,422,false,,812,5,41,0,,false,,false,
1647969788,2022-02-12,2022,Stage AE,Pittsburgh,PA,E,12,Praise You,533,true,Fatboy Slim,624,87,8,35,,false,,false,closer|encore
1647970135,2022-02-26,2022,Mohegan Sun Arena,Uncasville,CT,1,1,Linus And Lucy,507,true,Vince Guaraldi,179,59,7,35,,false,",",false,opener|closer|encore
1647970135,2022-02-26,2022,Mohegan Sun Arena,Uncasville,CT,1,2,Yeti,416,false,Great Blue,540,2,65,0,,false,",",false,opener
1647970135,2022-02-26,2022,Mohegan Sun Arena,Uncasville,CT,1,3,Atlas Dogs,727,false,,893,1,4,0,,false,>,true,opener
1647970135,2022-02-26,2022,Mohegan Sun Arena,Uncasville,CT,1,4,Echo of a Rose,463,false,Vasudo,956,3,52,0,,false,",",false,jam
1647970135,2022-02-26,2022,Mohegan Sun Arena,Uncasville,CT,1,5,So Ready,421,false,,721,4,104,0,,false,",",false,closer
1647970135,2022-02-26,2022,Mohegan Sun Arena,Uncasville,CT,1,6,Silver Rising,736,false,,552,0,4,0,,false,,false,
1647970135,2022-02-26,2022,Mohegan Sun Arena,Uncasville,CT,2,7,Rockdale,714,false,Vasudo,754,0,9,0,,false,",",false,opener|closer|jam
1647970135,2022-02-26,2022,Mohegan Sun Arena,Uncasville,CT,2,8,Red Bird,536,false,,912,0,4,0,,false,>,true,jam
1647970135,2022-02-26,2022,Mohegan Sun Arena,Uncasville,CT,2,9,Rosewood Heart,412,false,,681,2,34,0,,false,",",false,jam|peak
1647970135,2022-02-26,2022,Mohegan Sun Arena,Uncasville,CT,2,10,Sinnerman,739,true,Nina Simone,564,0,1,0,,false,",",false,closer
1647970135,2022-02-26,2022,Mohegan Sun Arena,Uncasville,CT,2,11,The Empress Of Organos,604,false,Vasudo,822,0,19,0,,false,,false,closer|jam
1647970135,2022-02-26,2022,Mohegan Sun Arena,Uncasville,CT,3,12,Borne,725,false,,570,5,3,0,,false,>,true,jam
1647970135,2022-02-26,2022,Mohegan Sun Arena,Uncasville,CT,3,13,Hungersite,740,false,,949,0,1,0,,true,>,true,opener|jam
1647970135,2022-02-26,2022,Mohegan Sun Arena,Uncasville,CT,3,14,Dripfield,738,false,,1162,0,1,0,,true,,false,closer|jam
1647970135,2022-02-26,2022,Mohegan Sun Arena,Uncasville,CT,E,15,Arcadia,403,false,,873,2,145,0,,false,,false,closer
1646272524,2022-03-01,2022,9:30 Club,Washington,DC,1,1,Liza Jane,508,true,African American Folk Song,532,25,18,20,,false,",",false,opener
1646272524,2022-03-01,2022,9:30 Club,Washington,DC,1,2,Drive,462,false,,1301,4,62,0,,true,>,true,opener|jam
1646272524,2022-03-01,2022,9:30 Club,Washington,DC,1,3,Travelers,574,false,,645,8,14,10,,false,",",false,
1646272524,2022-03-01,2022,9:30 Club,Washington,DC,1,4,Doc Brown,459,false,Great Blue,520,5,34,0,,false,",",false,
1646272524,2022-03-01,2022,9:30 Club,Washington,DC,1,5,The Old Man's Boat,710,false,,788,3,9,0,,false,",",false,
1646272524,2022-03-01,2022,9:30 Club,Washington,DC,1,6,California Magic,735,false,,591,0,1,0,,false,",",false,
1646272524,2022-03-01,2022,9:30 Club,Washington,DC,1,7,Madhuvan,512,false,,1129,4,114,0,,false,,false,opener|closer|jam
1646272524,2022-03-01,2022,9:30 Club,Washington,DC,2,8,Into the Myst,402,false,,527,6,37,0,,false,>,true,jam
1646272524,2022-03-01,2022,9:30 Club,Washington,DC,2,9,I Wish,495,true,Stevie Wonder,532,37,13,20,,false,",",false,
1646272524,2022-03-01,2022,9:30 Club,Washington,DC,2,10,Wysteria Lane,405,false,Vasudo,1478,10,76,10,,true,>,true,opener|jam|peak
1646272524,2022-03-01,2022,9:30 Club,Washington,DC,2,11,Your Ocean,590,false,,518,6,18,0,,false,",",false,
1646272524,2022-03-01,2022,9:30 Club,Washington,DC,2,12,Pancakes,723,false,Great Blue,1275,2,4,0,,true,,false,opener|closer|jam
1646272524,2022-03-01,2022,9:30 Club,Washington,DC,E,13,Doobie Song,461,false,,480,11,15,10,,false,,false,closer|encore
1646892759,2022-03-02,2022,9:30 Club,Washington,DC,1,1,Jive I,411,false,,780,6,95,0,,false,>,true,
1646892759,2022-03-02,2022,9:30 Club,Washington,DC,1,2,Indian River,410,false,,1104,3,89,0,,true,>,true,
1646892759,2022-03-02,2022,9:30 Club,Washington,DC,1,3,Dr. Darkness,712,false,,540,3,4,0,,false,",",false,opener
1646892759,2022-03-02,2022,9:30 Club,Washington,DC,1,4,Same Old Shenanigans,541,false,,825,8,19,10,,false,",",false,closer
1646892759,2022-03-02,2022,9:30 Club,Washington,DC,1,5,Jeff Engborg,737,false,Great Blue,842,7,2,0,,false,,false,closer
1646892759,2022-03-02,2022,9:30 Club,Washington,DC,2,6,Bob Don,429,false,,379,5,21,0,,false,>,true,
1646892759,2022-03-02,2022,9:30 Club,Washington,DC,2,7,Flodown,478,false,Vasudo,881,3,105,0,,false,",",false,
1646892759,2022-03-02,2022,9:30 Club,Washington,DC,2,8,Time to Flee,404,false,,784,5,78,0,,false,>,true,
1646892759,2022-03-02,2022,9:30 Club,Washington,DC,2,9,Nights In White Satin,524,true,The Moody Blues,478,19,5,10,,false,",",false,
1646892759,2022-03-02,2022,9:30 Club,Washington,DC,2,10,All I Need,414,false,,1149,6,97,0,,true,->,true,jam
1646892759,2022-03-02,2022,9:30 Club,Washington,DC,2,11,Arrow,438,false,,1702,4,26,0,,false,,false,opener|closer|jam
1646892759,2022-03-02,2022,9:30 Club,Washington,DC,E,12,Turn On Your Love Light,578,true,Bobby Blue Bland,474,22,41,20,,false,,false,closer|encore
1647971657,2022-03-03,2022,The Fillmore,Charlotte,NC,1,1,Honeybee,490,false,,458,8,22,10,,false,>,true,
1647971657,2022-03-03,2022,The Fillmore,Charlotte,NC,1,2,Creatures,420,false,,1424,4,82,0,,true,->,true,jam
1647971657,2022-03-03,2022,The Fillmore,Charlotte,NC,1,3,Pumped Up Kicks,534,true,Foster The People,364,35,18,20,,false,",",false,
1647971657,2022-03-03,2022,The Fillmore,Charlotte,NC,1,4,Elizabeth,465,false,,964,7,35,0,,true,",",false,opener|jam
1647971657,2022-03-03,2022,The Fillmore,Charlotte,NC,1,5,Silver Rising,736,false,,537,2,5,0,,false,",",false,
1647971657,2022-03-03,2022,The Fillmore,Charlotte,NC,1,6,Tumble,418,false,Vasudo,1385,3,67,0,,false,,false,closer|jam|peak
1647971657,2022-03-03,2022,The Fillmore,Charlotte,NC,2,7,Slow Ready,422,false,,1145,3,42,0,,true,->,true,
1647971657,2022-03-03,2022,The Fillmore,Charlotte,NC,2,8,Hot Tea,408,false,Vasudo,1119,4,89,0,,true,",",false,closer
1647971657,2022-03-03,2022,The Fillmore,Charlotte,NC,2,9,A Western Sun,435,false,,460,4,36,0,,false,",",false,
1647971657,2022-03-03,2022,The Fillmore,Charlotte,NC,2,10,White Lights,586,false,,827,6,47,0,,false,,false,closer|encore
1647971657,2022-03-03,2022,The Fillmore,Charlotte,NC,E,11,Dancing In The Moonlight,456,true,King Harvest,298,21,12,20,,false,,false,encore
1647971890,2022-03-04,2022,Brooklyn Bowl,Nashville,TN,1,1,Atlas Dogs,727,false,,1064,3,5,0,,false,->,true,opener
1647971890,2022-03-04,2022,Brooklyn Bowl,Nashville,TN,1,2,Butter Rum,415,false,Vasudo,822,4,75,0,,false,",",false,
1647971890,2022-03-04,2022,Brooklyn Bowl,Nashville,TN,1,3,It Burns Within,500,false,St. John's Revival,360,25,6,20,,false,",",false,
1647971890,2022-03-04,2022,Brooklyn Bowl,Nashville,TN,1,4,The Whales,425,false,,448,6,16,0,,false,>,true,opener
1647971890,2022-03-04,2022,Brooklyn Bowl,Nashville,TN,1,5,Switchin',564,true,Wes Montgomery,505,59,22,35,,false,",",false,opener
1647971890,2022-03-04,2022,Brooklyn Bowl,Nashville,TN,1,6,Pancakes,723,false,Great Blue,1588,2,5,0,,true,,false,opener|closer|jam
1647971890,2022-03-04,2022,Brooklyn Bowl,Nashville,TN,2,7,Borne,725,false,,578,3,4,0,,false,>,true,jam
1647971890,2022-03-04,2022,Brooklyn Bowl,Nashville,TN,2,8,Rockdale,714,false,Vasudo,1451,3,10,0,,true,",",false,opener|closer|jam
1647971890,2022-03-04,2022,Brooklyn Bowl,Nashville,TN,2,9,Seekers on the Ridge pt I,609,false,,421,4,16,0,,false,>,true,
1647971890,2022-03-04,2022,Brooklyn Bowl,Nashville,TN,2,10,Seekers on the Ridge pt II,610,false,,340,4,16,0,,false,",",false,
1647971890,2022-03-04,2022,Brooklyn Bowl,Nashville,TN,2,11,Yeti,416,false,Great Blue,97,3,66,0,,false,>,true,opener
1647971890,2022-03-04,2022,Brooklyn Bowl,Nashville,TN,2,12,Trevor Reads Poetry,741,false,,163,36,3,20,,false,>,true,ballad
1647971890,2022-03-04,2022,Brooklyn Bowl,Nashville,TN,2,13,Yeti,416,false,Great Blue,832,0,67,0,,false,>,true,opener
1647971890,2022-03-04,2022,Brooklyn Bowl,Nashville,TN,2,14,Magic Carpet Ride,719,true,Steppenwolf,696,21,4,20,,false,,false,encore
1647971890,2022-03-04,2022,Brooklyn Bowl,Nashville,TN,E,15,Turned Clouds,400,false,,920,4,74,0,,false,,false,
1647972376,2022-03-05,2022,Brooklyn Bowl,Nashville,TN,1,1,Jive II,413,false,,675,6,61,0,,false,>,true,opener
1647972376,2022-03-05,2022,Brooklyn Bowl,Nashville,TN,1,2,Jive Lee,502,false,,911,6,59,0,,false,",",false,closer|jam
1647972376,2022-03-05,2022,Brooklyn Bowl,Nashville,TN,1,3,Lead the Way,406,false,,715,8,69,10,,false,",",false,opener
1647972376,2022-03-05,2022,Brooklyn Bowl,Nashville,TN,1,4,Earthling or Alien?,605,false,,956,7,17,0,,false,",",false,jam|peak
1647972376,2022-03-05,2022,Brooklyn Bowl,Nashville,TN,1,5,California Magic,735,false,,559,3,2,0,,false,,false,
1647972376,2022-03-05,2022,Brooklyn Bowl,Nashville,TN,2,6,Echo of a Rose,463,false,Vasudo,1276,4,53,0,,true,>,true,jam
1647972376,2022-03-05,2022,Brooklyn Bowl,Nashville,TN,2,7,Rosewood Heart,412,false,,1263,4,35,0,,true,>,true,jam|peak
1647972376,2022-03-05,2022,Brooklyn Bowl,Nashville,TN,2,8,Echo of a Rose,463,false,Vasudo,71,0,54,0,,false,",",false,jam
1647972376,2022-03-05,2022,Brooklyn Bowl,Nashville,TN,2,9,Arcadia,403,false,,1150,4,146,0,,true,",",false,closer
1647972376,2022-03-05,2022,Brooklyn Bowl,Nashville,TN,2,10,Red Bird,536,false,,1238,4,5,0,,true,",",false,jam
1647972376,2022-03-05,2022,Brooklyn Bowl,Nashville,TN,2,11,State Of The Art (A.E.I.O.U.),558,true,Jim James,407,26,4,20,,false,,false,closer
1647972376,2022-03-05,2022,Brooklyn Bowl,Nashville,TN,E,12,Dripfield,738,false,,1031,4,2,0,,false,,false,closer|jam
1647972561,2022-03-07,2022,The Mill &amp; Mine,Knoxville,TN,1,1,Time to Flee,404,false,,1231,3,79,0,,true,",",false,
1647972561,2022-03-07,2022,The Mill &amp; Mine,Knoxville,TN,1,2,Travelers,574,false,,587,4,15,0,,false,",",false,
1647972561,2022-03-07,2022,The Mill &amp; Mine,Knoxville,TN,1,3,Doc Brown,459,false,Great Blue,538,4,35,0,,false,",",false,
1647972561,2022-03-07,2022,The Mill &amp; Mine,Knoxville,TN,1,4,Wysteria Lane,405,false,Vasudo,1131,4,77,0,,true,>,true,opener|jam|peak
1647972561,2022-03-07,2022,The Mill &amp; Mine,Knoxville,TN,1,5,Dr. Darkness,712,false,,440,3,5,0,,false,",",false,opener
1647972561,2022-03-07,2022,The Mill &amp; Mine,Knoxville,TN,1,6,Look Out Cleveland,591,true,The Band,870,39,4,20,,false,,false,closer|jam|peak
1647972561,2022-03-07,2022,The Mill &amp; Mine,Knoxville,TN,2,7,The Empress Of Organos,604,false,Vasudo,1115,5,20,0,,false,",",false,closer|jam
1647972561,2022-03-07,2022,The Mill &amp; Mine,Knoxville,TN,2,8,Silver Rising,736,false,,560,2,6,0,,false,>,true,
1647972561,2022-03-07,2022,The Mill &amp; Mine,Knoxville,TN,2,9,Flodown,478,false,Vasudo,694,3,106,0,,false,",",false,
1647972561,2022-03-07,2022,The Mill &amp; Mine,Knoxville,TN,2,10,Spirit Of The Dark Horse,557,false,,1106,9,24,10,,false,>,true,
1647972561,2022-03-07,2022,The Mill &amp; Mine,Knoxville,TN,2,11,Mas Que Nada,513,true,Sergio Mendes,672,18,15,10,,false,,false,
1647972561,2022-03-07,2022,The Mill &amp; Mine,Knoxville,TN,E,12,So Ready,421,false,,873,5,105,0,,false,,false,closer
1647972862,2022-03-09,2022,Royal Oak Music Theatre,Royal Oak,MI,1,1,Borne,725,false,,1238,2,5,0,,true,",",false,jam
1647972862,2022-03-09,2022,Royal Oak Music Theatre,Royal Oak,MI,1,2,Same Old Shenanigans,541,false,,878,4,20,0,,false,",",false,closer
1647972862,2022-03-09,2022,Royal Oak Music Theatre,Royal Oak,MI,1,3,Life On The Shelf,711,false,,307,10,6,10,,false,>,true,ballad
1647972862,2022-03-09,2022,Royal Oak Music Theatre,Royal Oak,MI,1,4,Rosewood Heart,412,false,,2249,1,36,0,,true,",",false,jam|peak
1647972862,2022-03-09,2022,Royal Oak Music Theatre,Royal Oak,MI,1,5,Jeff Engborg,737,false,Great Blue,753,4,3,0,,false,,false,closer
1647972862,2022-03-09,2022,Royal Oak Music Theatre,Royal Oak,MI,2,6,726,432,false,,1188,15,13,10,,true,",",false,encore
1647972862,2022-03-09,2022,Royal Oak Music Theatre,Royal Oak,MI,2,7,Madhuvan,512,false,,1207,5,115,0,,true,",",false,opener|closer|jam
1647972862,2022-03-09,2022,Royal Oak Music Theatre,Royal Oak,MI,2,8,Doctor My Eyes,678,true,Jackson Browne,437,26,4,20,,false,",",false,
1647972862,2022-03-09,2022,Royal Oak Music Theatre,Royal Oak,MI,2,9,Yeti,416,false,Great Blue,777,2,68,0,,true,,false,opener
1647972862,2022-03-09,2022,Royal Oak Music Theatre,Royal Oak,MI,E,10,Butter Rum,415,false,Vasudo,736,2,76,0,,false,,false,
1647967541,2022-03-10,2022,Agora Theater,Cleveland,OH,1,1,Tumble,418,false,Vasudo,1653,4,68,0,,true,->,true,closer|jam|peak
1647967541,2022-03-10,2022,Agora Theater,Cleveland,OH,1,2,I'm Writing A Novel,424,true,Father John Misty,503,17,5,10,,false,",",false,
1647967541,2022-03-10,2022,Agora Theater,Cleveland,OH,1,3,Turned Clouds,400,false,,871,3,75,0,,false,",",false,
1647967541,2022-03-10,2022,Agora Theater,Cleveland,OH,1,4,Bob Don,429,false,,571,5,22,0,,false,",",false,
1647967541,2022-03-10,2022,Agora Theater,Cleveland,OH,1,5,Rockdale,714,false,Vasudo,1489,3,11,0,,true,,false,opener|closer|jam
1647967541,2022-03-10,2022,Agora Theater,Cleveland,OH,2,6,Echo of a Rose,463,false,Vasudo,1025,2,55,0,,false,>,true,jam
1647967541,2022-03-10,2022,Agora Theater,Cleveland,OH,2,7,Into the Myst,402,false,,884,6,38,0,,true,",",false,jam
1647967541,2022-03-10,2022,Agora Theater,Cleveland,OH,2,8,The Old Man's Boat,710,false,,996,6,10,0,,true,->,true,
1647967541,2022-03-10,2022,Agora Theater,Cleveland,OH,2,9,Use Me,581,true,Bill Withers,613,273,6,50,,false,",",false,opener|closer
1647967541,2022-03-10,2022,Agora Theater,Cleveland,OH,2,10,Dripfield,738,false,,1462,2,3,0,,true,,false,closer|jam
1647967541,2022-03-10,2022,Agora Theater,Cleveland,OH,E,11,Whip It,720,true,Devo,139,33,3,20,,false,>,true,ballad|encore
1647967541,2022-03-10,2022,Agora Theater,Cleveland,OH,E,12,Jive Lee,502,false,,698,2,60,0,,false,,false,closer|jam
1647973810,2022-03-11,2022,The Fillmore,Philadelphia,PA,1,1,Drive,462,false,,1298,7,63,0,,false,",",false,opener|jam
1647973810,2022-03-11,2022,The Fillmore,Philadelphia,PA,1,2,Earthling or Alien?,605,false,,761,3,18,0,,false,->,true,jam|peak
1647973810,2022-03-11,2022,The Fillmore,Philadelphia,PA,1,3,Indian River,410,false,,376,6,90,0,,false,",",false,
1647973810,2022-03-11,2022,The Fillmore,Philadelphia,PA,1,4,Time to Flee,404,false,,1146,2,80,0,,false,",",false,
1647973810,2022-03-11,2022,The Fillmore,Philadelphia,PA,1,5,Jive I,411,false,,596,6,96,0,,false,",",false,
1647973810,2022-03-11,2022,The Fillmore,Philadelphia,PA,1,6,Sinnerman,739,true,Nina Simone,560,8,2,10,,false,,false,closer
1647973810,2022-03-11,2022,The Fillmore,Philadelphia,PA,2,7,Pancakes,723,false,Great Blue,1316,4,6,0,,false,",",false,opener|closer|jam
1647973810,2022-03-11,2022,The Fillmore,Philadelphia,PA,2,8,Slow Ready,422,false,,802,5,43,0,,false,->,true,
1647973810,2022-03-11,2022,The Fillmore,Philadelphia,PA,2,9,Moby,677,false,,326,13,8,10,,false,",",false,ballad
1647973810,2022-03-11,2022,The Fillmore,Philadelphia,PA,2,10,Ghostbusters Rap,481,true,Run DMC,923,38,19,20,,false,",",false,closer
1647973810,2022-03-11,2022,The Fillmore,Philadelphia,PA,2,11,Arise,733,false,St. John's Revival,505,11,3,10,,false,",",false,closer
1647973810,2022-03-11,2022,The Fillmore,Philadelphia,PA,2,12,Hot Tea,408,false,Vasudo,1181,5,90,0,,false,,false,closer
1647973810,2022-03-11,2022,The Fillmore,Philadelphia,PA,E,13,Creatures,420,false,,797,5,83,0,,false,->,true,jam
1647973810,2022-03-11,2022,The Fillmore,Philadelphia,PA,E,14,Shama Lama Ding Dong,545,true,Otis Day and The Knights,144,16,31,10,,false,,false,encore
1647974144,2022-03-12,2022,The Fillmore,Philadelphia,PA,1,1,All I Need,414,false,,1426,7,98,0,,true,",",false,jam
1647974144,2022-03-12,2022,The Fillmore,Philadelphia,PA,1,2,California Magic,735,false,,739,4,3,0,,false,>,true,
1647974144,2022-03-12,2022,The Fillmore,Philadelphia,PA,1,3,Dr. Darkness,712,false,,367,3,6,0,,false,",",false,opener
1647974144,2022-03-12,2022,The Fillmore,Philadelphia,PA,1,4,Red Bird,536,false,,1315,4,6,0,,false,,false,jam
1647974144,2022-03-12,2022,The Fillmore,Philadelphia,PA,2,5,Hungersite,740,false,,1166,9,2,10,,true,",",false,opener|jam
1647974144,2022-03-12,2022,The Fillmore,Philadelphia,PA,2,6,Please Forgive Me,685,true,David Gray,612,37,3,20,,false,",",false,
1647974144,2022-03-12,2022,The Fillmore,Philadelphia,PA,2,7,Arcadia,403,false,,953,4,147,0,,false,",",false,closer
1647974144,2022-03-12,2022,The Fillmore,Philadelphia,PA,2,8,Fish In The Sea,477,true,Fat Freddy's Drop,872,15,9,10,,false,",",false,opener
1647974144,2022-03-12,2022,The Fillmore,Philadelphia,PA,2,9,This Old Sea,572,false,,1053,14,16,10,,true,>,true,jam
1647974144,2022-03-12,2022,The Fillmore,Philadelphia,PA,2,10,Factory Fiction,473,false,Vasudo,1357,11,9,10,,false,,false,closer|jam|peak|encore
1647974144,2022-03-12,2022,The Fillmore,Philadelphia,PA,E,11,Arrow,438,false,,1246,7,27,0,,false,,false,opener|closer|jam
1649637376,2022-04-28,2022,Firefly Distillery,North Charleston,SC,1,1,Flodown,478,false,Vasudo,579,4,107,0,,false,",",false,
1649637376,2022-04-28,2022,Firefly Distillery,North Charleston,SC,1,2,Indian River,410,false,,979,1,91,0,,false,",",false,
1649637376,2022-04-28,2022,Firefly Distillery,North Charleston,SC,1,3,Caution,446,true,Bob Marley,419,13,10,10,,false,",",false,
1649637376,2022-04-28,2022,Firefly Distillery,North Charleston,SC,1,4,Time to Flee,404,false,,884,1,81,0,,false,",",false,
1649637376,2022-04-28,2022,Firefly Distillery,North Charleston,SC,1,5,Borne,725,false,,1120,3,6,0,,false,>,true,jam
1649637376,2022-04-28,2022,Firefly Distillery,North Charleston,SC,1,6,Dr. Darkness,712,false,,370,0,7,0,,false,,false,opener
1649637376,2022-04-28,2022,Firefly Distillery,North Charleston,SC,2,7,Tumble,418,false,Vasudo,951,2,69,0,,false,",",false,closer|jam|peak
1649637376,2022-04-28,2022,Firefly Distillery,North Charleston,SC,2,8,Creatures,420,false,,1293,1,84,0,,false,",",false,jam
1649637376,2022-04-28,2022,Firefly Distillery,North Charleston,SC,2,9,Rosewood Heart,412,false,,972,3,37,0,,false,",",false,jam|peak
1649637376,2022-04-28,2022,Firefly Distillery,North Charleston,SC,2,10,Arrow,438,false,,1270,0,28,0,,false,,false,opener|closer|jam
1649637376,2022-04-28,2022,Firefly Distillery,North Charleston,SC,E,11,Magic Carpet Ride,719,true,Steppenwolf,371,6,5,0,,false,,false,encore
1650982465,2022-04-29,2022,Salvage Station,Asheville,NC,1,1,Echo of a Rose,463,false,Vasudo,624,3,56,0,,false,>,true,jam
1650982465,2022-04-29,2022,Salvage Station,Asheville,NC,1,2,Jive I,411,false,,622,2,97,0,,false,>,true,
1650982465,2022-04-29,2022,Salvage Station,Asheville,NC,1,3,Jive Lee,502,false,,822,3,61,0,,true,",",false,closer|jam
1650982465,2022-04-29,2022,Salvage Station,Asheville,NC,1,4,Madhuvan,512,false,,1155,4,116,0,,false,",",false,opener|closer|jam
1650982465,2022-04-29,2022,Salvage Station,Asheville,NC,1,5,Bob Don,429,false,,374,3,23,0,,false,",",false,
1650982465,2022-04-29,2022,Salvage Station,Asheville,NC,1,6,Sinnerman,739,true,Nina Simone,514,2,3,0,,false,,false,closer
1650982465,2022-04-29,2022,Salvage Station,Asheville,NC,2,7,Wysteria Lane,405,false,Vasudo,963,5,78,0,,false,>,true,opener|jam|peak
1650982465,2022-04-29,2022,Salvage Station,Asheville,NC,2,8,I'm Writing A Novel,424,true,Father John Misty,590,3,6,0,,false,",",false,
1650982465,2022-04-29,2022,Salvage Station,Asheville,NC,2,9,Red Bird,536,false,,1262,1,7,0,,true,>,true,jam
1650982465,2022-04-29,2022,Salvage Station,Asheville,NC,2,10,726,432,false,,578,4,14,0,,false,>,true,encore
1650982465,2022-04-29,2022,Salvage Station,Asheville,NC,2,11,Dripfield,738,false,,1021,3,4,0,,false,,false,closer|jam
1650982465,2022-04-29,2022,Salvage Station,Asheville,NC,E,12,Slow Ready,422,false,,484,2,44,0,,false,,false,
1651783457,2022-04-30,2022,Sweetwater 420 Festival,Atlanta,GA,1,1,Hot Tea,408,false,Vasudo,898,3,91,0,,false,",",false,closer
1651783457,2022-04-30,2022,Sweetwater 420 Festival,Atlanta,GA,1,2,Rockdale,714,false,Vasudo,956,4,12,0,,false,",",false,opener|closer|jam
1651783457,2022-04-30,2022,Sweetwater 420 Festival,Atlanta,GA,1,3,Hungersite,740,false,,872,2,3,0,,false,>,true,opener|jam
1651783457,2022-04-30,2022,Sweetwater 420 Festival,Atlanta,GA,1,4,Moby,677,false,,265,3,9,0,,false,",",false,ballad
1651783457,2022-04-30,2022,Sweetwater 420 Festival,Atlanta,GA,1,5,Yeti,416,false,Great Blue,457,5,69,0,,false,",",false,opener
1651783457,2022-04-30,2022,Sweetwater 420 Festival,Atlanta,GA,1,6,California Magic,735,false,,540,2,4,0,,false,",",false,
1651783457,2022-04-30,2022,Sweetwater 420 Festival,Atlanta,GA,1,7,Pancakes,723,false,Great Blue,1120,3,7,0,,false,",",false,opener|closer|jam
1651783457,2022-04-30,2022,Sweetwater 420 Festival,Atlanta,GA,1,8,Silver Rising,736,false,,551,6,7,0,,false,",",false,
1651783457,2022-04-30,2022,Sweetwater 420 Festival,Atlanta,GA,1,9,The Empress Of Organos,604,false,Vasudo,832,6,21,0,,true,,false,closer|jam
1651783541,2022-05-01,2022,Beale Street Music Festival,Memphis,TN,1,1,Drive,462,false,,347,4,64,0,,false,",",false,opener|jam
1651783541,2022-05-01,2022,Beale Street Music Festival,Memphis,TN,1,2,Lead the Way,406,false,,532,8,70,10,,false,",",false,opener
1651783541,2022-05-01,2022,Beale Street Music Festival,Memphis,TN,1,3,Green River,482,true,Creedence Clearwater Revival,388,22,24,20,,false,",",false,
1651783541,2022-05-01,2022,Beale Street Music Festival,Memphis,TN,1,4,Turned Clouds,400,false,,602,5,76,0,,false,",",false,
1651783541,2022-05-01,2022,Beale Street Music Festival,Memphis,TN,1,5,Borne,725,false,,493,2,7,0,,false,",",false,jam
1651783541,2022-05-01,2022,Beale Street Music Festival,Memphis,TN,1,6,All I Need,414,false,,595,3,99,0,,false,>,true,jam
1651783541,2022-05-01,2022,Beale Street Music Festival,Memphis,TN,1,7,Electric Avenue,464,true,Eddy Grant,345,17,25,10,,false,",",false,
1651783541,2022-05-01,2022,Beale Street Music Festival,Memphis,TN,1,8,So Ready,421,false,,711,7,106,0,,false,",",false,closer
1651783541,2022-05-01,2022,Beale Street Music Festival,Memphis,TN,1,9,Arcadia,403,false,,414,3,148,0,,false,,false,closer
1653776640,2022-05-27,2022,Westville Music Bowl,New Haven,CT,1,1,Atlas,439,true,The Wood Brothers,947,28,31,20,,false,",",false,opener
1653776640,2022-05-27,2022,Westville Music Bowl,New Haven,CT,1,2,Flodown,478,false,Vasudo,592,3,108,0,,false,",",false,
1653776640,2022-05-27,2022,Westville Music Bowl,New Haven,CT,1,3,Dr. Darkness,712,false,,415,3,8,0,,false,",",false,opener
1653776640,2022-05-27,2022,Westville Music Bowl,New Haven,CT,1,4,Pancakes,723,false,Great Blue,942,1,8,0,,false,",",false,opener|closer|jam
1653776640,2022-05-27,2022,Westville Music Bowl,New Haven,CT,1,5,Seekers on the Ridge pt I,609,false,,385,10,17,10,,false,>,true,
1653776640,2022-05-27,2022,Westville Music Bowl,New Haven,CT,1,6,Seekers on the Ridge pt II,610,false,,295,10,17,10,,false,",",false,
1653776640,2022-05-27,2022,Westville Music Bowl,New Haven,CT,1,7,Hot Tea,408,false,Vasudo,1116,1,92,0,,false,,false,closer
1653776640,2022-05-27,2022,Westville Music Bowl,New Haven,CT,2,8,Madhuvan,512,false,,1183,2,117,0,,true,",",false,opener|closer|jam
1653776640,2022-05-27,2022,Westville Music Bowl,New Haven,CT,2,9,Creatures,420,false,,1147,3,85,0,,false,->,true,jam
1653776640,2022-05-27,2022,Westville Music Bowl,New Haven,CT,2,10,Pancakes,723,false,Great Blue,162,0,9,0,,false,",",false,opener|closer|jam
1653776640,2022-05-27,2022,Westville Music Bowl,New Haven,CT,2,11,Wysteria Lane,405,false,Vasudo,860,2,79,0,,false,",",false,opener|jam|peak
1653776640,2022-05-27,2022,Westville Music Bowl,New Haven,CT,2,12,Same Old Shenanigans,541,false,,824,7,21,0,,false,,false,closer
1653776640,2022-05-27,2022,Westville Music Bowl,New Haven,CT,E,13,Rockdale,714,false,Vasudo,622,1,13,0,,false,,false,opener|closer|jam
1653839586,2022-05-28,2022,Westville Music Bowl,New Haven,CT,1,1,Drive,462,false,,846,1,65,0,,false,",",false,opener|jam
1653839586,2022-05-28,2022,Westville Music Bowl,New Haven,CT,1,2,California Magic,735,false,,487,2,5,0,,false,",",false,
1653839586,2022-05-28,2022,Westville Music Bowl,New Haven,CT,1,3,The Old Man's Boat,710,false,,790,7,11,0,,false,",",false,
1653839586,2022-05-28,2022,Westville Music Bowl,New Haven,CT,1,4,Turned Clouds,400,false,,632,1,77,0,,false,",",false,
1653839586,2022-05-28,2022,Westville Music Bowl,New Haven,CT,1,5,Honeybee,490,false,,435,12,23,10,,false,",",false,
1653839586,2022-05-28,2022,Westville Music Bowl,New Haven,CT,1,6,The Empress Of Organos,604,false,Vasudo,998,2,22,0,,false,,false,closer|jam
1653839586,2022-05-28,2022,Westville Music Bowl,New Haven,CT,2,7,Red Bird,536,false,,1089,3,8,0,,false,",",false,jam
1653839586,2022-05-28,2022,Westville Music Bowl,New Haven,CT,2,8,Butter Rum,415,false,Vasudo,789,8,77,10,,false,",",false,
1653839586,2022-05-28,2022,Westville Music Bowl,New Haven,CT,2,9,Echo of a Rose,463,false,Vasudo,722,3,57,0,,false,->,true,jam
1653839586,2022-05-28,2022,Westville Music Bowl,New Haven,CT,2,10,Into the Myst,402,false,,788,7,39,0,,false,",",false,jam
1653839586,2022-05-28,2022,Westville Music Bowl,New Haven,CT,2,11,Dripfield,738,false,,805,3,5,0,,false,,false,closer|jam
1653839586,2022-05-28,2022,Westville Music Bowl,New Haven,CT,E,12,Dripfield,738,false,,471,0,6,0,,false,,false,closer|jam
1654951966,2022-05-29,2022,Boston Calling,Boston,MA,1,1,Borne,725,false,,291,2,8,0,,false,>,true,jam
1654951966,2022-05-29,2022,Boston Calling,Boston,MA,1,2,Hungersite,740,false,,881,3,4,0,,false,->,true,opener|jam
1654951966,2022-05-29,2022,Boston Calling,Boston,MA,1,3,Moby,677,false,,211,3,10,0,,false,",",false,ballad
1654951966,2022-05-29,2022,Boston Calling,Boston,MA,1,4,Slow Ready,422,false,,603,4,45,0,,false,",",false,
1654951966,2022-05-29,2022,Boston Calling,Boston,MA,1,5,Arcadia,403,false,,702,2,149,0,,false,",",false,closer
1654951966,2022-05-29,2022,Boston Calling,Boston,MA,1,6,White Lights,586,false,,615,13,48,10,,false,",",false,closer|encore
1654951966,2022-05-29,2022,Boston Calling,Boston,MA,1,7,Silver Rising,736,false,,563,3,8,0,,false,",",false,
1654951966,2022-05-29,2022,Boston Calling,Boston,MA,1,8,Hot Tea,408,false,Vasudo,396,1,93,0,,false,,false,closer
1654952260,2022-06-06,2022,Champlain Valley Exposition,Essex Junction,VT,1,1,Lead the Way,406,false,,636,3,71,0,,false,",",false,opener
1654952260,2022-06-06,2022,Champlain Valley Exposition,Essex Junction,VT,1,2,Atlas Dogs,727,false,,439,13,6,10,,false,",",false,opener
1654952260,2022-06-06,2022,Champlain Valley Exposition,Essex Junction,VT,1,3,Earthling or Alien?,605,false,,775,8,19,10,,false,->,true,jam|peak
1654952260,2022-06-06,2022,Champlain Valley Exposition,Essex Junction,VT,1,4,Indian River,410,false,,1164,6,92,0,,true,",",false,
1654952260,2022-06-06,2022,Champlain Valley Exposition,Essex Junction,VT,1,5,Flodown,478,false,Vasudo,702,2,109,0,,false,",",false,
1654952260,2022-06-06,2022,Champlain Valley Exposition,Essex Junction,VT,1,6,So Ready,421,false,,791,3,107,0,,false,,false,closer
1654952260,2022-06-06,2022,Champlain Valley Exposition,Essex Junction,VT,2,7,Wysteria Lane,405,false,Vasudo,1556,2,80,0,,true,",",false,opener|jam|peak
1654952260,2022-06-06,2022,Champlain Valley Exposition,Essex Junction,VT,2,8,Travelers,574,false,,546,11,16,10,,false,",",false,
1654952260,2022-06-06,2022,Champlain Valley Exposition,Essex Junction,VT,2,9,Tumble,418,false,Vasudo,946,6,70,0,,false,",",false,closer|jam|peak
1654952260,2022-06-06,2022,Champlain Valley Exposition,Essex Junction,VT,2,10,Yeti,416,false,Great Blue,700,4,70,0,,false,,false,opener
1654952260,2022-06-06,2022,Champlain Valley Exposition,Essex Junction,VT,E,11,Tomorrow Never Knows,573,true,The Beatles,421,28,5,20,,false,->,true,encore
1654952260,2022-06-06,2022,Champlain Valley Exposition,Essex Junction,VT,E,12,Yeti,416,false,Great Blue,203,0,71,0,,false,,false,opener
1654952499,2022-06-08,2022,Artpark,Lewiston,NY,1,1,The Whales,425,false,,554,14,17,10,,false,",",false,opener
1654952499,2022-06-08,2022,Artpark,Lewiston,NY,1,2,Bob Don,429,false,,380,6,24,0,,false,",",false,
1654952499,2022-06-08,2022,Artpark,Lewiston,NY,1,3,Time to Flee,404,false,,654,7,82,0,,false,->,true,
1654952499,2022-06-08,2022,Artpark,Lewiston,NY,1,4,AUATC,602,true,Bon Iver,372,21,4,20,,false,",",false,
1654952499,2022-06-08,2022,Artpark,Lewiston,NY,1,5,Rosewood Heart,412,false,,1225,7,38,0,,false,->,true,jam|peak
1654952499,2022-06-08,2022,Artpark,Lewiston,NY,1,6,Jive I,411,false,,576,6,98,0,,false,>,true,
1654952499,2022-06-08,2022,Artpark,Lewiston,NY,1,7,Jive Lee,502,false,,887,6,62,0,,true,,false,closer|jam
1654952499,2022-06-08,2022,Artpark,Lewiston,NY,2,8,Madhuvan,512,false,,1364,3,118,0,,true,",",false,opener|closer|jam
1654952499,2022-06-08,2022,Artpark,Lewiston,NY,2,9,Hungersite,740,false,,1014,1,5,0,,true,->,true,opener|jam
1654952499,2022-06-08,2022,Artpark,Lewiston,NY,2,10,Into the Myst,402,false,,823,2,40,0,,false,",",false,jam
1654952499,2022-06-08,2022,Artpark,Lewiston,NY,2,11,Your Ocean,590,false,,478,17,19,10,,false,",",false,
1654952499,2022-06-08,2022,Artpark,Lewiston,NY,2,12,Butter Rum,415,false,Vasudo,793,2,78,0,,false,,false,
1654952499,2022-06-08,2022,Artpark,Lewiston,NY,E,13,Don't Do It,460,true,The Band,406,24,23,20,,false,,false,closer|encore
1654952852,2022-06-10,2022,Legend Valley,Thornville,OH,1,1,California Magic,735,false,,519,3,6,0,,false,",",false,
1654952852,2022-06-10,2022,Legend Valley,Thornville,OH,1,2,Butterflies,763,false,Great Blue,417,0,1,0,,false,",",false,opener
1654952852,2022-06-10,2022,Legend Valley,Thornville,OH,1,3,Mississippi Half-Step Uptown Toodeloo,517,true,Grateful Dead,1067,23,26,20,,true,",",false,jam
1654952852,2022-06-10,2022,Legend Valley,Thornville,OH,1,4,The Old Man's Boat,710,false,,851,3,12,0,,false,>,true,
1654952852,2022-06-10,2022,Legend Valley,Thornville,OH,1,5,Creatures,420,false,,1488,4,86,0,,true,",",false,jam
1654952852,2022-06-10,2022,Legend Valley,Thornville,OH,1,6,Turbulence & The Night Rays,646,false,Vasudo,495,0,1,0,,false,,false,opener
1654952852,2022-06-10,2022,Legend Valley,Thornville,OH,2,7,All I Need,414,false,,2067,5,100,0,,true,>,true,jam
1654952852,2022-06-10,2022,Legend Valley,Thornville,OH,2,8,Nights In White Satin,524,true,The Moody Blues,392,17,6,10,,false,",",false,
1654952852,2022-06-10,2022,Legend Valley,Thornville,OH,2,9,Red Bird,536,false,,1057,3,9,0,,false,",",false,jam
1654952852,2022-06-10,2022,Legend Valley,Thornville,OH,2,10,Spirit Of The Dark Horse,557,false,,619,13,25,10,,false,>,true,
1654952852,2022-06-10,2022,Legend Valley,Thornville,OH,2,11,Dragonfly,694,false,,597,24,6,20,,false,,false,closer
1654952852,2022-06-10,2022,Legend Valley,Thornville,OH,E,12,Jive II,413,false,,665,14,62,10,,false,,false,opener
1658016134,2022-06-11,2022,Legend Valley,Thornville,OH,1,1,Elizabeth,465,false,,475,17,36,10,,false,",",false,opener|jam
1658016134,2022-06-11,2022,Legend Valley,Thornville,OH,1,2,Borne,725,false,,1004,3,9,0,,false,>,true,jam
1658016134,2022-06-11,2022,Legend Valley,Thornville,OH,1,3,Dr. Darkness,712,false,,508,5,9,0,,false,",",false,opener
1658016134,2022-06-11,2022,Legend Valley,Thornville,OH,1,4,Drive,462,false,,929,4,66,0,,false,",",false,opener|jam
1658016134,2022-06-11,2022,Legend Valley,Thornville,OH,1,5,Silver Rising,736,false,,520,3,9,0,,false,",",false,
1658016134,2022-06-11,2022,Legend Valley,Thornville,OH,1,6,Arrow,438,false,,1411,9,29,10,,false,,false,opener|closer|jam
1658016134,2022-06-11,2022,Legend Valley,Thornville,OH,2,7,Animal,764,false,,1231,0,1,0,,true,",",false,opener|closer
1658016134,2022-06-11,2022,Legend Valley,Thornville,OH,2,8,A Western Sun,435,false,,1125,17,37,10,,false,>,true,
1658016134,2022-06-11,2022,Legend Valley,Thornville,OH,2,9,Dripfield,738,false,,1221,4,7,0,,false,,false,closer|jam
1658016134,2022-06-11,2022,Legend Valley,Thornville,OH,E,10,Rockdale,714,false,Vasudo,929,5,14,0,,true,,false,opener|closer|jam
1658547159,2022-06-12,2022,TCU Amphitheater at White River State Park,Indianapolis,IN,1,1,Honeybee,490,false,,433,5,24,0,,false,",",false,
1658547159,2022-06-12,2022,TCU Amphitheater at White River State Park,Indianapolis,IN,1,2,Echo of a Rose,463,false,Vasudo,746,5,58,0,,false,",",false,jam
1658547159,2022-06-12,2022,TCU Amphitheater at White River State Park,Indianapolis,IN,1,3,Me and Julio Down By The Schoolyard,515,true,Paul Simon,478,31,21,20,,false,",",false,
1658547159,2022-06-12,2022,TCU Amphitheater at White River State Park,Indianapolis,IN,1,4,Turned Clouds,400,false,,688,5,78,0,,false,",",false,
1658547159,2022-06-12,2022,TCU Amphitheater at White River State Park,Indianapolis,IN,1,5,Arcadia,403,false,,1085,4,150,0,,false,",",false,closer
1658547159,2022-06-12,2022,TCU Amphitheater at White River State Park,Indianapolis,IN,1,6,Seekers on the Ridge pt I,609,false,,383,6,18,0,,false,>,true,
1658547159,2022-06-12,2022,TCU Amphitheater at White River State Park,Indianapolis,IN,1,7,Seekers on the Ridge pt II,610,false,,272,6,18,0,,false,",",false,
1658547159,2022-06-12,2022,TCU Amphitheater at White River State Park,Indianapolis,IN,1,8,Yeti,416,false,Great Blue,518,3,72,0,,false,,false,opener
1658547159,2022-06-12,2022,TCU Amphitheater at White River State Park,Indianapolis,IN,2,9,Same Old Shenanigans,541,false,,860,6,22,0,,false,",",false,closer
1658547159,2022-06-12,2022,TCU Amphitheater at White River State Park,Indianapolis,IN,2,10,Pancakes,723,false,Great Blue,733,6,10,0,,false,>,true,opener|closer|jam
1658547159,2022-06-12,2022,TCU Amphitheater at White River State Park,Indianapolis,IN,2,11,Can't Get You Out Of My Head,426,true,Kylie Minogue,729,33,14,20,,false,>,true,
1658547159,2022-06-12,2022,TCU Amphitheater at White River State Park,Indianapolis,IN,2,12,Pancakes,723,false,Great Blue,440,0,11,0,,false,",",false,opener|closer|jam
1658547159,2022-06-12,2022,TCU Amphitheater at White River State Park,Indianapolis,IN,2,13,Slow Ready,422,false,,897,4,46,0,,false,,false,
1658547159,2022-06-12,2022,TCU Amphitheater at White River State Park,Indianapolis,IN,E,14,Hot Tea,408,false,Vasudo,895,4,94,0,,false,,false,closer
1658553316,2022-06-14,2022,Greenfield Lake Amphitheater,Wilmington,NC,1,1,Time to Flee,404,false,,1071,3,83,0,,false,",",false,
1658553316,2022-06-14,2022,Greenfield Lake Amphitheater,Wilmington,NC,1,2,The W.S. Walcott Medicine Show,582,true,The Band,467,27,16,20,,false,>,true,
1658553316,2022-06-14,2022,Greenfield Lake Amphitheater,Wilmington,NC,1,3,Flodown,478,false,Vasudo,649,4,110,0,,false,",",false,
1658553316,2022-06-14,2022,Greenfield Lake Amphitheater,Wilmington,NC,1,4,Life On The Shelf,711,false,,310,15,7,10,,false,",",false,ballad
1658553316,2022-06-14,2022,Greenfield Lake Amphitheater,Wilmington,NC,1,5,Jive I,411,false,,624,3,99,0,,false,>,true,
1658553316,2022-06-14,2022,Greenfield Lake Amphitheater,Wilmington,NC,1,6,Rosewood Heart,412,false,,1148,3,39,0,,false,,false,jam|peak
1658553316,2022-06-14,2022,Greenfield Lake Amphitheater,Wilmington,NC,2,7,Atlas Dogs,727,false,,409,4,7,0,,false,",",false,opener
1658553316,2022-06-14,2022,Greenfield Lake Amphitheater,Wilmington,NC,2,8,Butter Rum,415,false,Vasudo,742,3,79,0,,false,",",false,
1658553316,2022-06-14,2022,Greenfield Lake Amphitheater,Wilmington,NC,2,9,Wysteria Lane,405,false,Vasudo,1076,4,81,0,,false,>,true,opener|jam|peak
1658553316,2022-06-14,2022,Greenfield Lake Amphitheater,Wilmington,NC,2,10,Into the Myst,402,false,,801,3,41,0,,false,",",false,jam
1658553316,2022-06-14,2022,Greenfield Lake Amphitheater,Wilmington,NC,2,11,The Empress Of Organos,604,false,Vasudo,843,6,23,0,,false,,false,closer|jam
1658553333,2022-06-15,2022,Red Hat Amphitheater,Raleigh,NC,1,1,Hungersite,740,false,,777,4,6,0,,false,>,true,opener|jam
1658553333,2022-06-15,2022,Red Hat Amphitheater,Raleigh,NC,1,2,Inside Out,499,true,Spoon,585,30,9,20,,false,",",false,jam
1658553333,2022-06-15,2022,Red Hat Amphitheater,Raleigh,NC,1,3,Butterflies,763,false,Great Blue,404,3,2,0,,false,",",false,opener
1658553333,2022-06-15,2022,Red Hat Amphitheater,Raleigh,NC,1,4,Turbulence & The Night Rays,646,false,Vasudo,523,3,2,0,,false,",",false,opener
1658553333,2022-06-15,2022,Red Hat Amphitheater,Raleigh,NC,1,5,Silver Rising,736,false,,532,2,10,0,,false,",",false,
1658553333,2022-06-15,2022,Red Hat Amphitheater,Raleigh,NC,1,6,Madhuvan,512,false,,1700,4,119,0,,true,,false,opener|closer|jam
1658553333,2022-06-15,2022,Red Hat Amphitheater,Raleigh,NC,2,7,Bob Don,429,false,,388,4,25,0,,false,>,true,
1658553333,2022-06-15,2022,Red Hat Amphitheater,Raleigh,NC,2,8,Arrow,438,false,,1222,2,30,0,,false,",",false,opener|closer|jam
1658553333,2022-06-15,2022,Red Hat Amphitheater,Raleigh,NC,2,9,Red Bird,536,false,,860,3,10,0,,false,",",false,jam
1658553333,2022-06-15,2022,Red Hat Amphitheater,Raleigh,NC,2,10,Drive,462,false,,1272,2,67,0,,true,",",false,opener|jam
1658553333,2022-06-15,2022,Red Hat Amphitheater,Raleigh,NC,2,11,So Ready,421,false,,673,5,108,0,,false,,false,closer
1658553333,2022-06-15,2022,Red Hat Amphitheater,Raleigh,NC,E,12,California Magic,735,false,,484,3,7,0,,false,,false,
1658553367,2022-06-17,2022,Bonnaroo Music and Arts Festival,Manchester,TN,1,1,Hot Tea,408,false,Vasudo,843,2,95,0,,false,",",false,closer
1658553367,2022-06-17,2022,Bonnaroo Music and Arts Festival,Manchester,TN,1,2,Animal,764,false,,390,3,2,0,,false,",",false,opener|closer
1658553367,2022-06-17,2022,Bonnaroo Music and Arts Festival,Manchester,TN,1,3,Dripfield,738,false,,772,3,8,0,,false,",",false,closer|jam
1658553367,2022-06-17,2022,Bonnaroo Music and Arts Festival,Manchester,TN,1,4,Slow Ready,422,false,,642,2,47,0,,false,>,true,
1658553367,2022-06-17,2022,Bonnaroo Music and Arts Festival,Manchester,TN,1,5,Fish In The Sea,477,true,Fat Freddy's Drop,686,14,10,10,,false,",",false,opener
1658553367,2022-06-17,2022,Bonnaroo Music and Arts Festival,Manchester,TN,1,6,Arcadia,403,false,,873,2,151,0,,false,",",false,closer
1658553367,2022-06-17,2022,Bonnaroo Music and Arts Festival,Manchester,TN,1,7,Creatures,420,false,,922,4,87,0,,false,",",false,jam
1658553367,2022-06-17,2022,Bonnaroo Music and Arts Festival,Manchester,TN,1,8,Arrow,438,false,,981,0,31,0,,false,>,true,opener|closer|jam
1658553367,2022-06-17,2022,Bonnaroo Music and Arts Festival,Manchester,TN,1,9,Electric Avenue,464,true,Eddy Grant,371,10,26,10,,false,",",false,
1658553367,2022-06-17,2022,Bonnaroo Music and Arts Festival,Manchester,TN,1,10,The Empress Of Organos,604,false,Vasudo,795,1,24,0,,false,,false,closer|jam
1658553386,2022-06-24,2022,Radio City Music Hall,New York,NY,1,1,California Magic,735,false,,526,1,8,0,,false,",",false,
1658553386,2022-06-24,2022,Radio City Music Hall,New York,NY,1,2,Elizabeth,465,false,,315,4,37,0,,false,",",false,opener|jam
1658553386,2022-06-24,2022,Radio City Music Hall,New York,NY,1,3,Jack-A-Roe,620,true,Traditional,357,0,1,0,,false,",",false,
1658553386,2022-06-24,2022,Radio City Music Hall,New York,NY,1,4,Turned Clouds,400,false,,560,3,79,0,,false,",",false,
1658553386,2022-06-24,2022,Radio City Music Hall,New York,NY,1,5,This Old Sea,572,false,,654,15,17,10,,false,",",false,jam
1658553386,2022-06-24,2022,Radio City Music Hall,New York,NY,1,6,All I Need,414,false,,535,5,101,0,,false,,false,jam
1658553386,2022-06-24,2022,Radio City Music Hall,New York,NY,2,7,Tumble,418,false,Vasudo,867,7,71,0,,false,",",false,closer|jam|peak
1658553386,2022-06-24,2022,Radio City Music Hall,New York,NY,2,8,Borne,725,false,,1031,4,10,0,,false,",",false,jam
1658553386,2022-06-24,2022,Radio City Music Hall,New York,NY,2,9,The Whales,425,false,,408,6,18,0,,false,",",false,opener
1658553386,2022-06-24,2022,Radio City Music Hall,New York,NY,2,10,A Western Sun,435,false,,423,4,38,0,,false,",",false,
1658553386,2022-06-24,2022,Radio City Music Hall,New York,NY,2,11,Pancakes,723,false,Great Blue,827,3,12,0,,false,,false,opener|closer|jam
1658553386,2022-06-24,2022,Radio City Music Hall,New York,NY,3,12,Madhuvan,512,false,,1092,1,120,0,,false,",",false,opener|closer|jam
1658553386,2022-06-24,2022,Radio City Music Hall,New York,NY,3,13,Hot Tea,408,false,Vasudo,899,0,96,0,,false,",",false,closer
1658553386,2022-06-24,2022,Radio City Music Hall,New York,NY,3,14,Arrow,438,false,,626,0,32,0,,false,,false,opener|closer|jam
1658553386,2022-06-24,2022,Radio City Music Hall,New York,NY,E,15,Animal,764,false,,371,0,3,0,,false,,false,opener|closer
1658553400,2022-06-25,2022,Radio City Music Hall,New York,NY,1,1,Atlas Dogs,727,false,,363,3,8,0,,false,",",false,opener
1658553400,2022-06-25,2022,Radio City Music Hall,New York,NY,1,2,Moonrise,731,false,Orebolo,175,0,1,0,,false,",",false,opener|ballad
1658553400,2022-06-25,2022,Radio City Music Hall,New York,NY,1,3,Wake Up,583,true,Arcade Fire,396,341,2,50,,false,",",false,
1658553400,2022-06-25,2022,Radio City Music Hall,New York,NY,1,4,Atlantic City,601,true,Bruce Springsteen,321,106,2,50,,false,",",false,ballad
1658553400,2022-06-25,2022,Radio City Music Hall,New York,NY,1,5,Flodown,478,false,Vasudo,502,3,111,0,,false,",",false,
1658553400,2022-06-25,2022,Radio City Music Hall,New York,NY,1,6,Elmeg The Wise,466,false,St. John's Revival,570,36,12,20,,false,,false,closer|encore
1658553400,2022-06-25,2022,Radio City Music Hall,New York,NY,2,7,Rockdale,714,false,Vasudo,986,5,15,0,,false,",",false,opener|closer|jam
1658553400,2022-06-25,2022,Radio City Music Hall,New York,NY,2,8,Seekers on the Ridge pt I,609,false,,375,4,19,0,,false,>,true,
1658553400,2022-06-25,2022,Radio City Music Hall,New York,NY,2,9,Seekers on the Ridge pt II,610,false,,276,4,19,0,,false,",",false,
1658553400,2022-06-25,2022,Radio City Music Hall,New York,NY,2,10,Red Bird,536,false,,1353,2,11,0,,false,>,true,jam
1658553400,2022-06-25,2022,Radio City Music Hall,New York,NY,2,11,I'm Writing A Novel,424,true,Father John Misty,440,14,7,10,,false,",",false,
1658553400,2022-06-25,2022,Radio City Music Hall,New York,NY,2,12,Creatures,420,false,,1114,1,88,0,,false,,false,jam
1658553400,2022-06-25,2022,Radio City Music Hall,New York,NY,3,13,Silver Rising,736,false,,518,2,11,0,,false,",",false,
1658553400,2022-06-25,2022,Radio City Music Hall,New York,NY,3,14,Hungersite,740,false,,1173,2,7,0,,true,>,true,opener|jam
1658553400,2022-06-25,2022,Radio City Music Hall,New York,NY,3,15,Arcadia,403,false,,1043,1,152,0,,true,",",false,closer
1658553400,2022-06-25,2022,Radio City Music Hall,New York,NY,3,16,Dripfield,738,false,,1137,1,9,0,,false,->,true,closer|jam
1658553400,2022-06-25,2022,Radio City Music Hall,New York,NY,3,17,Loose Ends,762,false,Vasudo,137,38,8,20,,false,",",false,closer
1658553400,2022-06-25,2022,Radio City Music Hall,New York,NY,3,18,The Empress Of Organos,604,false,Vasudo,1094,1,25,0,,true,,false,closer|jam
1658553400,2022-06-25,2022,Radio City Music Hall,New York,NY,E,19,Tomorrow Never Knows,573,true,The Beatles,436,8,6,10,,false,,false,encore
1667314241,2022-06-25,2022,Studio 1515,New York,NY,1,1,Hungersite,740,false,,256,0,8,0,,false,",",false,opener|jam
1667314241,2022-06-25,2022,Studio 1515,New York,NY,1,2,Slow Ready,422,false,,,2,48,0,,false,",",false,
1667314241,2022-06-25,2022,Studio 1515,New York,NY,1,3,Borne,725,false,,,1,11,0,,false,,false,jam
1658554962,2022-06-30,2022,High Sierra Music Festival,Quincy,CA,1,1,Flodown,478,false,Vasudo,602,1,112,0,,false,",",false,
1658554962,2022-06-30,2022,High Sierra Music Festival,Quincy,CA,1,2,All I Need,414,false,,906,2,102,0,,false,",",false,jam
1658554962,2022-06-30,2022,High Sierra Music Festival,Quincy,CA,1,3,Earthling or Alien?,605,false,,1110,10,20,10,,false,",",false,jam|peak
1658554962,2022-06-30,2022,High Sierra Music Festival,Quincy,CA,1,4,Hungersite,740,false,,1233,0,9,0,,false,>,true,opener|jam
1658554962,2022-06-30,2022,High Sierra Music Festival,Quincy,CA,1,5,Rockdale,714,false,Vasudo,701,1,16,0,,false,>,true,opener|closer|jam
1658554962,2022-06-30,2022,High Sierra Music Festival,Quincy,CA,1,6,A Western Sun,435,false,,419,2,39,0,,false,>,true,
1658554962,2022-06-30,2022,High Sierra Music Festival,Quincy,CA,1,7,Rockdale,714,false,Vasudo,200,0,17,0,,false,",",false,opener|closer|jam
1658554962,2022-06-30,2022,High Sierra Music Festival,Quincy,CA,1,8,Hot Tea,408,false,Vasudo,1152,2,97,0,,false,,false,closer
1658554962,2022-06-30,2022,High Sierra Music Festival,Quincy,CA,E,9,The Empress Of Organos,604,false,Vasudo,1279,1,26,0,,true,,false,closer|jam
1658556414,2022-07-02,2022,Peach Music Festival,Scranton,PA,1,1,Yeti,416,false,Great Blue,267,7,73,0,,false,",",false,opener
1658556414,2022-07-02,2022,Peach Music Festival,Scranton,PA,1,2,Arrow,438,false,,1738,3,33,0,,true,>,true,opener|closer|jam
1658556414,2022-07-02,2022,Peach Music Festival,Scranton,PA,1,3,Magic Carpet Ride,719,true,Steppenwolf,459,18,6,10,,false,",",false,encore
1658556414,2022-07-02,2022,Peach Music Festival,Scranton,PA,1,4,Animal,764,false,,471,3,4,0,,false,",",false,opener|closer
1658556414,2022-07-02,2022,Peach Music Festival,Scranton,PA,1,5,Tumble,418,false,Vasudo,1003,3,72,0,,true,",",false,closer|jam|peak
1658556414,2022-07-02,2022,Peach Music Festival,Scranton,PA,1,6,State Of The Art (A.E.I.O.U.),558,true,Jim James,430,24,5,20,,false,",",false,closer
1658556414,2022-07-02,2022,Peach Music Festival,Scranton,PA,1,7,Factory Fiction,473,false,Vasudo,1097,19,10,10,,false,",",false,closer|jam|peak|encore
1658556414,2022-07-02,2022,Peach Music Festival,Scranton,PA,1,8,Dripfield,738,false,,786,2,10,0,,false,,false,closer|jam
1658556522,2022-07-22,2022,Fort Adams State Park,Newport,RI,1,1,Atlas Dogs,727,false,,321,3,9,0,,false,",",false,opener
1658556522,2022-07-22,2022,Fort Adams State Park,Newport,RI,1,2,Moonrise,731,false,Orebolo,180,3,2,0,,false,",",false,opener|ballad
1658556522,2022-07-22,2022,Fort Adams State Park,Newport,RI,1,3,Turned Clouds,400,false,,495,4,80,0,,false,",",false,
1658556522,2022-07-22,2022,Fort Adams State Park,Newport,RI,1,4,Borne,725,false,,400,2,12,0,,false,>,true,jam
1658556522,2022-07-22,2022,Fort Adams State Park,Newport,RI,1,5,Hungersite,740,false,,308,1,10,0,,false,",",false,opener|jam
1658556522,2022-07-22,2022,Fort Adams State Park,Newport,RI,1,6,A Western Sun,435,false,,434,1,40,0,,false,",",false,
1658556522,2022-07-22,2022,Fort Adams State Park,Newport,RI,1,7,Hot Tea,408,false,Vasudo,445,1,98,0,,false,",",false,closer
1658556522,2022-07-22,2022,Fort Adams State Park,Newport,RI,1,8,Arcadia,403,false,,632,3,153,0,,false,,false,closer
1658556609,2022-07-22,2022,Newport Blues Café,Newport,RI,1,1,Drive,462,false,,1163,7,68,0,,false,",",false,opener|jam
1658556609,2022-07-22,2022,Newport Blues Café,Newport,RI,1,2,Arrow,438,false,,877,1,34,0,,false,",",false,opener|closer|jam
1658556609,2022-07-22,2022,Newport Blues Café,Newport,RI,1,3,Silver Rising,736,false,,568,4,12,0,,false,",",false,
1658556609,2022-07-22,2022,Newport Blues Café,Newport,RI,1,4,So Ready,421,false,,658,7,109,0,,false,",",false,closer
1658556609,2022-07-22,2022,Newport Blues Café,Newport,RI,1,5,Atlantic City,601,true,Bruce Springsteen,425,4,3,0,,false,",",false,ballad
1658556609,2022-07-22,2022,Newport Blues Café,Newport,RI,1,6,Don't Do It,460,true,The Band,539,12,24,10,,false,",",false,closer|encore
1658556609,2022-07-22,2022,Newport Blues Café,Newport,RI,1,7,Animal,764,false,,478,1,5,0,,false,",",false,opener|closer
1658556609,2022-07-22,2022,Newport Blues Café,Newport,RI,1,8,726,432,false,,540,19,15,10,,false,",",false,encore
1658556609,2022-07-22,2022,Newport Blues Café,Newport,RI,1,9,Madhuvan,512,false,,799,5,121,0,,false,,false,opener|closer|jam
1660830109,2022-08-12,2022,Chrysalis,Columbia,MD,1,1,Butterflies,763,false,Great Blue,470,8,3,10,,false,",",false,opener
1660830109,2022-08-12,2022,Chrysalis,Columbia,MD,1,2,Butter Rum,415,false,Vasudo,794,9,80,10,,false,",",false,
1660830109,2022-08-12,2022,Chrysalis,Columbia,MD,1,3,Lead the Way,406,false,,786,14,72,10,,false,",",false,opener
1660830109,2022-08-12,2022,Chrysalis,Columbia,MD,1,4,The Whales,425,false,,475,6,19,0,,false,",",false,opener
1660830109,2022-08-12,2022,Chrysalis,Columbia,MD,1,5,My Generation,521,true,The Who,1065,39,8,20,,true,",",false,jam
1660830109,2022-08-12,2022,Chrysalis,Columbia,MD,1,6,Jive I,411,false,,638,9,100,10,,false,,false,
1660830109,2022-08-12,2022,Chrysalis,Columbia,MD,2,7,All I Need,414,false,,2082,3,103,0,,true,",",false,jam
1660830109,2022-08-12,2022,Chrysalis,Columbia,MD,2,8,The Old Man's Boat,710,false,,1054,12,13,10,,false,>,true,
1660830109,2022-08-12,2022,Chrysalis,Columbia,MD,2,9,Creatures,420,false,,770,5,89,0,,false,->,true,jam
1660830109,2022-08-12,2022,Chrysalis,Columbia,MD,2,10,Shama Lama Ding Dong,545,true,Otis Day and The Knights,437,23,32,20,,false,,false,encore
1660830109,2022-08-12,2022,Chrysalis,Columbia,MD,E,11,Tumble,418,false,Vasudo,765,2,73,0,,false,,false,closer|jam|peak
1660830198,2022-08-13,2022,Chrysalis,Columbia,MD,1,1,Elizabeth,465,false,,450,7,38,0,,false,",",false,opener|jam
1660830198,2022-08-13,2022,Chrysalis,Columbia,MD,1,2,Atlas Dogs,727,false,,694,2,10,0,,false,->,true,opener
1660830198,2022-08-13,2022,Chrysalis,Columbia,MD,1,3,Echo of a Rose,463,false,Vasudo,1255,11,59,10,,false,",",false,jam
1660830198,2022-08-13,2022,Chrysalis,Columbia,MD,1,4,Yeti,416,false,Great Blue,672,3,74,0,,false,",",false,opener
1660830198,2022-08-13,2022,Chrysalis,Columbia,MD,1,5,Turbulence & The Night Rays,646,false,Vasudo,518,9,3,10,,false,",",false,opener
1660830198,2022-08-13,2022,Chrysalis,Columbia,MD,1,6,Jive II,413,false,,741,13,63,10,,false,,false,opener
1660830198,2022-08-13,2022,Chrysalis,Columbia,MD,2,7,Earthling or Alien?,605,false,,1448,4,21,0,,true,",",false,jam|peak
1660830198,2022-08-13,2022,Chrysalis,Columbia,MD,2,8,So Ready,421,false,,723,1,110,0,,false,",",false,closer
1660830198,2022-08-13,2022,Chrysalis,Columbia,MD,2,9,Travelers,574,false,,533,15,17,10,,false,>,true,
1660830198,2022-08-13,2022,Chrysalis,Columbia,MD,2,10,Love Is A Battlefield,612,true,Pat Benatar,450,49,4,20,,false,",",false,
1660830198,2022-08-13,2022,Chrysalis,Columbia,MD,2,11,The Empress Of Organos,604,false,Vasudo,1139,4,27,0,,false,,false,closer|jam
1660830198,2022-08-13,2022,Chrysalis,Columbia,MD,E,12,White Lights,586,false,,516,16,49,10,,false,,false,closer|encore
1660783551,2022-08-16,2022,Dillon Amphitheatre,Dillon,CO,1,1,Bob Don,429,false,,350,10,26,10,,false,",",false,
1660783551,2022-08-16,2022,Dillon Amphitheatre,Dillon,CO,1,2,Time to Flee,404,false,,1140,11,84,10,,false,",",false,
1660783551,2022-08-16,2022,Dillon Amphitheatre,Dillon,CO,1,3,Indian River,410,false,,474,16,93,10,,false,",",false,
1660783551,2022-08-16,2022,Dillon Amphitheatre,Dillon,CO,1,4,Same Old Shenanigans,541,false,,835,12,23,10,,false,",",false,closer
1660783551,2022-08-16,2022,Dillon Amphitheatre,Dillon,CO,1,5,The Labyrinth,639,false,,689,44,6,20,,false,",",false,opener
1660783551,2022-08-16,2022,Dillon Amphitheatre,Dillon,CO,1,6,Hot Tea,408,false,Vasudo,1019,3,99,0,,false,,false,closer
1660783551,2022-08-16,2022,Dillon Amphitheatre,Dillon,CO,2,7,Flodown,478,false,Vasudo,678,5,113,0,,false,",",false,
1660783551,2022-08-16,2022,Dillon Amphitheatre,Dillon,CO,2,8,Drive,462,false,,775,2,69,0,,false,",",false,opener|jam
1660783551,2022-08-16,2022,Dillon Amphitheatre,Dillon,CO,2,9,A Western Sun,435,false,,1051,3,41,0,,true,->,true,
1660783551,2022-08-16,2022,Dillon Amphitheatre,Dillon,CO,2,10,Moby,677,false,,241,17,11,10,,false,>,true,ballad
1660783551,2022-08-16,2022,Dillon Amphitheatre,Dillon,CO,2,11,Into the Myst,402,false,,723,11,42,10,,false,",",false,jam
1660783551,2022-08-16,2022,Dillon Amphitheatre,Dillon,CO,2,12,Pancakes,723,false,Great Blue,883,8,13,10,,false,,false,opener|closer|jam
1660783551,2022-08-16,2022,Dillon Amphitheatre,Dillon,CO,E,13,Doobie Song,461,false,,445,33,16,20,,false,,false,closer|encore
1660783515,2022-08-17,2022,Dillon Amphitheatre,Dillon,CO,1,1,California Magic,735,false,,566,9,9,10,,false,>,true,
1660783515,2022-08-17,2022,Dillon Amphitheatre,Dillon,CO,1,2,Switchin',564,true,Wes Montgomery,458,31,23,20,,false,",",false,opener
1660783515,2022-08-17,2022,Dillon Amphitheatre,Dillon,CO,1,3,Borne,725,false,,1615,4,13,0,,true,->,true,jam
1660783515,2022-08-17,2022,Dillon Amphitheatre,Dillon,CO,1,4,Dr. Darkness,712,false,,358,14,10,10,,false,",",false,opener
1660783515,2022-08-17,2022,Dillon Amphitheatre,Dillon,CO,1,5,Mississippi Half-Step Uptown Toodeloo,517,true,Grateful Dead,938,15,27,10,,false,,false,jam
1660783515,2022-08-17,2022,Dillon Amphitheatre,Dillon,CO,2,6,Honeybee,490,false,,425,13,25,10,,false,",",false,
1660783515,2022-08-17,2022,Dillon Amphitheatre,Dillon,CO,2,7,Wysteria Lane,405,false,Vasudo,1247,12,82,10,,true,",",false,opener|jam|peak
1660783515,2022-08-17,2022,Dillon Amphitheatre,Dillon,CO,2,8,It's My Life,765,true,Talk Talk,297,0,1,0,,false,",",false,
1660783515,2022-08-17,2022,Dillon Amphitheatre,Dillon,CO,2,9,Rosewood Heart,412,false,,643,12,40,10,,false,",",false,jam|peak
1660783515,2022-08-17,2022,Dillon Amphitheatre,Dillon,CO,2,10,Rockdale,714,false,Vasudo,789,6,18,0,,false,",",false,opener|closer|jam
1660783515,2022-08-17,2022,Dillon Amphitheatre,Dillon,CO,2,11,Your Ocean,590,false,,449,16,20,10,,false,>,true,
1660783515,2022-08-17,2022,Dillon Amphitheatre,Dillon,CO,2,12,Madhuvan,512,false,,887,3,122,0,,false,,false,opener|closer|jam
1660783515,2022-08-17,2022,Dillon Amphitheatre,Dillon,CO,E,13,Turned Clouds,400,false,,516,4,81,0,,false,,false,
1660875454,2022-08-18,2022,Red Rocks Park and Amphitheater,Morrison,CO,1,1,Hungersite,740,false,,733,5,11,0,,false,>,true,opener|jam
1660875454,2022-08-18,2022,Red Rocks Park and Amphitheater,Morrison,CO,1,2,Silver Rising,736,false,,523,4,13,0,,false,",",false,
1660875454,2022-08-18,2022,Red Rocks Park and Amphitheater,Morrison,CO,1,3,Tumble,418,false,Vasudo,1058,3,74,0,,false,",",false,closer|jam|peak
1660875454,2022-08-18,2022,Red Rocks Park and Amphitheater,Morrison,CO,1,4,Seekers on the Ridge pt I,609,false,,366,9,20,10,,false,>,true,
1660875454,2022-08-18,2022,Red Rocks Park and Amphitheater,Morrison,CO,1,5,Seekers on the Ridge pt II,610,false,,270,9,20,10,,false,",",false,
1660875454,2022-08-18,2022,Red Rocks Park and Amphitheater,Morrison,CO,1,6,Animal,764,false,,389,4,6,0,,false,",",false,opener|closer
1660875454,2022-08-18,2022,Red Rocks Park and Amphitheater,Morrison,CO,1,7,Arcadia,403,false,,741,5,154,0,,false,,false,closer
1660875454,2022-08-18,2022,Red Rocks Park and Amphitheater,Morrison,CO,2,8,Arrow,438,false,,1463,4,35,0,,false,->,true,opener|closer|jam
1660875454,2022-08-18,2022,Red Rocks Park and Amphitheater,Morrison,CO,2,9,Bloodbuzz Ohio,766,true,The National,445,0,1,0,,false,>,true,
1660875454,2022-08-18,2022,Red Rocks Park and Amphitheater,Morrison,CO,2,10,Fish In The Sea,477,true,Fat Freddy's Drop,637,11,11,10,,false,",",false,opener
1660875454,2022-08-18,2022,Red Rocks Park and Amphitheater,Morrison,CO,2,11,Red Bird,536,false,,698,9,12,10,,false,>,true,jam
1660875454,2022-08-18,2022,Red Rocks Park and Amphitheater,Morrison,CO,2,12,Milestone 2 (Skux Life),767,true,Moniker,378,0,1,0,,false,",",false,
1660875454,2022-08-18,2022,Red Rocks Park and Amphitheater,Morrison,CO,2,13,Slow Ready,422,false,,680,8,49,10,,false,",",false,
1660875454,2022-08-18,2022,Red Rocks Park and Amphitheater,Morrison,CO,2,14,The Empress Of Organos,604,false,Vasudo,779,2,28,0,,false,,false,closer|jam
1660875454,2022-08-18,2022,Red Rocks Park and Amphitheater,Morrison,CO,E,15,Elmeg The Wise,466,false,St. John's Revival,1026,9,13,10,,false,,false,closer|encore
1661051264,2022-08-20,2022,Brooklyn Bowl,Las Vegas,NV,1,1,Turbulence & The Night Rays,646,false,Vasudo,519,3,4,0,,false,",",false,opener
1661051264,2022-08-20,2022,Brooklyn Bowl,Las Vegas,NV,1,2,Doc Brown,459,false,Great Blue,482,31,36,20,,false,",",false,
1661051264,2022-08-20,2022,Brooklyn Bowl,Las Vegas,NV,1,3,Atlas Dogs,727,false,,394,3,11,0,,false,",",false,opener
1661051264,2022-08-20,2022,Brooklyn Bowl,Las Vegas,NV,1,4,(Marie's The Name) His Latest Flame,593,true,Elvis Presley,565,81,4,35,,false,",",false,
1661051264,2022-08-20,2022,Brooklyn Bowl,Las Vegas,NV,1,5,Earthling or Alien?,605,false,,1333,3,22,0,,true,",",false,jam|peak
1661051264,2022-08-20,2022,Brooklyn Bowl,Las Vegas,NV,1,6,Jive I,411,false,,618,4,101,0,,false,>,true,
1661051264,2022-08-20,2022,Brooklyn Bowl,Las Vegas,NV,1,7,Jive Lee,502,false,,554,18,63,10,,false,,false,closer|jam
1661051264,2022-08-20,2022,Brooklyn Bowl,Las Vegas,NV,2,8,Don't Be Cruel,768,true,Elvis Presley,180,0,1,0,,false,",",false,
1661051264,2022-08-20,2022,Brooklyn Bowl,Las Vegas,NV,2,9,Butter Rum,415,false,Vasudo,807,4,81,0,,false,",",false,
1661051264,2022-08-20,2022,Brooklyn Bowl,Las Vegas,NV,2,10,All I Need,414,false,,660,4,104,0,,false,>,true,jam
1661051264,2022-08-20,2022,Brooklyn Bowl,Las Vegas,NV,2,11,Flodown,478,false,Vasudo,637,2,114,0,,false,",",false,
1661051264,2022-08-20,2022,Brooklyn Bowl,Las Vegas,NV,2,12,Spirit Of The Dark Horse,557,false,,673,17,26,10,,false,>,true,
1661051264,2022-08-20,2022,Brooklyn Bowl,Las Vegas,NV,2,13,Mas Que Nada,513,true,Sergio Mendes,579,31,16,20,,false,",",false,
1661051264,2022-08-20,2022,Brooklyn Bowl,Las Vegas,NV,2,14,726,432,false,,598,5,16,0,,false,",",false,encore
1661051264,2022-08-20,2022,Brooklyn Bowl,Las Vegas,NV,2,15,White Lights,586,false,,704,3,50,0,,false,,false,closer|encore
1661051264,2022-08-20,2022,Brooklyn Bowl,Las Vegas,NV,E,16,Jive II,413,false,,699,3,64,0,,false,,false,opener
1661051366,2022-08-21,2022,Greek Theatre,Los Angeles,CA,1,1,California Magic,735,false,,496,2,10,0,,false,",",false,
1661051366,2022-08-21,2022,Greek Theatre,Los Angeles,CA,1,2,Echo of a Rose,463,false,Vasudo,662,4,60,0,,false,",",false,jam
1661051366,2022-08-21,2022,Greek Theatre,Los Angeles,CA,1,3,Rockdale,714,false,Vasudo,664,2,19,0,,false,",",false,opener|closer|jam
1661051366,2022-08-21,2022,Greek Theatre,Los Angeles,CA,1,4,A Western Sun,435,false,,424,3,42,0,,false,",",false,
1661051366,2022-08-21,2022,Greek Theatre,Los Angeles,CA,1,5,Pancakes,723,false,Great Blue,557,3,14,0,,false,",",false,opener|closer|jam
1661051366,2022-08-21,2022,Greek Theatre,Los Angeles,CA,1,6,In Your Eyes,498,true,Peter Gabriel,352,80,4,35,,false,",",false,jam|peak
1661051366,2022-08-21,2022,Greek Theatre,Los Angeles,CA,1,7,Slow Ready,422,false,,575,1,50,0,,false,,false,
1661051366,2022-08-21,2022,Greek Theatre,Los Angeles,CA,2,8,Madhuvan,512,false,,1073,2,123,0,,false,",",false,opener|closer|jam
1661051366,2022-08-21,2022,Greek Theatre,Los Angeles,CA,2,9,Borne,725,false,,408,2,14,0,,false,>,true,jam
1661051366,2022-08-21,2022,Greek Theatre,Los Angeles,CA,2,10,Hungersite,740,false,,961,1,12,0,,false,>,true,opener|jam
1661051366,2022-08-21,2022,Greek Theatre,Los Angeles,CA,2,11,Dripfield,738,false,,924,8,11,10,,false,",",false,closer|jam
1661051366,2022-08-21,2022,Greek Theatre,Los Angeles,CA,2,12,Hot Tea,408,false,Vasudo,743,3,100,0,,false,,false,closer
1661051448,2022-08-23,2022,South Shore Room at Harrah's Lake Tahoe,Stateline,NV,1,1,I'm Alright,496,true,Kenny Loggins,493,89,15,35,,false,->,true,
1661051448,2022-08-23,2022,South Shore Room at Harrah's Lake Tahoe,Stateline,NV,1,2,Make The Move,514,true,Kenny Loggins,165,89,16,35,,false,",",false,
1661051448,2022-08-23,2022,South Shore Room at Harrah's Lake Tahoe,Stateline,NV,1,3,Lead the Way,406,false,,889,6,73,0,,false,",",false,opener
1661051448,2022-08-23,2022,South Shore Room at Harrah's Lake Tahoe,Stateline,NV,1,4,Life On The Shelf,711,false,,327,16,8,10,,false,",",false,ballad
1661051448,2022-08-23,2022,South Shore Room at Harrah's Lake Tahoe,Stateline,NV,1,5,Animal,764,false,,1180,2,7,0,,false,",",false,opener|closer
1661051448,2022-08-23,2022,South Shore Room at Harrah's Lake Tahoe,Stateline,NV,1,6,Travelers,574,false,,565,5,18,0,,false,",",false,
1661051448,2022-08-23,2022,South Shore Room at Harrah's Lake Tahoe,Stateline,NV,1,7,Yeti,416,false,Great Blue,777,5,75,0,,false,,false,opener
1661051448,2022-08-23,2022,South Shore Room at Harrah's Lake Tahoe,Stateline,NV,2,8,Drive,462,false,,391,4,70,0,,false,>,true,opener|jam
1661051448,2022-08-23,2022,South Shore Room at Harrah's Lake Tahoe,Stateline,NV,2,9,Dr. Darkness,712,false,,403,3,11,0,,false,",",false,opener
1661051448,2022-08-23,2022,South Shore Room at Harrah's Lake Tahoe,Stateline,NV,2,10,Rosewood Heart,412,false,,1374,3,41,0,,false,>,true,jam|peak
1661051448,2022-08-23,2022,South Shore Room at Harrah's Lake Tahoe,Stateline,NV,2,11,Creatures,420,false,,1203,6,90,0,,false,>,true,jam
1661051448,2022-08-23,2022,South Shore Room at Harrah's Lake Tahoe,Stateline,NV,2,12,Same Old Shenanigans,541,false,,833,4,24,0,,false,,false,closer
1661051448,2022-08-23,2022,South Shore Room at Harrah's Lake Tahoe,Stateline,NV,E,13,Bob Don,429,false,,320,4,27,0,,false,",",false,
1661051448,2022-08-23,2022,South Shore Room at Harrah's Lake Tahoe,Stateline,NV,E,14,So Ready,421,false,,522,5,111,0,,false,,false,closer
1661051487,2022-08-25,2022,Pioneer Courthouse Square,Portland,OR,1,1,Indian River,410,false,,463,5,94,0,,false,",",false,
1661051487,2022-08-25,2022,Pioneer Courthouse Square,Portland,OR,1,2,Elizabeth,465,false,,779,6,39,0,,false,",",false,opener|jam
1661051487,2022-08-25,2022,Pioneer Courthouse Square,Portland,OR,1,3,Turbulence & The Night Rays,646,false,Vasudo,533,2,5,0,,false,",",false,opener
1661051487,2022-08-25,2022,Pioneer Courthouse Square,Portland,OR,1,4,Butterflies,763,false,Great Blue,448,7,4,0,,false,",",false,opener
1661051487,2022-08-25,2022,Pioneer Courthouse Square,Portland,OR,1,5,The Old Man's Boat,710,false,,749,7,14,0,,false,",",false,
1661051487,2022-08-25,2022,Pioneer Courthouse Square,Portland,OR,1,6,Time to Flee,404,false,,951,5,85,0,,false,",",false,
1661051487,2022-08-25,2022,Pioneer Courthouse Square,Portland,OR,1,7,Tumble,418,false,Vasudo,795,3,75,0,,false,,false,closer|jam|peak
1661051487,2022-08-25,2022,Pioneer Courthouse Square,Portland,OR,2,8,Wysteria Lane,405,false,Vasudo,1094,4,83,0,,false,",",false,opener|jam|peak
1661051487,2022-08-25,2022,Pioneer Courthouse Square,Portland,OR,2,9,Please Forgive Me,685,true,David Gray,620,30,4,20,,false,",",false,
1661051487,2022-08-25,2022,Pioneer Courthouse Square,Portland,OR,2,10,Seekers on the Ridge pt I,609,false,,394,3,21,0,,false,>,true,
1661051487,2022-08-25,2022,Pioneer Courthouse Square,Portland,OR,2,11,Seekers on the Ridge pt II,610,false,,311,3,21,0,,false,",",false,
1661051487,2022-08-25,2022,Pioneer Courthouse Square,Portland,OR,2,12,The Empress Of Organos,604,false,Vasudo,1286,3,29,0,,false,",",false,closer|jam
1661051487,2022-08-25,2022,Pioneer Courthouse Square,Portland,OR,2,13,726,432,false,,627,2,17,0,,false,,false,encore
1661051487,2022-08-25,2022,Pioneer Courthouse Square,Portland,OR,E,14,Escape (The Piña Colada Song),469,true,Rupert Holmes,436,45,26,20,,false,,false,opener|encore
1661051527,2022-08-26,2022,Thing Festival,Port Townsend,WA,1,1,Rockdale,714,false,Vasudo,651,2,20,0,,false,",",false,opener|closer|jam
1661051527,2022-08-26,2022,Thing Festival,Port Townsend,WA,1,2,Silver Rising,736,false,,538,4,14,0,,false,",",false,
1661051527,2022-08-26,2022,Thing Festival,Port Townsend,WA,1,3,Hungersite,740,false,,791,2,13,0,,false,>,true,opener|jam
1661051527,2022-08-26,2022,Thing Festival,Port Townsend,WA,1,4,A Western Sun,435,false,,422,2,43,0,,false,",",false,
1661051527,2022-08-26,2022,Thing Festival,Port Townsend,WA,1,5,Turned Clouds,400,false,,643,5,82,0,,false,",",false,
1661051527,2022-08-26,2022,Thing Festival,Port Townsend,WA,1,6,Red Bird,536,false,,750,4,13,0,,false,",",false,jam
1661051527,2022-08-26,2022,Thing Festival,Port Townsend,WA,1,7,Slow Ready,422,false,,528,2,51,0,,false,",",false,
1661051527,2022-08-26,2022,Thing Festival,Port Townsend,WA,1,8,Arcadia,403,false,,450,4,155,0,,false,,false,closer
1661051560,2022-08-27,2022,Sacred Rose Festival,Bridgeview,IL,1,1,Pancakes,723,false,Great Blue,945,3,15,0,,false,",",false,opener|closer|jam
1661051560,2022-08-27,2022,Sacred Rose Festival,Bridgeview,IL,1,2,Madhuvan,512,false,,1253,3,124,0,,false,",",false,opener|closer|jam
1661051560,2022-08-27,2022,Sacred Rose Festival,Bridgeview,IL,1,3,Borne,725,false,,420,3,15,0,,false,>,true,jam
1661051560,2022-08-27,2022,Sacred Rose Festival,Bridgeview,IL,1,4,Arrow,438,false,,1309,5,36,0,,false,",",false,opener|closer|jam
1661051560,2022-08-27,2022,Sacred Rose Festival,Bridgeview,IL,1,5,Don't Do It,460,true,The Band,429,10,25,10,,false,",",false,closer|encore
1661051560,2022-08-27,2022,Sacred Rose Festival,Bridgeview,IL,1,6,Hot Tea,408,false,Vasudo,1087,3,101,0,,false,",",false,closer
1661051560,2022-08-27,2022,Sacred Rose Festival,Bridgeview,IL,1,7,Dripfield,738,false,,880,3,12,0,,false,,false,closer|jam
1661654953,2022-09-29,2022,The National,Richmond,VA,1,1,Dr. Darkness,712,false,,445,3,12,0,,false,",",false,opener
1661654953,2022-09-29,2022,The National,Richmond,VA,1,2,Doc Brown,459,false,Great Blue,499,5,37,0,,false,>,true,
1661654953,2022-09-29,2022,The National,Richmond,VA,1,3,Jive I,411,false,,720,5,102,0,,false,>,true,
1661654953,2022-09-29,2022,The National,Richmond,VA,1,4,Rosewood Heart,412,false,,1410,3,42,0,,true,",",false,jam|peak
1661654953,2022-09-29,2022,The National,Richmond,VA,1,5,Spain,555,true,Chick Corea,412,344,3,50,,false,",",false,
1661654953,2022-09-29,2022,The National,Richmond,VA,1,6,Green River,482,true,Creedence Clearwater Revival,457,29,25,20,,false,",",false,
1661654953,2022-09-29,2022,The National,Richmond,VA,1,7,Jive Lee,502,false,,521,5,64,0,,false,,false,closer|jam
1661654953,2022-09-29,2022,The National,Richmond,VA,2,8,Flodown,478,false,Vasudo,721,5,115,0,,false,",",false,
1661654953,2022-09-29,2022,The National,Richmond,VA,2,9,Into the Myst,402,false,,893,8,43,10,,false,>,true,jam
1661654953,2022-09-29,2022,The National,Richmond,VA,2,10,Pancakes,723,false,Great Blue,970,0,16,0,,false,",",false,opener|closer|jam
1661654953,2022-09-29,2022,The National,Richmond,VA,2,11,A Western Sun,435,false,,440,1,44,0,,false,>,true,
1661654953,2022-09-29,2022,The National,Richmond,VA,2,12,Arrow,438,false,,996,0,37,0,,false,,false,opener|closer|jam
1661654953,2022-09-29,2022,The National,Richmond,VA,E,13,Honeybee,490,false,,403,7,26,0,,false,,false,
1661654980,2022-09-30,2022,The National,Richmond,VA,1,1,Butterflies,763,false,Great Blue,450,3,5,0,,false,",",false,opener
1661654980,2022-09-30,2022,The National,Richmond,VA,1,2,Turbulence & The Night Rays,646,false,Vasudo,510,3,6,0,,false,>,true,opener
1661654980,2022-09-30,2022,The National,Richmond,VA,1,3,Drive,462,false,,1265,4,71,0,,false,>,true,opener|jam
1661654980,2022-09-30,2022,The National,Richmond,VA,1,4,Gun Street Girl,599,true,Tom Waits,455,48,4,20,,false,",",false,opener
1661654980,2022-09-30,2022,The National,Richmond,VA,1,5,Butter Rum,415,false,Vasudo,598,6,82,0,,false,",",false,
1661654980,2022-09-30,2022,The National,Richmond,VA,1,6,Madhuvan,512,false,,990,1,125,0,,false,,false,opener|closer|jam
1661654980,2022-09-30,2022,The National,Richmond,VA,2,7,The Empress Of Organos,604,false,Vasudo,1339,3,30,0,,false,",",false,closer|jam
1661654980,2022-09-30,2022,The National,Richmond,VA,2,8,Borne,725,false,,410,1,16,0,,false,>,true,jam
1661654980,2022-09-30,2022,The National,Richmond,VA,2,9,Hungersite,740,false,,922,2,14,0,,false,->,true,opener|jam
1661654980,2022-09-30,2022,The National,Richmond,VA,2,10,Can't Get You Out Of My Head,426,true,Kylie Minogue,850,22,15,20,,true,,false,
1661654980,2022-09-30,2022,The National,Richmond,VA,E,11,Hot Tea,408,false,Vasudo,861,1,102,0,,false,,false,closer
1661655044,2022-10-01,2022,Pullman Yards,Atlanta,GA,1,1,Atlas Dogs,727,false,,313,7,12,0,,false,>,true,opener
1661655044,2022-10-01,2022,Pullman Yards,Atlanta,GA,1,2,All I Need,414,false,,720,7,105,0,,false,>,true,jam
1661655044,2022-10-01,2022,Pullman Yards,Atlanta,GA,1,3,Electric Avenue,464,true,Eddy Grant,481,20,27,20,,false,",",false,
1661655044,2022-10-01,2022,Pullman Yards,Atlanta,GA,1,4,Bob Don,429,false,,330,5,28,0,,false,",",false,
1661655044,2022-10-01,2022,Pullman Yards,Atlanta,GA,1,5,Tumble,418,false,Vasudo,1046,4,76,0,,false,",",false,closer|jam|peak
1661655044,2022-10-01,2022,Pullman Yards,Atlanta,GA,1,6,Silver Rising,736,false,,530,3,15,0,,false,",",false,
1661655044,2022-10-01,2022,Pullman Yards,Atlanta,GA,1,7,Animal,764,false,,887,5,8,0,,false,,false,opener|closer
1661655044,2022-10-01,2022,Pullman Yards,Atlanta,GA,2,8,Everything Must Go,805,false,,553,0,1,0,,false,",",false,jam
1661655044,2022-10-01,2022,Pullman Yards,Atlanta,GA,2,9,Creatures,420,false,,992,5,91,0,,false,->,true,jam
1661655044,2022-10-01,2022,Pullman Yards,Atlanta,GA,2,10,Shama Lama Ding Dong,545,true,Otis Day and The Knights,463,12,33,10,,false,",",false,encore
1661655044,2022-10-01,2022,Pullman Yards,Atlanta,GA,2,11,Arcadia,403,false,,756,3,156,0,,true,",",false,closer
1661655044,2022-10-01,2022,Pullman Yards,Atlanta,GA,2,12,726,432,false,,534,4,18,0,,false,>,true,encore
1661655044,2022-10-01,2022,Pullman Yards,Atlanta,GA,2,13,Dripfield,738,false,,1248,2,13,0,,true,,false,closer|jam
1661655044,2022-10-01,2022,Pullman Yards,Atlanta,GA,E,14,Slow Ready,422,false,,733,3,52,0,,false,,false,
1661655058,2022-10-02,2022,Pullman Yards,Atlanta,GA,1,1,Time to Flee,404,false,,816,5,86,0,,false,",",false,
1661655058,2022-10-02,2022,Pullman Yards,Atlanta,GA,1,2,Indian River,410,false,,920,5,95,0,,false,>,true,
1661655058,2022-10-02,2022,Pullman Yards,Atlanta,GA,1,3,California Magic,735,false,,528,7,11,0,,false,",",false,
1661655058,2022-10-02,2022,Pullman Yards,Atlanta,GA,1,4,No Rain,525,true,Blind Melon,780,55,10,35,,false,",",false,opener|jam
1661655058,2022-10-02,2022,Pullman Yards,Atlanta,GA,1,5,Red Bird,536,false,,1154,4,14,0,,false,,false,jam
1661655058,2022-10-02,2022,Pullman Yards,Atlanta,GA,2,6,Rockdale,714,false,Vasudo,812,4,21,0,,false,",",false,opener|closer|jam
1661655058,2022-10-02,2022,Pullman Yards,Atlanta,GA,2,7,Seekers on the Ridge pt I,609,false,,395,5,22,0,,false,>,true,
1661655058,2022-10-02,2022,Pullman Yards,Atlanta,GA,2,8,Seekers on the Ridge pt II,610,false,,300,5,22,0,,false,",",false,
1661655058,2022-10-02,2022,Pullman Yards,Atlanta,GA,2,9,Yeti,416,false,Great Blue,708,6,76,0,,false,->,true,opener
1661655058,2022-10-02,2022,Pullman Yards,Atlanta,GA,2,10,Pumped Up Kicks,534,true,Foster The People,329,43,19,20,,false,->,true,
1661655058,2022-10-02,2022,Pullman Yards,Atlanta,GA,2,11,Yeti,416,false,Great Blue,216,0,77,0,,false,",",false,opener
1661655058,2022-10-02,2022,Pullman Yards,Atlanta,GA,2,12,A Fifth Of Beethoven,434,true,Walter Murphy,433,57,10,35,,false,",",false,closer
1661655058,2022-10-02,2022,Pullman Yards,Atlanta,GA,2,13,Arise,733,false,St. John's Revival,505,37,4,20,,false,,false,closer
1661655058,2022-10-02,2022,Pullman Yards,Atlanta,GA,E,14,Echo of a Rose,463,false,Vasudo,857,7,61,0,,false,,false,jam
1661655105,2022-10-04,2022,The Pageant,St. Louis,MO,1,1,The Whales,425,false,,535,14,20,10,,false,>,true,opener
1661655105,2022-10-04,2022,The Pageant,St. Louis,MO,1,2,Jive II,413,false,,689,9,65,10,,false,>,true,opener
1661655105,2022-10-04,2022,The Pageant,St. Louis,MO,1,3,Jive Lee,502,false,,996,3,65,0,,false,",",false,closer|jam
1661655105,2022-10-04,2022,The Pageant,St. Louis,MO,1,4,The Old Man's Boat,710,false,,788,6,15,0,,false,",",false,
1661655105,2022-10-04,2022,The Pageant,St. Louis,MO,1,5,Jeff Engborg,737,false,Great Blue,728,40,4,20,,false,",",false,closer
1661655105,2022-10-04,2022,The Pageant,St. Louis,MO,1,6,So Ready,421,false,,720,7,112,0,,false,,false,closer
1661655105,2022-10-04,2022,The Pageant,St. Louis,MO,2,7,Hungersite,740,false,,359,2,15,0,,false,>,true,opener|jam
1661655105,2022-10-04,2022,The Pageant,St. Louis,MO,2,8,Magic Carpet Ride,719,true,Steppenwolf,522,17,7,10,,false,",",false,encore
1661655105,2022-10-04,2022,The Pageant,St. Louis,MO,2,9,Arrow,438,false,,1439,3,38,0,,false,",",false,opener|closer|jam
1661655105,2022-10-04,2022,The Pageant,St. Louis,MO,2,10,This Old Sea,572,false,,1278,21,18,20,,true,>,true,jam
1661655105,2022-10-04,2022,The Pageant,St. Louis,MO,2,11,Same Old Shenanigans,541,false,,710,7,25,0,,false,,false,closer
1661655105,2022-10-04,2022,The Pageant,St. Louis,MO,E,12,Turn On Your Love Light,578,true,Bobby Blue Bland,357,45,42,20,,false,,false,closer|encore
1661655131,2022-10-06,2022,Joy Theater,New Orleans,LA,1,1,Elizabeth,465,false,,601,7,40,0,,false,",",false,opener|jam
1661655131,2022-10-06,2022,Joy Theater,New Orleans,LA,1,2,Travelers,574,false,,560,8,19,10,,false,",",false,
1661655131,2022-10-06,2022,Joy Theater,New Orleans,LA,1,3,Atlas Dogs,727,false,,901,2,13,0,,false,",",false,opener
1661655131,2022-10-06,2022,Joy Theater,New Orleans,LA,1,4,Earthling or Alien?,605,false,,909,10,23,10,,false,",",false,jam|peak
1661655131,2022-10-06,2022,Joy Theater,New Orleans,LA,1,5,Turned Clouds,400,false,,724,6,83,0,,false,",",false,
1661655131,2022-10-06,2022,Joy Theater,New Orleans,LA,1,6,All I Need,414,false,,937,2,106,0,,false,->,true,jam
1661655131,2022-10-06,2022,Joy Theater,New Orleans,LA,1,7,Wild Night,588,true,Van Morrison,259,117,16,50,,false,,false,opener|closer
1661655131,2022-10-06,2022,Joy Theater,New Orleans,LA,2,8,Butter Rum,415,false,Vasudo,803,3,83,0,,false,",",false,
1661655131,2022-10-06,2022,Joy Theater,New Orleans,LA,2,9,Get The Funk Out Ma Face,479,true,Brothers Johnson,527,81,5,35,,false,",",false,
1661655131,2022-10-06,2022,Joy Theater,New Orleans,LA,2,10,Wysteria Lane,405,false,Vasudo,1256,7,84,0,,false,",",false,opener|jam|peak
1661655131,2022-10-06,2022,Joy Theater,New Orleans,LA,2,11,Mississippi Half-Step Uptown Toodeloo,517,true,Grateful Dead,1078,12,28,10,,false,",",false,jam
1661655131,2022-10-06,2022,Joy Theater,New Orleans,LA,2,12,Your Ocean,590,false,,440,12,21,10,,false,,false,
1661655131,2022-10-06,2022,Joy Theater,New Orleans,LA,E,13,White Lights,586,false,,642,10,51,10,,false,->,true,closer|encore
1661655131,2022-10-06,2022,Joy Theater,New Orleans,LA,E,14,Loose Ends,762,false,Vasudo,97,21,9,20,,false,->,true,closer
1661655131,2022-10-06,2022,Joy Theater,New Orleans,LA,E,15,White Lights,586,false,,88,0,52,0,,false,,false,closer|encore
1661655168,2022-10-07,2022,Joy Theater,New Orleans,LA,1,1,Tumble,418,false,Vasudo,929,3,77,0,,false,",",false,closer|jam|peak
1661655168,2022-10-07,2022,Joy Theater,New Orleans,LA,1,2,California Magic,735,false,,507,2,12,0,,false,",",false,
1661655168,2022-10-07,2022,Joy Theater,New Orleans,LA,1,3,Indian River,410,false,,509,2,96,0,,false,",",false,
1661655168,2022-10-07,2022,Joy Theater,New Orleans,LA,1,4,Bob Don,429,false,,707,3,29,0,,false,",",false,
1661655168,2022-10-07,2022,Joy Theater,New Orleans,LA,1,5,Look Out Cleveland,591,true,The Band,690,43,5,20,,false,->,true,closer|jam|peak
1661655168,2022-10-07,2022,Joy Theater,New Orleans,LA,1,6,Turbulence & The Night Rays,646,false,Vasudo,560,4,7,0,,false,,false,opener
1661655168,2022-10-07,2022,Joy Theater,New Orleans,LA,2,7,Flodown,478,false,Vasudo,642,5,116,0,,false,",",false,
1661655168,2022-10-07,2022,Joy Theater,New Orleans,LA,2,8,Into the Myst,402,false,,459,5,44,0,,false,>,true,jam
1661655168,2022-10-07,2022,Joy Theater,New Orleans,LA,2,9,Pancakes,723,false,Great Blue,1198,5,17,0,,true,>,true,opener|closer|jam
1661655168,2022-10-07,2022,Joy Theater,New Orleans,LA,2,10,Dr. Darkness,712,false,,418,5,13,0,,false,",",false,opener
1661655168,2022-10-07,2022,Joy Theater,New Orleans,LA,2,11,Madhuvan,512,false,,1577,4,126,0,,true,,false,opener|closer|jam
1661655168,2022-10-07,2022,Joy Theater,New Orleans,LA,E,12,What's Up?,430,true,4 Non Blondes,434,123,6,50,,false,,false,closer|encore
1661655203,2022-10-08,2022,Stubb's BBQ,Austin,TX,1,1,Echo of a Rose,463,false,Vasudo,623,3,62,0,,false,",",false,jam
1661655203,2022-10-08,2022,Stubb's BBQ,Austin,TX,1,2,Everything Must Go,805,false,,615,4,2,0,,false,",",false,jam
1661655203,2022-10-08,2022,Stubb's BBQ,Austin,TX,1,3,Red Bird,536,false,,834,3,15,0,,false,",",false,jam
1661655203,2022-10-08,2022,Stubb's BBQ,Austin,TX,1,4,State Of The Art (A.E.I.O.U.),558,true,Jim James,405,20,6,20,,false,",",false,closer
1661655203,2022-10-08,2022,Stubb's BBQ,Austin,TX,1,5,Animal,764,false,,865,4,9,0,,false,",",false,opener|closer
1661655203,2022-10-08,2022,Stubb's BBQ,Austin,TX,1,6,"So Fresh, So Clean",807,true,Outkast,194,0,1,0,,false,,false,
1661655203,2022-10-08,2022,Stubb's BBQ,Austin,TX,2,7,Creatures,420,false,,1080,4,92,0,,true,",",false,jam
1661655203,2022-10-08,2022,Stubb's BBQ,Austin,TX,2,8,Fish In The Sea,477,true,Fat Freddy's Drop,732,13,12,10,,false,",",false,opener
1661655203,2022-10-08,2022,Stubb's BBQ,Austin,TX,2,9,Rockdale,714,false,Vasudo,681,3,22,0,,false,",",false,opener|closer|jam
1661655203,2022-10-08,2022,Stubb's BBQ,Austin,TX,2,10,Yeti,416,false,Great Blue,484,3,78,0,,false,",",false,opener
1661655203,2022-10-08,2022,Stubb's BBQ,Austin,TX,2,11,726,432,false,,543,4,19,0,,false,",",false,encore
1661655203,2022-10-08,2022,Stubb's BBQ,Austin,TX,2,12,The Empress Of Organos,604,false,Vasudo,963,5,31,0,,false,,false,closer|jam
1661655429,2022-10-09,2022,Zilker Park,Austin,TX,1,1,Hungersite,740,false,,348,3,16,0,,false,>,true,opener|jam
1661655429,2022-10-09,2022,Zilker Park,Austin,TX,1,2,Silver Rising,736,false,,555,5,16,0,,false,",",false,
1661655429,2022-10-09,2022,Zilker Park,Austin,TX,1,3,Arcadia,403,false,,707,5,157,0,,false,",",false,closer
1661655429,2022-10-09,2022,Zilker Park,Austin,TX,1,4,Bloodbuzz Ohio,766,true,The National,438,14,2,10,,false,",",false,
1661655429,2022-10-09,2022,Zilker Park,Austin,TX,1,5,Slow Ready,422,false,,621,5,53,0,,false,->,true,
1661655429,2022-10-09,2022,Zilker Park,Austin,TX,1,6,Dripfield,738,false,,878,5,14,0,,false,",",false,closer|jam
1661655429,2022-10-09,2022,Zilker Park,Austin,TX,1,7,Hot Tea,408,false,Vasudo,667,6,103,0,,false,,false,closer
1661655503,2022-10-11,2022,Arvest Bank Theater at the Midland,Kansas City,MO,1,1,Atlas Dogs,727,false,,425,3,14,0,,false,",",false,opener
1661655503,2022-10-11,2022,Arvest Bank Theater at the Midland,Kansas City,MO,1,2,Borne,725,false,,460,7,17,0,,false,>,true,jam
1661655503,2022-10-11,2022,Arvest Bank Theater at the Midland,Kansas City,MO,1,3,Wysteria Lane,405,false,Vasudo,1455,3,85,0,,true,->,true,opener|jam|peak
1661655503,2022-10-11,2022,Arvest Bank Theater at the Midland,Kansas City,MO,1,4,Jive I,411,false,,566,8,103,10,,false,",",false,
1661655503,2022-10-11,2022,Arvest Bank Theater at the Midland,Kansas City,MO,1,5,Rock The Casbah,431,true,The Clash,284,62,6,35,,false,",",false,encore
1661655503,2022-10-11,2022,Arvest Bank Theater at the Midland,Kansas City,MO,1,6,Same Old Shenanigans,541,false,,883,4,26,0,,false,,false,closer
1661655503,2022-10-11,2022,Arvest Bank Theater at the Midland,Kansas City,MO,2,7,So Ready,421,false,,785,4,113,0,,false,",",false,closer
1661655503,2022-10-11,2022,Arvest Bank Theater at the Midland,Kansas City,MO,2,8,Seekers on the Ridge pt I,609,false,,400,5,23,0,,false,>,true,
1661655503,2022-10-11,2022,Arvest Bank Theater at the Midland,Kansas City,MO,2,9,Seekers on the Ridge pt II,610,false,,304,5,23,0,,false,",",false,
1661655503,2022-10-11,2022,Arvest Bank Theater at the Midland,Kansas City,MO,2,10,Drive,462,false,,964,7,72,0,,false,>,true,opener|jam
1661655503,2022-10-11,2022,Arvest Bank Theater at the Midland,Kansas City,MO,2,11,Rosewood Heart,412,false,,1175,8,43,10,,false,",",false,jam|peak
1661655503,2022-10-11,2022,Arvest Bank Theater at the Midland,Kansas City,MO,2,12,Turbulence & The Night Rays,646,false,Vasudo,582,2,8,0,,false,,false,opener
1661655503,2022-10-11,2022,Arvest Bank Theater at the Midland,Kansas City,MO,E,13,Butter Rum,415,false,Vasudo,654,3,84,0,,false,,false,
1661655538,2022-10-13,2022,JJ's Live,Fayetteville,AR,1,1,Butterflies,763,false,Great Blue,473,8,6,10,,false,",",false,opener
1661655538,2022-10-13,2022,JJ's Live,Fayetteville,AR,1,2,Jive II,413,false,,778,5,66,0,,false,",",false,opener
1661655538,2022-10-13,2022,JJ's Live,Fayetteville,AR,1,3,Caution,446,true,Bob Marley,520,42,11,20,,false,",",false,
1661655538,2022-10-13,2022,JJ's Live,Fayetteville,AR,1,4,Time to Flee,404,false,,1104,6,87,0,,false,",",false,
1661655538,2022-10-13,2022,JJ's Live,Fayetteville,AR,1,5,Honeybee,490,false,,428,9,27,10,,false,",",false,
1661655538,2022-10-13,2022,JJ's Live,Fayetteville,AR,1,6,All I Need,414,false,,727,4,107,0,,false,>,true,jam
1661655538,2022-10-13,2022,JJ's Live,Fayetteville,AR,1,7,Flodown,478,false,Vasudo,551,3,117,0,,false,,false,
1661655538,2022-10-13,2022,JJ's Live,Fayetteville,AR,2,8,Animal,764,false,,689,2,10,0,,false,",",false,opener|closer
1661655538,2022-10-13,2022,JJ's Live,Fayetteville,AR,2,9,Arrow,438,false,,1333,5,39,0,,false,",",false,opener|closer|jam
1661655538,2022-10-13,2022,JJ's Live,Fayetteville,AR,2,10,The Way It Is,570,true,Bruce Hornsby,489,65,28,35,,false,",",false,
1661655538,2022-10-13,2022,JJ's Live,Fayetteville,AR,2,11,The Old Man's Boat,710,false,,645,5,16,0,,false,>,true,
1661655538,2022-10-13,2022,JJ's Live,Fayetteville,AR,2,12,Tumble,418,false,Vasudo,1270,3,78,0,,true,,false,closer|jam|peak
1661655538,2022-10-13,2022,JJ's Live,Fayetteville,AR,E,13,Turned Clouds,400,false,,714,4,84,0,,false,,false,
1661655592,2022-10-14,2022,The Criterion,Oklahoma City,OK,1,1,Yeti,416,false,Great Blue,509,3,79,0,,false,",",false,opener
1661655592,2022-10-14,2022,The Criterion,Oklahoma City,OK,1,2,Bob Don,429,false,,367,4,30,0,,false,",",false,
1661655592,2022-10-14,2022,The Criterion,Oklahoma City,OK,1,3,Life On The Shelf,711,false,,363,14,9,10,,false,",",false,ballad
1661655592,2022-10-14,2022,The Criterion,Oklahoma City,OK,1,4,Hungersite,740,false,,1089,2,17,0,,false,>,true,opener|jam
1661655592,2022-10-14,2022,The Criterion,Oklahoma City,OK,1,5,Inside Out,499,true,Spoon,696,30,10,20,,false,",",false,jam
1661655592,2022-10-14,2022,The Criterion,Oklahoma City,OK,1,6,Lead the Way,406,false,,819,14,74,10,,true,,false,opener
1661655592,2022-10-14,2022,The Criterion,Oklahoma City,OK,2,7,Pancakes,723,false,Great Blue,786,4,18,0,,false,",",false,opener|closer|jam
1661655592,2022-10-14,2022,The Criterion,Oklahoma City,OK,2,8,Ghostbusters Rap,481,true,Run DMC,798,45,20,20,,false,",",false,closer
1661655592,2022-10-14,2022,The Criterion,Oklahoma City,OK,2,9,Into the Myst,402,false,,768,4,45,0,,false,",",false,jam
1661655592,2022-10-14,2022,The Criterion,Oklahoma City,OK,2,10,A Western Sun,435,false,,425,10,45,10,,false,",",false,
1661655592,2022-10-14,2022,The Criterion,Oklahoma City,OK,2,11,Hot Tea,408,false,Vasudo,965,2,104,0,,false,,false,closer
1661655592,2022-10-14,2022,The Criterion,Oklahoma City,OK,E,12,Nights In White Satin,524,true,The Moody Blues,419,34,7,20,,false,",",false,
1661655592,2022-10-14,2022,The Criterion,Oklahoma City,OK,E,13,Slow Ready,422,false,,314,2,54,0,,false,>,true,
1661655592,2022-10-14,2022,The Criterion,Oklahoma City,OK,E,14,Tomorrow Never Knows,573,true,The Beatles,448,27,7,20,,false,->,true,encore
1661655592,2022-10-14,2022,The Criterion,Oklahoma City,OK,E,15,Slow Ready,422,false,,225,0,55,0,,false,,false,
1661655645,2022-10-15,2022,South Side Ballroom,Dallas,TX,1,1,Everything Must Go,805,false,,642,4,3,0,,false,",",false,jam
1661655645,2022-10-15,2022,South Side Ballroom,Dallas,TX,1,2,The Whales,425,false,,498,7,21,0,,false,",",false,opener
1661655645,2022-10-15,2022,South Side Ballroom,Dallas,TX,1,3,Atlas,439,true,The Wood Brothers,794,40,32,20,,false,",",false,opener
1661655645,2022-10-15,2022,South Side Ballroom,Dallas,TX,1,4,Atlas Dogs,727,false,,338,2,15,0,,false,",",false,opener
1661655645,2022-10-15,2022,South Side Ballroom,Dallas,TX,1,5,Dr. Darkness,712,false,,438,5,14,0,,false,",",false,opener
1661655645,2022-10-15,2022,South Side Ballroom,Dallas,TX,1,6,Indian River,410,false,,885,5,97,0,,false,",",false,
1661655645,2022-10-15,2022,South Side Ballroom,Dallas,TX,1,7,Rockdale,714,false,Vasudo,667,4,23,0,,false,,false,opener|closer|jam
1661655645,2022-10-15,2022,South Side Ballroom,Dallas,TX,2,8,The Empress Of Organos,604,false,Vasudo,847,4,32,0,,false,",",false,closer|jam
1661655645,2022-10-15,2022,South Side Ballroom,Dallas,TX,2,9,Silver Rising,736,false,,520,3,17,0,,false,",",false,
1661655645,2022-10-15,2022,South Side Ballroom,Dallas,TX,2,10,Echo of a Rose,463,false,Vasudo,536,4,63,0,,false,>,true,jam
1661655645,2022-10-15,2022,South Side Ballroom,Dallas,TX,2,11,Sinnerman,739,true,Nina Simone,653,43,4,20,,false,",",false,closer
1661655645,2022-10-15,2022,South Side Ballroom,Dallas,TX,2,12,Madhuvan,512,false,,609,5,127,0,,false,->,true,opener|closer|jam
1661655645,2022-10-15,2022,South Side Ballroom,Dallas,TX,2,13,Born To Be Wild,808,true,Steppenwolf,318,0,1,0,,false,>,true,
1661655645,2022-10-15,2022,South Side Ballroom,Dallas,TX,2,14,Echo of a Rose,463,false,Vasudo,60,0,64,0,,false,>,true,jam
1661655645,2022-10-15,2022,South Side Ballroom,Dallas,TX,2,15,Madhuvan,512,false,,777,0,128,0,,false,,false,opener|closer|jam
1661655645,2022-10-15,2022,South Side Ballroom,Dallas,TX,E,16,Your Ocean,590,false,,433,6,22,0,,false,",",false,
1661655645,2022-10-15,2022,South Side Ballroom,Dallas,TX,E,17,White Lights,586,false,,580,6,53,0,,false,,false,closer|encore
1661655448,2022-10-16,2022,Zilker Park,Austin,TX,1,1,Borne,725,false,,374,3,18,0,,false,>,true,jam
1661655448,2022-10-16,2022,Zilker Park,Austin,TX,1,2,Hungersite,740,false,,317,1,18,0,,false,",",false,opener|jam
1661655448,2022-10-16,2022,Zilker Park,Austin,TX,1,3,Animal,764,false,,567,2,11,0,,false,",",false,opener|closer
1661655448,2022-10-16,2022,Zilker Park,Austin,TX,1,4,Arcadia,403,false,,769,4,158,0,,false,",",false,closer
1661655448,2022-10-16,2022,Zilker Park,Austin,TX,1,5,Dripfield,738,false,,820,4,15,0,,false,",",false,closer|jam
1661655448,2022-10-16,2022,Zilker Park,Austin,TX,1,6,726,432,false,,460,5,20,0,,false,",",false,encore
1661655448,2022-10-16,2022,Zilker Park,Austin,TX,1,7,Creatures,420,false,,620,5,93,0,,false,->,true,jam
1661655448,2022-10-16,2022,Zilker Park,Austin,TX,1,8,Shama Lama Ding Dong,545,true,Otis Day and The Knights,226,10,34,10,,false,,false,encore
1667313566,2022-11-01,2022,Hollywood Masonic Temple,Hollywood,CA,1,1,Hungersite,740,false,,226,0,19,0,,false,,false,opener|jam
1661655709,2022-11-09,2022,Cross Insurance Arena,Portland,ME,1,1,Turbulence & The Night Rays,646,false,Vasudo,510,5,9,0,,false,",",false,opener
1661655709,2022-11-09,2022,Cross Insurance Arena,Portland,ME,1,2,Atlas Dogs,727,false,,317,2,16,0,,false,",",false,opener
1661655709,2022-11-09,2022,Cross Insurance Arena,Portland,ME,1,3,Time to Flee,404,false,,760,4,88,0,,false,",",false,
1661655709,2022-11-09,2022,Cross Insurance Arena,Portland,ME,1,4,Electric Avenue,464,true,Eddy Grant,614,12,28,10,,false,",",false,
1661655709,2022-11-09,2022,Cross Insurance Arena,Portland,ME,1,5,Tumble,418,false,Vasudo,870,4,79,0,,false,",",false,closer|jam|peak
1661655709,2022-11-09,2022,Cross Insurance Arena,Portland,ME,1,6,A Western Sun,435,false,,411,3,46,0,,false,",",false,
1661655709,2022-11-09,2022,Cross Insurance Arena,Portland,ME,1,7,All I Need,414,false,,1314,4,108,0,,true,",",false,jam
1661655709,2022-11-09,2022,Cross Insurance Arena,Portland,ME,1,8,Pancakes,723,false,Great Blue,599,3,19,0,,false,,false,opener|closer|jam
1661655754,2022-11-11,2022,Tsongas Center,Lowell,MA,1,1,Drive,462,false,,981,6,73,0,,true,->,true,opener|jam
1661655754,2022-11-11,2022,Tsongas Center,Lowell,MA,1,2,Echo of a Rose,463,false,Vasudo,338,3,65,0,,false,",",false,jam
1661655754,2022-11-11,2022,Tsongas Center,Lowell,MA,1,3,Rockdale,714,false,Vasudo,717,3,24,0,,false,",",false,opener|closer|jam
1661655754,2022-11-11,2022,Tsongas Center,Lowell,MA,1,4,Same Old Shenanigans,541,false,,823,6,27,0,,false,",",false,closer
1661655754,2022-11-11,2022,Tsongas Center,Lowell,MA,1,5,Silver Rising,736,false,,532,3,18,0,,false,",",false,
1661655754,2022-11-11,2022,Tsongas Center,Lowell,MA,1,6,Wysteria Lane,405,false,Vasudo,985,6,86,0,,true,>,true,opener|jam|peak
1661655754,2022-11-11,2022,Tsongas Center,Lowell,MA,1,7,Arcadia,403,false,,904,2,159,0,,true,,false,closer
1661655935,2022-11-12,2022,Mohegan Sun Arena,Uncasville,CT,1,1,Animal,764,false,,678,3,12,0,,false,",",false,opener|closer
1661655935,2022-11-12,2022,Mohegan Sun Arena,Uncasville,CT,1,2,Flodown,478,false,Vasudo,614,6,118,0,,false,",",false,
1661655935,2022-11-12,2022,Mohegan Sun Arena,Uncasville,CT,1,3,Arrow,438,false,,923,6,40,0,,false,->,true,opener|closer|jam
1661655935,2022-11-12,2022,Mohegan Sun Arena,Uncasville,CT,1,4,Hollywood Nights,488,true,Bob Seger & The Silver Bullet Band,448,287,3,50,,false,->,true,
1661655935,2022-11-12,2022,Mohegan Sun Arena,Uncasville,CT,1,5,Arrow,438,false,,27,0,41,0,,false,",",false,opener|closer|jam
1661655935,2022-11-12,2022,Mohegan Sun Arena,Uncasville,CT,1,6,Dripfield,738,false,,746,3,16,0,,false,",",false,closer|jam
1661655935,2022-11-12,2022,Mohegan Sun Arena,Uncasville,CT,1,7,Fish In The Sea,477,true,Fat Freddy's Drop,667,9,13,10,,true,",",false,opener
1661655935,2022-11-12,2022,Mohegan Sun Arena,Uncasville,CT,1,8,Factory Fiction,473,false,Vasudo,883,30,11,20,,true,,false,closer|jam|peak|encore
1661655965,2022-11-13,2022,Cool Insuring Arena,Glens Falls,NY,1,1,So Ready,421,false,,751,8,114,10,,false,",",false,closer
1661655965,2022-11-13,2022,Cool Insuring Arena,Glens Falls,NY,1,2,California Magic,735,false,,516,11,13,10,,false,",",false,
1661655965,2022-11-13,2022,Cool Insuring Arena,Glens Falls,NY,1,3,Thatch,809,false,,567,0,1,0,,false,",",false,opener|closer|jam|peak
1661655965,2022-11-13,2022,Cool Insuring Arena,Glens Falls,NY,1,4,Don't Do It,460,true,The Band,464,18,26,10,,false,",",false,closer|encore
1661655965,2022-11-13,2022,Cool Insuring Arena,Glens Falls,NY,1,5,Madhuvan,512,false,,1183,5,129,0,,true,",",false,opener|closer|jam
1661655965,2022-11-13,2022,Cool Insuring Arena,Glens Falls,NY,1,6,Red Bird,536,false,,939,10,16,10,,true,>,true,jam
1661655965,2022-11-13,2022,Cool Insuring Arena,Glens Falls,NY,1,7,Hot Tea,408,false,Vasudo,672,6,105,0,,false,,false,closer
1661656009,2022-11-15,2022,UPMC Events Center,Carnot-Moon,PA,1,1,Butter Rum,415,false,Vasudo,671,9,85,10,,false,",",false,
1661656009,2022-11-15,2022,UPMC Events Center,Carnot-Moon,PA,1,2,Creatures,420,false,,915,5,94,0,,false,>,true,jam
1661656009,2022-11-15,2022,UPMC Events Center,Carnot-Moon,PA,1,3,Moby,677,false,,253,27,12,20,,false,>,true,ballad
1661656009,2022-11-15,2022,UPMC Events Center,Carnot-Moon,PA,1,4,All I Need,414,false,,743,3,109,0,,false,",",false,jam
1661656009,2022-11-15,2022,UPMC Events Center,Carnot-Moon,PA,1,5,Yeti,416,false,Great Blue,415,7,80,0,,false,->,true,opener
1661656009,2022-11-15,2022,UPMC Events Center,Carnot-Moon,PA,1,6,Get The Funk Out Ma Face,479,true,Brothers Johnson,303,13,6,10,,false,",",false,
1661656009,2022-11-15,2022,UPMC Events Center,Carnot-Moon,PA,1,7,This Old Sea,572,false,,964,14,19,10,,true,>,true,jam
1661656009,2022-11-15,2022,UPMC Events Center,Carnot-Moon,PA,1,8,The Empress Of Organos,604,false,Vasudo,733,6,33,0,,false,,false,closer|jam
1661656167,2022-11-17,2022,EagleBank Arena,Fairfax,VA,1,1,Arrow,438,false,,1313,2,42,0,,false,",",false,opener|closer|jam
1661656167,2022-11-17,2022,EagleBank Arena,Fairfax,VA,1,2,Seekers on the Ridge pt I,609,false,,379,10,24,10,,false,>,true,
1661656167,2022-11-17,2022,EagleBank Arena,Fairfax,VA,1,3,Seekers on the Ridge pt II,610,false,,304,10,24,10,,false,",",false,
1661656167,2022-11-17,2022,EagleBank Arena,Fairfax,VA,1,4,Thatch,809,false,,575,1,2,0,,false,",",false,opener|closer|jam|peak
1661656167,2022-11-17,2022,EagleBank Arena,Fairfax,VA,1,5,Arcadia,403,false,,1022,3,160,0,,true,",",false,closer
1661656167,2022-11-17,2022,EagleBank Arena,Fairfax,VA,1,6,Hungersite,740,false,,682,5,20,0,,false,>,true,opener|jam
1661656167,2022-11-17,2022,EagleBank Arena,Fairfax,VA,1,7,Tumble,418,false,Vasudo,792,4,80,0,,true,,false,closer|jam|peak
1661656204,2022-11-18,2022,War Memorial Arena,Syracuse,NY,1,1,Slow Ready,422,false,,693,9,56,10,,false,>,true,
1661656204,2022-11-18,2022,War Memorial Arena,Syracuse,NY,1,2,Jive I,411,false,,639,11,104,10,,false,>,true,
1661656204,2022-11-18,2022,War Memorial Arena,Syracuse,NY,1,3,Jive Lee,502,false,,525,16,66,10,,false,",",false,closer|jam
1661656204,2022-11-18,2022,War Memorial Arena,Syracuse,NY,1,4,Bob Don,429,false,,636,9,31,10,,false,",",false,
1661656204,2022-11-18,2022,War Memorial Arena,Syracuse,NY,1,5,Factory Fiction,473,false,Vasudo,1008,3,12,0,,false,",",false,closer|jam|peak|encore
1661656204,2022-11-18,2022,War Memorial Arena,Syracuse,NY,1,6,Madhuvan,512,false,,1270,2,130,0,,true,",",false,opener|closer|jam
1661656204,2022-11-18,2022,War Memorial Arena,Syracuse,NY,1,7,Animal,764,false,,548,3,13,0,,false,,false,opener|closer
1661656555,2022-11-19,2022,Santander Arena,Reading,PA,1,1,Flodown,478,false,Vasudo,607,4,119,0,,false,",",false,
1661656555,2022-11-19,2022,Santander Arena,Reading,PA,1,2,Pancakes,723,false,Great Blue,867,6,20,0,,false,",",false,opener|closer|jam
1661656555,2022-11-19,2022,Santander Arena,Reading,PA,1,3,Turned Clouds,400,false,,697,11,85,10,,false,",",false,
1661656555,2022-11-19,2022,Santander Arena,Reading,PA,1,4,Dripfield,738,false,,864,4,17,0,,false,",",false,closer|jam
1661656555,2022-11-19,2022,Santander Arena,Reading,PA,1,5,Rockdale,714,false,Vasudo,741,5,25,0,,true,",",false,opener|closer|jam
1661656555,2022-11-19,2022,Santander Arena,Reading,PA,1,6,Elmeg The Wise,466,false,St. John's Revival,748,28,14,20,,true,",",false,closer|encore
1661656555,2022-11-19,2022,Santander Arena,Reading,PA,1,7,Hot Tea,408,false,Vasudo,687,3,106,0,,true,,false,closer
1670018897,2022-12-07,2022,30 Rockefeller Plaza,New York,NY,1,1,Dripfield,738,false,,246,0,18,0,,false,,false,closer|jam
1661656582,2022-12-16,2022,1STBANK Center,Broomfield,CO,1,1,Flodown,478,false,Vasudo,566,1,120,0,,false,",",false,
1661656582,2022-12-16,2022,1STBANK Center,Broomfield,CO,1,2,Everything Must Go,805,false,,574,11,4,10,,false,",",false,jam
1661656582,2022-12-16,2022,1STBANK Center,Broomfield,CO,1,3,Butter Rum,415,false,Vasudo,760,4,86,0,,false,",",false,
1661656582,2022-12-16,2022,1STBANK Center,Broomfield,CO,1,4,The Old Man's Boat,710,false,,734,13,17,10,,false,",",false,
1661656582,2022-12-16,2022,1STBANK Center,Broomfield,CO,1,5,Drive,462,false,,998,7,74,0,,true,",",false,opener|jam
1661656582,2022-12-16,2022,1STBANK Center,Broomfield,CO,1,6,Christmas Must Be Tonight,449,true,The Band,360,175,2,50,,false,",",false,
1661656582,2022-12-16,2022,1STBANK Center,Broomfield,CO,1,7,Same Old Shenanigans,541,false,,847,7,28,0,,false,,false,closer
1661656582,2022-12-16,2022,1STBANK Center,Broomfield,CO,2,8,Pancakes,723,false,Great Blue,1002,1,21,0,,true,",",false,opener|closer|jam
1661656582,2022-12-16,2022,1STBANK Center,Broomfield,CO,2,9,Rosewood Heart,412,false,,905,14,44,10,,false,>,true,jam|peak
1661656582,2022-12-16,2022,1STBANK Center,Broomfield,CO,2,10,Trevor Reads Poetry,741,false,,135,63,4,35,,false,",",false,ballad
1661656582,2022-12-16,2022,1STBANK Center,Broomfield,CO,2,11,Wysteria Lane,405,false,Vasudo,1378,7,87,0,,true,>,true,opener|jam|peak
1661656582,2022-12-16,2022,1STBANK Center,Broomfield,CO,2,12,Moby,677,false,,234,4,13,0,,false,",",false,ballad
1661656582,2022-12-16,2022,1STBANK Center,Broomfield,CO,2,13,Rockdale,714,false,Vasudo,966,1,26,0,,true,,false,opener|closer|jam
1661656582,2022-12-16,2022,1STBANK Center,Broomfield,CO,E,14,White Lights,586,false,,450,11,54,10,,false,,false,closer|encore
1661656607,2022-12-17,2022,1STBANK Center,Broomfield,CO,1,1,Carol Of The Bells,445,true,Mykola Leontovych,330,176,3,50,,false,",",false,opener|closer
1661656607,2022-12-17,2022,1STBANK Center,Broomfield,CO,1,2,Turbulence & The Night Rays,646,false,Vasudo,522,9,10,10,,false,",",false,opener
1661656607,2022-12-17,2022,1STBANK Center,Broomfield,CO,1,3,Atlas Dogs,727,false,,326,9,17,10,,false,",",false,opener
1661656607,2022-12-17,2022,1STBANK Center,Broomfield,CO,1,4,Time to Flee,404,false,,1372,9,89,10,,true,",",false,
1661656607,2022-12-17,2022,1STBANK Center,Broomfield,CO,1,5,A Western Sun,435,false,,438,9,47,10,,false,",",false,
1661656607,2022-12-17,2022,1STBANK Center,Broomfield,CO,1,6,Tumble,418,false,Vasudo,1202,4,81,0,,true,,false,closer|jam|peak
1661656607,2022-12-17,2022,1STBANK Center,Broomfield,CO,2,7,Thatch,809,false,,587,4,3,0,,false,",",false,opener|closer|jam|peak
1661656607,2022-12-17,2022,1STBANK Center,Broomfield,CO,2,8,Creatures,420,false,,945,5,95,0,,false,",",false,jam
1661656607,2022-12-17,2022,1STBANK Center,Broomfield,CO,2,9,Slow Ready,422,false,,456,3,57,0,,false,",",false,
1661656607,2022-12-17,2022,1STBANK Center,Broomfield,CO,2,10,Factory Fiction,473,false,Vasudo,1045,3,13,0,,false,",",false,closer|jam|peak|encore
1661656607,2022-12-17,2022,1STBANK Center,Broomfield,CO,2,11,Animal,764,false,,485,3,14,0,,false,",",false,opener|closer
1661656607,2022-12-17,2022,1STBANK Center,Broomfield,CO,2,12,Dripfield,738,false,,854,1,19,0,,false,,false,closer|jam
1661656607,2022-12-17,2022,1STBANK Center,Broomfield,CO,E,13,Hot Tea,408,false,Vasudo,210,2,107,0,,false,>,true,closer
1661656607,2022-12-17,2022,1STBANK Center,Broomfield,CO,E,14,Linus And Lucy,507,true,Vince Guaraldi,176,68,8,35,,false,>,true,opener|closer|encore
1661656607,2022-12-17,2022,1STBANK Center,Broomfield,CO,E,15,Hot Tea,408,false,Vasudo,260,0,108,0,,false,,false,closer
1668170993,2022-12-18,2022,The Fox Theatre,Boulder,CO,1,1,Yeti,416,false,Great Blue,578,6,81,0,,false,->,true,opener
1668170993,2022-12-18,2022,The Fox Theatre,Boulder,CO,1,2,Pumped Up Kicks,534,true,Foster The People,311,22,20,20,,false,->,true,
1668170993,2022-12-18,2022,The Fox Theatre,Boulder,CO,1,3,Yeti,416,false,Great Blue,260,0,82,0,,false,",",false,opener
1668170993,2022-12-18,2022,The Fox Theatre,Boulder,CO,1,4,Jive I,411,false,,673,4,105,0,,false,",",false,
1668170993,2022-12-18,2022,The Fox Theatre,Boulder,CO,1,5,Echo of a Rose,463,false,Vasudo,959,9,66,10,,true,",",false,jam
1668170993,2022-12-18,2022,The Fox Theatre,Boulder,CO,1,6,Earthling or Alien?,605,false,,1220,20,24,20,,true,>,true,jam|peak
1668170993,2022-12-18,2022,The Fox Theatre,Boulder,CO,1,7,No Rain,525,true,Blind Melon,782,22,11,20,,false,,false,opener|jam
1668170993,2022-12-18,2022,The Fox Theatre,Boulder,CO,2,8,Mr. Action,817,false,,453,0,1,0,,false,",",false,
1668170993,2022-12-18,2022,The Fox Theatre,Boulder,CO,2,9,All I Need,414,false,,628,6,110,0,,false,",",false,jam
1668170993,2022-12-18,2022,The Fox Theatre,Boulder,CO,2,10,Crosseyed & Painless,455,true,Talking Heads,1220,74,41,35,,true,>,true,
1668170993,2022-12-18,2022,The Fox Theatre,Boulder,CO,2,11,Spirit Of The Dark Horse,557,false,,697,31,27,20,,false,",",false,
1668170993,2022-12-18,2022,The Fox Theatre,Boulder,CO,2,12,Whip It,720,true,Devo,158,61,4,35,,false,",",false,ballad|encore
1668170993,2022-12-18,2022,The Fox Theatre,Boulder,CO,2,13,So Ready,421,false,,767,7,115,0,,false,,false,closer
1668170993,2022-12-18,2022,The Fox Theatre,Boulder,CO,E,14,Elmeg The Wise,466,false,St. John's Revival,590,3,15,0,,false,",",false,closer|encore
1668170993,2022-12-18,2022,The Fox Theatre,Boulder,CO,E,15,Brokedown Palace,614,true,Grateful Dead,304,117,2,50,,false,",",false,ballad|encore
1668170993,2022-12-18,2022,The Fox Theatre,Boulder,CO,E,16,Disco Inferno,419,true,The Trammps,492,72,29,35,,false,,false,
1664301263,2022-12-30,2022,Andrew J Brady Music Center,Cincinnati,OH,1,1,Elizabeth,465,false,,819,21,41,20,,false,>,true,opener|jam
1664301263,2022-12-30,2022,Andrew J Brady Music Center,Cincinnati,OH,1,2,Bloodbuzz Ohio,766,true,The National,462,18,3,10,,false,",",false,
1664301263,2022-12-30,2022,Andrew J Brady Music Center,Cincinnati,OH,1,3,California Magic,735,false,,518,8,14,10,,false,",",false,
1664301263,2022-12-30,2022,Andrew J Brady Music Center,Cincinnati,OH,1,4,Seekers on the Ridge pt I,609,false,,398,6,25,0,,false,>,true,
1664301263,2022-12-30,2022,Andrew J Brady Music Center,Cincinnati,OH,1,5,Seekers on the Ridge pt II,610,false,,304,6,25,0,,false,",",false,
1664301263,2022-12-30,2022,Andrew J Brady Music Center,Cincinnati,OH,1,6,Echo of a Rose,463,false,Vasudo,1413,0,67,0,,false,",",false,jam
1664301263,2022-12-30,2022,Andrew J Brady Music Center,Cincinnati,OH,1,7,Turned Clouds,400,false,,685,4,86,0,,false,,false,
1664301263,2022-12-30,2022,Andrew J Brady Music Center,Cincinnati,OH,2,8,Into the Myst,402,false,,969,15,46,10,,true,",",false,jam
1664301263,2022-12-30,2022,Andrew J Brady Music Center,Cincinnati,OH,2,9,Arcadia,403,false,,1376,6,161,0,,true,",",false,closer
1664301263,2022-12-30,2022,Andrew J Brady Music Center,Cincinnati,OH,2,10,Slow Ready,422,false,,920,1,58,0,,false,>,true,
1664301263,2022-12-30,2022,Andrew J Brady Music Center,Cincinnati,OH,2,11,This Old Sea,572,false,,787,7,20,0,,false,->,true,jam
1664301263,2022-12-30,2022,Andrew J Brady Music Center,Cincinnati,OH,2,12,Hollywood Nights,488,true,Bob Seger & The Silver Bullet Band,480,9,4,10,,false,,false,
1664301263,2022-12-30,2022,Andrew J Brady Music Center,Cincinnati,OH,E,13,Butter Rum,415,false,Vasudo,620,2,87,0,,false,",",false,
1664301263,2022-12-30,2022,Andrew J Brady Music Center,Cincinnati,OH,E,14,Doobie Song,461,false,,477,35,17,20,,false,,false,closer|encore
1664301272,2022-12-31,2022,Andrew J Brady Music Center,Cincinnati,OH,1,1,All I Need,414,false,,856,1,111,0,,false,",",false,jam
1664301272,2022-12-31,2022,Andrew J Brady Music Center,Cincinnati,OH,1,2,Borne,725,false,,437,14,19,10,,false,>,true,jam
1664301272,2022-12-31,2022,Andrew J Brady Music Center,Cincinnati,OH,1,3,Hungersite,740,false,,929,7,21,0,,false,",",false,opener|jam
1664301272,2022-12-31,2022,Andrew J Brady Music Center,Cincinnati,OH,1,4,Mr. Action,817,false,,417,1,2,0,,false,",",false,
1664301272,2022-12-31,2022,Andrew J Brady Music Center,Cincinnati,OH,1,5,Red Bird,536,false,,1242,9,17,10,,false,",",false,jam
1664301272,2022-12-31,2022,Andrew J Brady Music Center,Cincinnati,OH,1,6,Drive,462,false,,910,3,75,0,,false,,false,opener|jam
1664301272,2022-12-31,2022,Andrew J Brady Music Center,Cincinnati,OH,2,7,Dr. Darkness,712,false,,490,15,15,10,,false,",",false,opener
1664301272,2022-12-31,2022,Andrew J Brady Music Center,Cincinnati,OH,2,8,Indian River,410,false,,428,15,98,10,,false,>,true,
1664301272,2022-12-31,2022,Andrew J Brady Music Center,Cincinnati,OH,2,9,Silver Rising,736,false,,533,11,19,10,,false,",",false,
1664301272,2022-12-31,2022,Andrew J Brady Music Center,Cincinnati,OH,2,10,Madhuvan,512,false,,768,6,131,0,,false,->,true,opener|closer|jam
1664301272,2022-12-31,2022,Andrew J Brady Music Center,Cincinnati,OH,2,11,Auld Lang Syne,818,true,Traditional,81,320,2,50,,true,->,true,
1664301272,2022-12-31,2022,Andrew J Brady Music Center,Cincinnati,OH,2,12,Madhuvan,512,false,,222,0,132,0,,false,",",false,opener|closer|jam
1664301272,2022-12-31,2022,Andrew J Brady Music Center,Cincinnati,OH,2,13,The Empress Of Organos,604,false,Vasudo,1250,8,34,10,,false,",",false,closer|jam
1664301272,2022-12-31,2022,Andrew J Brady Music Center,Cincinnati,OH,2,14,Thatch,809,false,,642,2,4,0,,false,",",false,opener|closer|jam|peak
1664301272,2022-12-31,2022,Andrew J Brady Music Center,Cincinnati,OH,2,15,Dripfield,738,false,,964,2,20,0,,false,,false,closer|jam
1664301272,2022-12-31,2022,Andrew J Brady Music Center,Cincinnati,OH,E,16,This Year's Love,819,true,David Gray,226,0,1,0,,false,",",false,
1664301272,2022-12-31,2022,Andrew J Brady Music Center,Cincinnati,OH,E,17,Animal,764,false,,622,2,15,0,,false,,false,opener|closer
1672769241,2023-01-15,2023,Moon Palace,Riviera Maya,,1,1,Hungersite,740,false,,704,0,22,0,,false,>,true,opener|jam
1672769241,2023-01-15,2023,Moon Palace,Riviera Maya,,1,2,A Western Sun,435,false,,418,3,48,0,,false,",",false,
1672769241,2023-01-15,2023,Moon Palace,Riviera Maya,,1,3,California Magic,735,false,,437,1,15,0,,false,",",false,
1672769241,2023-01-15,2023,Moon Palace,Riviera Maya,,1,4,Rockdale,714,false,Vasudo,688,4,27,0,,false,",",false,opener|closer|jam
1672769241,2023-01-15,2023,Moon Palace,Riviera Maya,,1,5,Silver Rising,736,false,,574,0,20,0,,false,",",false,
1672769241,2023-01-15,2023,Moon Palace,Riviera Maya,,1,6,Pancakes,723,false,Great Blue,803,4,22,0,,false,",",false,opener|closer|jam
1672769241,2023-01-15,2023,Moon Palace,Riviera Maya,,1,7,Peggy-O,531,true,Grateful Dead,474,74,13,35,,false,",",false,
1672769241,2023-01-15,2023,Moon Palace,Riviera Maya,,1,8,Tomorrow Never Knows,573,true,The Beatles,740,17,8,10,,true,",",false,encore
1672769241,2023-01-15,2023,Moon Palace,Riviera Maya,,1,9,Hard To Handle,485,true,Otis Redding,394,339,8,50,,false,,false,closer
1672769241,2023-01-15,2023,Moon Palace,Riviera Maya,,2,10,Animal,764,false,,789,0,16,0,,false,",",false,opener|closer
1672769241,2023-01-15,2023,Moon Palace,Riviera Maya,,2,11,Don't Do It,460,true,The Band,497,10,27,10,,false,",",false,closer|encore
1672769241,2023-01-15,2023,Moon Palace,Riviera Maya,,2,12,Thatch,809,false,,700,0,5,0,,false,",",false,opener|closer|jam|peak
1672769241,2023-01-15,2023,Moon Palace,Riviera Maya,,2,13,This Old Sea,572,false,,1038,1,21,0,,true,>,true,jam
1672769241,2023-01-15,2023,Moon Palace,Riviera Maya,,2,14,Moby,677,false,,272,4,14,0,,false,",",false,ballad
1672769241,2023-01-15,2023,Moon Palace,Riviera Maya,,2,15,Hot Tea,408,false,Vasudo,1027,3,109,0,,true,,false,closer
1672769241,2023-01-15,2023,Moon Palace,Riviera Maya,,E,16,Elmeg The Wise,466,false,St. John's Revival,856,2,16,0,,false,,false,closer|encore
1677934351,2023-03-03,2023,Okeechobee Music Festival,Okeechobee,FL,1,1,Animal,764,false,,791,0,17,0,,false,",",false,opener|closer
1677934351,2023-03-03,2023,Okeechobee Music Festival,Okeechobee,FL,1,2,Creatures,420,false,,969,4,96,0,,true,->,true,jam
1677934351,2023-03-03,2023,Okeechobee Music Festival,Okeechobee,FL,1,3,Can't Get You Out Of My Head,426,true,Kylie Minogue,516,28,16,20,,false,>,true,
1677934351,2023-03-03,2023,Okeechobee Music Festival,Okeechobee,FL,1,4,Arcadia,403,false,,860,2,162,0,,false,",",false,closer
1677934351,2023-03-03,2023,Okeechobee Music Festival,Okeechobee,FL,1,5,Fish In The Sea,477,true,Fat Freddy's Drop,763,12,14,10,,false,",",false,opener
1677934351,2023-03-03,2023,Okeechobee Music Festival,Okeechobee,FL,1,6,Slow Ready,422,false,,714,2,59,0,,false,->,true,
1677934351,2023-03-03,2023,Okeechobee Music Festival,Okeechobee,FL,1,7,Dripfield,738,false,,1254,1,21,0,,true,>,true,closer|jam
1677934351,2023-03-03,2023,Okeechobee Music Festival,Okeechobee,FL,1,8,Electric Avenue,464,true,Eddy Grant,934,14,29,10,,false,,false,
1670439691,2023-03-08,2023,The Capitol Theatre,Port Chester,NY,1,1,Jam,802,false,,425,148,20,50,,true,->,true,opener|jam
1670439691,2023-03-08,2023,The Capitol Theatre,Port Chester,NY,1,2,Electric Avenue,464,true,Eddy Grant,90,0,30,0,,false,",",false,
1670439691,2023-03-08,2023,The Capitol Theatre,Port Chester,NY,1,3,All I Need,414,false,,1254,2,112,0,,true,>,true,jam
1670439691,2023-03-08,2023,The Capitol Theatre,Port Chester,NY,1,4,Dr. Darkness,712,false,,422,2,16,0,,false,",",false,opener
1670439691,2023-03-08,2023,The Capitol Theatre,Port Chester,NY,1,5,Butterflies,763,false,Great Blue,444,20,7,20,,false,",",false,opener
1670439691,2023-03-08,2023,The Capitol Theatre,Port Chester,NY,1,6,Jive II,413,false,,697,20,67,20,,true,",",false,opener
1670439691,2023-03-08,2023,The Capitol Theatre,Port Chester,NY,1,7,Earthling or Alien?,605,false,,1121,4,25,0,,true,",",false,jam|peak
1670439691,2023-03-08,2023,The Capitol Theatre,Port Chester,NY,1,8,So Ready,421,false,,725,4,116,0,,false,,false,closer
1670439691,2023-03-08,2023,The Capitol Theatre,Port Chester,NY,2,9,Wysteria Lane,405,false,Vasudo,1070,6,88,0,,true,>,true,opener|jam|peak
1670439691,2023-03-08,2023,The Capitol Theatre,Port Chester,NY,2,10,Doobie Song,461,false,,439,3,18,0,,false,",",false,closer|encore
1670439691,2023-03-08,2023,The Capitol Theatre,Port Chester,NY,2,11,Drive,462,false,,1718,2,76,0,,true,",",false,opener|jam
1670439691,2023-03-08,2023,The Capitol Theatre,Port Chester,NY,2,12,Yeti,416,false,Great Blue,542,4,83,0,,false,",",false,opener
1670439691,2023-03-08,2023,The Capitol Theatre,Port Chester,NY,2,13,Your Ocean,590,false,,469,18,23,10,,false,,false,
1670439691,2023-03-08,2023,The Capitol Theatre,Port Chester,NY,E,14,Pancakes,723,false,Great Blue,786,1,23,0,,false,,false,opener|closer|jam
1670439704,2023-03-09,2023,The Capitol Theatre,Port Chester,NY,1,1,Jive I,411,false,,602,5,106,0,,false,",",false,
1670439704,2023-03-09,2023,The Capitol Theatre,Port Chester,NY,1,2,Atlas Dogs,727,false,,322,6,18,0,,false,",",false,opener
1670439704,2023-03-09,2023,The Capitol Theatre,Port Chester,NY,1,3,Elizabeth,465,false,,744,4,42,0,,false,",",false,opener|jam
1670439704,2023-03-09,2023,The Capitol Theatre,Port Chester,NY,1,4,California Magic,735,false,,511,2,16,0,,false,",",false,
1670439704,2023-03-09,2023,The Capitol Theatre,Port Chester,NY,1,5,Borne,725,false,,997,3,20,0,,false,",",false,jam
1670439704,2023-03-09,2023,The Capitol Theatre,Port Chester,NY,1,6,The Old Man's Boat,710,false,,743,7,18,0,,false,",",false,
1670439704,2023-03-09,2023,The Capitol Theatre,Port Chester,NY,1,7,Rockdale,714,false,Vasudo,1025,2,28,0,,true,,false,opener|closer|jam
1670439704,2023-03-09,2023,The Capitol Theatre,Port Chester,NY,2,8,Tumble,418,false,Vasudo,1464,6,82,0,,true,",",false,closer|jam|peak
1670439704,2023-03-09,2023,The Capitol Theatre,Port Chester,NY,2,9,Not Alone,820,false,,407,0,1,0,,false,",",false,
1670439704,2023-03-09,2023,The Capitol Theatre,Port Chester,NY,2,10,Rosewood Heart,412,false,,990,7,45,0,,true,>,true,jam|peak
1670439704,2023-03-09,2023,The Capitol Theatre,Port Chester,NY,2,11,Sinnerman,739,true,Nina Simone,685,19,5,10,,false,",",false,closer
1670439704,2023-03-09,2023,The Capitol Theatre,Port Chester,NY,2,12,Madhuvan,512,false,,1327,3,133,0,,true,,false,opener|closer|jam
1670439704,2023-03-09,2023,The Capitol Theatre,Port Chester,NY,E,13,Turned Clouds,400,false,,644,4,87,0,,false,,false,
1670439739,2023-03-10,2023,The Capitol Theatre,Port Chester,NY,1,1,Animal,764,false,,697,2,18,0,,false,",",false,opener|closer
1670439739,2023-03-10,2023,The Capitol Theatre,Port Chester,NY,1,2,Flodown,478,false,Vasudo,638,8,121,10,,false,",",false,
1670439739,2023-03-10,2023,The Capitol Theatre,Port Chester,NY,1,3,Everything Must Go,805,false,,641,8,5,10,,false,",",false,jam
1670439739,2023-03-10,2023,The Capitol Theatre,Port Chester,NY,1,4,The Whales,425,false,,547,20,22,20,,false,",",false,opener
1670439739,2023-03-10,2023,The Capitol Theatre,Port Chester,NY,1,5,Turbulence & The Night Rays,646,false,Vasudo,511,7,11,0,,false,",",false,opener
1670439739,2023-03-10,2023,The Capitol Theatre,Port Chester,NY,1,6,Lead Up,822,false,,354,0,1,0,,false,",",false,
1670439739,2023-03-10,2023,The Capitol Theatre,Port Chester,NY,1,7,Thatch,809,false,,960,3,6,0,,true,,false,opener|closer|jam|peak
1670439739,2023-03-10,2023,The Capitol Theatre,Port Chester,NY,2,8,Creatures,420,false,,1171,2,97,0,,true,",",false,jam
1670439739,2023-03-10,2023,The Capitol Theatre,Port Chester,NY,2,9,Red Bird,536,false,,768,4,18,0,,false,",",false,jam
1670439739,2023-03-10,2023,The Capitol Theatre,Port Chester,NY,2,10,In Your Eyes,498,true,Peter Gabriel,981,37,5,20,,true,",",false,jam|peak
1670439739,2023-03-10,2023,The Capitol Theatre,Port Chester,NY,2,11,Arise,733,false,St. John's Revival,538,29,5,20,,false,",",false,closer
1670439739,2023-03-10,2023,The Capitol Theatre,Port Chester,NY,2,12,Hot Tea,408,false,Vasudo,964,3,110,0,,false,,false,closer
1670439739,2023-03-10,2023,The Capitol Theatre,Port Chester,NY,E,13,Mustang Sally,427,true,Wilson Pickett,279,90,14,35,,false,,false,closer|encore
1670439778,2023-03-11,2023,The Capitol Theatre,Port Chester,NY,1,1,Echo of a Rose,463,false,Vasudo,667,6,68,0,,true,->,true,jam
1670439778,2023-03-11,2023,The Capitol Theatre,Port Chester,NY,1,2,Hollywood Nights,488,true,Bob Seger & The Silver Bullet Band,771,6,5,0,,false,>,true,
1670439778,2023-03-11,2023,The Capitol Theatre,Port Chester,NY,1,3,Bob Don,429,false,,641,12,32,10,,false,->,true,
1670439778,2023-03-11,2023,The Capitol Theatre,Port Chester,NY,1,4,Echo of a Rose,463,false,Vasudo,127,0,69,0,,false,",",false,jam
1670439778,2023-03-11,2023,The Capitol Theatre,Port Chester,NY,1,5,Seekers on the Ridge pt I,609,false,,418,6,26,0,,false,>,true,
1670439778,2023-03-11,2023,The Capitol Theatre,Port Chester,NY,1,6,Seekers on the Ridge pt II,610,false,,328,6,26,0,,false,",",false,
1670439778,2023-03-11,2023,The Capitol Theatre,Port Chester,NY,1,7,Mr. Action,817,false,,416,5,3,0,,false,",",false,
1670439778,2023-03-11,2023,The Capitol Theatre,Port Chester,NY,1,8,Same Old Shenanigans,541,false,,894,9,29,10,,false,,false,closer
1670439778,2023-03-11,2023,The Capitol Theatre,Port Chester,NY,2,9,Hungersite,740,false,,1156,4,23,0,,true,",",false,opener|jam
1670439778,2023-03-11,2023,The Capitol Theatre,Port Chester,NY,2,10,Silver Rising,736,false,,565,4,21,0,,false,",",false,
1670439778,2023-03-11,2023,The Capitol Theatre,Port Chester,NY,2,11,Feel It Now,823,false,,648,0,1,0,,false,",",false,
1670439778,2023-03-11,2023,The Capitol Theatre,Port Chester,NY,2,12,Arcadia,403,false,,1180,3,163,0,,true,",",false,closer
1670439778,2023-03-11,2023,The Capitol Theatre,Port Chester,NY,2,13,726,432,false,,561,20,21,20,,false,,false,encore
1670439778,2023-03-11,2023,The Capitol Theatre,Port Chester,NY,E,14,Dripfield,738,false,,1015,3,22,0,,false,,false,closer|jam
1670439789,2023-03-12,2023,The Capitol Theatre,Port Chester,NY,1,1,Time to Flee,404,false,,949,9,90,10,,true,",",false,
1670439789,2023-03-12,2023,The Capitol Theatre,Port Chester,NY,1,2,Indian River,410,false,,981,6,99,0,,false,",",false,
1670439789,2023-03-12,2023,The Capitol Theatre,Port Chester,NY,1,3,Honeybee,490,false,,453,24,28,20,,false,",",false,
1670439789,2023-03-12,2023,The Capitol Theatre,Port Chester,NY,1,4,Jeff Engborg,737,false,Great Blue,770,30,5,20,,false,",",false,closer
1670439789,2023-03-12,2023,The Capitol Theatre,Port Chester,NY,1,5,It Burns Within,500,false,St. John's Revival,473,74,7,35,,false,",",false,
1670439789,2023-03-12,2023,The Capitol Theatre,Port Chester,NY,1,6,Butter Rum,415,false,Vasudo,1323,7,88,0,,true,,false,
1670439789,2023-03-12,2023,The Capitol Theatre,Port Chester,NY,2,7,Arrow,438,false,,1221,14,43,10,,false,",",false,opener|closer|jam
1670439789,2023-03-12,2023,The Capitol Theatre,Port Chester,NY,2,8,A Western Sun,435,false,,431,5,49,0,,false,",",false,
1670439789,2023-03-12,2023,The Capitol Theatre,Port Chester,NY,2,9,Into the Myst,402,false,,780,7,47,0,,false,->,true,jam
1670439789,2023-03-12,2023,The Capitol Theatre,Port Chester,NY,2,10,White Lights,586,false,,701,10,55,10,,false,",",false,closer|encore
1670439789,2023-03-12,2023,The Capitol Theatre,Port Chester,NY,2,11,Elmeg The Wise,466,false,St. John's Revival,873,5,17,0,,false,,false,closer|encore
1670439789,2023-03-12,2023,The Capitol Theatre,Port Chester,NY,E,12,The Empress Of Organos,604,false,Vasudo,1021,6,35,0,,false,,false,closer|jam
1670440316,2023-03-23,2023,Roadrunner,Boston,MA,1,1,Flodown,478,false,Vasudo,656,2,122,0,,false,",",false,
1670440316,2023-03-23,2023,Roadrunner,Boston,MA,1,2,Turbulence & The Night Rays,646,false,Vasudo,542,2,12,0,,false,",",false,opener
1670440316,2023-03-23,2023,Roadrunner,Boston,MA,1,3,Elizabeth,465,false,,697,3,43,0,,false,",",false,opener|jam
1670440316,2023-03-23,2023,Roadrunner,Boston,MA,1,4,Travelers,574,false,,557,30,20,20,,false,",",false,
1670440316,2023-03-23,2023,Roadrunner,Boston,MA,1,5,I'm Writing A Novel,424,true,Father John Misty,510,52,8,35,,false,",",false,
1670440316,2023-03-23,2023,Roadrunner,Boston,MA,1,6,Earthling or Alien?,605,false,,1545,4,26,0,,true,,false,jam|peak
1670440316,2023-03-23,2023,Roadrunner,Boston,MA,2,7,Creatures,420,false,,1064,2,98,0,,false,>,true,jam
1670440316,2023-03-23,2023,Roadrunner,Boston,MA,2,8,Hungersite,740,false,,1165,1,24,0,,false,>,true,opener|jam
1670440316,2023-03-23,2023,Roadrunner,Boston,MA,2,9,Red Bird,536,false,,932,2,19,0,,true,>,true,jam
1670440316,2023-03-23,2023,Roadrunner,Boston,MA,2,10,Please Forgive Me,685,true,David Gray,535,38,5,20,,false,",",false,
1670440316,2023-03-23,2023,Roadrunner,Boston,MA,2,11,Bob Don,429,false,,327,1,33,0,,false,",",false,
1670440316,2023-03-23,2023,Roadrunner,Boston,MA,2,12,Pancakes,723,false,Great Blue,852,4,24,0,,false,,false,opener|closer|jam
1670440316,2023-03-23,2023,Roadrunner,Boston,MA,E,13,Slow Ready,422,false,,695,5,60,0,,false,,false,
1670440350,2023-03-24,2023,The Met,Philadelphia,PA,1,1,Rockdale,714,false,Vasudo,1211,4,29,0,,true,",",false,opener|closer|jam
1670440350,2023-03-24,2023,The Met,Philadelphia,PA,1,2,Atlas Dogs,727,false,,389,4,19,0,,false,>,true,opener
1670440350,2023-03-24,2023,The Met,Philadelphia,PA,1,3,Love Is A Battlefield,612,true,Pat Benatar,486,46,5,20,,false,",",false,
1670440350,2023-03-24,2023,The Met,Philadelphia,PA,1,4,Everything Must Go,805,false,,591,3,6,0,,false,",",false,jam
1670440350,2023-03-24,2023,The Met,Philadelphia,PA,1,5,The Old Man's Boat,710,false,,856,4,19,0,,false,",",false,
1670440350,2023-03-24,2023,The Met,Philadelphia,PA,1,6,Thatch,809,false,,853,3,7,0,,false,,false,opener|closer|jam|peak
1670440350,2023-03-24,2023,The Met,Philadelphia,PA,2,7,Animal,764,false,,854,3,19,0,,false,",",false,opener|closer
1670440350,2023-03-24,2023,The Met,Philadelphia,PA,2,8,Feel It Now,823,false,,722,2,2,0,,false,",",false,
1670440350,2023-03-24,2023,The Met,Philadelphia,PA,2,9,Echo of a Rose,463,false,Vasudo,1706,2,70,0,,true,",",false,jam
1670440350,2023-03-24,2023,The Met,Philadelphia,PA,2,10,Turned Clouds,400,false,,758,4,88,0,,false,,false,
1670440350,2023-03-24,2023,The Met,Philadelphia,PA,E,11,Mr. Action,817,false,,511,2,4,0,,false,,false,
1670440360,2023-03-25,2023,The Met,Philadelphia,PA,1,1,Dr. Darkness,712,false,,463,6,17,0,,false,",",false,opener
1670440360,2023-03-25,2023,The Met,Philadelphia,PA,1,2,Yeti,416,false,Great Blue,551,6,84,0,,false,",",false,opener
1670440360,2023-03-25,2023,The Met,Philadelphia,PA,1,3,Borne,725,false,,1760,5,21,0,,true,->,true,jam
1670440360,2023-03-25,2023,The Met,Philadelphia,PA,1,4,The W.S. Walcott Medicine Show,582,true,The Band,247,58,17,35,,false,",",false,
1670440360,2023-03-25,2023,The Met,Philadelphia,PA,1,5,Butter Rum,415,false,Vasudo,830,2,89,0,,false,",",false,
1670440360,2023-03-25,2023,The Met,Philadelphia,PA,1,6,Seekers on the Ridge pt I,609,false,,422,3,27,0,,false,>,true,
1670440360,2023-03-25,2023,The Met,Philadelphia,PA,1,7,Seekers on the Ridge pt II,610,false,,337,3,27,0,,false,,false,
1670440360,2023-03-25,2023,The Met,Philadelphia,PA,2,8,Same Old Shenanigans,541,false,,963,3,30,0,,false,",",false,closer
1670440360,2023-03-25,2023,The Met,Philadelphia,PA,2,9,Lead Up,822,false,,352,4,2,0,,false,",",false,
1670440360,2023-03-25,2023,The Met,Philadelphia,PA,2,10,So Ready,421,false,,782,6,117,0,,false,",",false,closer
1670440360,2023-03-25,2023,The Met,Philadelphia,PA,2,11,Rosewood Heart,412,false,,1057,5,46,0,,false,>,true,jam|peak
1670440360,2023-03-25,2023,The Met,Philadelphia,PA,2,12,Dripfield,738,false,,1236,3,23,0,,true,,false,closer|jam
1670440360,2023-03-25,2023,The Met,Philadelphia,PA,E,13,Turn On Your Love Light,578,true,Bobby Blue Bland,388,33,43,20,,false,,false,closer|encore
1670440377,2023-03-26,2023,Agora Theater,Cleveland,OH,1,1,All I Need,414,false,,1484,7,113,0,,true,",",false,jam
1670440377,2023-03-26,2023,Agora Theater,Cleveland,OH,1,2,The Whales,425,false,,563,5,23,0,,false,",",false,opener
1670440377,2023-03-26,2023,Agora Theater,Cleveland,OH,1,3,Caution,446,true,Bob Marley,535,28,12,20,,false,",",false,
1670440377,2023-03-26,2023,Agora Theater,Cleveland,OH,1,4,Jive I,411,false,,723,6,107,0,,false,>,true,
1670440377,2023-03-26,2023,Agora Theater,Cleveland,OH,1,5,California Magic,735,false,,476,6,17,0,,false,",",false,
1670440377,2023-03-26,2023,Agora Theater,Cleveland,OH,1,6,Jive II,413,false,,830,7,68,0,,false,>,true,opener
1670440377,2023-03-26,2023,Agora Theater,Cleveland,OH,1,7,Jive Lee,502,false,,916,17,67,10,,true,,false,closer|jam
1670440377,2023-03-26,2023,Agora Theater,Cleveland,OH,2,8,Drive,462,false,,485,7,77,0,,false,>,true,opener|jam
1670440377,2023-03-26,2023,Agora Theater,Cleveland,OH,2,9,Take On Me,565,true,A-Ha,937,192,7,50,,false,",",false,
1670440377,2023-03-26,2023,Agora Theater,Cleveland,OH,2,10,Into the Myst,402,false,,872,3,48,0,,false,",",false,jam
1670440377,2023-03-26,2023,Agora Theater,Cleveland,OH,2,11,Honeybee,490,false,,453,3,29,0,,false,",",false,
1670440377,2023-03-26,2023,Agora Theater,Cleveland,OH,2,12,Arrow,438,false,,1186,3,44,0,,false,,false,opener|closer|jam
1670440377,2023-03-26,2023,Agora Theater,Cleveland,OH,E,13,Shama Lama Ding Dong,545,true,Otis Day and The Knights,589,25,35,20,,false,,false,encore
1678977364,2023-03-28,2023,Georgia Theatre,Athens,GA,1,1,Tumble,418,false,Vasudo,1084,7,83,0,,false,",",false,closer|jam|peak
1678977364,2023-03-28,2023,Georgia Theatre,Athens,GA,1,2,Time to Flee,404,false,,605,4,91,0,,false,->,true,
1678977364,2023-03-28,2023,Georgia Theatre,Athens,GA,1,3,Green River,482,true,Creedence Clearwater Revival,427,39,26,20,,false,",",false,
1678977364,2023-03-28,2023,Georgia Theatre,Athens,GA,1,4,Flodown,478,false,Vasudo,599,3,123,0,,false,",",false,
1678977364,2023-03-28,2023,Georgia Theatre,Athens,GA,1,5,Thatch,809,false,,992,2,8,0,,false,",",false,opener|closer|jam|peak
1678977364,2023-03-28,2023,Georgia Theatre,Athens,GA,1,6,Silver Rising,736,false,,560,5,22,0,,false,",",false,
1678977364,2023-03-28,2023,Georgia Theatre,Athens,GA,1,7,The Empress Of Organos,604,false,Vasudo,248,4,36,0,,false,->,true,closer|jam
1678977364,2023-03-28,2023,Georgia Theatre,Athens,GA,1,8,Trevor Reads Poetry,741,false,,111,15,5,10,,false,->,true,ballad
1678977364,2023-03-28,2023,Georgia Theatre,Athens,GA,1,9,The Empress Of Organos,604,false,Vasudo,720,0,37,0,,false,,false,closer|jam
1678977364,2023-03-28,2023,Georgia Theatre,Athens,GA,2,10,Arcadia,403,false,,898,5,164,0,,false,",",false,closer
1678977364,2023-03-28,2023,Georgia Theatre,Athens,GA,2,11,Slow Ready,422,false,,1197,3,61,0,,true,>,true,
1678977364,2023-03-28,2023,Georgia Theatre,Athens,GA,2,12,Rock The Casbah,431,true,The Clash,279,30,7,20,,false,",",false,encore
1678977364,2023-03-28,2023,Georgia Theatre,Athens,GA,2,13,Hot Tea,408,false,Vasudo,731,6,111,0,,false,->,true,closer
1678977364,2023-03-28,2023,Georgia Theatre,Athens,GA,2,14,Turned Clouds,400,false,,612,2,89,0,,false,>,true,
1678977364,2023-03-28,2023,Georgia Theatre,Athens,GA,2,15,Hot Tea,408,false,Vasudo,354,0,112,0,,false,,false,closer
1678977364,2023-03-28,2023,Georgia Theatre,Athens,GA,E,16,Escape (The Piña Colada Song),469,true,Rupert Holmes,409,42,27,20,,false,,false,opener|encore
1678977337,2023-03-30,2023,Ryman Auditorium,Nashville,TN,1,1,Atlas Dogs,727,false,,376,3,20,0,,false,>,true,opener
1678977337,2023-03-30,2023,Ryman Auditorium,Nashville,TN,1,2,Atlas,439,true,The Wood Brothers,770,28,33,20,,false,",",false,opener
1678977337,2023-03-30,2023,Ryman Auditorium,Nashville,TN,1,3,Butterflies,763,false,Great Blue,423,9,8,10,,false,",",false,opener
1678977337,2023-03-30,2023,Ryman Auditorium,Nashville,TN,1,4,Indian River,410,false,,1050,5,100,0,,true,>,true,
1678977337,2023-03-30,2023,Ryman Auditorium,Nashville,TN,1,5,Everything Must Go,805,false,,672,3,7,0,,false,",",false,jam
1678977337,2023-03-30,2023,Ryman Auditorium,Nashville,TN,1,6,Rockdale,714,false,Vasudo,1142,3,30,0,,true,,false,opener|closer|jam
1678977337,2023-03-30,2023,Ryman Auditorium,Nashville,TN,2,7,Wysteria Lane,405,false,Vasudo,1677,9,89,10,,true,->,true,opener|jam|peak
1678977337,2023-03-30,2023,Ryman Auditorium,Nashville,TN,2,8,The Way It Is,570,true,Bruce Hornsby,533,30,29,20,,false,",",false,
1678977337,2023-03-30,2023,Ryman Auditorium,Nashville,TN,2,9,Creatures,420,false,,877,4,99,0,,false,>,true,jam
1678977337,2023-03-30,2023,Ryman Auditorium,Nashville,TN,2,10,Pancakes,723,false,Great Blue,1002,4,25,0,,false,",",false,opener|closer|jam
1678977337,2023-03-30,2023,Ryman Auditorium,Nashville,TN,2,11,White Lights,586,false,,262,5,56,0,,false,,false,closer|encore
1670440389,2023-03-31,2023,Ryman Auditorium,Nashville,TN,1,1,Turbulence & The Night Rays,646,false,Vasudo,524,5,13,0,,false,",",false,opener
1670440389,2023-03-31,2023,Ryman Auditorium,Nashville,TN,1,2,Dr. Darkness,712,false,,406,3,18,0,,false,",",false,opener
1670440389,2023-03-31,2023,Ryman Auditorium,Nashville,TN,1,3,The Whales,425,false,,515,2,24,0,,false,",",false,opener
1670440389,2023-03-31,2023,Ryman Auditorium,Nashville,TN,1,4,AUATC,602,true,Bon Iver,389,66,5,35,,false,",",false,
1670440389,2023-03-31,2023,Ryman Auditorium,Nashville,TN,1,5,Elizabeth,465,false,,753,5,44,0,,false,",",false,opener|jam
1670440389,2023-03-31,2023,Ryman Auditorium,Nashville,TN,1,6,Not Alone,820,false,,405,9,2,10,,false,",",false,
1670440389,2023-03-31,2023,Ryman Auditorium,Nashville,TN,1,7,Arrow,438,false,,1569,2,45,0,,true,,false,opener|closer|jam
1670440389,2023-03-31,2023,Ryman Auditorium,Nashville,TN,2,8,Hungersite,740,false,,1004,5,25,0,,false,",",false,opener|jam
1670440389,2023-03-31,2023,Ryman Auditorium,Nashville,TN,2,9,Feel It Now,823,false,,687,4,3,0,,false,",",false,
1670440389,2023-03-31,2023,Ryman Auditorium,Nashville,TN,2,10,Bob Don,429,false,,391,5,34,0,,false,",",false,
1670440389,2023-03-31,2023,Ryman Auditorium,Nashville,TN,2,11,Drive,462,false,,580,2,78,0,,false,",",false,opener|jam
1670440389,2023-03-31,2023,Ryman Auditorium,Nashville,TN,2,12,Rosewood Heart,412,false,,1168,3,47,0,,true,,false,jam|peak
1670440389,2023-03-31,2023,Ryman Auditorium,Nashville,TN,E,13,The Empress Of Organos,604,false,Vasudo,937,1,38,0,,false,,false,closer|jam
1680396905,2023-04-01,2023,Ryman Auditorium,Nashville,TN,1,1,Jive Lee,502,false,,479,3,68,0,,true,",",false,closer|jam
1680396905,2023-04-01,2023,Ryman Auditorium,Nashville,TN,1,2,Flodown,478,false,Vasudo,613,2,124,0,,false,",",false,
1680396905,2023-04-01,2023,Ryman Auditorium,Nashville,TN,1,3,Lead Up,822,false,,361,4,3,0,,false,",",false,
1680396905,2023-04-01,2023,Ryman Auditorium,Nashville,TN,1,4,Bloodbuzz Ohio,766,true,The National,450,15,4,10,,false,",",false,
1680396905,2023-04-01,2023,Ryman Auditorium,Nashville,TN,1,5,Tumble,418,false,Vasudo,1264,2,84,0,,true,",",false,closer|jam|peak
1680396905,2023-04-01,2023,Ryman Auditorium,Nashville,TN,1,6,Thatch,809,false,,908,2,9,0,,true,,false,opener|closer|jam|peak
1680396905,2023-04-01,2023,Ryman Auditorium,Nashville,TN,2,7,Madhuvan,512,false,,1690,10,134,10,,true,",",false,opener|closer|jam
1680396905,2023-04-01,2023,Ryman Auditorium,Nashville,TN,2,8,Silver Rising,736,false,,543,2,23,0,,false,>,true,
1680396905,2023-04-01,2023,Ryman Auditorium,Nashville,TN,2,9,Red Bird,536,false,,1151,6,20,0,,true,",",false,jam
1680396905,2023-04-01,2023,Ryman Auditorium,Nashville,TN,2,10,This Old Sea,572,false,,307,13,22,10,,false,>,true,jam
1680396905,2023-04-01,2023,Ryman Auditorium,Nashville,TN,2,11,Don't Do It,460,true,The Band,463,13,28,10,,false,,false,closer|encore
1680396905,2023-04-01,2023,Ryman Auditorium,Nashville,TN,E,12,Hot Tea,408,false,Vasudo,598,2,113,0,,false,,false,closer
1680396930,2023-04-02,2023,Avondale Brewing Company,Birmingham,AL,1,1,Yeti,416,false,Great Blue,464,5,85,0,,false,",",false,opener
1680396930,2023-04-02,2023,Avondale Brewing Company,Birmingham,AL,1,2,Echo of a Rose,463,false,Vasudo,871,6,71,0,,false,",",false,jam
1680396930,2023-04-02,2023,Avondale Brewing Company,Birmingham,AL,1,3,California Magic,735,false,,532,4,18,0,,false,",",false,
1680396930,2023-04-02,2023,Avondale Brewing Company,Birmingham,AL,1,4,Earthling or Alien?,605,false,,682,7,27,0,,false,",",false,jam|peak
1680396930,2023-04-02,2023,Avondale Brewing Company,Birmingham,AL,1,5,Mississippi Half-Step Uptown Toodeloo,517,true,Grateful Dead,868,38,29,20,,false,>,true,jam
1680396930,2023-04-02,2023,Avondale Brewing Company,Birmingham,AL,1,6,So Ready,421,false,,826,5,118,0,,false,,false,closer
1680396930,2023-04-02,2023,Avondale Brewing Company,Birmingham,AL,2,7,Fish In The Sea,477,true,Fat Freddy's Drop,699,13,15,10,,false,",",false,opener
1680396930,2023-04-02,2023,Avondale Brewing Company,Birmingham,AL,2,8,Same Old Shenanigans,541,false,,895,5,31,0,,false,",",false,closer
1680396930,2023-04-02,2023,Avondale Brewing Company,Birmingham,AL,2,9,A Western Sun,435,false,,426,8,50,10,,false,>,true,
1680396930,2023-04-02,2023,Avondale Brewing Company,Birmingham,AL,2,10,Animal,764,false,,938,6,20,0,,false,",",false,opener|closer
1680396930,2023-04-02,2023,Avondale Brewing Company,Birmingham,AL,2,11,726,432,false,,503,9,22,10,,false,",",false,encore
1680396930,2023-04-02,2023,Avondale Brewing Company,Birmingham,AL,2,12,Dripfield,738,false,,845,5,24,0,,false,,false,closer|jam
1680396930,2023-04-02,2023,Avondale Brewing Company,Birmingham,AL,E,13,Butter Rum,415,false,Vasudo,522,5,90,0,,false,,false,
1670440423,2023-04-13,2023,The Sylvee,Madison,WI,1,1,Switchin',564,true,Wes Montgomery,563,52,24,35,,false,",",false,opener
1670440423,2023-04-13,2023,The Sylvee,Madison,WI,1,2,Mr. Action,817,false,,516,7,5,0,,false,",",false,
1670440423,2023-04-13,2023,The Sylvee,Madison,WI,1,3,Atlas Dogs,727,false,,330,3,21,0,,false,",",false,opener
1670440423,2023-04-13,2023,The Sylvee,Madison,WI,1,4,Time to Flee,404,false,,812,4,92,0,,false,",",false,
1670440423,2023-04-13,2023,The Sylvee,Madison,WI,1,5,Borne,725,false,,1613,6,22,0,,true,>,true,jam
1670440423,2023-04-13,2023,The Sylvee,Madison,WI,1,6,Rockdale,714,false,Vasudo,835,3,31,0,,false,,false,opener|closer|jam
1670440423,2023-04-13,2023,The Sylvee,Madison,WI,2,7,Wysteria Lane,405,false,Vasudo,1249,3,90,0,,true,",",false,opener|jam|peak
1670440423,2023-04-13,2023,The Sylvee,Madison,WI,2,8,Indian River,410,false,,1642,3,101,0,,true,",",false,
1670440423,2023-04-13,2023,The Sylvee,Madison,WI,2,9,Doctor My Eyes,678,true,Jackson Browne,574,81,5,35,,false,",",false,
1670440423,2023-04-13,2023,The Sylvee,Madison,WI,2,10,Creatures,420,false,,803,3,100,0,,false,",",false,jam
1670440423,2023-04-13,2023,The Sylvee,Madison,WI,2,11,The Empress Of Organos,604,false,Vasudo,877,2,39,0,,false,,false,closer|jam
1670440423,2023-04-13,2023,The Sylvee,Madison,WI,E,12,Flodown,478,false,Vasudo,450,1,125,0,,false,,false,
1670440441,2023-04-14,2023,The Salt Shed,Chicago,IL,1,1,All I Need,414,false,,733,6,114,0,,false,",",false,jam
1670440441,2023-04-14,2023,The Salt Shed,Chicago,IL,1,2,The Whales,425,false,,512,3,25,0,,false,",",false,opener
1670440441,2023-04-14,2023,The Salt Shed,Chicago,IL,1,3,Earthling or Alien?,605,false,,627,1,28,0,,false,",",false,jam|peak
1670440441,2023-04-14,2023,The Salt Shed,Chicago,IL,1,4,Jive I,411,false,,598,6,108,0,,false,>,true,
1670440441,2023-04-14,2023,The Salt Shed,Chicago,IL,1,5,Jive Lee,502,false,,543,2,69,0,,false,",",false,closer|jam
1670440441,2023-04-14,2023,The Salt Shed,Chicago,IL,1,6,Everything Must Go,805,false,,689,4,8,0,,false,",",false,jam
1670440441,2023-04-14,2023,The Salt Shed,Chicago,IL,1,7,Thatch,809,false,,901,2,10,0,,false,,false,opener|closer|jam|peak
1670440441,2023-04-14,2023,The Salt Shed,Chicago,IL,2,8,Hungersite,740,false,,1953,3,26,0,,true,>,true,opener|jam
1670440441,2023-04-14,2023,The Salt Shed,Chicago,IL,2,9,Into the Myst,402,false,,535,6,49,0,,false,>,true,jam
1670440441,2023-04-14,2023,The Salt Shed,Chicago,IL,2,10,Red Bird,536,false,,943,2,21,0,,false,",",false,jam
1670440441,2023-04-14,2023,The Salt Shed,Chicago,IL,2,11,Seekers on the Ridge pt I,609,false,,399,7,28,0,,false,>,true,
1670440441,2023-04-14,2023,The Salt Shed,Chicago,IL,2,12,Seekers on the Ridge pt II,610,false,,302,7,28,0,,false,",",false,
1670440441,2023-04-14,2023,The Salt Shed,Chicago,IL,2,13,Madhuvan,512,false,,725,2,135,0,,false,,false,opener|closer|jam
1670440441,2023-04-14,2023,The Salt Shed,Chicago,IL,E,14,Tomorrow Never Knows,573,true,The Beatles,712,16,9,10,,false,,false,encore
1670440457,2023-04-15,2023,The Salt Shed,Chicago,IL,1,1,California Magic,735,false,,522,2,19,0,,false,",",false,
1670440457,2023-04-15,2023,The Salt Shed,Chicago,IL,1,2,Echo of a Rose,463,false,Vasudo,988,2,72,0,,true,->,true,jam
1670440457,2023-04-15,2023,The Salt Shed,Chicago,IL,1,3,Inside Out,499,true,Spoon,952,35,11,20,,true,>,true,jam
1670440457,2023-04-15,2023,The Salt Shed,Chicago,IL,1,4,Silver Rising,736,false,,574,3,24,0,,false,",",false,
1670440457,2023-04-15,2023,The Salt Shed,Chicago,IL,1,5,Lead Up,822,false,,333,3,4,0,,false,",",false,
1670440457,2023-04-15,2023,The Salt Shed,Chicago,IL,1,6,Drive,462,false,,517,4,79,0,,false,>,true,opener|jam
1670440457,2023-04-15,2023,The Salt Shed,Chicago,IL,1,7,Echo of a Rose,463,false,Vasudo,82,0,73,0,,false,,false,jam
1670440457,2023-04-15,2023,The Salt Shed,Chicago,IL,2,8,Animal,764,false,,771,2,21,0,,false,",",false,opener|closer
1670440457,2023-04-15,2023,The Salt Shed,Chicago,IL,2,9,Pancakes,723,false,Great Blue,1190,5,26,0,,true,",",false,opener|closer|jam
1670440457,2023-04-15,2023,The Salt Shed,Chicago,IL,2,10,726,432,false,,574,2,23,0,,false,",",false,encore
1670440457,2023-04-15,2023,The Salt Shed,Chicago,IL,2,11,Feel It Now,823,false,,675,4,4,0,,false,",",false,
1670440457,2023-04-15,2023,The Salt Shed,Chicago,IL,2,12,Slow Ready,422,false,,705,6,62,0,,false,->,true,
1670440457,2023-04-15,2023,The Salt Shed,Chicago,IL,2,13,Dripfield,738,false,,1129,2,25,0,,false,,false,closer|jam
1670440457,2023-04-15,2023,The Salt Shed,Chicago,IL,E,14,White Lights,586,false,,482,5,57,0,,false,->,true,closer|encore
1670440457,2023-04-15,2023,The Salt Shed,Chicago,IL,E,15,Madhuvan,512,false,,486,0,136,0,,false,,false,opener|closer|jam
1670440474,2023-04-16,2023,Palace Theatre,St. Paul,MN,1,1,Dr. Darkness,712,false,,438,5,19,0,,false,>,true,opener
1670440474,2023-04-16,2023,Palace Theatre,St. Paul,MN,1,2,Yeti,416,false,Great Blue,537,3,86,0,,false,",",false,opener
1670440474,2023-04-16,2023,Palace Theatre,St. Paul,MN,1,3,Turned Clouds,400,false,,695,7,90,0,,false,",",false,
1670440474,2023-04-16,2023,Palace Theatre,St. Paul,MN,1,4,Tumble,418,false,Vasudo,1533,4,85,0,,true,->,true,closer|jam|peak
1670440474,2023-04-16,2023,Palace Theatre,St. Paul,MN,1,5,Loose Ends,762,false,Vasudo,333,42,10,20,,false,",",false,closer
1670440474,2023-04-16,2023,Palace Theatre,St. Paul,MN,1,6,The Old Man's Boat,710,false,,776,10,20,10,,false,->,true,
1670440474,2023-04-16,2023,Palace Theatre,St. Paul,MN,1,7,Mas Que Nada,513,true,Sergio Mendes,548,53,17,35,,false,",",false,
1670440474,2023-04-16,2023,Palace Theatre,St. Paul,MN,1,8,Same Old Shenanigans,541,false,,843,3,32,0,,false,,false,closer
1670440474,2023-04-16,2023,Palace Theatre,St. Paul,MN,2,9,Arrow,438,false,,1345,5,46,0,,false,>,true,opener|closer|jam
1670440474,2023-04-16,2023,Palace Theatre,St. Paul,MN,2,10,Bob Don,429,false,,355,5,35,0,,false,",",false,
1670440474,2023-04-16,2023,Palace Theatre,St. Paul,MN,2,11,Flodown,478,false,Vasudo,584,2,126,0,,false,",",false,
1670440474,2023-04-16,2023,Palace Theatre,St. Paul,MN,2,12,Arcadia,403,false,,1002,7,165,0,,false,",",false,closer
1670440474,2023-04-16,2023,Palace Theatre,St. Paul,MN,2,13,Your Ocean,590,false,,479,16,24,10,,false,",",false,
1670440474,2023-04-16,2023,Palace Theatre,St. Paul,MN,2,14,Hot Tea,408,false,Vasudo,865,4,114,0,,false,,false,closer
1670440474,2023-04-16,2023,Palace Theatre,St. Paul,MN,E,15,The Way It Is,570,true,Bruce Hornsby,542,6,30,0,,false,,false,
1670440487,2023-04-18,2023,The ELM,Bozeman,MT,1,1,Jive II,413,false,,651,9,69,10,,false,",",false,opener
1670440487,2023-04-18,2023,The ELM,Bozeman,MT,1,2,Elizabeth,465,false,,1093,6,45,0,,true,",",false,opener|jam
1670440487,2023-04-18,2023,The ELM,Bozeman,MT,1,3,Travelers,574,false,,575,12,21,10,,false,",",false,
1670440487,2023-04-18,2023,The ELM,Bozeman,MT,1,4,Thatch,809,false,,1038,2,11,0,,false,",",false,opener|closer|jam|peak
1670440487,2023-04-18,2023,The ELM,Bozeman,MT,1,5,Turbulence & The Night Rays,646,false,Vasudo,639,6,14,0,,false,,false,opener
1670440487,2023-04-18,2023,The ELM,Bozeman,MT,2,6,Rockdale,714,false,Vasudo,954,3,32,0,,false,",",false,opener|closer|jam
1670440487,2023-04-18,2023,The ELM,Bozeman,MT,2,7,The Empress Of Organos,604,false,Vasudo,1248,3,40,0,,false,",",false,closer|jam
1670440487,2023-04-18,2023,The ELM,Bozeman,MT,2,8,Rosewood Heart,412,false,,1475,6,48,0,,true,>,true,jam|peak
1670440487,2023-04-18,2023,The ELM,Bozeman,MT,2,9,Weird Fishes / Arpeggi,428,true,Radiohead,418,113,8,50,,false,",",false,
1670440487,2023-04-18,2023,The ELM,Bozeman,MT,2,10,Red Bird,536,false,,749,2,22,0,,false,->,true,jam
1670440487,2023-04-18,2023,The ELM,Bozeman,MT,2,11,Butter Rum,415,false,Vasudo,499,4,91,0,,false,,false,
1670440487,2023-04-18,2023,The ELM,Bozeman,MT,E,12,A Fifth Of Beethoven,434,true,Walter Murphy,423,45,11,20,,false,,false,closer
1670440497,2023-04-19,2023,The ELM,Bozeman,MT,1,1,Mr. Action,817,false,,537,4,6,0,,false,",",false,
1670440497,2023-04-19,2023,The ELM,Bozeman,MT,1,2,Doc Brown,459,false,Great Blue,477,49,38,20,,false,",",false,
1670440497,2023-04-19,2023,The ELM,Bozeman,MT,1,3,Indian River,410,false,,869,4,102,0,,false,->,true,
1670440497,2023-04-19,2023,The ELM,Bozeman,MT,1,4,Cantaloupe Island,444,true,Herbie Hancock,415,209,8,50,,false,",",false,
1670440497,2023-04-19,2023,The ELM,Bozeman,MT,1,5,Atlas Dogs,727,false,,326,4,22,0,,false,>,true,opener
1670440497,2023-04-19,2023,The ELM,Bozeman,MT,1,6,Time to Flee,404,false,,785,4,93,0,,false,>,true,
1670440497,2023-04-19,2023,The ELM,Bozeman,MT,1,7,Pancakes,723,false,Great Blue,934,2,27,0,,false,,false,opener|closer|jam
1670440497,2023-04-19,2023,The ELM,Bozeman,MT,2,8,Into the Myst,402,false,,957,3,50,0,,false,",",false,jam
1670440497,2023-04-19,2023,The ELM,Bozeman,MT,2,9,Everything Must Go,805,false,,943,3,9,0,,true,",",false,jam
1670440497,2023-04-19,2023,The ELM,Bozeman,MT,2,10,No Rain,525,true,Blind Melon,836,23,12,20,,true,",",false,opener|jam
1670440497,2023-04-19,2023,The ELM,Bozeman,MT,2,11,Hungersite,740,false,,1215,3,27,0,,false,",",false,opener|jam
1670440497,2023-04-19,2023,The ELM,Bozeman,MT,2,12,Madhuvan,512,false,,778,2,137,0,,true,,false,opener|closer|jam
1670440497,2023-04-19,2023,The ELM,Bozeman,MT,E,13,Doobie Song,461,false,,343,18,19,10,,false,,false,closer|encore
1670440512,2023-04-21,2023,Knitting Factory,Boise,ID,1,1,Butterflies,763,false,Great Blue,433,9,9,10,,false,>,true,opener
1670440512,2023-04-21,2023,Knitting Factory,Boise,ID,1,2,Look Out Cleveland,591,true,The Band,694,44,6,20,,false,",",false,closer|jam|peak
1670440512,2023-04-21,2023,Knitting Factory,Boise,ID,1,3,All I Need,414,false,,1319,4,115,0,,true,",",false,jam
1670440512,2023-04-21,2023,Knitting Factory,Boise,ID,1,4,Jive I,411,false,,590,4,109,0,,false,>,true,
1670440512,2023-04-21,2023,Knitting Factory,Boise,ID,1,5,Bob Don,429,false,,359,2,36,0,,false,>,true,
1670440512,2023-04-21,2023,Knitting Factory,Boise,ID,1,6,So Ready,421,false,,809,6,119,0,,false,,false,closer
1670440512,2023-04-21,2023,Knitting Factory,Boise,ID,2,7,Drive,462,false,,461,3,80,0,,false,>,true,opener|jam
1670440512,2023-04-21,2023,Knitting Factory,Boise,ID,2,8,Wysteria Lane,405,false,Vasudo,1445,5,91,0,,true,>,true,opener|jam|peak
1670440512,2023-04-21,2023,Knitting Factory,Boise,ID,2,9,Get The Funk Out Ma Face,479,true,Brothers Johnson,307,31,7,20,,false,",",false,
1670440512,2023-04-21,2023,Knitting Factory,Boise,ID,2,10,Turned Clouds,400,false,,768,2,91,0,,false,",",false,
1670440512,2023-04-21,2023,Knitting Factory,Boise,ID,2,11,Jeff Engborg,737,false,Great Blue,838,15,6,10,,false,,false,closer
1670440512,2023-04-21,2023,Knitting Factory,Boise,ID,E,12,Lead the Way,406,false,,524,39,75,20,,false,>,true,opener
1670440512,2023-04-21,2023,Knitting Factory,Boise,ID,E,13,Turn On Your Love Light,578,true,Bobby Blue Bland,433,12,44,10,,false,,false,closer|encore
1670440530,2023-04-22,2023,Paramount Theatre,Seattle,WA,1,1,Danger Zone,457,true,Kenny Loggins,252,145,17,50,,false,",",false,
1670440530,2023-04-22,2023,Paramount Theatre,Seattle,WA,1,2,Animal,764,false,,802,4,22,0,,false,",",false,opener|closer
1670440530,2023-04-22,2023,Paramount Theatre,Seattle,WA,1,3,Lead Up,822,false,,343,4,5,0,,false,",",false,
1670440530,2023-04-22,2023,Paramount Theatre,Seattle,WA,1,4,Lead Up,822,false,,343,0,6,0,,false,",",false,
1670440530,2023-04-22,2023,Paramount Theatre,Seattle,WA,1,5,Flodown,478,false,Vasudo,646,3,127,0,,false,,false,
1670440530,2023-04-22,2023,Paramount Theatre,Seattle,WA,2,6,Echo of a Rose,463,false,Vasudo,2664,4,74,0,,true,",",false,jam
1670440530,2023-04-22,2023,Paramount Theatre,Seattle,WA,2,7,Earthling or Alien?,605,false,,675,5,29,0,,false,",",false,jam|peak
1670440530,2023-04-22,2023,Paramount Theatre,Seattle,WA,2,8,A Western Sun,435,false,,428,7,51,0,,false,>,true,
1670440530,2023-04-22,2023,Paramount Theatre,Seattle,WA,2,9,Sleepwalk,551,true,Santo & Johnny,311,110,3,50,,false,",",false,closer
1670440530,2023-04-22,2023,Paramount Theatre,Seattle,WA,2,10,Thatch,809,false,,738,2,12,0,,false,",",false,opener|closer|jam|peak
1670440530,2023-04-22,2023,Paramount Theatre,Seattle,WA,2,11,Arrow,438,false,,907,3,47,0,,false,->,true,opener|closer|jam
1670440530,2023-04-22,2023,Paramount Theatre,Seattle,WA,2,12,Hollywood Nights,488,true,Bob Seger & The Silver Bullet Band,496,17,6,10,,false,->,true,
1670440530,2023-04-22,2023,Paramount Theatre,Seattle,WA,2,13,Arrow,438,false,,25,0,48,0,,false,",",false,opener|closer|jam
1670440530,2023-04-22,2023,Paramount Theatre,Seattle,WA,2,14,Feel It Now,823,false,,617,4,5,0,,false,,false,
1670440530,2023-04-22,2023,Paramount Theatre,Seattle,WA,E,15,726,432,false,,516,4,24,0,,false,>,true,encore
1670440530,2023-04-22,2023,Paramount Theatre,Seattle,WA,E,16,Dripfield,738,false,,971,4,26,0,,false,,false,closer|jam
1670440544,2023-04-23,2023,Paramount Theatre,Seattle,WA,1,1,Turbulence & The Night Rays,646,false,Vasudo,632,3,15,0,,false,",",false,opener
1670440544,2023-04-23,2023,Paramount Theatre,Seattle,WA,1,2,Dr. Darkness,712,false,,415,4,20,0,,false,",",false,opener
1670440544,2023-04-23,2023,Paramount Theatre,Seattle,WA,1,3,Yeti,416,false,Great Blue,516,4,87,0,,false,",",false,opener
1670440544,2023-04-23,2023,Paramount Theatre,Seattle,WA,1,4,Silver Rising,736,false,,580,5,25,0,,false,",",false,
1670440544,2023-04-23,2023,Paramount Theatre,Seattle,WA,1,5,In Your Eyes,498,true,Peter Gabriel,1268,19,6,10,,true,",",false,jam|peak
1670440544,2023-04-23,2023,Paramount Theatre,Seattle,WA,1,6,Tumble,418,false,Vasudo,1050,4,86,0,,false,,false,closer|jam|peak
1670440544,2023-04-23,2023,Paramount Theatre,Seattle,WA,2,7,Hot Tea,408,false,Vasudo,1180,4,115,0,,false,",",false,closer
1670440544,2023-04-23,2023,Paramount Theatre,Seattle,WA,2,8,Seekers on the Ridge pt I,609,false,,424,6,29,0,,false,>,true,
1670440544,2023-04-23,2023,Paramount Theatre,Seattle,WA,2,9,Seekers on the Ridge pt II,610,false,,302,6,29,0,,false,",",false,
1670440544,2023-04-23,2023,Paramount Theatre,Seattle,WA,2,10,Creatures,420,false,,1273,7,101,0,,true,",",false,jam
1670440544,2023-04-23,2023,Paramount Theatre,Seattle,WA,2,11,Achy Breaky Heart,436,true,Billy Ray Cyrus,225,170,3,50,,false,,false,closer|encore
1670440544,2023-04-23,2023,Paramount Theatre,Seattle,WA,E,12,Slow Ready,422,false,,658,5,63,0,,false,",",false,
1670440544,2023-04-23,2023,Paramount Theatre,Seattle,WA,E,13,Factory Fiction,473,false,Vasudo,1142,27,14,20,,false,,false,closer|jam|peak|encore
1670440689,2023-04-25,2023,McDonald Theatre,Eugene,OR,1,1,The Whales,425,false,,596,7,26,0,,false,",",false,opener
1670440689,2023-04-25,2023,McDonald Theatre,Eugene,OR,1,2,Jive I,411,false,,662,2,110,0,,false,",",false,
1670440689,2023-04-25,2023,McDonald Theatre,Eugene,OR,1,3,Mr. Action,817,false,,577,3,7,0,,false,",",false,
1670440689,2023-04-25,2023,McDonald Theatre,Eugene,OR,1,4,Borne,725,false,,1339,8,23,10,,true,",",false,jam
1670440689,2023-04-25,2023,McDonald Theatre,Eugene,OR,1,5,Rockdale,714,false,Vasudo,878,4,33,0,,false,,false,opener|closer|jam
1670440689,2023-04-25,2023,McDonald Theatre,Eugene,OR,2,6,The Empress Of Organos,604,false,Vasudo,1527,4,41,0,,true,",",false,closer|jam
1670440689,2023-04-25,2023,McDonald Theatre,Eugene,OR,2,7,Rosewood Heart,412,false,,1227,4,49,0,,true,>,true,jam|peak
1670440689,2023-04-25,2023,McDonald Theatre,Eugene,OR,2,8,Peggy-O,531,true,Grateful Dead,559,24,14,20,,false,",",false,
1670440689,2023-04-25,2023,McDonald Theatre,Eugene,OR,2,9,Arcadia,403,false,,1192,5,166,0,,true,,false,closer
1670440689,2023-04-25,2023,McDonald Theatre,Eugene,OR,E,10,White Lights,586,false,,743,6,58,0,,false,,false,closer|encore
1670440707,2023-04-27,2023,The Warfield,San Francisco,CA,1,1,Drive,462,false,,513,3,81,0,,false,",",false,opener|jam
1670440707,2023-04-27,2023,The Warfield,San Francisco,CA,1,2,Jive II,413,false,,756,5,70,0,,false,",",false,opener
1670440707,2023-04-27,2023,The Warfield,San Francisco,CA,1,3,Lead the Way,406,false,,671,3,76,0,,false,",",false,opener
1670440707,2023-04-27,2023,The Warfield,San Francisco,CA,1,4,Same Old Shenanigans,541,false,,905,6,33,0,,false,",",false,closer
1670440707,2023-04-27,2023,The Warfield,San Francisco,CA,1,5,Bob Don,429,false,,348,3,37,0,,false,>,true,
1670440707,2023-04-27,2023,The Warfield,San Francisco,CA,1,6,Pancakes,723,false,Great Blue,1203,4,28,0,,true,,false,opener|closer|jam
1670440707,2023-04-27,2023,The Warfield,San Francisco,CA,2,7,Whip It,720,true,Devo,158,28,5,20,,false,",",false,ballad|encore
1670440707,2023-04-27,2023,The Warfield,San Francisco,CA,2,8,Animal,764,false,,867,2,23,0,,false,>,true,opener|closer
1670440707,2023-04-27,2023,The Warfield,San Francisco,CA,2,9,Into the Myst,402,false,,757,4,51,0,,true,->,true,jam
1670440707,2023-04-27,2023,The Warfield,San Francisco,CA,2,10,Dragonfly,694,false,,502,78,7,35,,false,",",false,closer
1670440707,2023-04-27,2023,The Warfield,San Francisco,CA,2,11,Red Bird,536,false,,1336,5,23,0,,false,>,true,jam
1670440707,2023-04-27,2023,The Warfield,San Francisco,CA,2,12,Magic Carpet Ride,719,true,Steppenwolf,535,50,8,35,,false,",",false,encore
1670440707,2023-04-27,2023,The Warfield,San Francisco,CA,2,13,Your Ocean,590,false,,461,6,25,0,,false,,false,
1670440707,2023-04-27,2023,The Warfield,San Francisco,CA,E,14,Butter Rum,415,false,Vasudo,855,5,92,0,,false,,false,
1670440719,2023-04-28,2023,The Warfield,San Francisco,CA,1,1,California Magic,735,false,,515,8,20,10,,false,",",false,
1670440719,2023-04-28,2023,The Warfield,San Francisco,CA,1,2,Turbulence & The Night Rays,646,false,Vasudo,576,2,16,0,,false,",",false,opener
1670440719,2023-04-28,2023,The Warfield,San Francisco,CA,1,3,Elizabeth,465,false,,1083,6,46,0,,true,",",false,opener|jam
1670440719,2023-04-28,2023,The Warfield,San Francisco,CA,1,4,Not Alone,820,false,,398,13,3,10,,false,",",false,
1670440719,2023-04-28,2023,The Warfield,San Francisco,CA,1,5,Everything Must Go,805,false,,869,5,10,0,,false,",",false,jam
1670440719,2023-04-28,2023,The Warfield,San Francisco,CA,1,6,Seekers on the Ridge pt I,609,false,,405,2,30,0,,false,>,true,
1670440719,2023-04-28,2023,The Warfield,San Francisco,CA,1,7,Seekers on the Ridge pt II,610,false,,318,2,30,0,,false,,false,
1670440719,2023-04-28,2023,The Warfield,San Francisco,CA,2,8,Thatch,809,false,,1218,3,13,0,,true,",",false,opener|closer|jam|peak
1670440719,2023-04-28,2023,The Warfield,San Francisco,CA,2,9,Feel It Now,823,false,,656,3,6,0,,false,",",false,
1670440719,2023-04-28,2023,The Warfield,San Francisco,CA,2,10,Silver Rising,736,false,,543,2,26,0,,false,",",false,
1670440719,2023-04-28,2023,The Warfield,San Francisco,CA,2,11,Arrow,438,false,,1426,3,49,0,,true,,false,opener|closer|jam
1670440719,2023-04-28,2023,The Warfield,San Francisco,CA,E,12,Madhuvan,512,false,,1292,5,138,0,,true,,false,opener|closer|jam
1670440734,2023-04-29,2023,Cal Coast Credit Union Amphitheater,San Diego,CA,1,1,Echo of a Rose,463,false,Vasudo,656,4,75,0,,false,>,true,jam
1670440734,2023-04-29,2023,Cal Coast Credit Union Amphitheater,San Diego,CA,1,2,The Whales,425,false,,610,2,27,0,,false,",",false,opener
1670440734,2023-04-29,2023,Cal Coast Credit Union Amphitheater,San Diego,CA,1,3,Rockdale,714,false,Vasudo,1006,2,34,0,,true,->,true,opener|closer|jam
1670440734,2023-04-29,2023,Cal Coast Credit Union Amphitheater,San Diego,CA,1,4,Loose Ends,762,false,Vasudo,68,8,11,10,,false,->,true,closer
1670440734,2023-04-29,2023,Cal Coast Credit Union Amphitheater,San Diego,CA,1,5,Rockdale,714,false,Vasudo,188,0,35,0,,false,",",false,opener|closer|jam
1670440734,2023-04-29,2023,Cal Coast Credit Union Amphitheater,San Diego,CA,1,6,Lead Up,822,false,,340,4,7,0,,false,",",false,
1670440734,2023-04-29,2023,Cal Coast Credit Union Amphitheater,San Diego,CA,1,7,Arcadia,403,false,,973,2,167,0,,true,,false,closer
1670440734,2023-04-29,2023,Cal Coast Credit Union Amphitheater,San Diego,CA,2,8,Hungersite,740,false,,1208,6,28,0,,false,>,true,opener|jam
1670440734,2023-04-29,2023,Cal Coast Credit Union Amphitheater,San Diego,CA,2,9,Creatures,420,false,,832,3,102,0,,false,->,true,jam
1670440734,2023-04-29,2023,Cal Coast Credit Union Amphitheater,San Diego,CA,2,10,Shama Lama Ding Dong,545,true,Otis Day and The Knights,393,17,36,10,,false,",",false,encore
1670440734,2023-04-29,2023,Cal Coast Credit Union Amphitheater,San Diego,CA,2,11,Dripfield,738,false,,1018,4,27,0,,false,,false,closer|jam
1670440734,2023-04-29,2023,Cal Coast Credit Union Amphitheater,San Diego,CA,E,12,Hot Tea,408,false,Vasudo,562,3,116,0,,false,,false,closer
1678977645,2023-05-02,2023,Faubourg Brewery,New Orleans,LA,1,1,Drive,462,false,,456,2,82,0,,false,>,true,opener|jam
1678977645,2023-05-02,2023,Faubourg Brewery,New Orleans,LA,1,2,Dr. Darkness,712,false,,403,4,21,0,,false,",",false,opener
1678977645,2023-05-02,2023,Faubourg Brewery,New Orleans,LA,1,3,Turbulence & The Night Rays,646,false,Vasudo,546,1,17,0,,false,",",false,opener
1678977645,2023-05-02,2023,Faubourg Brewery,New Orleans,LA,1,4,All I Need,414,false,,1351,6,116,0,,true,",",false,jam
1678977645,2023-05-02,2023,Faubourg Brewery,New Orleans,LA,1,5,Earthling or Alien?,605,false,,588,5,30,0,,false,",",false,jam|peak
1678977645,2023-05-02,2023,Faubourg Brewery,New Orleans,LA,1,6,Animal,764,false,,1044,2,24,0,,false,,false,opener|closer
1678977645,2023-05-02,2023,Faubourg Brewery,New Orleans,LA,2,7,Tumble,418,false,Vasudo,1742,4,87,0,,true,",",false,closer|jam|peak
1678977645,2023-05-02,2023,Faubourg Brewery,New Orleans,LA,2,8,A Western Sun,435,false,,431,5,52,0,,false,",",false,
1678977645,2023-05-02,2023,Faubourg Brewery,New Orleans,LA,2,9,Arrow,438,false,,1107,1,50,0,,false,->,true,opener|closer|jam
1678977645,2023-05-02,2023,Faubourg Brewery,New Orleans,LA,2,10,Sinnerman,739,true,Nina Simone,744,25,6,20,,false,,false,closer
1678977645,2023-05-02,2023,Faubourg Brewery,New Orleans,LA,E,11,Flodown,478,false,Vasudo,615,5,128,0,,false,,false,
1678977663,2023-05-03,2023,Faubourg Brewery,New Orleans,LA,1,1,California Magic,735,false,,515,2,21,0,,false,",",false,
1678977663,2023-05-03,2023,Faubourg Brewery,New Orleans,LA,1,2,Lead Up,822,false,,334,1,8,0,,false,",",false,
1678977663,2023-05-03,2023,Faubourg Brewery,New Orleans,LA,1,3,Turned Clouds,400,false,,685,7,92,0,,false,",",false,
1678977663,2023-05-03,2023,Faubourg Brewery,New Orleans,LA,1,4,No Rain,525,true,Blind Melon,244,8,13,10,,false,",",false,opener|jam
1678977663,2023-05-03,2023,Faubourg Brewery,New Orleans,LA,1,5,Thatch,809,false,,1068,2,14,0,,false,",",false,opener|closer|jam|peak
1678977663,2023-05-03,2023,Faubourg Brewery,New Orleans,LA,1,6,Hot Tea,408,false,Vasudo,1002,1,117,0,,true,,false,closer
1678977663,2023-05-03,2023,Faubourg Brewery,New Orleans,LA,2,7,Hungersite,740,false,,1403,1,29,0,,true,>,true,opener|jam
1678977663,2023-05-03,2023,Faubourg Brewery,New Orleans,LA,2,8,Feel It Now,823,false,,606,2,7,0,,false,",",false,
1678977663,2023-05-03,2023,Faubourg Brewery,New Orleans,LA,2,9,Fish In The Sea,477,true,Fat Freddy's Drop,773,14,16,10,,false,",",false,opener
1678977663,2023-05-03,2023,Faubourg Brewery,New Orleans,LA,2,10,Silver Rising,736,false,,562,2,27,0,,false,",",false,
1678977663,2023-05-03,2023,Faubourg Brewery,New Orleans,LA,2,11,The Empress Of Organos,604,false,Vasudo,994,4,42,0,,false,,false,closer|jam
1684521220,2023-05-26,2023,Three Sisters Park,Chillicothe,IL,1,1,Turbulence & The Night Rays,646,false,Vasudo,545,1,18,0,,false,",",false,opener
1684521220,2023-05-26,2023,Three Sisters Park,Chillicothe,IL,1,2,California Magic,735,false,,455,0,22,0,,false,",",false,
1684521220,2023-05-26,2023,Three Sisters Park,Chillicothe,IL,1,3,Echo of a Rose,463,false,Vasudo,959,2,76,0,,false,",",false,jam
1684521220,2023-05-26,2023,Three Sisters Park,Chillicothe,IL,1,4,Silver Rising,736,false,,582,0,28,0,,false,",",false,
1684521220,2023-05-26,2023,Three Sisters Park,Chillicothe,IL,1,5,Animal,764,false,,688,1,25,0,,false,,false,opener|closer
1684521220,2023-05-26,2023,Three Sisters Park,Chillicothe,IL,2,6,Thatch,809,false,,1286,0,15,0,,true,",",false,opener|closer|jam|peak
1684521220,2023-05-26,2023,Three Sisters Park,Chillicothe,IL,2,7,Hungersite,740,false,,1058,0,30,0,,false,",",false,opener|jam
1684521220,2023-05-26,2023,Three Sisters Park,Chillicothe,IL,2,8,Seekers on the Ridge pt I,609,false,,381,3,31,0,,false,>,true,
1684521220,2023-05-26,2023,Three Sisters Park,Chillicothe,IL,2,9,Seekers on the Ridge pt II,610,false,,303,3,31,0,,false,",",false,
1684521220,2023-05-26,2023,Three Sisters Park,Chillicothe,IL,2,10,Creatures,420,false,,604,2,103,0,,false,",",false,jam
1684521220,2023-05-26,2023,Three Sisters Park,Chillicothe,IL,2,11,Madhuvan,512,false,,666,3,139,0,,false,,false,opener|closer|jam
1678977723,2023-06-02,2023,Cathead Distillery,Jackson,MS,1,1,Atlas Dogs,727,false,,339,10,23,10,,false,>,true,opener
1678977723,2023-06-02,2023,Cathead Distillery,Jackson,MS,1,2,All I Need,414,false,,676,2,117,0,,false,",",false,jam
1678977723,2023-06-02,2023,Cathead Distillery,Jackson,MS,1,3,Rockdale,714,false,Vasudo,816,3,36,0,,false,",",false,opener|closer|jam
1678977723,2023-06-02,2023,Cathead Distillery,Jackson,MS,1,4,Bob Don,429,false,,362,5,38,0,,false,>,true,
1678977723,2023-06-02,2023,Cathead Distillery,Jackson,MS,1,5,Flodown,478,false,Vasudo,602,2,129,0,,false,",",false,
1678977723,2023-06-02,2023,Cathead Distillery,Jackson,MS,1,6,Tumble,418,false,Vasudo,1280,2,88,0,,true,,false,closer|jam|peak
1678977723,2023-06-02,2023,Cathead Distillery,Jackson,MS,2,7,Drive,462,false,,451,2,83,0,,false,>,true,opener|jam
1678977723,2023-06-02,2023,Cathead Distillery,Jackson,MS,2,8,Red Bird,536,false,,1079,5,24,0,,false,->,true,jam
1678977723,2023-06-02,2023,Cathead Distillery,Jackson,MS,2,9,In Your Eyes,498,true,Peter Gabriel,806,7,7,0,,false,>,true,jam|peak
1678977723,2023-06-02,2023,Cathead Distillery,Jackson,MS,2,10,A Western Sun,435,false,,425,2,53,0,,false,",",false,
1678977723,2023-06-02,2023,Cathead Distillery,Jackson,MS,2,11,The Empress Of Organos,604,false,Vasudo,576,1,43,0,,false,,false,closer|jam
1678977739,2023-06-03,2023,Riverbend Music Festival,Chattanooga,TN,1,1,Echo of a Rose,463,false,Vasudo,687,1,77,0,,false,",",false,jam
1678977739,2023-06-03,2023,Riverbend Music Festival,Chattanooga,TN,1,2,Mr. Action,817,false,,531,7,8,0,,false,>,true,
1678977739,2023-06-03,2023,Riverbend Music Festival,Chattanooga,TN,1,3,Thatch,809,false,,1040,1,16,0,,false,",",false,opener|closer|jam|peak
1678977739,2023-06-03,2023,Riverbend Music Festival,Chattanooga,TN,1,4,Arrow,438,false,,994,3,51,0,,false,>,true,opener|closer|jam
1678977739,2023-06-03,2023,Riverbend Music Festival,Chattanooga,TN,1,5,Please Forgive Me,685,true,David Gray,488,25,6,20,,false,>,true,
1678977739,2023-06-03,2023,Riverbend Music Festival,Chattanooga,TN,1,6,Pancakes,723,false,Great Blue,735,6,29,0,,false,",",false,opener|closer|jam
1678977739,2023-06-03,2023,Riverbend Music Festival,Chattanooga,TN,1,7,Hot Tea,408,false,Vasudo,777,2,118,0,,false,,false,closer
1678977750,2023-06-04,2023,Railbird Music Festival,Lexington,KY,1,1,Animal,764,false,,622,2,26,0,,false,",",false,opener|closer
1678977750,2023-06-04,2023,Railbird Music Festival,Lexington,KY,1,2,Flodown,478,false,Vasudo,522,1,130,0,,false,",",false,
1678977750,2023-06-04,2023,Railbird Music Festival,Lexington,KY,1,3,Silver Rising,736,false,,556,2,29,0,,false,",",false,
1678977750,2023-06-04,2023,Railbird Music Festival,Lexington,KY,1,4,Bloodbuzz Ohio,766,true,The National,416,19,5,10,,false,",",false,
1678977750,2023-06-04,2023,Railbird Music Festival,Lexington,KY,1,5,Hungersite,740,false,,880,2,31,0,,false,",",false,opener|jam
1678977750,2023-06-04,2023,Railbird Music Festival,Lexington,KY,1,6,Slow Ready,422,false,,650,9,64,10,,false,",",false,
1678977750,2023-06-04,2023,Railbird Music Festival,Lexington,KY,1,7,Arcadia,403,false,,530,5,168,0,,false,,false,closer
1686586195,2023-06-21,2023,Riviera Theatre,Chicago,IL,1,1,So Ready,421,false,,762,12,120,10,,false,",",false,closer
1686586195,2023-06-21,2023,Riviera Theatre,Chicago,IL,1,2,Turbulence & The Night Rays,646,false,Vasudo,526,3,19,0,,false,",",false,opener
1686586195,2023-06-21,2023,Riviera Theatre,Chicago,IL,1,3,Elizabeth,465,false,,839,7,47,0,,true,->,true,opener|jam
1686586195,2023-06-21,2023,Riviera Theatre,Chicago,IL,1,4,Caution,446,true,Bob Marley,303,24,13,20,,true,->,true,
1686586195,2023-06-21,2023,Riviera Theatre,Chicago,IL,1,5,Elizabeth,465,false,,191,0,48,0,,true,",",false,opener|jam
1686586195,2023-06-21,2023,Riviera Theatre,Chicago,IL,1,6,Lead Up,822,false,,342,4,9,0,,false,",",false,
1686586195,2023-06-21,2023,Riviera Theatre,Chicago,IL,1,7,Turned Clouds,400,false,,705,4,93,0,,false,",",false,
1686586195,2023-06-21,2023,Riviera Theatre,Chicago,IL,1,8,Arcadia,403,false,,954,0,169,0,,false,,false,closer
1686586195,2023-06-21,2023,Riviera Theatre,Chicago,IL,2,9,Creatures,420,false,,1079,3,104,0,,false,>,true,jam
1686586195,2023-06-21,2023,Riviera Theatre,Chicago,IL,2,10,Hungersite,740,false,,913,0,32,0,,true,->,true,opener|jam
1686586195,2023-06-21,2023,Riviera Theatre,Chicago,IL,2,11,Dripfield,738,false,,940,6,28,0,,true,>,true,closer|jam
1686586195,2023-06-21,2023,Riviera Theatre,Chicago,IL,2,12,Mississippi Half-Step Uptown Toodeloo,517,true,Grateful Dead,878,19,30,10,,true,,false,jam
1686586195,2023-06-21,2023,Riviera Theatre,Chicago,IL,E,13,A Western Sun,435,false,,417,2,54,0,,false,>,true,
1686586195,2023-06-21,2023,Riviera Theatre,Chicago,IL,E,14,Butter Rum,415,false,Vasudo,391,8,93,10,,false,,false,
1678977768,2023-06-22,2023,Louisville Palace Theatre,Louisville,KY,1,1,Mr. Action,817,false,,485,2,9,0,,false,",",false,
1678977768,2023-06-22,2023,Louisville Palace Theatre,Louisville,KY,1,2,Yeti,416,false,Great Blue,494,11,88,10,,false,",",false,opener
1678977768,2023-06-22,2023,Louisville Palace Theatre,Louisville,KY,1,3,Borne,725,false,,1398,10,24,10,,true,",",false,jam
1678977768,2023-06-22,2023,Louisville Palace Theatre,Louisville,KY,1,4,A Fifth Of Beethoven,434,true,Walter Murphy,501,15,12,10,,false,",",false,closer
1678977768,2023-06-22,2023,Louisville Palace Theatre,Louisville,KY,1,5,Jive I,411,false,,575,10,111,10,,false,>,true,
1678977768,2023-06-22,2023,Louisville Palace Theatre,Louisville,KY,1,6,Rockdale,714,false,Vasudo,749,3,37,0,,false,,false,opener|closer|jam
1678977768,2023-06-22,2023,Louisville Palace Theatre,Louisville,KY,2,7,Arrow,438,false,,1767,2,52,0,,true,>,true,opener|closer|jam
1678977768,2023-06-22,2023,Louisville Palace Theatre,Louisville,KY,2,8,Bob Don,429,false,,356,3,39,0,,false,",",false,
1678977768,2023-06-22,2023,Louisville Palace Theatre,Louisville,KY,2,9,Feel It Now,823,false,,628,5,8,0,,false,",",false,
1678977768,2023-06-22,2023,Louisville Palace Theatre,Louisville,KY,2,10,Everything Must Go,805,false,,757,8,11,10,,false,",",false,jam
1678977768,2023-06-22,2023,Louisville Palace Theatre,Louisville,KY,2,11,Animal,764,false,,620,1,27,0,,false,,false,opener|closer
1678977768,2023-06-22,2023,Louisville Palace Theatre,Louisville,KY,E,12,Flodown,478,false,Vasudo,422,1,131,0,,false,,false,
1678977782,2023-06-23,2023,Louisville Palace Theatre,Louisville,KY,1,1,Howard Johnson's Got His Ho-Jo Working,594,true,NRBQ,301,174,3,50,,false,",",false,opener|ballad
1678977782,2023-06-23,2023,Louisville Palace Theatre,Louisville,KY,1,2,California Magic,735,false,,495,5,23,0,,false,",",false,
1678977782,2023-06-23,2023,Louisville Palace Theatre,Louisville,KY,1,3,The Whales,425,false,,559,8,28,10,,false,",",false,opener
1678977782,2023-06-23,2023,Louisville Palace Theatre,Louisville,KY,1,4,All I Need,414,false,,1065,4,118,0,,true,",",false,jam
1678977782,2023-06-23,2023,Louisville Palace Theatre,Louisville,KY,1,5,Seekers on the Ridge pt I,609,false,,389,5,32,0,,false,>,true,
1678977782,2023-06-23,2023,Louisville Palace Theatre,Louisville,KY,1,6,Seekers on the Ridge pt II,610,false,,296,5,32,0,,false,",",false,
1678977782,2023-06-23,2023,Louisville Palace Theatre,Louisville,KY,1,7,Same Old Shenanigans,541,false,,888,10,34,10,,false,,false,closer
1678977782,2023-06-23,2023,Louisville Palace Theatre,Louisville,KY,2,8,The Empress Of Organos,604,false,Vasudo,742,4,44,0,,false,>,true,closer|jam
1678977782,2023-06-23,2023,Louisville Palace Theatre,Louisville,KY,2,9,Silver Rising,736,false,,563,2,30,0,,false,>,true,
1678977782,2023-06-23,2023,Louisville Palace Theatre,Louisville,KY,2,10,Red Bird,536,false,,1455,4,25,0,,false,",",false,jam
1678977782,2023-06-23,2023,Louisville Palace Theatre,Louisville,KY,2,11,Echo of a Rose,463,false,Vasudo,799,3,78,0,,false,,false,jam
1678977782,2023-06-23,2023,Louisville Palace Theatre,Louisville,KY,E,12,This Old Sea,572,false,,314,22,23,20,,false,>,true,jam
1678977782,2023-06-23,2023,Louisville Palace Theatre,Louisville,KY,E,13,Thatch,809,false,,733,3,17,0,,false,,false,opener|closer|jam|peak
1678977794,2023-06-25,2023,Electric Forest Festival,Rothbury,MI,1,1,Creatures,420,false,,835,2,105,0,,false,>,true,jam
1678977794,2023-06-25,2023,Electric Forest Festival,Rothbury,MI,1,2,Madhuvan,512,false,,1445,6,140,0,,true,",",false,opener|closer|jam
1678977794,2023-06-25,2023,Electric Forest Festival,Rothbury,MI,1,3,Pancakes,723,false,Great Blue,352,4,30,0,,false,->,true,opener|closer|jam
1678977794,2023-06-25,2023,Electric Forest Festival,Rothbury,MI,1,4,Can't Get You Out Of My Head,426,true,Kylie Minogue,632,36,17,20,,false,->,true,
1678977794,2023-06-25,2023,Electric Forest Festival,Rothbury,MI,1,5,Pancakes,723,false,Great Blue,144,0,31,0,,false,",",false,opener|closer|jam
1678977794,2023-06-25,2023,Electric Forest Festival,Rothbury,MI,1,6,Animal,764,false,,658,1,28,0,,false,",",false,opener|closer
1678977794,2023-06-25,2023,Electric Forest Festival,Rothbury,MI,1,7,Hot Tea,408,false,Vasudo,788,4,119,0,,false,,false,closer
1678977807,2023-06-27,2023,Kemba Live! Outdoors,Columbus,OH,1,1,Switchin',564,true,Wes Montgomery,455,22,25,20,,false,",",false,opener
1678977807,2023-06-27,2023,Kemba Live! Outdoors,Columbus,OH,1,2,Honeybee,490,false,,432,28,30,20,,false,",",false,
1678977807,2023-06-27,2023,Kemba Live! Outdoors,Columbus,OH,1,3,Atlas Dogs,727,false,,330,6,24,0,,false,>,true,opener
1678977807,2023-06-27,2023,Kemba Live! Outdoors,Columbus,OH,1,4,Jive II,413,false,,663,12,71,10,,false,>,true,opener
1678977807,2023-06-27,2023,Kemba Live! Outdoors,Columbus,OH,1,5,Time to Flee,404,false,,194,17,94,10,,false,>,true,
1678977807,2023-06-27,2023,Kemba Live! Outdoors,Columbus,OH,1,6,Jive Lee,502,false,,914,21,70,20,,false,",",false,closer|jam
1678977807,2023-06-27,2023,Kemba Live! Outdoors,Columbus,OH,1,7,The Old Man's Boat,710,false,,735,19,21,10,,false,",",false,
1678977807,2023-06-27,2023,Kemba Live! Outdoors,Columbus,OH,1,8,Hungersite,740,false,,1033,3,33,0,,false,->,true,opener|jam
1678977807,2023-06-27,2023,Kemba Live! Outdoors,Columbus,OH,1,9,Rosa Lee McFall,538,true,Grateful Dead,221,255,2,50,,false,,false,closer
1678977807,2023-06-27,2023,Kemba Live! Outdoors,Columbus,OH,2,10,Into the Myst,402,false,,485,12,52,10,,false,>,true,jam
1678977807,2023-06-27,2023,Kemba Live! Outdoors,Columbus,OH,2,11,Arcadia,403,false,,882,3,170,0,,false,",",false,closer
1678977807,2023-06-27,2023,Kemba Live! Outdoors,Columbus,OH,2,12,Rosewood Heart,412,false,,1142,13,50,10,,true,->,true,jam|peak
1678977807,2023-06-27,2023,Kemba Live! Outdoors,Columbus,OH,2,13,Dripfield,738,false,,917,3,29,0,,false,>,true,closer|jam
1678977807,2023-06-27,2023,Kemba Live! Outdoors,Columbus,OH,2,14,Slow Ready,422,false,,608,4,65,0,,false,,false,
1678977807,2023-06-27,2023,Kemba Live! Outdoors,Columbus,OH,E,15,Tumble,418,false,Vasudo,669,6,89,0,,false,,false,closer|jam|peak
1680623883,2023-06-29,2023,Peach Music Festival,Scranton,PA,1,1,Feel It Now,823,false,,629,3,9,0,,false,",",false,
1680623883,2023-06-29,2023,Peach Music Festival,Scranton,PA,1,2,Mr. Action,817,false,,500,3,10,0,,false,",",false,
1680623883,2023-06-29,2023,Peach Music Festival,Scranton,PA,1,3,Rockdale,714,false,Vasudo,963,3,38,0,,false,",",false,opener|closer|jam
1680623883,2023-06-29,2023,Peach Music Festival,Scranton,PA,1,4,Lead Up,822,false,,341,4,10,0,,false,",",false,
1680623883,2023-06-29,2023,Peach Music Festival,Scranton,PA,1,5,Turbulence & The Night Rays,646,false,Vasudo,558,4,20,0,,false,",",false,opener
1680623883,2023-06-29,2023,Peach Music Festival,Scranton,PA,1,6,Butter Rum,415,false,Vasudo,854,4,94,0,,false,,false,
1680623883,2023-06-29,2023,Peach Music Festival,Scranton,PA,2,7,Fish In The Sea,477,true,Fat Freddy's Drop,684,9,17,10,,false,",",false,opener
1680623883,2023-06-29,2023,Peach Music Festival,Scranton,PA,2,8,Red Bird,536,false,,896,2,26,0,,true,>,true,jam
1680623883,2023-06-29,2023,Peach Music Festival,Scranton,PA,2,9,Silver Rising,736,false,,625,2,31,0,,false,",",false,
1680623883,2023-06-29,2023,Peach Music Festival,Scranton,PA,2,10,Drive,462,false,,777,7,84,0,,false,->,true,opener|jam
1680623883,2023-06-29,2023,Peach Music Festival,Scranton,PA,2,11,Hollywood Nights,488,true,Bob Seger & The Silver Bullet Band,435,16,7,10,,false,",",false,
1680623883,2023-06-29,2023,Peach Music Festival,Scranton,PA,2,12,726,432,false,,550,16,25,10,,false,>,true,encore
1680623883,2023-06-29,2023,Peach Music Festival,Scranton,PA,2,13,Thatch,809,false,,737,2,18,0,,false,,false,opener|closer|jam|peak
1680623957,2023-06-30,2023,Nelson Ledges Quarry Park,Garrettsville,OH,1,1,Jive I,411,false,,627,4,112,0,,false,",",false,
1680623957,2023-06-30,2023,Nelson Ledges Quarry Park,Garrettsville,OH,1,2,I'm Alright,496,true,Kenny Loggins,251,73,16,35,,false,->,true,
1680623957,2023-06-30,2023,Nelson Ledges Quarry Park,Garrettsville,OH,1,3,Make The Move,514,true,Kenny Loggins,168,73,17,35,,false,",",false,
1680623957,2023-06-30,2023,Nelson Ledges Quarry Park,Garrettsville,OH,1,4,Lead the Way,406,false,,813,14,77,10,,false,",",false,opener
1680623957,2023-06-30,2023,Nelson Ledges Quarry Park,Garrettsville,OH,1,5,All I Need,414,false,,1216,3,119,0,,true,>,true,jam
1680623957,2023-06-30,2023,Nelson Ledges Quarry Park,Garrettsville,OH,1,6,Travelers,574,false,,556,20,22,20,,false,",",false,
1680623957,2023-06-30,2023,Nelson Ledges Quarry Park,Garrettsville,OH,1,7,Pancakes,723,false,Great Blue,896,2,32,0,,false,,false,opener|closer|jam
1680623957,2023-06-30,2023,Nelson Ledges Quarry Park,Garrettsville,OH,2,8,Arrow,438,false,,1778,4,53,0,,true,>,true,opener|closer|jam
1680623957,2023-06-30,2023,Nelson Ledges Quarry Park,Garrettsville,OH,2,9,Same Old Shenanigans,541,false,,830,3,35,0,,false,",",false,closer
1680623957,2023-06-30,2023,Nelson Ledges Quarry Park,Garrettsville,OH,2,10,Dr. Darkness,712,false,,412,11,22,10,,false,",",false,opener
1680623957,2023-06-30,2023,Nelson Ledges Quarry Park,Garrettsville,OH,2,11,Wysteria Lane,405,false,Vasudo,1070,18,92,10,,true,->,true,opener|jam|peak
1680623957,2023-06-30,2023,Nelson Ledges Quarry Park,Garrettsville,OH,2,12,Turn On Your Love Light,578,true,Bobby Blue Bland,395,18,45,10,,false,,false,closer|encore
1680623971,2023-07-01,2023,Nelson Ledges Quarry Park,Garrettsville,OH,1,1,Flodown,478,false,Vasudo,563,5,132,0,,false,",",false,
1680623971,2023-07-01,2023,Nelson Ledges Quarry Park,Garrettsville,OH,1,2,Butterflies,763,false,Great Blue,449,19,10,10,,false,",",false,opener
1680623971,2023-07-01,2023,Nelson Ledges Quarry Park,Garrettsville,OH,1,3,The W.S. Walcott Medicine Show,582,true,The Band,529,32,18,20,,false,",",false,
1680623971,2023-07-01,2023,Nelson Ledges Quarry Park,Garrettsville,OH,1,4,Echo of a Rose,463,false,Vasudo,1176,4,79,0,,true,",",false,jam
1680623971,2023-07-01,2023,Nelson Ledges Quarry Park,Garrettsville,OH,1,5,Earthling or Alien?,605,false,,585,12,31,10,,false,",",false,jam|peak
1680623971,2023-07-01,2023,Nelson Ledges Quarry Park,Garrettsville,OH,1,6,Hot Tea,408,false,Vasudo,843,3,120,0,,false,,false,closer
1680623971,2023-07-01,2023,Nelson Ledges Quarry Park,Garrettsville,OH,2,7,So Ready,421,false,,832,6,121,0,,false,",",false,closer
1680623971,2023-07-01,2023,Nelson Ledges Quarry Park,Garrettsville,OH,2,8,Spirit Of The Dark Horse,557,false,,670,44,28,20,,false,>,true,
1680623971,2023-07-01,2023,Nelson Ledges Quarry Park,Garrettsville,OH,2,9,Dancing In The Moonlight,456,true,King Harvest,337,111,13,50,,false,",",false,encore
1680623971,2023-07-01,2023,Nelson Ledges Quarry Park,Garrettsville,OH,2,10,White Lights,586,false,,483,16,59,10,,false,->,true,closer|encore
1680623971,2023-07-01,2023,Nelson Ledges Quarry Park,Garrettsville,OH,2,11,Loose Ends,762,false,Vasudo,241,13,12,10,,false,->,true,closer
1680623971,2023-07-01,2023,Nelson Ledges Quarry Park,Garrettsville,OH,2,12,White Lights,586,false,,77,0,60,0,,false,",",false,closer|encore
1680623971,2023-07-01,2023,Nelson Ledges Quarry Park,Garrettsville,OH,2,13,Bob Don,429,false,,371,5,40,0,,false,",",false,
1680623971,2023-07-01,2023,Nelson Ledges Quarry Park,Garrettsville,OH,2,14,The Empress Of Organos,604,false,Vasudo,1131,4,45,0,,true,",",false,closer|jam
1680623971,2023-07-01,2023,Nelson Ledges Quarry Park,Garrettsville,OH,2,15,Madhuvan,512,false,,909,3,141,0,,false,,false,opener|closer|jam
1678977844,2023-07-03,2023,Stone Pony Summer Stage,Asbury Park,NJ,1,1,Wild Night,588,true,Van Morrison,305,66,17,35,,false,",",false,opener|closer
1678977844,2023-07-03,2023,Stone Pony Summer Stage,Asbury Park,NJ,1,2,Elizabeth,465,false,,800,7,49,0,,false,",",false,opener|jam
1678977844,2023-07-03,2023,Stone Pony Summer Stage,Asbury Park,NJ,1,3,Indian River,410,false,,797,21,103,20,,false,",",false,
1678977844,2023-07-03,2023,Stone Pony Summer Stage,Asbury Park,NJ,1,4,Everything Must Go,805,false,,979,6,12,0,,true,",",false,jam
1678977844,2023-07-03,2023,Stone Pony Summer Stage,Asbury Park,NJ,1,5,Turned Clouds,400,false,,644,7,94,0,,false,",",false,
1678977844,2023-07-03,2023,Stone Pony Summer Stage,Asbury Park,NJ,1,6,Animal,764,false,,826,4,29,0,,false,,false,opener|closer
1678977844,2023-07-03,2023,Stone Pony Summer Stage,Asbury Park,NJ,2,7,Yeti,416,false,Great Blue,651,6,89,0,,true,->,true,opener
1678977844,2023-07-03,2023,Stone Pony Summer Stage,Asbury Park,NJ,2,8,Creatures,420,false,,1220,4,106,0,,true,",",false,jam
1678977844,2023-07-03,2023,Stone Pony Summer Stage,Asbury Park,NJ,2,9,Arcadia,403,false,,688,3,171,0,,true,",",false,closer
1678977844,2023-07-03,2023,Stone Pony Summer Stage,Asbury Park,NJ,2,10,Electric Avenue,464,true,Eddy Grant,600,40,31,20,,false,",",false,
1678977844,2023-07-03,2023,Stone Pony Summer Stage,Asbury Park,NJ,2,11,Dripfield,738,false,,1391,3,30,0,,true,,false,closer|jam
1678977844,2023-07-03,2023,Stone Pony Summer Stage,Asbury Park,NJ,E,12,Magic Carpet Ride,719,true,Steppenwolf,427,16,9,10,,false,,false,encore
1678977854,2023-07-04,2023,Stone Pony Summer Stage,Asbury Park,NJ,1,1,Atlas Dogs,727,false,,356,4,25,0,,false,",",false,opener
1678977854,2023-07-04,2023,Stone Pony Summer Stage,Asbury Park,NJ,1,2,Turbulence & The Night Rays,646,false,Vasudo,537,3,21,0,,false,",",false,opener
1678977854,2023-07-04,2023,Stone Pony Summer Stage,Asbury Park,NJ,1,3,Mr. Action,817,false,,512,3,11,0,,false,",",false,
1678977854,2023-07-04,2023,Stone Pony Summer Stage,Asbury Park,NJ,1,4,Butter Rum,415,false,Vasudo,909,3,95,0,,false,",",false,
1678977854,2023-07-04,2023,Stone Pony Summer Stage,Asbury Park,NJ,1,5,Tumble,418,false,Vasudo,970,4,90,0,,false,",",false,closer|jam|peak
1678977854,2023-07-04,2023,Stone Pony Summer Stage,Asbury Park,NJ,1,6,U.S. Blues,659,true,Grateful Dead,395,0,1,0,,false,,false,closer|encore
1678977854,2023-07-04,2023,Stone Pony Summer Stage,Asbury Park,NJ,2,7,Wild Summer Nights,843,true,John Cafferty,232,0,1,0,,false,",",false,
1678977854,2023-07-04,2023,Stone Pony Summer Stage,Asbury Park,NJ,2,8,Thatch,809,false,,1057,3,19,0,,true,",",false,opener|closer|jam|peak
1678977854,2023-07-04,2023,Stone Pony Summer Stage,Asbury Park,NJ,2,9,Hungersite,740,false,,887,4,34,0,,true,",",false,opener|jam
1678977854,2023-07-04,2023,Stone Pony Summer Stage,Asbury Park,NJ,2,10,Into the Myst,402,false,,398,4,53,0,,false,>,true,jam
1678977854,2023-07-04,2023,Stone Pony Summer Stage,Asbury Park,NJ,2,11,What's Up?,430,true,4 Non Blondes,344,66,7,35,,false,",",false,closer|encore
1678977854,2023-07-04,2023,Stone Pony Summer Stage,Asbury Park,NJ,2,12,Arrow,438,false,,1008,2,54,0,,false,,false,opener|closer|jam
1678977854,2023-07-04,2023,Stone Pony Summer Stage,Asbury Park,NJ,E,13,Slow Ready,422,false,,588,4,66,0,,false,,false,
1680624000,2023-07-06,2023,Thompson&#039;s Point,Portland,ME,1,1,The Whales,425,false,,590,7,29,0,,false,",",false,opener
1680624000,2023-07-06,2023,Thompson&#039;s Point,Portland,ME,1,2,Rockdale,714,false,Vasudo,878,4,39,0,,false,",",false,opener|closer|jam
1680624000,2023-07-06,2023,Thompson&#039;s Point,Portland,ME,1,3,Borne,725,false,,1069,8,25,10,,false,>,true,jam
1680624000,2023-07-06,2023,Thompson&#039;s Point,Portland,ME,1,4,The Way It Is,570,true,Bruce Hornsby,572,25,31,20,,false,",",false,
1680624000,2023-07-06,2023,Thompson&#039;s Point,Portland,ME,1,5,Rosewood Heart,412,false,,845,5,51,0,,false,>,true,jam|peak
1680624000,2023-07-06,2023,Thompson&#039;s Point,Portland,ME,1,6,Pancakes,723,false,Great Blue,1020,3,33,0,,false,,false,opener|closer|jam
1680624000,2023-07-06,2023,Thompson&#039;s Point,Portland,ME,2,7,Feel It Now,823,false,,712,4,10,0,,false,",",false,
1680624000,2023-07-06,2023,Thompson&#039;s Point,Portland,ME,2,8,Dr. Darkness,712,false,,432,3,23,0,,false,>,true,opener
1680624000,2023-07-06,2023,Thompson&#039;s Point,Portland,ME,2,9,Hot Tea,408,false,Vasudo,1421,2,121,0,,true,",",false,closer
1680624000,2023-07-06,2023,Thompson&#039;s Point,Portland,ME,2,10,726,432,false,,501,4,26,0,,false,",",false,encore
1680624000,2023-07-06,2023,Thompson&#039;s Point,Portland,ME,2,11,Madhuvan,512,false,,963,2,142,0,,true,,false,opener|closer|jam
1680624000,2023-07-06,2023,Thompson&#039;s Point,Portland,ME,E,12,Don't Do It,460,true,The Band,358,30,29,20,,false,,false,closer|encore
1678977867,2023-07-07,2023,Saratoga Performing Arts Center,Saratoga Springs,NY,1,1,Silver Rising,736,false,,549,5,32,0,,false,",",false,
1678977867,2023-07-07,2023,Saratoga Performing Arts Center,Saratoga Springs,NY,1,2,California Magic,735,false,,507,8,24,10,,false,",",false,
1678977867,2023-07-07,2023,Saratoga Performing Arts Center,Saratoga Springs,NY,1,3,Animal,764,false,,1129,2,30,0,,true,",",false,opener|closer
1678977867,2023-07-07,2023,Saratoga Performing Arts Center,Saratoga Springs,NY,1,4,Red Bird,536,false,,1167,5,27,0,,false,",",false,jam
1678977867,2023-07-07,2023,Saratoga Performing Arts Center,Saratoga Springs,NY,1,5,Same Old Shenanigans,541,false,,903,4,36,0,,false,,false,closer
1678977867,2023-07-07,2023,Saratoga Performing Arts Center,Saratoga Springs,NY,2,6,The Empress Of Organos,604,false,Vasudo,1308,3,46,0,,true,",",false,closer|jam
1678977867,2023-07-07,2023,Saratoga Performing Arts Center,Saratoga Springs,NY,2,7,Please Forgive Me,685,true,David Gray,532,12,7,10,,false,",",false,
1678977867,2023-07-07,2023,Saratoga Performing Arts Center,Saratoga Springs,NY,2,8,Thatch,809,false,,1326,1,20,0,,true,",",false,opener|closer|jam|peak
1678977867,2023-07-07,2023,Saratoga Performing Arts Center,Saratoga Springs,NY,2,9,This Old Sea,572,false,,347,8,24,10,,false,>,true,jam
1678977867,2023-07-07,2023,Saratoga Performing Arts Center,Saratoga Springs,NY,2,10,Dripfield,738,false,,858,2,31,0,,true,,false,closer|jam
1678977867,2023-07-07,2023,Saratoga Performing Arts Center,Saratoga Springs,NY,E,11,Factory Fiction,473,false,Vasudo,1136,21,15,20,,true,,false,closer|jam|peak|encore
1680624030,2023-07-08,2023,Levitate Music and Arts Festival,Marshfield,MA,1,1,Echo of a Rose,463,false,Vasudo,614,4,80,0,,false,",",false,jam
1680624030,2023-07-08,2023,Levitate Music and Arts Festival,Marshfield,MA,1,2,Turned Clouds,400,false,,661,3,95,0,,false,",",false,
1680624030,2023-07-08,2023,Levitate Music and Arts Festival,Marshfield,MA,1,3,Arrow,438,false,,1147,2,55,0,,false,->,true,opener|closer|jam
1680624030,2023-07-08,2023,Levitate Music and Arts Festival,Marshfield,MA,1,4,No Rain,525,true,Blind Melon,532,16,14,10,,false,",",false,opener|jam
1680624030,2023-07-08,2023,Levitate Music and Arts Festival,Marshfield,MA,1,5,All I Need,414,false,,857,5,120,0,,false,",",false,jam
1680624030,2023-07-08,2023,Levitate Music and Arts Festival,Marshfield,MA,1,6,Arcadia,403,false,,751,3,172,0,,false,,false,closer
1680624072,2023-07-29,2023,Fort Adams State Park,Newport,RI,1,1,California Magic,735,false,,406,1,25,0,,false,",",false,
1680624072,2023-07-29,2023,Fort Adams State Park,Newport,RI,1,2,Silver Rising,736,false,,521,1,33,0,,false,",",false,
1680624072,2023-07-29,2023,Fort Adams State Park,Newport,RI,1,3,Madhuvan,512,false,,652,2,143,0,,false,",",false,opener|closer|jam
1680624072,2023-07-29,2023,Fort Adams State Park,Newport,RI,1,4,Don't Do It,460,true,The Band,406,2,30,0,,false,",",false,closer|encore
1680624072,2023-07-29,2023,Fort Adams State Park,Newport,RI,1,5,Lead Up,822,false,,320,7,11,0,,false,",",false,
1680624072,2023-07-29,2023,Fort Adams State Park,Newport,RI,1,6,Animal,764,false,,511,1,31,0,,false,",",false,opener|closer
1689710328,2023-09-13,2023,Leader Bank Pavilion,Boston,MA,1,1,Drive,462,false,,857,8,85,10,,true,>,true,opener|jam
1689710328,2023-09-13,2023,Leader Bank Pavilion,Boston,MA,1,2,Atlas Dogs,727,false,,334,4,26,0,,false,",",false,opener
1689710328,2023-09-13,2023,Leader Bank Pavilion,Boston,MA,1,3,Butterflies,763,false,Great Blue,403,6,11,0,,false,",",false,opener
1689710328,2023-09-13,2023,Leader Bank Pavilion,Boston,MA,1,4,Time to Flee,404,false,,945,9,95,10,,true,->,true,
1689710328,2023-09-13,2023,Leader Bank Pavilion,Boston,MA,1,5,Look Out Cleveland,591,true,The Band,753,26,7,20,,false,",",false,closer|jam|peak
1689710328,2023-09-13,2023,Leader Bank Pavilion,Boston,MA,1,6,Danger Zone,457,true,Kenny Loggins,275,25,18,20,,false,>,true,
1689710328,2023-09-13,2023,Leader Bank Pavilion,Boston,MA,1,7,Jive Lee,502,false,,659,9,71,10,,false,,false,closer|jam
1689710328,2023-09-13,2023,Leader Bank Pavilion,Boston,MA,2,8,Rockdale,714,false,Vasudo,747,3,40,0,,false,",",false,opener|closer|jam
1689710328,2023-09-13,2023,Leader Bank Pavilion,Boston,MA,2,9,Butter Rum,415,false,Vasudo,899,4,96,0,,true,",",false,
1689710328,2023-09-13,2023,Leader Bank Pavilion,Boston,MA,2,10,Jive II,413,false,,870,9,72,10,,false,",",false,opener
1689710328,2023-09-13,2023,Leader Bank Pavilion,Boston,MA,2,11,A Western Sun,435,false,,410,13,55,10,,false,>,true,
1689710328,2023-09-13,2023,Leader Bank Pavilion,Boston,MA,2,12,Same Old Shenanigans,541,false,,234,2,37,0,,false,>,true,closer
1689710328,2023-09-13,2023,Leader Bank Pavilion,Boston,MA,2,13,Madhuvan,512,false,,1096,0,144,0,,true,,false,opener|closer|jam
1689710328,2023-09-13,2023,Leader Bank Pavilion,Boston,MA,E,14,(dawn),637,false,,612,135,2,50,,false,,false,closer|encore
1690124854,2023-09-14,2023,Leader Bank Pavilion,Boston,MA,1,1,Dr. Darkness,712,false,,418,4,24,0,,false,>,true,opener
1690124854,2023-09-14,2023,Leader Bank Pavilion,Boston,MA,1,2,California Magic,735,false,,472,1,26,0,,false,",",false,
1690124854,2023-09-14,2023,Leader Bank Pavilion,Boston,MA,1,3,Lead the Way,406,false,,615,8,78,10,,false,",",false,opener
1690124854,2023-09-14,2023,Leader Bank Pavilion,Boston,MA,1,4,Lead Up,822,false,,341,1,12,0,,false,",",false,
1690124854,2023-09-14,2023,Leader Bank Pavilion,Boston,MA,1,5,Earthling or Alien?,605,false,,1323,7,32,0,,true,",",false,jam|peak
1690124854,2023-09-14,2023,Leader Bank Pavilion,Boston,MA,1,6,The Empress Of Organos,604,false,Vasudo,1004,3,47,0,,false,,false,closer|jam
1690124854,2023-09-14,2023,Leader Bank Pavilion,Boston,MA,2,7,All I Need,864,true,LP Giobbi,700,0,1,0,,false,",",false,
1690124854,2023-09-14,2023,Leader Bank Pavilion,Boston,MA,2,8,Thatch,809,false,,1253,3,21,0,,true,",",false,opener|closer|jam|peak
1690124854,2023-09-14,2023,Leader Bank Pavilion,Boston,MA,2,9,Everything Must Go,805,false,,961,6,13,0,,true,",",false,jam
1690124854,2023-09-14,2023,Leader Bank Pavilion,Boston,MA,2,10,Feel It Now,823,false,,642,4,11,0,,false,",",false,
1690124854,2023-09-14,2023,Leader Bank Pavilion,Boston,MA,2,11,Dripfield,738,false,,928,3,32,0,,false,,false,closer|jam
1690124854,2023-09-14,2023,Leader Bank Pavilion,Boston,MA,E,12,Hot Tea,408,false,Vasudo,873,4,122,0,,false,,false,closer
1686586810,2023-09-15,2023,Knox Farm State Park,East Aurora,NY,1,1,Flodown,478,false,Vasudo,620,8,133,10,,false,",",false,
1686586810,2023-09-15,2023,Knox Farm State Park,East Aurora,NY,1,2,Mr. Action,817,false,,515,6,12,0,,false,>,true,
1686586810,2023-09-15,2023,Knox Farm State Park,East Aurora,NY,1,3,Pancakes,723,false,Great Blue,941,5,34,0,,false,",",false,opener|closer|jam
1686586810,2023-09-15,2023,Knox Farm State Park,East Aurora,NY,1,4,Honeybee,490,false,,458,11,31,10,,false,",",false,
1686586810,2023-09-15,2023,Knox Farm State Park,East Aurora,NY,1,5,I'm Writing A Novel,424,true,Father John Misty,488,43,9,20,,false,",",false,
1686586810,2023-09-15,2023,Knox Farm State Park,East Aurora,NY,1,6,Creatures,420,false,,1079,7,107,0,,false,",",false,jam
1686586810,2023-09-15,2023,Knox Farm State Park,East Aurora,NY,1,7,Rosewood Heart,412,false,,1617,5,52,0,,true,",",false,jam|peak
1686586810,2023-09-15,2023,Knox Farm State Park,East Aurora,NY,1,8,Animal,764,false,,721,2,32,0,,false,,false,opener|closer
1686586810,2023-09-15,2023,Knox Farm State Park,East Aurora,NY,E,9,Slow Ready,422,false,,753,6,67,0,,false,->,true,
1686586810,2023-09-15,2023,Knox Farm State Park,East Aurora,NY,E,10,Arcadia,403,false,,893,3,173,0,,false,,false,closer
1680624164,2023-09-16,2023,Masonic Temple,Detroit,MI,1,1,Turbulence & The Night Rays,646,false,Vasudo,566,7,22,0,,false,",",false,opener
1680624164,2023-09-16,2023,Masonic Temple,Detroit,MI,1,2,The Whales,425,false,,557,6,30,0,,false,>,true,opener
1680624164,2023-09-16,2023,Masonic Temple,Detroit,MI,1,3,Wysteria Lane,405,false,Vasudo,1475,10,93,10,,true,>,true,opener|jam|peak
1680624164,2023-09-16,2023,Masonic Temple,Detroit,MI,1,4,Electric Avenue,464,true,Eddy Grant,626,8,32,10,,false,",",false,
1680624164,2023-09-16,2023,Masonic Temple,Detroit,MI,1,5,Red Bird,536,false,,1032,5,28,0,,false,,false,jam
1680624164,2023-09-16,2023,Masonic Temple,Detroit,MI,2,6,Yeti,416,false,Great Blue,543,8,90,10,,false,",",false,opener
1680624164,2023-09-16,2023,Masonic Temple,Detroit,MI,2,7,Borne,725,false,,471,6,26,0,,false,>,true,jam
1680624164,2023-09-16,2023,Masonic Temple,Detroit,MI,2,8,Hungersite,740,false,,1198,7,35,0,,false,>,true,opener|jam
1680624164,2023-09-16,2023,Masonic Temple,Detroit,MI,2,9,Rock The Casbah,431,true,The Clash,280,40,8,20,,false,",",false,encore
1680624164,2023-09-16,2023,Masonic Temple,Detroit,MI,2,10,726,432,false,,579,6,27,0,,false,",",false,encore
1680624164,2023-09-16,2023,Masonic Temple,Detroit,MI,2,11,Arrow,438,false,,1478,4,56,0,,false,,false,opener|closer|jam
1680624164,2023-09-16,2023,Masonic Temple,Detroit,MI,E,12,Silver Rising,736,false,,566,3,34,0,,false,,false,
1680624194,2023-09-17,2023,Miller High Life Theatre,Milwaukee,WI,1,1,Jive I,411,false,,633,11,113,10,,false,",",false,
1680624194,2023-09-17,2023,Miller High Life Theatre,Milwaukee,WI,1,2,Elizabeth,465,false,,744,9,50,10,,true,",",false,opener|jam
1680624194,2023-09-17,2023,Miller High Life Theatre,Milwaukee,WI,1,3,Not Alone,820,false,,410,25,4,20,,false,",",false,
1680624194,2023-09-17,2023,Miller High Life Theatre,Milwaukee,WI,1,4,All I Need,414,false,,1047,5,121,0,,false,",",false,jam
1680624194,2023-09-17,2023,Miller High Life Theatre,Milwaukee,WI,1,5,Seekers on the Ridge pt I,609,false,,384,15,33,10,,false,>,true,
1680624194,2023-09-17,2023,Miller High Life Theatre,Milwaukee,WI,1,6,Seekers on the Ridge pt II,610,false,,307,15,33,10,,false,",",false,
1680624194,2023-09-17,2023,Miller High Life Theatre,Milwaukee,WI,1,7,So Ready,421,false,,881,10,122,10,,false,,false,closer
1680624194,2023-09-17,2023,Miller High Life Theatre,Milwaukee,WI,2,8,Into the Myst,402,false,,918,8,54,10,,true,->,true,jam
1680624194,2023-09-17,2023,Miller High Life Theatre,Milwaukee,WI,2,9,Echo of a Rose,463,false,Vasudo,733,5,81,0,,true,->,true,jam
1680624194,2023-09-17,2023,Miller High Life Theatre,Milwaukee,WI,2,10,Take On Me,565,true,A-Ha,449,42,8,20,,false,",",false,
1680624194,2023-09-17,2023,Miller High Life Theatre,Milwaukee,WI,2,11,Bob Don,429,false,,464,10,41,10,,false,>,true,
1680624194,2023-09-17,2023,Miller High Life Theatre,Milwaukee,WI,2,12,Doobie Song,461,false,,488,31,20,20,,false,",",false,closer|encore
1680624194,2023-09-17,2023,Miller High Life Theatre,Milwaukee,WI,2,13,Tumble,418,false,Vasudo,1046,8,91,10,,false,,false,closer|jam|peak
1680624194,2023-09-17,2023,Miller High Life Theatre,Milwaukee,WI,E,14,White Lights,586,false,,500,10,61,10,,false,->,true,closer|encore
1680624194,2023-09-17,2023,Miller High Life Theatre,Milwaukee,WI,E,15,Loose Ends,762,false,Vasudo,236,10,13,10,,false,->,true,closer
1680624194,2023-09-17,2023,Miller High Life Theatre,Milwaukee,WI,E,16,White Lights,586,false,,36,0,62,0,,false,,false,closer|encore
1680624215,2023-09-20,2023,Red Butte Garden Amphitheatre,Salt Lake City,UT,1,1,California Magic,735,false,,477,3,27,0,,false,",",false,
1680624215,2023-09-20,2023,Red Butte Garden Amphitheatre,Salt Lake City,UT,1,2,Indian River,410,false,,1331,10,104,10,,true,",",false,
1680624215,2023-09-20,2023,Red Butte Garden Amphitheatre,Salt Lake City,UT,1,3,Turned Clouds,400,false,,661,6,96,0,,false,",",false,
1680624215,2023-09-20,2023,Red Butte Garden Amphitheatre,Salt Lake City,UT,1,4,Rockdale,714,false,Vasudo,830,4,41,0,,false,",",false,opener|closer|jam
1680624215,2023-09-20,2023,Red Butte Garden Amphitheatre,Salt Lake City,UT,1,5,Atlas Dogs,727,false,,425,4,27,0,,false,>,true,opener
1680624215,2023-09-20,2023,Red Butte Garden Amphitheatre,Salt Lake City,UT,1,6,All I Need,414,false,,711,0,122,0,,false,,false,jam
1680624215,2023-09-20,2023,Red Butte Garden Amphitheatre,Salt Lake City,UT,2,7,Mississippi Half-Step Uptown Toodeloo,517,true,Grateful Dead,1414,18,31,10,,true,>,true,jam
1680624215,2023-09-20,2023,Red Butte Garden Amphitheatre,Salt Lake City,UT,2,8,Feel It Now,823,false,,577,3,12,0,,false,",",false,
1680624215,2023-09-20,2023,Red Butte Garden Amphitheatre,Salt Lake City,UT,2,9,Everything Must Go,805,false,,849,3,14,0,,false,",",false,jam
1680624215,2023-09-20,2023,Red Butte Garden Amphitheatre,Salt Lake City,UT,2,10,Slow Ready,422,false,,671,2,68,0,,false,",",false,
1680624215,2023-09-20,2023,Red Butte Garden Amphitheatre,Salt Lake City,UT,2,11,Don't Do It,460,true,The Band,383,5,31,0,,false,,false,closer|encore
1680624228,2023-09-22,2023,Kettlehouse Amphitheater,Bonner,MT,1,1,The Killing Moon,606,true,Echo & The Bunnymen,395,188,2,50,,false,",",false,opener
1680624228,2023-09-22,2023,Kettlehouse Amphitheater,Bonner,MT,1,2,Mr. Action,817,false,,508,3,13,0,,false,",",false,
1680624228,2023-09-22,2023,Kettlehouse Amphitheater,Bonner,MT,1,3,Time to Flee,404,false,,1111,5,96,0,,true,",",false,
1680624228,2023-09-22,2023,Kettlehouse Amphitheater,Bonner,MT,1,4,Lead Up,822,false,,345,4,13,0,,false,>,true,
1680624228,2023-09-22,2023,Kettlehouse Amphitheater,Bonner,MT,1,5,Drive,462,false,,1171,5,86,0,,true,",",false,opener|jam
1680624228,2023-09-22,2023,Kettlehouse Amphitheater,Bonner,MT,1,6,Red Bird,536,false,,990,2,29,0,,false,,false,jam
1680624228,2023-09-22,2023,Kettlehouse Amphitheater,Bonner,MT,2,7,Thatch,809,false,,1490,4,22,0,,true,",",false,opener|closer|jam|peak
1680624228,2023-09-22,2023,Kettlehouse Amphitheater,Bonner,MT,2,8,In Your Eyes,498,true,Peter Gabriel,511,22,8,20,,false,>,true,jam|peak
1680624228,2023-09-22,2023,Kettlehouse Amphitheater,Bonner,MT,2,9,Dripfield,738,false,,1229,4,33,0,,true,>,true,closer|jam
1680624228,2023-09-22,2023,Kettlehouse Amphitheater,Bonner,MT,2,10,Madhuvan,512,false,,513,5,145,0,,false,>,true,opener|closer|jam
1680624228,2023-09-22,2023,Kettlehouse Amphitheater,Bonner,MT,2,11,Moby,677,false,,270,54,15,35,,false,>,true,ballad
1680624228,2023-09-22,2023,Kettlehouse Amphitheater,Bonner,MT,2,12,Madhuvan,512,false,,722,0,146,0,,false,,false,opener|closer|jam
1680624228,2023-09-22,2023,Kettlehouse Amphitheater,Bonner,MT,E,13,Animal,764,false,,607,3,33,0,,false,,false,opener|closer
1680624243,2023-09-23,2023,Spokane Pavilion,Spokane,WA,1,1,Switchin',564,true,Wes Montgomery,451,16,26,10,,false,",",false,opener
1680624243,2023-09-23,2023,Spokane Pavilion,Spokane,WA,1,2,Butterflies,763,false,Great Blue,422,6,12,0,,false,",",false,opener
1680624243,2023-09-23,2023,Spokane Pavilion,Spokane,WA,1,3,Jive I,411,false,,635,2,114,0,,false,>,true,
1680624243,2023-09-23,2023,Spokane Pavilion,Spokane,WA,1,4,Jive Lee,502,false,,593,6,72,0,,false,",",false,closer|jam
1680624243,2023-09-23,2023,Spokane Pavilion,Spokane,WA,1,5,The Old Man's Boat,710,false,,718,16,22,10,,false,",",false,
1680624243,2023-09-23,2023,Spokane Pavilion,Spokane,WA,1,6,Earthling or Alien?,605,false,,972,5,33,0,,false,,false,jam|peak
1680624243,2023-09-23,2023,Spokane Pavilion,Spokane,WA,2,7,Pancakes,723,false,Great Blue,835,4,35,0,,false,",",false,opener|closer|jam
1680624243,2023-09-23,2023,Spokane Pavilion,Spokane,WA,2,8,Borne,725,false,,443,3,27,0,,false,>,true,jam
1680624243,2023-09-23,2023,Spokane Pavilion,Spokane,WA,2,9,Inside Out,499,true,Spoon,678,37,12,20,,false,->,true,jam
1680624243,2023-09-23,2023,Spokane Pavilion,Spokane,WA,2,10,Creatures,420,false,,1042,4,108,0,,false,",",false,jam
1680624243,2023-09-23,2023,Spokane Pavilion,Spokane,WA,2,11,Your Ocean,590,false,,459,29,26,20,,false,",",false,
1680624243,2023-09-23,2023,Spokane Pavilion,Spokane,WA,2,12,The Empress Of Organos,604,false,Vasudo,312,5,48,0,,false,->,true,closer|jam
1680624243,2023-09-23,2023,Spokane Pavilion,Spokane,WA,2,13,Trevor Reads Poetry,741,false,,212,44,6,20,,false,->,true,ballad
1680624243,2023-09-23,2023,Spokane Pavilion,Spokane,WA,2,14,The Empress Of Organos,604,false,Vasudo,394,0,49,0,,false,,false,closer|jam
1680624243,2023-09-23,2023,Spokane Pavilion,Spokane,WA,E,15,Butter Rum,415,false,Vasudo,492,6,97,0,,false,,false,
1695143588,2023-09-24,2023,Cascade Equinox Festival,Redmond,OR,1,1,Hot Tea,408,false,Vasudo,1106,6,123,0,,false,",",false,closer
1695143588,2023-09-24,2023,Cascade Equinox Festival,Redmond,OR,1,2,Silver Rising,736,false,,526,4,35,0,,false,",",false,
1695143588,2023-09-24,2023,Cascade Equinox Festival,Redmond,OR,1,3,Arrow,438,false,,1290,4,57,0,,true,",",false,opener|closer|jam
1695143588,2023-09-24,2023,Cascade Equinox Festival,Redmond,OR,1,4,Into the Myst,402,false,,490,3,55,0,,false,->,true,jam
1695143588,2023-09-24,2023,Cascade Equinox Festival,Redmond,OR,1,5,Can't Get You Out Of My Head,426,true,Kylie Minogue,653,18,18,10,,true,>,true,
1695143588,2023-09-24,2023,Cascade Equinox Festival,Redmond,OR,1,6,Hungersite,740,false,,1058,4,36,0,,true,",",false,opener|jam
1695143588,2023-09-24,2023,Cascade Equinox Festival,Redmond,OR,1,7,Same Old Shenanigans,541,false,,838,7,38,0,,false,",",false,closer
1695143588,2023-09-24,2023,Cascade Equinox Festival,Redmond,OR,1,8,726,432,false,,537,4,28,0,,false,",",false,encore
1695143588,2023-09-24,2023,Cascade Equinox Festival,Redmond,OR,1,9,Arcadia,403,false,,642,5,174,0,,false,,false,closer
1680624255,2023-09-25,2023,Fox Theater,Oakland,CA,1,1,Flodown,478,false,Vasudo,760,6,134,0,,false,",",false,
1680624255,2023-09-25,2023,Fox Theater,Oakland,CA,1,2,Jive II,413,false,,808,8,73,10,,false,>,true,opener
1680624255,2023-09-25,2023,Fox Theater,Oakland,CA,1,3,The Whales,425,false,,556,5,31,0,,false,",",false,opener
1680624255,2023-09-25,2023,Fox Theater,Oakland,CA,1,4,No Rain,525,true,Blind Melon,890,10,15,10,,true,",",false,opener|jam
1680624255,2023-09-25,2023,Fox Theater,Oakland,CA,1,5,Lead the Way,406,false,,600,7,79,0,,false,",",false,opener
1680624255,2023-09-25,2023,Fox Theater,Oakland,CA,1,6,Tumble,418,false,Vasudo,885,4,92,0,,false,,false,closer|jam|peak
1680624255,2023-09-25,2023,Fox Theater,Oakland,CA,2,7,Echo of a Rose,463,false,Vasudo,884,4,82,0,,false,>,true,jam
1680624255,2023-09-25,2023,Fox Theater,Oakland,CA,2,8,Rosewood Heart,412,false,,816,6,53,0,,false,>,true,jam|peak
1680624255,2023-09-25,2023,Fox Theater,Oakland,CA,2,9,Echo of a Rose,463,false,Vasudo,65,0,83,0,,false,",",false,jam
1680624255,2023-09-25,2023,Fox Theater,Oakland,CA,2,10,Rockdale,714,false,Vasudo,741,3,42,0,,false,",",false,opener|closer|jam
1680624255,2023-09-25,2023,Fox Theater,Oakland,CA,2,11,Madhuvan,512,false,,1006,2,147,0,,false,,false,opener|closer|jam
1680624255,2023-09-25,2023,Fox Theater,Oakland,CA,E,12,Turn On Your Love Light,578,true,Bobby Blue Bland,488,16,46,10,,false,,false,closer|encore
1680624271,2023-09-26,2023,Fox Theater,Oakland,CA,1,1,Dr. Darkness,712,false,,447,8,25,10,,false,>,true,opener
1680624271,2023-09-26,2023,Fox Theater,Oakland,CA,1,2,All I Need,414,false,,821,4,123,0,,false,",",false,jam
1680624271,2023-09-26,2023,Fox Theater,Oakland,CA,1,3,Lead Up,822,false,,350,3,14,0,,false,",",false,
1680624271,2023-09-26,2023,Fox Theater,Oakland,CA,1,4,Elizabeth,465,false,,1117,5,51,0,,true,",",false,opener|jam
1680624271,2023-09-26,2023,Fox Theater,Oakland,CA,1,5,A Western Sun,435,false,,423,9,56,10,,false,",",false,
1680624271,2023-09-26,2023,Fox Theater,Oakland,CA,1,6,Yeti,416,false,Great Blue,890,6,91,0,,true,,false,opener
1680624271,2023-09-26,2023,Fox Theater,Oakland,CA,2,7,Atlas Dogs,727,false,,415,4,28,0,,false,>,true,opener
1680624271,2023-09-26,2023,Fox Theater,Oakland,CA,2,8,Creatures,420,false,,1071,2,109,0,,false,>,true,jam
1680624271,2023-09-26,2023,Fox Theater,Oakland,CA,2,9,Nights In White Satin,524,true,The Moody Blues,436,76,8,35,,false,",",false,
1680624271,2023-09-26,2023,Fox Theater,Oakland,CA,2,10,Dripfield,738,false,,1358,3,34,0,,true,",",false,closer|jam
1680624271,2023-09-26,2023,Fox Theater,Oakland,CA,2,11,White Lights,586,false,,585,5,63,0,,false,,false,closer|encore
1680624271,2023-09-26,2023,Fox Theater,Oakland,CA,E,12,Slow Ready,422,false,,657,4,69,0,,false,,false,
1689710282,2023-09-28,2023,The Wiltern,Los Angeles,CA,1,1,Animal,764,false,,730,4,34,0,,false,",",false,opener|closer
1689710282,2023-09-28,2023,The Wiltern,Los Angeles,CA,1,2,Silver Rising,736,false,,577,2,36,0,,false,",",false,
1689710282,2023-09-28,2023,The Wiltern,Los Angeles,CA,1,3,Turbulence & The Night Rays,646,false,Vasudo,576,7,23,0,,false,",",false,opener
1689710282,2023-09-28,2023,The Wiltern,Los Angeles,CA,1,4,Bloodbuzz Ohio,766,true,The National,433,25,6,20,,false,",",false,
1689710282,2023-09-28,2023,The Wiltern,Los Angeles,CA,1,5,Red Bird,536,false,,1029,4,30,0,,false,",",false,jam
1689710282,2023-09-28,2023,The Wiltern,Los Angeles,CA,1,6,Tumble,418,false,Vasudo,1018,1,93,0,,false,,false,closer|jam|peak
1689710282,2023-09-28,2023,The Wiltern,Los Angeles,CA,2,7,The Empress Of Organos,604,false,Vasudo,1131,3,50,0,,false,",",false,closer|jam
1689710282,2023-09-28,2023,The Wiltern,Los Angeles,CA,2,8,Wysteria Lane,405,false,Vasudo,895,7,94,0,,false,->,true,opener|jam|peak
1689710282,2023-09-28,2023,The Wiltern,Los Angeles,CA,2,9,Hollywood Nights,488,true,Bob Seger & The Silver Bullet Band,495,19,8,10,,false,",",false,
1689710282,2023-09-28,2023,The Wiltern,Los Angeles,CA,2,10,This Old Sea,572,false,,349,13,25,10,,false,",",false,jam
1689710282,2023-09-28,2023,The Wiltern,Los Angeles,CA,2,11,Thatch,809,false,,1180,4,23,0,,true,,false,opener|closer|jam|peak
1689710282,2023-09-28,2023,The Wiltern,Los Angeles,CA,E,12,Magic Carpet Ride,719,true,Steppenwolf,511,16,10,10,,false,,false,encore
1680624285,2023-09-29,2023,Santa Barbara Bowl,Santa Barbara,CA,1,1,Earthling or Alien?,605,false,,807,4,34,0,,false,",",false,jam|peak
1680624285,2023-09-29,2023,Santa Barbara Bowl,Santa Barbara,CA,1,2,Mr. Action,817,false,,556,5,14,0,,false,>,true,
1680624285,2023-09-29,2023,Santa Barbara Bowl,Santa Barbara,CA,1,3,Time to Flee,404,false,,1179,5,97,0,,true,",",false,
1680624285,2023-09-29,2023,Santa Barbara Bowl,Santa Barbara,CA,1,4,The Way It Is,570,true,Bruce Hornsby,727,15,32,10,,false,",",false,
1680624285,2023-09-29,2023,Santa Barbara Bowl,Santa Barbara,CA,1,5,Seekers on the Ridge pt I,609,false,,386,7,34,0,,false,>,true,
1680624285,2023-09-29,2023,Santa Barbara Bowl,Santa Barbara,CA,1,6,Seekers on the Ridge pt II,610,false,,314,7,34,0,,false,",",false,
1680624285,2023-09-29,2023,Santa Barbara Bowl,Santa Barbara,CA,1,7,So Ready,421,false,,788,7,123,0,,false,,false,closer
1680624285,2023-09-29,2023,Santa Barbara Bowl,Santa Barbara,CA,2,8,The Killing Moon,606,true,Echo & The Bunnymen,388,5,3,0,,false,>,true,opener
1680624285,2023-09-29,2023,Santa Barbara Bowl,Santa Barbara,CA,2,9,Arrow,438,false,,1368,3,58,0,,false,",",false,opener|closer|jam
1680624285,2023-09-29,2023,Santa Barbara Bowl,Santa Barbara,CA,2,10,Same Old Shenanigans,541,false,,836,3,39,0,,false,",",false,closer
1680624285,2023-09-29,2023,Santa Barbara Bowl,Santa Barbara,CA,2,11,Everything Must Go,805,false,,759,6,15,0,,false,,false,jam
1680624285,2023-09-29,2023,Santa Barbara Bowl,Santa Barbara,CA,E,12,Hot Tea,408,false,Vasudo,748,3,124,0,,false,,false,closer
1695143625,2023-09-30,2023,Ohana Festival,Dana Point,CA,1,1,California Magic,735,false,,439,7,28,0,,false,",",false,
1695143625,2023-09-30,2023,Ohana Festival,Dana Point,CA,1,2,Turned Clouds,400,false,,564,7,97,0,,false,",",false,
1695143625,2023-09-30,2023,Ohana Festival,Dana Point,CA,1,3,Silver Rising,736,false,,535,1,37,0,,false,",",false,
1695143625,2023-09-30,2023,Ohana Festival,Dana Point,CA,1,4,Hungersite,740,false,,718,4,37,0,,false,",",false,opener|jam
1695143625,2023-09-30,2023,Ohana Festival,Dana Point,CA,1,5,Arcadia,403,false,,720,4,175,0,,false,,false,closer
1680625321,2023-10-01,2023,Brooklyn Bowl,Las Vegas,NV,1,1,Lead Up,822,false,,364,3,15,0,,false,",",false,
1680625321,2023-10-01,2023,Brooklyn Bowl,Las Vegas,NV,1,2,Drive,462,false,,1031,7,87,0,,false,>,true,opener|jam
1680625321,2023-10-01,2023,Brooklyn Bowl,Las Vegas,NV,1,3,Dr. Darkness,712,false,,379,3,26,0,,false,",",false,opener
1680625321,2023-10-01,2023,Brooklyn Bowl,Las Vegas,NV,1,4,The Shape I'm In,651,true,The Band,368,0,1,0,,false,",",false,
1680625321,2023-10-01,2023,Brooklyn Bowl,Las Vegas,NV,1,5,Rockdale,714,false,Vasudo,718,4,43,0,,false,",",false,opener|closer|jam
1680625321,2023-10-01,2023,Brooklyn Bowl,Las Vegas,NV,1,6,Lead the Way,406,false,,679,4,80,0,,false,",",false,opener
1680625321,2023-10-01,2023,Brooklyn Bowl,Las Vegas,NV,1,7,Jeff Engborg,737,false,Great Blue,689,40,7,20,,false,,false,closer
1680625321,2023-10-01,2023,Brooklyn Bowl,Las Vegas,NV,2,8,Elizabeth,465,false,,1244,3,52,0,,true,",",false,opener|jam
1680625321,2023-10-01,2023,Brooklyn Bowl,Las Vegas,NV,2,9,Indian River,410,false,,579,8,105,10,,false,->,true,
1680625321,2023-10-01,2023,Brooklyn Bowl,Las Vegas,NV,2,10,Into the Myst,402,false,,750,5,56,0,,false,",",false,jam
1680625321,2023-10-01,2023,Brooklyn Bowl,Las Vegas,NV,2,11,All I Need,414,false,,1001,3,124,0,,true,",",false,jam
1680625321,2023-10-01,2023,Brooklyn Bowl,Las Vegas,NV,2,12,Madhuvan,512,false,,1086,4,148,0,,true,,false,opener|closer|jam
1680625321,2023-10-01,2023,Brooklyn Bowl,Las Vegas,NV,E,13,Trouble,576,true,Elvis Presley,307,154,3,50,,false,,false,ballad|encore
1685655901,2023-10-03,2023,Pepsi Amphitheater,Flagstaff,AZ,1,1,Doc Brown,459,false,Great Blue,535,42,39,20,,false,",",false,
1685655901,2023-10-03,2023,Pepsi Amphitheater,Flagstaff,AZ,1,2,Jive I,411,false,,657,7,115,0,,false,",",false,
1685655901,2023-10-03,2023,Pepsi Amphitheater,Flagstaff,AZ,1,3,Echo of a Rose,463,false,Vasudo,740,5,84,0,,false,>,true,jam
1685655901,2023-10-03,2023,Pepsi Amphitheater,Flagstaff,AZ,1,4,Rosewood Heart,412,false,,971,5,54,0,,false,>,true,jam|peak
1685655901,2023-10-03,2023,Pepsi Amphitheater,Flagstaff,AZ,1,5,AUATC,602,true,Bon Iver,451,50,6,35,,false,",",false,
1685655901,2023-10-03,2023,Pepsi Amphitheater,Flagstaff,AZ,1,6,Arrow,438,false,,1197,2,59,0,,false,,false,opener|closer|jam
1685655901,2023-10-03,2023,Pepsi Amphitheater,Flagstaff,AZ,2,7,Animal,764,false,,779,3,35,0,,false,",",false,opener|closer
1685655901,2023-10-03,2023,Pepsi Amphitheater,Flagstaff,AZ,2,8,Spirit Of The Dark Horse,557,false,,656,21,29,20,,false,>,true,
1685655901,2023-10-03,2023,Pepsi Amphitheater,Flagstaff,AZ,2,9,Butter Rum,415,false,Vasudo,369,7,98,0,,false,->,true,
1685655901,2023-10-03,2023,Pepsi Amphitheater,Flagstaff,AZ,2,10,Caution,446,true,Bob Marley,370,28,14,20,,false,->,true,
1685655901,2023-10-03,2023,Pepsi Amphitheater,Flagstaff,AZ,2,11,Butter Rum,415,false,Vasudo,419,0,99,0,,false,",",false,
1685655901,2023-10-03,2023,Pepsi Amphitheater,Flagstaff,AZ,2,12,Your Ocean,590,false,,500,7,27,0,,false,",",false,
1685655901,2023-10-03,2023,Pepsi Amphitheater,Flagstaff,AZ,2,13,Tumble,418,false,Vasudo,888,3,94,0,,false,,false,closer|jam|peak
1685655901,2023-10-03,2023,Pepsi Amphitheater,Flagstaff,AZ,E,14,White Lights,586,false,,404,4,64,0,,false,,false,closer|encore
1685655916,2023-10-05,2023,Red Rocks Park and Amphitheater,Morrison,CO,1,1,The Killing Moon,606,true,Echo & The Bunnymen,362,3,4,0,,false,",",false,opener
1685655916,2023-10-05,2023,Red Rocks Park and Amphitheater,Morrison,CO,1,2,Same Old Shenanigans,541,false,,223,3,40,0,,false,>,true,closer
1685655916,2023-10-05,2023,Red Rocks Park and Amphitheater,Morrison,CO,1,3,Atlas Dogs,727,false,,429,5,29,0,,false,>,true,opener
1685655916,2023-10-05,2023,Red Rocks Park and Amphitheater,Morrison,CO,1,4,Turbulence & The Night Rays,646,false,Vasudo,567,4,24,0,,false,",",false,opener
1685655916,2023-10-05,2023,Red Rocks Park and Amphitheater,Morrison,CO,1,5,Bob Don,429,false,,607,11,42,10,,false,",",false,
1685655916,2023-10-05,2023,Red Rocks Park and Amphitheater,Morrison,CO,1,6,(dawn),637,false,,670,15,3,10,,false,",",false,closer|encore
1685655916,2023-10-05,2023,Red Rocks Park and Amphitheater,Morrison,CO,1,7,Pancakes,723,false,Great Blue,1022,8,36,10,,false,",",false,opener|closer|jam
1685655916,2023-10-05,2023,Red Rocks Park and Amphitheater,Morrison,CO,1,8,So Ready,421,false,,814,3,124,0,,false,,false,closer
1685655916,2023-10-05,2023,Red Rocks Park and Amphitheater,Morrison,CO,2,9,Creatures,420,false,,1097,5,110,0,,false,->,true,jam
1685655916,2023-10-05,2023,Red Rocks Park and Amphitheater,Morrison,CO,2,10,Shama Lama Ding Dong,545,true,Otis Day and The Knights,400,36,37,20,,false,",",false,encore
1685655916,2023-10-05,2023,Red Rocks Park and Amphitheater,Morrison,CO,2,11,Feel It Now,823,false,,588,10,13,10,,false,",",false,
1685655916,2023-10-05,2023,Red Rocks Park and Amphitheater,Morrison,CO,2,12,This Old Sea,572,false,,1157,4,26,0,,true,>,true,jam
1685655916,2023-10-05,2023,Red Rocks Park and Amphitheater,Morrison,CO,2,13,The Labyrinth,639,false,,661,102,7,50,,false,>,true,opener
1685655916,2023-10-05,2023,Red Rocks Park and Amphitheater,Morrison,CO,2,14,Hot Tea,408,false,Vasudo,1133,3,125,0,,false,,false,closer
1685655916,2023-10-05,2023,Red Rocks Park and Amphitheater,Morrison,CO,E,15,Flodown,478,false,Vasudo,479,6,135,0,,false,,false,
1685655928,2023-10-06,2023,Red Rocks Park and Amphitheater,Morrison,CO,1,1,Echo of a Rose,463,false,Vasudo,695,1,85,0,,false,",",false,jam
1685655928,2023-10-06,2023,Red Rocks Park and Amphitheater,Morrison,CO,1,2,Mr. Action,817,false,,486,4,15,0,,false,",",false,
1685655928,2023-10-06,2023,Red Rocks Park and Amphitheater,Morrison,CO,1,3,Lead Up,822,false,,361,2,16,0,,false,",",false,
1685655928,2023-10-06,2023,Red Rocks Park and Amphitheater,Morrison,CO,1,4,I Would Die 4 U,867,true,Prince,616,0,1,0,,false,",",false,
1685655928,2023-10-06,2023,Red Rocks Park and Amphitheater,Morrison,CO,1,5,Everything Must Go,805,false,,1007,4,16,0,,true,",",false,jam
1685655928,2023-10-06,2023,Red Rocks Park and Amphitheater,Morrison,CO,1,6,All I Need,414,false,,653,2,125,0,,false,",",false,jam
1685655928,2023-10-06,2023,Red Rocks Park and Amphitheater,Morrison,CO,1,7,Yeti,416,false,Great Blue,878,6,92,0,,true,,false,opener
1685655928,2023-10-06,2023,Red Rocks Park and Amphitheater,Morrison,CO,2,8,Thatch,809,false,,1269,5,24,0,,true,",",false,opener|closer|jam|peak
1685655928,2023-10-06,2023,Red Rocks Park and Amphitheater,Morrison,CO,2,9,Please Forgive Me,685,true,David Gray,528,19,8,10,,false,",",false,
1685655928,2023-10-06,2023,Red Rocks Park and Amphitheater,Morrison,CO,2,10,Borne,725,false,,394,9,28,10,,false,>,true,jam
1685655928,2023-10-06,2023,Red Rocks Park and Amphitheater,Morrison,CO,2,11,Hungersite,740,false,,923,3,38,0,,false,",",false,opener|jam
1685655928,2023-10-06,2023,Red Rocks Park and Amphitheater,Morrison,CO,2,12,What's Up?,430,true,4 Non Blondes,385,21,8,20,,false,>,true,closer|encore
1685655928,2023-10-06,2023,Red Rocks Park and Amphitheater,Morrison,CO,2,13,Factory Fiction,473,false,Vasudo,1441,19,16,10,,true,,false,closer|jam|peak|encore
1685655928,2023-10-06,2023,Red Rocks Park and Amphitheater,Morrison,CO,E,14,Dripfield,738,false,,968,6,35,0,,false,,false,closer|jam
1694018355,2023-10-07,2023,West Lawn at Lory Student Center,Fort Collins,CO,1,1,Animal,764,false,,694,2,36,0,,false,",",false,opener|closer
1694018355,2023-10-07,2023,West Lawn at Lory Student Center,Fort Collins,CO,1,2,Rockdale,714,false,Vasudo,784,3,44,0,,false,",",false,opener|closer|jam
1694018355,2023-10-07,2023,West Lawn at Lory Student Center,Fort Collins,CO,1,3,Silver Rising,736,false,,539,4,38,0,,false,",",false,
1694018355,2023-10-07,2023,West Lawn at Lory Student Center,Fort Collins,CO,1,4,Wysteria Lane,405,false,Vasudo,1166,6,95,0,,true,->,true,opener|jam|peak
1694018355,2023-10-07,2023,West Lawn at Lory Student Center,Fort Collins,CO,1,5,Electric Avenue,464,true,Eddy Grant,485,14,33,10,,false,,false,
1694018355,2023-10-07,2023,West Lawn at Lory Student Center,Fort Collins,CO,2,6,Fish In The Sea,477,true,Fat Freddy's Drop,628,26,18,20,,false,",",false,opener
1694018355,2023-10-07,2023,West Lawn at Lory Student Center,Fort Collins,CO,2,7,Tumble,418,false,Vasudo,768,2,95,0,,false,",",false,closer|jam|peak
1694018355,2023-10-07,2023,West Lawn at Lory Student Center,Fort Collins,CO,2,8,Red Bird,536,false,,1024,6,31,0,,true,>,true,jam
1694018355,2023-10-07,2023,West Lawn at Lory Student Center,Fort Collins,CO,2,9,Moby,677,false,,230,11,16,10,,false,>,true,ballad
1694018355,2023-10-07,2023,West Lawn at Lory Student Center,Fort Collins,CO,2,10,Slow Ready,422,false,,681,7,70,0,,false,",",false,
1694018355,2023-10-07,2023,West Lawn at Lory Student Center,Fort Collins,CO,2,11,The Empress Of Organos,604,false,Vasudo,852,6,51,0,,false,,false,closer|jam
1694018355,2023-10-07,2023,West Lawn at Lory Student Center,Fort Collins,CO,E,12,Arcadia,403,false,,961,4,176,0,,false,,false,closer
1695777245,2023-10-27,2023,Spirit of the Suwannee Music Park,Live Oak,FL,1,1,Hungersite,740,false,,926,1,39,0,,false,->,true,opener|jam
1695777245,2023-10-27,2023,Spirit of the Suwannee Music Park,Live Oak,FL,1,2,Cantaloupe Island,444,true,Herbie Hancock,417,46,9,20,,false,",",false,
1695777245,2023-10-27,2023,Spirit of the Suwannee Music Park,Live Oak,FL,1,3,Animal,764,false,,195,0,37,0,,false,",",false,opener|closer
1695777245,2023-10-27,2023,Spirit of the Suwannee Music Park,Live Oak,FL,1,4,Creatures,420,false,,1221,2,111,0,,false,>,true,jam
1695777245,2023-10-27,2023,Spirit of the Suwannee Music Park,Live Oak,FL,1,5,Same Old Shenanigans,541,false,,851,2,41,0,,false,",",false,closer
1695777245,2023-10-27,2023,Spirit of the Suwannee Music Park,Live Oak,FL,1,6,Fish In The Sea,477,true,Fat Freddy's Drop,685,0,19,0,,false,",",false,opener
1695777245,2023-10-27,2023,Spirit of the Suwannee Music Park,Live Oak,FL,1,7,Pancakes,723,false,Great Blue,960,2,37,0,,false,",",false,opener|closer|jam
1695777245,2023-10-27,2023,Spirit of the Suwannee Music Park,Live Oak,FL,1,8,Thatch,809,false,,1018,1,25,0,,false,",",false,opener|closer|jam|peak
1695777245,2023-10-27,2023,Spirit of the Suwannee Music Park,Live Oak,FL,1,9,Arcadia,403,false,,443,0,177,0,,false,,false,closer
1689710455,2023-11-03,2023,Trabendo,Paris,,1,1,Me & My Uncle,592,true,John Philips,421,154,34,50,,false,",",false,opener
1689710455,2023-11-03,2023,Trabendo,Paris,,1,2,All I Need,414,false,,1186,2,126,0,,true,",",false,jam
1689710455,2023-11-03,2023,Trabendo,Paris,,1,3,Mr. Action,817,false,,469,2,16,0,,false,>,true,
1689710455,2023-11-03,2023,Trabendo,Paris,,1,4,The Whales,425,false,,537,10,32,10,,false,",",false,opener
1689710455,2023-11-03,2023,Trabendo,Paris,,1,5,Turbulence & The Night Rays,646,false,Vasudo,606,3,25,0,,false,>,true,opener
1689710455,2023-11-03,2023,Trabendo,Paris,,1,6,Drive,462,false,,364,5,88,0,,false,>,true,opener|jam
1689710455,2023-11-03,2023,Trabendo,Paris,,1,7,Bob Don,429,false,,368,3,43,0,,false,>,true,
1689710455,2023-11-03,2023,Trabendo,Paris,,1,8,Drive,462,false,,520,0,89,0,,false,,false,opener|jam
1689710455,2023-11-03,2023,Trabendo,Paris,,2,9,Madhuvan,512,false,,1411,5,149,0,,true,",",false,opener|closer|jam
1689710455,2023-11-03,2023,Trabendo,Paris,,2,10,Red Bird,536,false,,1197,1,32,0,,false,>,true,jam
1689710455,2023-11-03,2023,Trabendo,Paris,,2,11,A Western Sun,435,false,,411,9,57,10,,false,",",false,
1689710455,2023-11-03,2023,Trabendo,Paris,,2,12,The Empress Of Organos,604,false,Vasudo,711,1,52,0,,false,,false,closer|jam
1689710478,2023-11-04,2023,Luxor,Cologne,,1,1,Atlas Dogs,727,false,,388,4,30,0,,false,>,true,opener
1689710478,2023-11-04,2023,Luxor,Cologne,,1,2,Jive I,411,false,,564,5,116,0,,false,",",false,
1689710478,2023-11-04,2023,Luxor,Cologne,,1,3,Butterflies,763,false,Great Blue,464,13,13,10,,false,",",false,opener
1689710478,2023-11-04,2023,Luxor,Cologne,,1,4,Rockdale,714,false,Vasudo,752,2,45,0,,false,",",false,opener|closer|jam
1689710478,2023-11-04,2023,Luxor,Cologne,,1,5,Echo of a Rose,463,false,Vasudo,839,3,86,0,,true,",",false,jam
1689710478,2023-11-04,2023,Luxor,Cologne,,1,6,Borne,725,false,,736,3,29,0,,false,->,true,jam
1689710478,2023-11-04,2023,Luxor,Cologne,,1,7,Tomorrow Never Knows,573,true,The Beatles,429,52,10,35,,false,,false,encore
1689710478,2023-11-04,2023,Luxor,Cologne,,2,8,Into the Myst,402,false,,477,6,57,0,,false,>,true,jam
1689710478,2023-11-04,2023,Luxor,Cologne,,2,9,Mas Que Nada,513,true,Sergio Mendes,682,50,18,35,,true,",",false,
1689710478,2023-11-04,2023,Luxor,Cologne,,2,10,Hot Tea,408,false,Vasudo,1114,4,126,0,,false,",",false,closer
1689710478,2023-11-04,2023,Luxor,Cologne,,2,11,Your Ocean,590,false,,438,5,28,0,,false,",",false,
1689710478,2023-11-04,2023,Luxor,Cologne,,2,12,Arrow,438,false,,1110,5,60,0,,false,,false,opener|closer|jam
1689710490,2023-11-07,2023,Melkweg Oude Zaal,Amsterdam,,1,1,Dr. Darkness,712,false,,467,7,27,0,,false,>,true,opener
1689710490,2023-11-07,2023,Melkweg Oude Zaal,Amsterdam,,1,2,Switchin',564,true,Wes Montgomery,437,14,27,10,,false,",",false,opener
1689710490,2023-11-07,2023,Melkweg Oude Zaal,Amsterdam,,1,3,California Magic,735,false,,468,8,29,10,,false,",",false,
1689710490,2023-11-07,2023,Melkweg Oude Zaal,Amsterdam,,1,4,Wysteria Lane,405,false,Vasudo,1218,3,96,0,,true,>,true,opener|jam|peak
1689710490,2023-11-07,2023,Melkweg Oude Zaal,Amsterdam,,1,5,Electric Avenue,464,true,Eddy Grant,629,3,34,0,,true,",",false,
1689710490,2023-11-07,2023,Melkweg Oude Zaal,Amsterdam,,1,6,Everything Must Go,805,false,,740,4,17,0,,false,",",false,jam
1689710490,2023-11-07,2023,Melkweg Oude Zaal,Amsterdam,,1,7,Pancakes,723,false,Great Blue,1003,2,38,0,,false,,false,opener|closer|jam
1689710490,2023-11-07,2023,Melkweg Oude Zaal,Amsterdam,,2,8,Silver Rising,736,false,,571,3,39,0,,false,",",false,
1689710490,2023-11-07,2023,Melkweg Oude Zaal,Amsterdam,,2,9,Thatch,809,false,,1067,2,26,0,,true,",",false,opener|closer|jam|peak
1689710490,2023-11-07,2023,Melkweg Oude Zaal,Amsterdam,,2,10,Feel It Now,823,false,,589,5,14,0,,false,",",false,
1689710490,2023-11-07,2023,Melkweg Oude Zaal,Amsterdam,,2,11,Hungersite,740,false,,752,2,40,0,,false,>,true,opener|jam
1689710490,2023-11-07,2023,Melkweg Oude Zaal,Amsterdam,,2,12,Animal,764,false,,532,2,38,0,,false,,false,opener|closer
1689710506,2023-11-09,2023,Hotel Cecil,Copenhagen,,1,1,Flodown,478,false,Vasudo,578,6,136,0,,false,",",false,
1689710506,2023-11-09,2023,Hotel Cecil,Copenhagen,,1,2,Indian River,410,false,,1136,8,106,10,,true,",",false,
1689710506,2023-11-09,2023,Hotel Cecil,Copenhagen,,1,3,Jive II,413,false,,597,13,74,10,,false,>,true,opener
1689710506,2023-11-09,2023,Hotel Cecil,Copenhagen,,1,4,The Way It Is,570,true,Bruce Hornsby,612,10,33,10,,false,",",false,
1689710506,2023-11-09,2023,Hotel Cecil,Copenhagen,,1,5,Earthling or Alien?,605,false,,807,10,35,10,,false,",",false,jam|peak
1689710506,2023-11-09,2023,Hotel Cecil,Copenhagen,,1,6,Yeti,416,false,Great Blue,458,5,93,0,,false,,false,opener
1689710506,2023-11-09,2023,Hotel Cecil,Copenhagen,,2,7,Creatures,420,false,,1168,3,112,0,,false,>,true,jam
1689710506,2023-11-09,2023,Hotel Cecil,Copenhagen,,2,8,Peggy-O,531,true,Grateful Dead,555,46,15,20,,false,",",false,
1689710506,2023-11-09,2023,Hotel Cecil,Copenhagen,,2,9,Tumble,418,false,Vasudo,844,4,96,0,,true,",",false,closer|jam|peak
1689710506,2023-11-09,2023,Hotel Cecil,Copenhagen,,2,10,726,432,false,,566,14,29,10,,false,",",false,encore
1689710506,2023-11-09,2023,Hotel Cecil,Copenhagen,,2,11,Dripfield,738,false,,874,5,36,0,,false,,false,closer|jam
1699616462,2023-11-10,2023,Rolling Stone Beach,Wendel,,1,1,All I Need,414,false,,596,3,127,0,,false,",",false,jam
1699616462,2023-11-10,2023,Rolling Stone Beach,Wendel,,1,2,The Whales,425,false,,490,3,33,0,,false,",",false,opener
1699616462,2023-11-10,2023,Rolling Stone Beach,Wendel,,1,3,Arrow,438,false,,1025,2,61,0,,false,",",false,opener|closer|jam
1699616462,2023-11-10,2023,Rolling Stone Beach,Wendel,,1,4,Lead Up,822,false,,378,6,17,0,,false,",",false,
1699616462,2023-11-10,2023,Rolling Stone Beach,Wendel,,1,5,Arcadia,403,false,,903,4,178,0,,false,,false,closer
1689710521,2023-11-11,2023,Gretchen,Berlin,,1,1,Mr. Action,817,false,,511,4,17,0,,false,",",false,
1689710521,2023-11-11,2023,Gretchen,Berlin,,1,2,Elizabeth,465,false,,551,10,53,10,,true,",",false,opener|jam
1689710521,2023-11-11,2023,Gretchen,Berlin,,1,3,Time to Flee,404,false,,743,12,98,10,,false,",",false,
1689710521,2023-11-11,2023,Gretchen,Berlin,,1,4,Rockdale,714,false,Vasudo,682,3,46,0,,false,",",false,opener|closer|jam
1689710521,2023-11-11,2023,Gretchen,Berlin,,1,5,I'm Writing A Novel,424,true,Father John Misty,531,22,10,20,,false,",",false,
1689710521,2023-11-11,2023,Gretchen,Berlin,,1,6,Hot Tea,408,false,Vasudo,789,3,127,0,,false,,false,closer
1689710521,2023-11-11,2023,Gretchen,Berlin,,2,7,Slow Ready,422,false,,722,6,71,0,,false,->,true,
1689710521,2023-11-11,2023,Gretchen,Berlin,,2,8,Same Old Shenanigans,541,false,,840,5,42,0,,false,>,true,closer
1689710521,2023-11-11,2023,Gretchen,Berlin,,2,9,Rosewood Heart,412,false,,895,9,55,10,,true,>,true,jam|peak
1689710521,2023-11-11,2023,Gretchen,Berlin,,2,10,A Fifth Of Beethoven,434,true,Walter Murphy,298,37,13,20,,false,",",false,closer
1689710521,2023-11-11,2023,Gretchen,Berlin,,2,11,The Empress Of Organos,604,false,Vasudo,789,4,53,0,,false,,false,closer|jam
1689710564,2023-11-13,2023,AB Club,Brussels,,1,1,Lead the Way,406,false,,634,11,81,10,,false,",",false,opener
1689710564,2023-11-13,2023,AB Club,Brussels,,1,2,Green River,482,true,Creedence Clearwater Revival,509,63,27,35,,true,",",false,
1689710564,2023-11-13,2023,AB Club,Brussels,,1,3,Animal,764,false,,1581,3,39,0,,true,",",false,opener|closer
1689710564,2023-11-13,2023,AB Club,Brussels,,1,4,Seekers on the Ridge pt I,609,false,,405,13,35,10,,false,>,true,
1689710564,2023-11-13,2023,AB Club,Brussels,,1,5,Seekers on the Ridge pt II,610,false,,302,13,35,10,,false,",",false,
1689710564,2023-11-13,2023,AB Club,Brussels,,1,6,Red Bird,536,false,,964,5,33,0,,false,->,true,jam
1689710564,2023-11-13,2023,AB Club,Brussels,,1,7,Inside Out,499,true,Spoon,908,18,13,10,,true,",",false,jam
1689710564,2023-11-13,2023,AB Club,Brussels,,1,8,Hungersite,740,false,,842,3,41,0,,false,",",false,opener|jam
1689710564,2023-11-13,2023,AB Club,Brussels,,1,9,This Old Sea,572,false,,357,9,27,10,,false,",",false,jam
1689710564,2023-11-13,2023,AB Club,Brussels,,1,10,So Ready,421,false,,713,9,125,10,,false,,false,closer
1689710577,2023-11-15,2023,BAaD,Glasgow,,1,1,Jive I,411,false,,583,5,117,0,,false,",",false,
1689710577,2023-11-15,2023,BAaD,Glasgow,,1,2,Honeybee,490,false,,460,24,32,20,,false,",",false,
1689710577,2023-11-15,2023,BAaD,Glasgow,,1,3,Atlas Dogs,727,false,,393,5,31,0,,false,>,true,opener
1689710577,2023-11-15,2023,BAaD,Glasgow,,1,4,Jive Lee,502,false,,1072,19,73,10,,true,",",false,closer|jam
1689710577,2023-11-15,2023,BAaD,Glasgow,,1,5,Howard Johnson's Got His Ho-Jo Working,594,true,NRBQ,298,38,4,20,,false,",",false,opener|ballad
1689710577,2023-11-15,2023,BAaD,Glasgow,,1,6,Turned Clouds,400,false,,668,13,98,10,,false,",",false,
1689710577,2023-11-15,2023,BAaD,Glasgow,,1,7,Turbulence & The Night Rays,646,false,Vasudo,548,6,26,0,,false,,false,opener
1689710577,2023-11-15,2023,BAaD,Glasgow,,2,8,Pancakes,723,false,Great Blue,1371,4,39,0,,true,",",false,opener|closer|jam
1689710577,2023-11-15,2023,BAaD,Glasgow,,2,9,No Rain,525,true,Blind Melon,343,17,16,10,,false,->,true,opener|jam
1689710577,2023-11-15,2023,BAaD,Glasgow,,2,10,Bob Don,429,false,,398,6,44,0,,false,",",false,
1689710577,2023-11-15,2023,BAaD,Glasgow,,2,11,Echo of a Rose,463,false,Vasudo,789,5,87,0,,true,",",false,jam
1689710577,2023-11-15,2023,BAaD,Glasgow,,2,12,Dripfield,738,false,,1094,3,37,0,,false,,false,closer|jam
1689710600,2023-11-16,2023,Academy 2,Manchester,,1,1,Elizabeth,465,false,,535,2,54,0,,false,",",false,opener|jam
1689710600,2023-11-16,2023,Academy 2,Manchester,,1,2,Look Out Cleveland,591,true,The Band,608,27,8,20,,false,",",false,closer|jam|peak
1689710600,2023-11-16,2023,Academy 2,Manchester,,1,3,Flodown,478,false,Vasudo,510,4,137,0,,false,",",false,
1689710600,2023-11-16,2023,Academy 2,Manchester,,1,4,Everything Must Go,805,false,,1132,5,18,0,,true,",",false,jam
1689710600,2023-11-16,2023,Academy 2,Manchester,,1,5,California Magic,735,false,,444,5,30,0,,false,",",false,
1689710600,2023-11-16,2023,Academy 2,Manchester,,1,6,Tumble,418,false,Vasudo,911,4,97,0,,false,,false,closer|jam|peak
1689710600,2023-11-16,2023,Academy 2,Manchester,,2,7,I Would Die 4 U,867,true,Prince,500,10,2,10,,false,",",false,
1689710600,2023-11-16,2023,Academy 2,Manchester,,2,8,Thatch,809,false,,1007,5,27,0,,true,",",false,opener|closer|jam|peak
1689710600,2023-11-16,2023,Academy 2,Manchester,,2,9,Creatures,420,false,,1123,4,113,0,,true,>,true,jam
1689710600,2023-11-16,2023,Academy 2,Manchester,,2,10,Drive,462,false,,363,7,90,0,,false,>,true,opener|jam
1689710600,2023-11-16,2023,Academy 2,Manchester,,2,11,A Western Sun,435,false,,417,7,58,0,,false,>,true,
1689710600,2023-11-16,2023,Academy 2,Manchester,,2,12,Drive,462,false,,491,0,91,0,,true,,false,opener|jam
1689710616,2023-11-18,2023,Thekla,Bristol,,1,1,The Whales,425,false,,547,4,34,0,,false,",",false,opener
1689710616,2023-11-18,2023,Thekla,Bristol,,1,2,Butter Rum,415,false,Vasudo,884,13,100,10,,false,",",false,
1689710616,2023-11-18,2023,Thekla,Bristol,,1,3,Butterflies,763,false,Great Blue,454,7,14,0,,false,",",false,opener
1689710616,2023-11-18,2023,Thekla,Bristol,,1,4,Rockdale,714,false,Vasudo,796,3,47,0,,false,",",false,opener|closer|jam
1689710616,2023-11-18,2023,Thekla,Bristol,,1,5,Wysteria Lane,405,false,Vasudo,1060,6,97,0,,true,",",false,opener|jam|peak
1689710616,2023-11-18,2023,Thekla,Bristol,,1,6,All I Need,414,false,,809,4,128,0,,true,",",false,jam
1689710616,2023-11-18,2023,Thekla,Bristol,,1,7,Escape (The Piña Colada Song),469,true,Rupert Holmes,410,66,28,35,,false,",",false,opener|encore
1689710616,2023-11-18,2023,Thekla,Bristol,,1,8,Into the Myst,402,false,,367,7,58,0,,false,->,true,jam
1689710616,2023-11-18,2023,Thekla,Bristol,,1,9,Can't Get You Out Of My Head,426,true,Kylie Minogue,417,20,19,20,,false,->,true,
1689710616,2023-11-18,2023,Thekla,Bristol,,1,10,The Old Man's Boat,710,false,,435,21,23,20,,false,",",false,
1689710616,2023-11-18,2023,Thekla,Bristol,,1,11,White Lights,586,false,,492,13,65,10,,false,,false,closer|encore
1685665456,2023-11-19,2023,Electric Ballroom,London,,1,1,Arrow,438,false,,1124,5,62,0,,false,",",false,opener|closer|jam
1685665456,2023-11-19,2023,Electric Ballroom,London,,1,2,Borne,725,false,,412,8,30,10,,false,>,true,jam
1685665456,2023-11-19,2023,Electric Ballroom,London,,1,3,Lead Up,822,false,,341,5,18,0,,false,",",false,
1685665456,2023-11-19,2023,Electric Ballroom,London,,1,4,Rock The Casbah,431,true,The Clash,275,26,9,20,,false,>,true,encore
1685665456,2023-11-19,2023,Electric Ballroom,London,,1,5,Slow Ready,422,false,,740,4,72,0,,false,",",false,
1685665456,2023-11-19,2023,Electric Ballroom,London,,1,6,Silver Rising,736,false,,561,7,40,0,,false,>,true,
1685665456,2023-11-19,2023,Electric Ballroom,London,,1,7,Hot Tea,408,false,Vasudo,1100,4,128,0,,true,,false,closer
1685665456,2023-11-19,2023,Electric Ballroom,London,,2,8,Fish In The Sea,477,true,Fat Freddy's Drop,647,10,20,10,,false,>,true,opener
1685665456,2023-11-19,2023,Electric Ballroom,London,,2,9,Red Bird,536,false,,1052,3,34,0,,false,>,true,jam
1685665456,2023-11-19,2023,Electric Ballroom,London,,2,10,Moby,677,false,,227,11,17,10,,false,>,true,ballad
1685665456,2023-11-19,2023,Electric Ballroom,London,,2,11,Arcadia,403,false,,909,5,179,0,,false,",",false,closer
1685665456,2023-11-19,2023,Electric Ballroom,London,,2,12,The Empress Of Organos,604,false,Vasudo,264,4,54,0,,false,>,true,closer|jam
1685665456,2023-11-19,2023,Electric Ballroom,London,,2,13,Shama Lama Ding Dong,545,true,Otis Day and The Knights,328,13,38,10,,false,->,true,encore
1685665456,2023-11-19,2023,Electric Ballroom,London,,2,14,The Empress Of Organos,604,false,Vasudo,494,0,55,0,,false,,false,closer|jam
1685665473,2023-11-20,2023,Electric Ballroom,London,,1,1,Dr. Darkness,712,false,,426,8,28,10,,false,",",false,opener
1685665473,2023-11-20,2023,Electric Ballroom,London,,1,2,Yeti,416,false,Great Blue,535,7,94,0,,false,>,true,opener
1685665473,2023-11-20,2023,Electric Ballroom,London,,1,3,Mr. Action,817,false,,501,5,18,0,,false,",",false,
1685665473,2023-11-20,2023,Electric Ballroom,London,,1,4,Please Forgive Me,685,true,David Gray,512,13,9,10,,false,",",false,
1685665473,2023-11-20,2023,Electric Ballroom,London,,1,5,Hungersite,740,false,,1259,4,42,0,,true,>,true,opener|jam
1685665473,2023-11-20,2023,Electric Ballroom,London,,1,6,Seekers on the Ridge pt I,609,false,,383,4,36,0,,false,>,true,
1685665473,2023-11-20,2023,Electric Ballroom,London,,1,7,Seekers on the Ridge pt II,610,false,,298,4,36,0,,false,,false,
1685665473,2023-11-20,2023,Electric Ballroom,London,,2,8,Madhuvan,512,false,,1405,10,150,10,,true,",",false,opener|closer|jam
1685665473,2023-11-20,2023,Electric Ballroom,London,,2,9,Feel It Now,823,false,,601,8,15,10,,false,",",false,
1685665473,2023-11-20,2023,Electric Ballroom,London,,2,10,Thatch,809,false,,1039,2,28,0,,false,",",false,opener|closer|jam|peak
1685665473,2023-11-20,2023,Electric Ballroom,London,,2,11,Dripfield,738,false,,684,3,38,0,,false,,false,closer|jam
1689710643,2023-12-08,2023,Hampton Coliseum,Hampton,VA,1,1,Earthling or Alien?,605,false,,576,8,36,10,,false,",",false,jam|peak
1689710643,2023-12-08,2023,Hampton Coliseum,Hampton,VA,1,2,All I Need,414,false,,846,2,129,0,,true,",",false,jam
1689710643,2023-12-08,2023,Hampton Coliseum,Hampton,VA,1,3,Mirrors,883,true,Justin Timberlake,1373,0,1,0,,true,",",false,
1689710643,2023-12-08,2023,Hampton Coliseum,Hampton,VA,1,4,Tumble,418,false,Vasudo,1228,3,98,0,,false,",",false,closer|jam|peak
1689710643,2023-12-08,2023,Hampton Coliseum,Hampton,VA,1,5,Man in the Mirror,884,true,Michael Jackson,344,0,1,0,,false,,false,
1689710643,2023-12-08,2023,Hampton Coliseum,Hampton,VA,2,6,Fire,885,true,Jimi Hendrix,246,0,1,0,,false,",",false,
1689710643,2023-12-08,2023,Hampton Coliseum,Hampton,VA,2,7,Creatures,420,false,,1312,3,114,0,,true,>,true,jam
1689710643,2023-12-08,2023,Hampton Coliseum,Hampton,VA,2,8,(dawn),637,false,,621,15,4,10,,false,",",false,closer|encore
1689710643,2023-12-08,2023,Hampton Coliseum,Hampton,VA,2,9,Sex On Fire,886,true,Kings of Leon,197,0,1,0,,false,",",false,
1689710643,2023-12-08,2023,Hampton Coliseum,Hampton,VA,2,10,Butter Rum,415,false,Vasudo,684,2,101,0,,false,",",false,
1689710643,2023-12-08,2023,Hampton Coliseum,Hampton,VA,2,11,Arrow,438,false,,1078,1,63,0,,false,>,true,opener|closer|jam
1689710643,2023-12-08,2023,Hampton Coliseum,Hampton,VA,2,12,Burning Down the House,813,true,Talking Heads,455,425,2,50,,false,,false,
1689710643,2023-12-08,2023,Hampton Coliseum,Hampton,VA,E,13,So Ready,421,false,,281,5,126,0,,false,>,true,closer
1689710643,2023-12-08,2023,Hampton Coliseum,Hampton,VA,E,14,Slow Ready,422,false,,363,1,73,0,,false,>,true,
1689710643,2023-12-08,2023,Hampton Coliseum,Hampton,VA,E,15,Hot Tea,408,false,Vasudo,1033,1,129,0,,false,,false,closer
1689710651,2023-12-09,2023,Hampton Coliseum,Hampton,VA,1,1,Pancakes,723,false,Great Blue,774,5,40,0,,false,->,true,opener|closer|jam
1689710651,2023-12-09,2023,Hampton Coliseum,Hampton,VA,1,2,Doobie Song,461,false,,416,28,21,20,,false,",",false,closer|encore
1689710651,2023-12-09,2023,Hampton Coliseum,Hampton,VA,1,3,Circles,888,true,Post Malone,211,0,1,0,,false,",",false,
1689710651,2023-12-09,2023,Hampton Coliseum,Hampton,VA,1,4,99 Red Balloons,887,true,Nena,498,0,1,0,,false,>,true,
1689710651,2023-12-09,2023,Hampton Coliseum,Hampton,VA,1,5,Pancakes,723,false,Great Blue,221,0,41,0,,false,",",false,opener|closer|jam
1689710651,2023-12-09,2023,Hampton Coliseum,Hampton,VA,1,6,Big Blue,889,true,Vampire Weekend,111,0,1,0,,false,>,true,
1689710651,2023-12-09,2023,Hampton Coliseum,Hampton,VA,1,7,Dripfield,738,false,,1071,1,39,0,,true,",",false,closer|jam
1689710651,2023-12-09,2023,Hampton Coliseum,Hampton,VA,1,8,Red Bird,536,false,,780,2,35,0,,false,->,true,jam
1689710651,2023-12-09,2023,Hampton Coliseum,Hampton,VA,1,9,I’m Forever Blowing Bubbles,890,true,John Kellette,378,0,1,0,,false,,false,
1689710651,2023-12-09,2023,Hampton Coliseum,Hampton,VA,2,10,Jungle,891,true,ELO,743,0,1,0,,false,->,true,
1689710651,2023-12-09,2023,Hampton Coliseum,Hampton,VA,2,11,Animal,764,false,,689,6,40,0,,false,",",false,opener|closer
1689710651,2023-12-09,2023,Hampton Coliseum,Hampton,VA,2,12,Echo of a Rose,463,false,Vasudo,432,5,88,0,,false,->,true,jam
1689710651,2023-12-09,2023,Hampton Coliseum,Hampton,VA,2,13,Run Through The Jungle,893,true,Creedence Clearwater Revival,699,0,1,0,,true,->,true,
1689710651,2023-12-09,2023,Hampton Coliseum,Hampton,VA,2,14,Echo of a Rose,463,false,Vasudo,80,0,89,0,,false,",",false,jam
1689710651,2023-12-09,2023,Hampton Coliseum,Hampton,VA,2,15,The Way It Is,570,true,Bruce Hornsby,542,9,34,10,,false,",",false,
1689710651,2023-12-09,2023,Hampton Coliseum,Hampton,VA,2,16,The Empress Of Organos,604,false,Vasudo,276,2,56,0,,false,",",false,closer|jam
1689710651,2023-12-09,2023,Hampton Coliseum,Hampton,VA,2,17,Jungle Boogie,892,true,Kool & The Gang,321,0,1,0,,false,->,true,
1689710651,2023-12-09,2023,Hampton Coliseum,Hampton,VA,2,18,The Empress Of Organos,604,false,Vasudo,294,0,57,0,,false,,false,closer|jam
1689710651,2023-12-09,2023,Hampton Coliseum,Hampton,VA,E,19,Arcadia,403,false,,838,2,180,0,,true,,false,closer
1710264780,2024-04-07,2024,The Capitol Theatre,Port Chester,NY,1,1,Flodown,478,false,Vasudo,548,5,138,0,,false,",",false,
1710264780,2024-04-07,2024,The Capitol Theatre,Port Chester,NY,1,2,Rockdale,714,false,Vasudo,790,4,48,0,,false,",",false,opener|closer|jam
1710264780,2024-04-07,2024,The Capitol Theatre,Port Chester,NY,1,3,Drive,462,false,,1855,5,92,0,,true,",",false,opener|jam
1710264780,2024-04-07,2024,The Capitol Theatre,Port Chester,NY,1,4,Seekers on the Ridge pt I,609,false,,378,2,37,0,,false,>,true,
1710264780,2024-04-07,2024,The Capitol Theatre,Port Chester,NY,1,5,Seekers on the Ridge pt II,610,false,,288,2,37,0,,false,",",false,
1710264780,2024-04-07,2024,The Capitol Theatre,Port Chester,NY,1,6,Hot Love & The Lazy Poet,645,false,Vasudo,355,0,1,0,,false,",",false,opener
1710264780,2024-04-07,2024,The Capitol Theatre,Port Chester,NY,1,7,SALT,930,false,,708,0,1,0,,false,,false,opener|closer|encore
1710264780,2024-04-07,2024,The Capitol Theatre,Port Chester,NY,2,8,Eminence Front,468,true,The Who,609,177,8,50,,false,",",false,opener
1710264780,2024-04-07,2024,The Capitol Theatre,Port Chester,NY,2,9,Pancakes,723,false,Great Blue,1337,0,42,0,,true,",",false,opener|closer|jam
1710264780,2024-04-07,2024,The Capitol Theatre,Port Chester,NY,2,10,Creatures,420,false,,824,1,115,0,,false,>,true,jam
1710264780,2024-04-07,2024,The Capitol Theatre,Port Chester,NY,2,11,Everything Must Go,805,false,,1307,5,19,0,,true,",",false,jam
1710264780,2024-04-07,2024,The Capitol Theatre,Port Chester,NY,2,12,This Old Sea,572,false,,481,7,28,0,,true,->,true,jam
1710264780,2024-04-07,2024,The Capitol Theatre,Port Chester,NY,2,13,Factory Fiction,473,false,Vasudo,877,16,17,10,,false,,false,closer|jam|peak|encore
1710264780,2024-04-07,2024,The Capitol Theatre,Port Chester,NY,E,14,Yeti,416,false,Great Blue,691,2,95,0,,false,,false,opener
1710264790,2024-04-08,2024,The Capitol Theatre,Port Chester,NY,1,1,Dr. Darkness,712,false,,381,3,29,0,,false,>,true,opener
1710264790,2024-04-08,2024,The Capitol Theatre,Port Chester,NY,1,2,Turned Clouds,400,false,,757,7,99,0,,false,",",false,
1710264790,2024-04-08,2024,The Capitol Theatre,Port Chester,NY,1,3,Into the Myst,402,false,,1632,5,59,0,,true,>,true,jam
1710264790,2024-04-08,2024,The Capitol Theatre,Port Chester,NY,1,4,Arcadia,403,false,,1208,1,181,0,,false,",",false,closer
1710264790,2024-04-08,2024,The Capitol Theatre,Port Chester,NY,1,5,Lead the Way,406,false,,595,8,82,10,,false,,false,opener
1710264790,2024-04-08,2024,The Capitol Theatre,Port Chester,NY,2,6,Interlude I,407,false,,301,278,2,50,,false,->,true,
1710264790,2024-04-08,2024,The Capitol Theatre,Port Chester,NY,2,7,Indian River,410,false,,314,11,107,10,,false,",",false,
1710264790,2024-04-08,2024,The Capitol Theatre,Port Chester,NY,2,8,Interlude II,409,false,,381,0,1,0,,false,->,true,ballad
1710264790,2024-04-08,2024,The Capitol Theatre,Port Chester,NY,2,9,Jive I,411,false,,608,7,118,0,,false,",",false,
1710264790,2024-04-08,2024,The Capitol Theatre,Port Chester,NY,2,10,Rosewood Heart,412,false,,1507,9,56,10,,true,",",false,jam|peak
1710264790,2024-04-08,2024,The Capitol Theatre,Port Chester,NY,2,11,Interlude III,628,false,,206,0,1,0,,false,->,true,
1710264790,2024-04-08,2024,The Capitol Theatre,Port Chester,NY,2,12,Jive II,413,false,,800,11,75,10,,false,>,true,opener
1710264790,2024-04-08,2024,The Capitol Theatre,Port Chester,NY,2,13,Jive Lee,502,false,,617,7,74,0,,false,,false,closer|jam
1710264790,2024-04-08,2024,The Capitol Theatre,Port Chester,NY,E,14,Hot Tea,408,false,Vasudo,889,2,130,0,,false,,false,closer
1710264813,2024-04-09,2024,The Capitol Theatre,Port Chester,NY,1,1,Wysteria Lane,405,false,Vasudo,1053,6,98,0,,true,>,true,opener|jam|peak
1710264813,2024-04-09,2024,The Capitol Theatre,Port Chester,NY,1,2,Echo of a Rose,463,false,Vasudo,535,2,90,0,,false,>,true,jam
1710264813,2024-04-09,2024,The Capitol Theatre,Port Chester,NY,1,3,Bob Don,429,false,,476,8,45,10,,false,",",false,
1710264813,2024-04-09,2024,The Capitol Theatre,Port Chester,NY,1,4,It Burns Within,500,false,St. John's Revival,427,78,8,35,,false,",",false,
1710264813,2024-04-09,2024,The Capitol Theatre,Port Chester,NY,1,5,Thatch,809,false,,1106,4,29,0,,true,",",false,opener|closer|jam|peak
1710264813,2024-04-09,2024,The Capitol Theatre,Port Chester,NY,1,6,Give It Time,931,false,,534,0,1,0,,false,,false,closer|encore
1710264813,2024-04-09,2024,The Capitol Theatre,Port Chester,NY,2,7,Red Bird,536,false,,1387,2,36,0,,true,>,true,jam
1710264813,2024-04-09,2024,The Capitol Theatre,Port Chester,NY,2,8,So Ready,421,false,,778,3,127,0,,false,",",false,closer
1710264813,2024-04-09,2024,The Capitol Theatre,Port Chester,NY,2,9,Spirit Of The Dark Horse,557,false,,433,20,30,20,,false,>,true,
1710264813,2024-04-09,2024,The Capitol Theatre,Port Chester,NY,2,10,The Labyrinth,639,false,,657,19,8,10,,false,",",false,opener
1710264813,2024-04-09,2024,The Capitol Theatre,Port Chester,NY,2,11,Madhuvan,512,false,,1141,4,151,0,,true,,false,opener|closer|jam
1710264813,2024-04-09,2024,The Capitol Theatre,Port Chester,NY,E,12,Same Old Shenanigans,541,false,,925,10,43,10,,false,",",false,closer
1710264829,2024-04-10,2024,The Capitol Theatre,Port Chester,NY,1,1,Turbulence & The Night Rays,646,false,Vasudo,614,9,27,10,,false,",",false,opener
1710264829,2024-04-10,2024,The Capitol Theatre,Port Chester,NY,1,2,Earthling or Alien?,605,false,,1067,4,37,0,,false,",",false,jam|peak
1710264829,2024-04-10,2024,The Capitol Theatre,Port Chester,NY,1,3,Silver Rising,736,false,,589,6,41,0,,false,",",false,
1710264829,2024-04-10,2024,The Capitol Theatre,Port Chester,NY,1,4,Atlas Dogs,727,false,,995,9,32,10,,true,",",false,opener
1710264829,2024-04-10,2024,The Capitol Theatre,Port Chester,NY,1,5,How It Ends,933,false,Vasudo,307,0,1,0,,false,>,true,
1710264829,2024-04-10,2024,The Capitol Theatre,Port Chester,NY,1,6,Tumble,418,false,Vasudo,1414,4,99,0,,true,,false,closer|jam|peak
1710264829,2024-04-10,2024,The Capitol Theatre,Port Chester,NY,2,7,Gen X Cops,935,true,Vampire Weekend,233,0,1,0,,false,",",false,
1710264829,2024-04-10,2024,The Capitol Theatre,Port Chester,NY,2,8,Cape Cod Kwassa Kwassa ,934,true,Vampire Weekend,1895,0,1,0,,true,",",false,
1710264829,2024-04-10,2024,The Capitol Theatre,Port Chester,NY,2,9,Arrow,438,false,,1509,4,64,0,,true,",",false,opener|closer|jam
1710264829,2024-04-10,2024,The Capitol Theatre,Port Chester,NY,2,10,Borne,725,false,,378,6,31,0,,false,>,true,jam
1710264829,2024-04-10,2024,The Capitol Theatre,Port Chester,NY,2,11,Hungersite,740,false,,1219,5,43,0,,true,>,true,opener|jam
1710264829,2024-04-10,2024,The Capitol Theatre,Port Chester,NY,2,12,Dripfield,738,false,,940,3,40,0,,false,,false,closer|jam
1710264829,2024-04-10,2024,The Capitol Theatre,Port Chester,NY,E,13,Slow Ready,422,false,,787,4,74,0,,false,,false,
1713972776,2024-04-24,2024,Clune Auditorium at Wilton High School,Wilton,CT,1,1,Animal,764,false,,599,4,41,0,,false,",",false,opener|closer
1713972776,2024-04-24,2024,Clune Auditorium at Wilton High School,Wilton,CT,1,2,Arcadia,403,false,,628,2,182,0,,false,",",false,closer
1713972776,2024-04-24,2024,Clune Auditorium at Wilton High School,Wilton,CT,1,3,Give It Time,931,false,,490,1,2,0,,false,",",false,closer|encore
1713972776,2024-04-24,2024,Clune Auditorium at Wilton High School,Wilton,CT,1,4,Creatures,420,false,,505,3,116,0,,false,",",false,jam
1713972776,2024-04-24,2024,Clune Auditorium at Wilton High School,Wilton,CT,1,5,Circles,888,true,Post Malone,208,4,2,0,,false,",",false,
1713972776,2024-04-24,2024,Clune Auditorium at Wilton High School,Wilton,CT,1,6,Yeti,416,false,Great Blue,458,3,96,0,,false,",",false,opener
1713972776,2024-04-24,2024,Clune Auditorium at Wilton High School,Wilton,CT,1,7,Hot Tea,408,false,Vasudo,729,2,131,0,,false,,false,closer
1714142474,2024-04-24,2024,Clune Auditorium at Wilton High School,Wilton,CT,1,1,Thatch,809,false,,404,2,30,0,,false,",",false,opener|closer|jam|peak
1714142474,2024-04-24,2024,Clune Auditorium at Wilton High School,Wilton,CT,1,2,Jam,802,false,,488,85,21,35,,true,->,true,opener|jam
1714142474,2024-04-24,2024,Clune Auditorium at Wilton High School,Wilton,CT,1,3,Silver Rising,736,false,,562,1,42,0,,false,",",false,
1714142474,2024-04-24,2024,Clune Auditorium at Wilton High School,Wilton,CT,1,4,California Magic,735,false,,399,10,31,10,,false,",",false,
1714142474,2024-04-24,2024,Clune Auditorium at Wilton High School,Wilton,CT,1,5,Echo of a Rose,463,false,Vasudo,523,2,91,0,,false,",",false,jam
1714142474,2024-04-24,2024,Clune Auditorium at Wilton High School,Wilton,CT,1,6,Red Bird,536,false,,898,2,37,0,,false,->,true,jam
1714142474,2024-04-24,2024,Clune Auditorium at Wilton High School,Wilton,CT,1,7,Hungersite,740,false,,314,1,44,0,,false,>,true,opener|jam
1714142474,2024-04-24,2024,Clune Auditorium at Wilton High School,Wilton,CT,1,8,Ghostbusters,480,true,Ray Parker Jr.,297,364,4,50,,false,",",false,opener|closer
1714142474,2024-04-24,2024,Clune Auditorium at Wilton High School,Wilton,CT,1,9,Everything Must Go,805,false,,725,4,20,0,,false,",",false,jam
1714142474,2024-04-24,2024,Clune Auditorium at Wilton High School,Wilton,CT,1,10,Dripfield,738,false,,728,1,41,0,,false,",",false,closer|jam
1714142474,2024-04-24,2024,Clune Auditorium at Wilton High School,Wilton,CT,1,11,This Old Sea,572,false,,327,4,29,0,,false,",",false,jam
1714142474,2024-04-24,2024,Clune Auditorium at Wilton High School,Wilton,CT,1,12,The Empress Of Organos,604,false,Vasudo,791,5,58,0,,false,,false,closer|jam
1715813149,2024-05-11,2024,Regions Tower,Indianapolis,IN,1,1,Flodown,478,false,Vasudo,,5,139,0,,false,",",false,
1715813149,2024-05-11,2024,Regions Tower,Indianapolis,IN,1,2,Eminence Front,468,true,The Who,,5,9,0,,false,",",false,opener
1715813149,2024-05-11,2024,Regions Tower,Indianapolis,IN,1,3,Arcadia,403,false,,,1,183,0,,false,->,true,closer
1715813149,2024-05-11,2024,Regions Tower,Indianapolis,IN,1,4,Make The Move,514,true,Kenny Loggins,,47,18,20,,false,->,true,
1715813149,2024-05-11,2024,Regions Tower,Indianapolis,IN,1,5,Arcadia,403,false,,,0,184,0,,false,,false,closer
1703179698,2024-05-26,2024,Three Sisters Park,Chillicothe,IL,1,1,Hot Love & The Lazy Poet,645,false,Vasudo,365,6,2,0,,false,",",false,opener
1703179698,2024-05-26,2024,Three Sisters Park,Chillicothe,IL,1,2,Feel It Now,823,false,,608,9,16,10,,false,",",false,
1703179698,2024-05-26,2024,Three Sisters Park,Chillicothe,IL,1,3,Arcadia,403,false,,1139,0,185,0,,false,",",false,closer
1703179698,2024-05-26,2024,Three Sisters Park,Chillicothe,IL,1,4,Tumble,418,false,Vasudo,996,3,100,0,,false,",",false,closer|jam|peak
1703179698,2024-05-26,2024,Three Sisters Park,Chillicothe,IL,1,5,I Would Die 4 U,867,true,Prince,517,12,3,10,,false,",",false,
1703179698,2024-05-26,2024,Three Sisters Park,Chillicothe,IL,1,6,Same Old Shenanigans,541,false,,866,4,44,0,,false,,false,closer
1703179698,2024-05-26,2024,Three Sisters Park,Chillicothe,IL,2,7,Into the Myst,402,false,,851,5,60,0,,false,->,true,jam
1703179698,2024-05-26,2024,Three Sisters Park,Chillicothe,IL,2,8,Can't Get You Out Of My Head,426,true,Kylie Minogue,636,11,20,10,,true,",",false,
1703179698,2024-05-26,2024,Three Sisters Park,Chillicothe,IL,2,9,Arrow,438,false,,1187,3,65,0,,false,",",false,opener|closer|jam
1703179698,2024-05-26,2024,Three Sisters Park,Chillicothe,IL,2,10,Everything Must Go,805,false,,1223,1,21,0,,true,",",false,jam
1703179698,2024-05-26,2024,Three Sisters Park,Chillicothe,IL,2,11,Hot Tea,408,false,Vasudo,316,2,132,0,,false,,false,closer
1707240265,2024-06-04,2024,The Factory,Chesterfield,MO,1,1,All I Need,414,false,,1136,9,130,10,,true,->,true,jam
1707240265,2024-06-04,2024,The Factory,Chesterfield,MO,1,2,Time to Flee,404,false,,658,16,99,10,,false,->,true,
1707240265,2024-06-04,2024,The Factory,Chesterfield,MO,1,3,All I Need,414,false,,50,0,131,0,,false,>,true,jam
1707240265,2024-06-04,2024,The Factory,Chesterfield,MO,1,4,Time to Flee,404,false,,61,0,100,0,,false,",",false,
1707240265,2024-06-04,2024,The Factory,Chesterfield,MO,1,5,Mr. Action,817,false,,504,10,19,10,,false,",",false,
1707240265,2024-06-04,2024,The Factory,Chesterfield,MO,1,6,Borne,725,false,,1847,4,32,0,,true,,false,jam
1707240265,2024-06-04,2024,The Factory,Chesterfield,MO,2,7,Yeti,416,false,Great Blue,741,3,97,0,,false,",",false,opener
1707240265,2024-06-04,2024,The Factory,Chesterfield,MO,2,8,Slow Ready,422,false,,910,4,75,0,,false,->,true,
1707240265,2024-06-04,2024,The Factory,Chesterfield,MO,2,9,Mas Que Nada,513,true,Sergio Mendes,617,20,19,20,,false,",",false,
1707240265,2024-06-04,2024,The Factory,Chesterfield,MO,2,10,White Lights,586,false,,747,12,66,10,,false,",",false,closer|encore
1707240265,2024-06-04,2024,The Factory,Chesterfield,MO,2,11,Your Ocean,590,false,,459,20,29,20,,false,",",false,
1707240265,2024-06-04,2024,The Factory,Chesterfield,MO,2,12,The Empress Of Organos,604,false,Vasudo,1295,2,59,0,,true,,false,closer|jam
1707240265,2024-06-04,2024,The Factory,Chesterfield,MO,E,13,Please Forgive Me,685,true,David Gray,491,10,10,10,,false,,false,
1707240279,2024-06-05,2024,The Factory,Chesterfield,MO,1,1,Atlas Dogs,727,false,,409,5,33,0,,false,>,true,opener
1707240279,2024-06-05,2024,The Factory,Chesterfield,MO,1,2,Turbulence & The Night Rays,646,false,Vasudo,592,5,28,0,,false,",",false,opener
1707240279,2024-06-05,2024,The Factory,Chesterfield,MO,1,3,Earthling or Alien?,605,false,,744,5,38,0,,false,",",false,jam|peak
1707240279,2024-06-05,2024,The Factory,Chesterfield,MO,1,4,It Burns Within,500,false,St. John's Revival,402,6,9,0,,false,",",false,
1707240279,2024-06-05,2024,The Factory,Chesterfield,MO,1,5,Tumble,418,false,Vasudo,1358,1,101,0,,true,",",false,closer|jam|peak
1707240279,2024-06-05,2024,The Factory,Chesterfield,MO,1,6,Rockdale,714,false,Vasudo,785,8,49,10,,false,,false,opener|closer|jam
1707240279,2024-06-05,2024,The Factory,Chesterfield,MO,2,7,Thatch,809,false,,957,3,31,0,,true,",",false,opener|closer|jam|peak
1707240279,2024-06-05,2024,The Factory,Chesterfield,MO,2,8,Creatures,420,false,,852,4,117,0,,false,>,true,jam
1707240279,2024-06-05,2024,The Factory,Chesterfield,MO,2,9,Red Bird,536,false,,1397,3,38,0,,true,->,true,jam
1707240279,2024-06-05,2024,The Factory,Chesterfield,MO,2,10,Tomorrow Never Knows,573,true,The Beatles,937,21,11,20,,true,,false,encore
1707240279,2024-06-05,2024,The Factory,Chesterfield,MO,E,11,Don't Do It,460,true,The Band,484,37,32,20,,false,,false,closer|encore
1707240294,2024-06-07,2024,Fiddler&#039;s Green Amphitheatre,Greenwood Village,CO,1,1,Hot Love & The Lazy Poet,645,false,Vasudo,357,2,3,0,,false,>,true,opener
1707240294,2024-06-07,2024,Fiddler&#039;s Green Amphitheatre,Greenwood Village,CO,1,2,The Whales,425,false,,501,14,35,10,,false,>,true,opener
1707240294,2024-06-07,2024,Fiddler&#039;s Green Amphitheatre,Greenwood Village,CO,1,3,No California,911,true,Ilsey Juber,369,0,1,0,,false,",",false,
1707240294,2024-06-07,2024,Fiddler&#039;s Green Amphitheatre,Greenwood Village,CO,1,4,Jive I,411,false,,667,8,119,10,,false,>,true,
1707240294,2024-06-07,2024,Fiddler&#039;s Green Amphitheatre,Greenwood Village,CO,1,5,Jive Lee,502,false,,1305,8,75,10,,true,",",false,closer|jam
1707240294,2024-06-07,2024,Fiddler&#039;s Green Amphitheatre,Greenwood Village,CO,1,6,Seekers on the Ridge pt I,609,false,,400,9,38,10,,false,>,true,
1707240294,2024-06-07,2024,Fiddler&#039;s Green Amphitheatre,Greenwood Village,CO,1,7,Seekers on the Ridge pt II,610,false,,303,9,38,10,,false,",",false,
1707240294,2024-06-07,2024,Fiddler&#039;s Green Amphitheatre,Greenwood Village,CO,1,8,Animal,764,false,,900,5,42,0,,false,,false,opener|closer
1707240294,2024-06-07,2024,Fiddler&#039;s Green Amphitheatre,Greenwood Village,CO,2,9,Wysteria Lane,405,false,Vasudo,1062,7,99,0,,true,>,true,opener|jam|peak
1707240294,2024-06-07,2024,Fiddler&#039;s Green Amphitheatre,Greenwood Village,CO,2,10,Feel It Now,823,false,,676,2,17,0,,false,",",false,
1707240294,2024-06-07,2024,Fiddler&#039;s Green Amphitheatre,Greenwood Village,CO,2,11,Hungersite,740,false,,1254,4,45,0,,true,",",false,opener|jam
1707240294,2024-06-07,2024,Fiddler&#039;s Green Amphitheatre,Greenwood Village,CO,2,12,Peggy-O,531,true,Grateful Dead,537,20,16,20,,false,",",false,
1707240294,2024-06-07,2024,Fiddler&#039;s Green Amphitheatre,Greenwood Village,CO,2,13,Dripfield,738,false,,962,4,42,0,,true,,false,closer|jam
1707240294,2024-06-07,2024,Fiddler&#039;s Green Amphitheatre,Greenwood Village,CO,E,14,(dawn),637,false,,445,11,5,10,,false,,false,closer|encore
1707240309,2024-06-08,2024,Fiddler&#039;s Green Amphitheatre,Greenwood Village,CO,1,1,Turned Clouds,400,false,,642,9,100,10,,false,",",false,
1707240309,2024-06-08,2024,Fiddler&#039;s Green Amphitheatre,Greenwood Village,CO,1,2,Look Out Cleveland,591,true,The Band,633,16,9,10,,false,",",false,closer|jam|peak
1707240309,2024-06-08,2024,Fiddler&#039;s Green Amphitheatre,Greenwood Village,CO,1,3,Lead Up,822,false,,336,14,19,10,,false,",",false,
1707240309,2024-06-08,2024,Fiddler&#039;s Green Amphitheatre,Greenwood Village,CO,1,4,California Magic,735,false,,470,5,32,0,,false,",",false,
1707240309,2024-06-08,2024,Fiddler&#039;s Green Amphitheatre,Greenwood Village,CO,1,5,Drive,462,false,,1820,10,93,10,,true,>,true,opener|jam
1707240309,2024-06-08,2024,Fiddler&#039;s Green Amphitheatre,Greenwood Village,CO,1,6,Give It Time,931,false,,524,6,3,0,,false,,false,closer|encore
1707240309,2024-06-08,2024,Fiddler&#039;s Green Amphitheatre,Greenwood Village,CO,2,7,Madhuvan,512,false,,1979,8,152,10,,true,",",false,opener|closer|jam
1707240309,2024-06-08,2024,Fiddler&#039;s Green Amphitheatre,Greenwood Village,CO,2,8,Silver Rising,736,false,,522,5,43,0,,false,",",false,
1707240309,2024-06-08,2024,Fiddler&#039;s Green Amphitheatre,Greenwood Village,CO,2,9,Arrow,438,false,,770,3,66,0,,false,->,true,opener|closer|jam
1707240309,2024-06-08,2024,Fiddler&#039;s Green Amphitheatre,Greenwood Village,CO,2,10,Hollywood Nights,488,true,Bob Seger & The Silver Bullet Band,447,33,9,20,,false,,false,
1707240309,2024-06-08,2024,Fiddler&#039;s Green Amphitheatre,Greenwood Village,CO,E,11,Travelers,574,false,,601,52,23,35,,false,>,true,
1707240309,2024-06-08,2024,Fiddler&#039;s Green Amphitheatre,Greenwood Village,CO,E,12,Elmeg The Wise,466,false,St. John's Revival,747,87,18,35,,false,,false,closer|encore
1707240478,2024-06-10,2024,Steelhouse,Omaha,NE,1,1,Dr. Darkness,712,false,,422,10,30,10,,false,",",false,opener
1707240478,2024-06-10,2024,Steelhouse,Omaha,NE,1,2,Howard Johnson's Got His Ho-Jo Working,594,true,NRBQ,315,18,5,10,,false,",",false,opener|ballad
1707240478,2024-06-10,2024,Steelhouse,Omaha,NE,1,3,Indian River,410,false,,595,10,108,10,,false,->,true,
1707240478,2024-06-10,2024,Steelhouse,Omaha,NE,1,4,Cantaloupe Island,444,true,Herbie Hancock,432,26,10,20,,false,",",false,
1707240478,2024-06-10,2024,Steelhouse,Omaha,NE,1,5,Echo of a Rose,463,false,Vasudo,1157,6,92,0,,false,>,true,jam
1707240478,2024-06-10,2024,Steelhouse,Omaha,NE,1,6,Honeybee,490,false,,463,18,33,10,,false,>,true,
1707240478,2024-06-10,2024,Steelhouse,Omaha,NE,1,7,Bob Don,429,false,,560,9,46,10,,false,->,true,
1707240478,2024-06-10,2024,Steelhouse,Omaha,NE,1,8,Echo of a Rose,463,false,Vasudo,79,0,93,0,,false,>,true,jam
1707240478,2024-06-10,2024,Steelhouse,Omaha,NE,1,9,Butter Rum,415,false,Vasudo,995,13,102,10,,true,,false,
1707240478,2024-06-10,2024,Steelhouse,Omaha,NE,2,10,Pancakes,723,false,Great Blue,1233,11,43,10,,false,",",false,opener|closer|jam
1707240478,2024-06-10,2024,Steelhouse,Omaha,NE,2,11,Into the Myst,402,false,,838,4,61,0,,false,>,true,jam
1707240478,2024-06-10,2024,Steelhouse,Omaha,NE,2,12,The Old Man's Boat,710,false,,815,16,24,10,,false,>,true,
1707240478,2024-06-10,2024,Steelhouse,Omaha,NE,2,13,Arcadia,403,false,,1206,4,186,0,,true,,false,closer
1707240478,2024-06-10,2024,Steelhouse,Omaha,NE,E,14,The Way It Is,570,true,Bruce Hornsby,673,12,35,10,,false,,false,
1707240531,2024-06-11,2024,The Midland Theatre,Kansas City,MO,1,1,Butterflies,763,false,Great Blue,473,17,15,10,,false,",",false,opener
1707240531,2024-06-11,2024,The Midland Theatre,Kansas City,MO,1,2,Lead the Way,406,false,,675,11,83,10,,false,",",false,opener
1707240531,2024-06-11,2024,The Midland Theatre,Kansas City,MO,1,3,Flodown,478,false,Vasudo,686,6,140,0,,false,",",false,
1707240531,2024-06-11,2024,The Midland Theatre,Kansas City,MO,1,4,Inside Out,499,true,Spoon,1488,20,14,20,,true,>,true,jam
1707240531,2024-06-11,2024,The Midland Theatre,Kansas City,MO,1,5,A Fifth Of Beethoven,434,true,Walter Murphy,396,21,14,20,,false,",",false,closer
1707240531,2024-06-11,2024,The Midland Theatre,Kansas City,MO,1,6,So Ready,421,false,,733,10,128,10,,false,,false,closer
1707240531,2024-06-11,2024,The Midland Theatre,Kansas City,MO,2,7,Rockdale,714,false,Vasudo,925,3,50,0,,false,->,true,opener|closer|jam
1707240531,2024-06-11,2024,The Midland Theatre,Kansas City,MO,2,8,Spirit Of The Dark Horse,557,false,,589,10,31,10,,false,>,true,
1707240531,2024-06-11,2024,The Midland Theatre,Kansas City,MO,2,9,Hungersite,740,false,,1452,2,46,0,,true,>,true,opener|jam
1707240531,2024-06-11,2024,The Midland Theatre,Kansas City,MO,2,10,A Western Sun,435,false,,435,18,59,10,,false,",",false,
1707240531,2024-06-11,2024,The Midland Theatre,Kansas City,MO,2,11,Hot Tea,408,false,Vasudo,876,5,133,0,,false,,false,closer
1707240531,2024-06-11,2024,The Midland Theatre,Kansas City,MO,E,12,Jive II,413,false,,759,11,76,10,,false,,false,opener
1707240597,2024-06-12,2024,Everwise Amphitheater at White River State Park,Indianapolis,IN,1,1,Doc Brown,459,false,Great Blue,474,32,40,20,,false,",",false,
1707240597,2024-06-12,2024,Everwise Amphitheater at White River State Park,Indianapolis,IN,1,2,All I Need,414,false,,967,5,132,0,,false,",",false,jam
1707240597,2024-06-12,2024,Everwise Amphitheater at White River State Park,Indianapolis,IN,1,3,I'm Writing A Novel,424,true,Father John Misty,508,22,11,20,,false,",",false,
1707240597,2024-06-12,2024,Everwise Amphitheater at White River State Park,Indianapolis,IN,1,4,Atlas Dogs,727,false,,357,4,34,0,,false,",",false,opener
1707240597,2024-06-12,2024,Everwise Amphitheater at White River State Park,Indianapolis,IN,1,5,Yeti,416,false,Great Blue,650,5,98,0,,false,>,true,opener
1707240597,2024-06-12,2024,Everwise Amphitheater at White River State Park,Indianapolis,IN,1,6,Everything Must Go,805,false,,1226,6,22,0,,true,,false,jam
1707240597,2024-06-12,2024,Everwise Amphitheater at White River State Park,Indianapolis,IN,2,7,Danger Zone,457,true,Kenny Loggins,247,47,19,20,,false,>,true,
1707240597,2024-06-12,2024,Everwise Amphitheater at White River State Park,Indianapolis,IN,2,8,Creatures,420,false,,851,4,118,0,,false,->,true,jam
1707240597,2024-06-12,2024,Everwise Amphitheater at White River State Park,Indianapolis,IN,2,9,Shama Lama Ding Dong,545,true,Otis Day and The Knights,418,17,39,10,,false,>,true,encore
1707240597,2024-06-12,2024,Everwise Amphitheater at White River State Park,Indianapolis,IN,2,10,Moby,677,false,,276,17,18,10,,false,>,true,ballad
1707240597,2024-06-12,2024,Everwise Amphitheater at White River State Park,Indianapolis,IN,2,11,Dripfield,738,false,,1156,3,43,0,,false,->,true,closer|jam
1707240597,2024-06-12,2024,Everwise Amphitheater at White River State Park,Indianapolis,IN,2,12,Rosewood Heart,412,false,,1100,12,57,10,,true,,false,jam|peak
1707240597,2024-06-12,2024,Everwise Amphitheater at White River State Park,Indianapolis,IN,E,13,The Empress Of Organos,604,false,Vasudo,890,5,60,0,,false,,false,closer|jam
1701282961,2024-06-14,2024,Northlands Live,Swanzey,NH,1,1,Turbulence & The Night Rays,646,false,Vasudo,592,5,29,0,,false,",",false,opener
1701282961,2024-06-14,2024,Northlands Live,Swanzey,NH,1,2,Earthling or Alien?,605,false,,1242,5,39,0,,true,>,true,jam|peak
1701282961,2024-06-14,2024,Northlands Live,Swanzey,NH,1,3,Turned Clouds,400,false,,640,3,101,0,,false,",",false,
1701282961,2024-06-14,2024,Northlands Live,Swanzey,NH,1,4,Jive I,411,false,,611,4,120,0,,false,>,true,
1701282961,2024-06-14,2024,Northlands Live,Swanzey,NH,1,5,Jive Lee,502,false,,1262,4,76,0,,true,,false,closer|jam
1701282961,2024-06-14,2024,Northlands Live,Swanzey,NH,2,6,Same Old Shenanigans,541,false,,867,7,45,0,,false,>,true,closer
1701282961,2024-06-14,2024,Northlands Live,Swanzey,NH,2,7,Thatch,809,false,,1096,5,32,0,,true,",",false,opener|closer|jam|peak
1701282961,2024-06-14,2024,Northlands Live,Swanzey,NH,2,8,Wysteria Lane,405,false,Vasudo,1040,4,100,0,,true,>,true,opener|jam|peak
1701282961,2024-06-14,2024,Northlands Live,Swanzey,NH,2,9,Eminence Front,468,true,The Who,557,8,10,10,,false,",",false,opener
1701282961,2024-06-14,2024,Northlands Live,Swanzey,NH,2,10,Feel It Now,823,false,,515,4,18,0,,false,",",false,
1701282961,2024-06-14,2024,Northlands Live,Swanzey,NH,2,11,Animal,764,false,,331,4,43,0,,false,,false,opener|closer
1707240660,2024-06-15,2024,Constellation Brands-Marvin Sands Performing Arts Center,Canandaigua,NY,1,1,Hot Love & The Lazy Poet,645,false,Vasudo,370,5,4,0,,false,",",false,opener
1707240660,2024-06-15,2024,Constellation Brands-Marvin Sands Performing Arts Center,Canandaigua,NY,1,2,Mr. Action,817,false,,519,7,20,0,,false,",",false,
1707240660,2024-06-15,2024,Constellation Brands-Marvin Sands Performing Arts Center,Canandaigua,NY,1,3,Me & My Uncle,592,true,John Philips,426,29,35,20,,false,",",false,opener
1707240660,2024-06-15,2024,Constellation Brands-Marvin Sands Performing Arts Center,Canandaigua,NY,1,4,Seekers on the Ridge pt I,609,false,,400,5,39,0,,false,>,true,
1707240660,2024-06-15,2024,Constellation Brands-Marvin Sands Performing Arts Center,Canandaigua,NY,1,5,Seekers on the Ridge pt II,610,false,,316,5,39,0,,false,",",false,
1707240660,2024-06-15,2024,Constellation Brands-Marvin Sands Performing Arts Center,Canandaigua,NY,1,6,Drive,462,false,,1113,4,94,0,,false,",",false,opener|jam
1707240660,2024-06-15,2024,Constellation Brands-Marvin Sands Performing Arts Center,Canandaigua,NY,1,7,So Ready,421,false,,855,2,129,0,,false,,false,closer
1707240660,2024-06-15,2024,Constellation Brands-Marvin Sands Performing Arts Center,Canandaigua,NY,2,8,Fish In The Sea,477,true,Fat Freddy's Drop,787,19,21,10,,false,",",false,opener
1707240660,2024-06-15,2024,Constellation Brands-Marvin Sands Performing Arts Center,Canandaigua,NY,2,9,Tumble,418,false,Vasudo,1273,6,102,0,,true,",",false,closer|jam|peak
1707240660,2024-06-15,2024,Constellation Brands-Marvin Sands Performing Arts Center,Canandaigua,NY,2,10,Red Bird,536,false,,1139,6,39,0,,false,>,true,jam
1707240660,2024-06-15,2024,Constellation Brands-Marvin Sands Performing Arts Center,Canandaigua,NY,2,11,726,432,false,,488,26,30,20,,false,>,true,encore
1707240660,2024-06-15,2024,Constellation Brands-Marvin Sands Performing Arts Center,Canandaigua,NY,2,12,Arcadia,403,false,,702,3,187,0,,false,,false,closer
1707240660,2024-06-15,2024,Constellation Brands-Marvin Sands Performing Arts Center,Canandaigua,NY,E,13,Madhuvan,512,false,,880,4,153,0,,false,,false,opener|closer|jam
1707240691,2024-06-16,2024,Jacobs Pavilion at Nautica,Cleveland,OH,1,1,Elizabeth,465,false,,544,22,55,20,,false,",",false,opener|jam
1707240691,2024-06-16,2024,Jacobs Pavilion at Nautica,Cleveland,OH,1,2,Lead Up,822,false,,339,5,20,0,,false,>,true,
1707240691,2024-06-16,2024,Jacobs Pavilion at Nautica,Cleveland,OH,1,3,Echo of a Rose,463,false,Vasudo,555,4,94,0,,false,->,true,jam
1707240691,2024-06-16,2024,Jacobs Pavilion at Nautica,Cleveland,OH,1,4,Green River,482,true,Creedence Clearwater Revival,394,24,28,20,,false,>,true,
1707240691,2024-06-16,2024,Jacobs Pavilion at Nautica,Cleveland,OH,1,5,Echo of a Rose,463,false,Vasudo,68,0,95,0,,false,",",false,jam
1707240691,2024-06-16,2024,Jacobs Pavilion at Nautica,Cleveland,OH,1,6,Your Ocean,590,false,,471,8,30,10,,false,",",false,
1707240691,2024-06-16,2024,Jacobs Pavilion at Nautica,Cleveland,OH,1,7,Time to Flee,404,false,,1121,8,101,10,,true,",",false,
1707240691,2024-06-16,2024,Jacobs Pavilion at Nautica,Cleveland,OH,1,8,Butter Rum,415,false,Vasudo,751,4,103,0,,false,,false,
1707240691,2024-06-16,2024,Jacobs Pavilion at Nautica,Cleveland,OH,2,9,Arrow,438,false,,1601,5,67,0,,true,",",false,opener|closer|jam
1707240691,2024-06-16,2024,Jacobs Pavilion at Nautica,Cleveland,OH,2,10,Borne,725,false,,427,8,33,10,,false,>,true,jam
1707240691,2024-06-16,2024,Jacobs Pavilion at Nautica,Cleveland,OH,2,11,Sleepwalk,551,true,Santo & Johnny,316,76,4,35,,false,>,true,closer
1707240691,2024-06-16,2024,Jacobs Pavilion at Nautica,Cleveland,OH,2,12,Borne,725,false,,960,0,34,0,,false,>,true,jam
1707240691,2024-06-16,2024,Jacobs Pavilion at Nautica,Cleveland,OH,2,13,Electric Avenue,464,true,Eddy Grant,487,28,35,20,,false,",",false,
1707240691,2024-06-16,2024,Jacobs Pavilion at Nautica,Cleveland,OH,2,14,White Lights,586,false,,708,8,67,10,,false,,false,closer|encore
1707240691,2024-06-16,2024,Jacobs Pavilion at Nautica,Cleveland,OH,E,15,Slow Ready,422,false,,732,8,76,10,,false,,false,
1707240752,2024-06-18,2024,Red Hat Amphitheater,Raleigh,NC,1,1,The Whales,425,false,,579,7,36,0,,false,",",false,opener
1707240752,2024-06-18,2024,Red Hat Amphitheater,Raleigh,NC,1,2,Atlas Dogs,727,false,,1298,3,35,0,,true,->,true,opener
1707240752,2024-06-18,2024,Red Hat Amphitheater,Raleigh,NC,1,3,Rockdale,714,false,Vasudo,684,4,51,0,,false,->,true,opener|closer|jam
1707240752,2024-06-18,2024,Red Hat Amphitheater,Raleigh,NC,1,4,Weird Fishes / Arpeggi,428,true,Radiohead,446,80,9,35,,false,>,true,
1707240752,2024-06-18,2024,Red Hat Amphitheater,Raleigh,NC,1,5,Indian River,410,false,,624,5,109,0,,false,->,true,
1707240752,2024-06-18,2024,Red Hat Amphitheater,Raleigh,NC,1,6,Flodown,478,false,Vasudo,579,4,141,0,,false,,false,
1707240752,2024-06-18,2024,Red Hat Amphitheater,Raleigh,NC,2,7,Animal,764,false,,891,2,44,0,,false,",",false,opener|closer
1707240752,2024-06-18,2024,Red Hat Amphitheater,Raleigh,NC,2,8,Pancakes,723,false,Great Blue,1531,5,44,0,,true,",",false,opener|closer|jam
1707240752,2024-06-18,2024,Red Hat Amphitheater,Raleigh,NC,2,9,Into the Myst,402,false,,796,5,62,0,,false,>,true,jam
1707240752,2024-06-18,2024,Red Hat Amphitheater,Raleigh,NC,2,10,Magic Carpet Ride,719,true,Steppenwolf,507,40,11,20,,false,",",false,encore
1707240752,2024-06-18,2024,Red Hat Amphitheater,Raleigh,NC,2,11,This Old Sea,572,false,,382,12,30,10,,false,",",false,jam
1707240752,2024-06-18,2024,Red Hat Amphitheater,Raleigh,NC,2,12,Hot Tea,408,false,Vasudo,627,4,134,0,,false,,false,closer
1707240752,2024-06-18,2024,Red Hat Amphitheater,Raleigh,NC,E,13,Escape (The Piña Colada Song),469,true,Rupert Holmes,428,22,29,20,,false,,false,opener|encore
1707240781,2024-06-20,2024,Fox Theatre,Atlanta,GA,1,1,Butterflies,763,false,Great Blue,448,5,16,0,,false,",",false,opener
1707240781,2024-06-20,2024,Fox Theatre,Atlanta,GA,1,2,California Magic,735,false,,422,7,33,0,,false,",",false,
1707240781,2024-06-20,2024,Fox Theatre,Atlanta,GA,1,3,All I Need,414,false,,1238,4,133,0,,false,>,true,jam
1707240781,2024-06-20,2024,Fox Theatre,Atlanta,GA,1,4,I'm Alright,496,true,Kenny Loggins,383,60,17,35,,false,>,true,
1707240781,2024-06-20,2024,Fox Theatre,Atlanta,GA,1,5,Make The Move,514,true,Kenny Loggins,177,12,19,10,,false,",",false,
1707240781,2024-06-20,2024,Fox Theatre,Atlanta,GA,1,6,Jive I,411,false,,605,3,121,0,,false,",",false,
1707240781,2024-06-20,2024,Fox Theatre,Atlanta,GA,1,7,Jive II,413,false,,709,5,77,0,,false,>,true,opener
1707240781,2024-06-20,2024,Fox Theatre,Atlanta,GA,1,8,Jive Lee,502,false,,539,3,77,0,,false,,false,closer|jam
1707240781,2024-06-20,2024,Fox Theatre,Atlanta,GA,2,9,The Labyrinth,639,false,,686,16,9,10,,false,>,true,opener
1707240781,2024-06-20,2024,Fox Theatre,Atlanta,GA,2,10,So Ready,421,false,,788,2,130,0,,false,",",false,closer
1707240781,2024-06-20,2024,Fox Theatre,Atlanta,GA,2,11,Mississippi Half-Step Uptown Toodeloo,517,true,Grateful Dead,1591,47,32,20,,true,",",false,jam
1707240781,2024-06-20,2024,Fox Theatre,Atlanta,GA,2,12,The Old Man's Boat,710,false,,427,6,25,0,,false,",",false,
1707240781,2024-06-20,2024,Fox Theatre,Atlanta,GA,2,13,The Empress Of Organos,604,false,Vasudo,990,4,61,0,,false,,false,closer|jam
1707240781,2024-06-20,2024,Fox Theatre,Atlanta,GA,E,14,Doobie Song,461,false,,438,19,22,10,,false,,false,closer|encore
1707240794,2024-06-21,2024,Fox Theatre,Atlanta,GA,1,1,The Killing Moon,606,true,Echo & The Bunnymen,340,37,5,20,,false,",",false,opener
1707240794,2024-06-21,2024,Fox Theatre,Atlanta,GA,1,2,Elizabeth,465,false,,794,2,56,0,,true,",",false,opener|jam
1707240794,2024-06-21,2024,Fox Theatre,Atlanta,GA,1,3,Dr. Darkness,712,false,,388,7,31,0,,false,>,true,opener
1707240794,2024-06-21,2024,Fox Theatre,Atlanta,GA,1,4,Rock The Casbah,431,true,The Clash,287,23,10,20,,false,",",false,encore
1707240794,2024-06-21,2024,Fox Theatre,Atlanta,GA,1,5,Drive,462,false,,1346,3,95,0,,true,>,true,opener|jam
1707240794,2024-06-21,2024,Fox Theatre,Atlanta,GA,1,6,Bob Don,429,false,,360,7,47,0,,false,",",false,
1707240794,2024-06-21,2024,Fox Theatre,Atlanta,GA,1,7,Everything Must Go,805,false,,805,5,23,0,,false,,false,jam
1707240794,2024-06-21,2024,Fox Theatre,Atlanta,GA,2,8,Hungersite,740,false,,1314,6,47,0,,false,>,true,opener|jam
1707240794,2024-06-21,2024,Fox Theatre,Atlanta,GA,2,9,Give It Time,931,false,,465,8,4,10,,false,",",false,closer|encore
1707240794,2024-06-21,2024,Fox Theatre,Atlanta,GA,2,10,Thatch,809,false,,1050,4,33,0,,true,",",false,opener|closer|jam|peak
1707240794,2024-06-21,2024,Fox Theatre,Atlanta,GA,2,11,Feel It Now,823,false,,529,4,19,0,,false,",",false,
1707240794,2024-06-21,2024,Fox Theatre,Atlanta,GA,2,12,726,432,false,,459,3,31,0,,false,>,true,encore
1707240794,2024-06-21,2024,Fox Theatre,Atlanta,GA,2,13,Dripfield,738,false,,773,5,44,0,,false,,false,closer|jam
1707240794,2024-06-21,2024,Fox Theatre,Atlanta,GA,E,14,Turbulence & The Night Rays,646,false,Vasudo,566,4,30,0,,false,,false,opener
1707240816,2024-06-22,2024,Fox Theatre,Atlanta,GA,1,1,Hot Love & The Lazy Poet,645,false,Vasudo,367,4,5,0,,false,",",false,opener
1707240816,2024-06-22,2024,Fox Theatre,Atlanta,GA,1,2,Atlas,439,true,The Wood Brothers,757,91,34,35,,false,",",false,opener
1707240816,2024-06-22,2024,Fox Theatre,Atlanta,GA,1,3,Mr. Action,817,false,,572,4,21,0,,false,>,true,
1707240816,2024-06-22,2024,Fox Theatre,Atlanta,GA,1,4,Arrow,438,false,,1642,3,68,0,,true,",",false,opener|closer|jam
1707240816,2024-06-22,2024,Fox Theatre,Atlanta,GA,1,5,Silver Rising,736,false,,585,9,44,10,,false,",",false,
1707240816,2024-06-22,2024,Fox Theatre,Atlanta,GA,1,6,Same Old Shenanigans,541,false,,838,5,46,0,,false,,false,closer
1707240816,2024-06-22,2024,Fox Theatre,Atlanta,GA,2,7,Tumble,418,false,Vasudo,1623,4,103,0,,true,",",false,closer|jam|peak
1707240816,2024-06-22,2024,Fox Theatre,Atlanta,GA,2,8,A Western Sun,435,false,,428,7,60,0,,false,",",false,
1707240816,2024-06-22,2024,Fox Theatre,Atlanta,GA,2,9,Red Bird,536,false,,1389,4,40,0,,false,,false,jam
1707240816,2024-06-22,2024,Fox Theatre,Atlanta,GA,E,10,The Night They Drove Old Dixie Down,650,true,The Band,226,475,2,50,,false,",",false,encore
1707240816,2024-06-22,2024,Fox Theatre,Atlanta,GA,E,11,Factory Fiction,473,false,Vasudo,846,20,18,20,,false,,false,closer|jam|peak|encore
1707240952,2024-06-23,2024,Skyla Credit Union Amphitheatre,Charlotte,NC,1,1,Earthling or Alien?,605,false,,733,6,40,0,,false,",",false,jam|peak
1707240952,2024-06-23,2024,Skyla Credit Union Amphitheatre,Charlotte,NC,1,2,Lead Up,822,false,,344,4,21,0,,false,",",false,
1707240952,2024-06-23,2024,Skyla Credit Union Amphitheatre,Charlotte,NC,1,3,Turned Clouds,400,false,,654,6,102,0,,false,",",false,
1707240952,2024-06-23,2024,Skyla Credit Union Amphitheatre,Charlotte,NC,1,4,Yeti,416,false,Great Blue,835,7,99,0,,false,",",false,opener
1707240952,2024-06-23,2024,Skyla Credit Union Amphitheatre,Charlotte,NC,1,5,Borne,725,false,,1186,4,35,0,,true,",",false,jam
1707240952,2024-06-23,2024,Skyla Credit Union Amphitheatre,Charlotte,NC,1,6,Love Is A Battlefield,612,true,Pat Benatar,500,96,6,35,,false,",",false,
1707240952,2024-06-23,2024,Skyla Credit Union Amphitheatre,Charlotte,NC,1,7,Butter Rum,415,false,Vasudo,863,4,104,0,,false,,false,
1707240952,2024-06-23,2024,Skyla Credit Union Amphitheatre,Charlotte,NC,2,8,Echo of a Rose,463,false,Vasudo,1646,4,96,0,,true,",",false,jam
1707240952,2024-06-23,2024,Skyla Credit Union Amphitheatre,Charlotte,NC,2,9,Seekers on the Ridge pt I,609,false,,367,5,40,0,,false,>,true,
1707240952,2024-06-23,2024,Skyla Credit Union Amphitheatre,Charlotte,NC,2,10,Seekers on the Ridge pt II,610,false,,310,5,40,0,,false,",",false,
1707240952,2024-06-23,2024,Skyla Credit Union Amphitheatre,Charlotte,NC,2,11,Madhuvan,512,false,,537,5,154,0,,false,->,true,opener|closer|jam
1707240952,2024-06-23,2024,Skyla Credit Union Amphitheatre,Charlotte,NC,2,12,Secret Agent Man,544,true,Johnny Rivers,216,239,5,50,,false,>,true,opener|ballad
1707240952,2024-06-23,2024,Skyla Credit Union Amphitheatre,Charlotte,NC,2,13,Madhuvan,512,false,,238,0,155,0,,false,,false,opener|closer|jam
1707240952,2024-06-23,2024,Skyla Credit Union Amphitheatre,Charlotte,NC,E,14,Arcadia,403,false,,882,5,188,0,,false,,false,closer
1707240973,2024-06-25,2024,Thompson&#039;s Point,Portland,ME,1,1,Time to Flee,404,false,,609,5,102,0,,false,",",false,
1707240973,2024-06-25,2024,Thompson&#039;s Point,Portland,ME,1,2,Liza Jane,508,true,African American Folk Song,615,177,19,50,,false,",",false,opener
1707240973,2024-06-25,2024,Thompson&#039;s Point,Portland,ME,1,3,Spain,555,true,Chick Corea,524,134,4,50,,false,",",false,
1707240973,2024-06-25,2024,Thompson&#039;s Point,Portland,ME,1,4,All I Need,414,false,,1158,3,134,0,,true,",",false,jam
1707240973,2024-06-25,2024,Thompson&#039;s Point,Portland,ME,1,5,Indian River,410,false,,857,4,110,0,,false,,false,
1707240973,2024-06-25,2024,Thompson&#039;s Point,Portland,ME,2,6,Drive,462,false,,1233,2,96,0,,true,->,true,opener|jam
1707240973,2024-06-25,2024,Thompson&#039;s Point,Portland,ME,2,7,Hollywood Nights,488,true,Bob Seger & The Silver Bullet Band,546,11,10,10,,false,",",false,
1707240973,2024-06-25,2024,Thompson&#039;s Point,Portland,ME,2,8,Into the Myst,402,false,,1152,4,63,0,,true,>,true,jam
1707240973,2024-06-25,2024,Thompson&#039;s Point,Portland,ME,2,9,Spirit Of The Dark Horse,557,false,,645,9,32,10,,false,>,true,
1707240973,2024-06-25,2024,Thompson&#039;s Point,Portland,ME,2,10,Slow Ready,422,false,,874,5,77,0,,false,,false,
1707240973,2024-06-25,2024,Thompson&#039;s Point,Portland,ME,E,11,Animal,764,false,,752,4,45,0,,false,,false,opener|closer
1707241190,2024-06-26,2024,Thompson&#039;s Point,Portland,ME,1,1,Turbulence & The Night Rays,646,false,Vasudo,591,3,31,0,,false,",",false,opener
1707241190,2024-06-26,2024,Thompson&#039;s Point,Portland,ME,1,2,Doc Brown,459,false,Great Blue,478,9,41,10,,false,",",false,
1707241190,2024-06-26,2024,Thompson&#039;s Point,Portland,ME,1,3,AUATC,602,true,Bon Iver,394,42,7,20,,false,",",false,
1707241190,2024-06-26,2024,Thompson&#039;s Point,Portland,ME,1,4,It Burns Within,500,false,St. John's Revival,395,14,10,10,,false,",",false,
1707241190,2024-06-26,2024,Thompson&#039;s Point,Portland,ME,1,5,Jive II,413,false,,681,4,78,0,,false,>,true,opener
1707241190,2024-06-26,2024,Thompson&#039;s Point,Portland,ME,1,6,Jive Lee,502,false,,771,4,78,0,,false,",",false,closer|jam
1707241190,2024-06-26,2024,Thompson&#039;s Point,Portland,ME,1,7,Your Ocean,590,false,,460,6,31,0,,false,",",false,
1707241190,2024-06-26,2024,Thompson&#039;s Point,Portland,ME,1,8,Same Old Shenanigans,541,false,,888,2,47,0,,false,,false,closer
1707241190,2024-06-26,2024,Thompson&#039;s Point,Portland,ME,2,9,Wysteria Lane,405,false,Vasudo,1397,8,101,10,,true,>,true,opener|jam|peak
1707241190,2024-06-26,2024,Thompson&#039;s Point,Portland,ME,2,10,White Lights,586,false,,698,6,68,0,,false,->,true,closer|encore
1707241190,2024-06-26,2024,Thompson&#039;s Point,Portland,ME,2,11,Loose Ends,762,false,Vasudo,98,53,14,35,,false,->,true,closer
1707241190,2024-06-26,2024,Thompson&#039;s Point,Portland,ME,2,12,White Lights,586,false,,215,0,69,0,,false,",",false,closer|encore
1707241190,2024-06-26,2024,Thompson&#039;s Point,Portland,ME,2,13,Creatures,420,false,,697,9,119,10,,false,",",false,jam
1707241190,2024-06-26,2024,Thompson&#039;s Point,Portland,ME,2,14,State Of The Art (A.E.I.O.U.),558,true,Jim James,440,128,7,50,,false,,false,closer
1707241190,2024-06-26,2024,Thompson&#039;s Point,Portland,ME,E,15,The Empress Of Organos,604,false,Vasudo,1055,4,62,0,,true,,false,closer|jam
1707241262,2024-06-28,2024,Mann Center for the Performing Arts,Philadelphia,PA,1,1,The Whales,425,false,,558,6,37,0,,false,>,true,opener
1707241262,2024-06-28,2024,Mann Center for the Performing Arts,Philadelphia,PA,1,2,Silver Rising,736,false,,545,3,45,0,,false,",",false,
1707241262,2024-06-28,2024,Mann Center for the Performing Arts,Philadelphia,PA,1,3,Atlas Dogs,727,false,,416,6,36,0,,false,>,true,opener
1707241262,2024-06-28,2024,Mann Center for the Performing Arts,Philadelphia,PA,1,4,Flodown,478,false,Vasudo,582,6,142,0,,false,",",false,
1707241262,2024-06-28,2024,Mann Center for the Performing Arts,Philadelphia,PA,1,5,No Rain,525,true,Blind Melon,443,31,17,20,,false,",",false,opener|jam
1707241262,2024-06-28,2024,Mann Center for the Performing Arts,Philadelphia,PA,1,6,California Magic,735,false,,397,5,34,0,,false,",",false,
1707241262,2024-06-28,2024,Mann Center for the Performing Arts,Philadelphia,PA,1,7,A Western Sun,435,false,,416,3,61,0,,false,>,true,
1707241262,2024-06-28,2024,Mann Center for the Performing Arts,Philadelphia,PA,1,8,Tumble,418,false,Vasudo,1578,3,104,0,,true,,false,closer|jam|peak
1707241262,2024-06-28,2024,Mann Center for the Performing Arts,Philadelphia,PA,2,9,Hungersite,740,false,,1208,4,48,0,,true,",",false,opener|jam
1707241262,2024-06-28,2024,Mann Center for the Performing Arts,Philadelphia,PA,2,10,In Your Eyes,498,true,Peter Gabriel,1503,52,9,35,,true,>,true,jam|peak
1707241262,2024-06-28,2024,Mann Center for the Performing Arts,Philadelphia,PA,2,11,Red Bird,536,false,,643,3,41,0,,false,,false,jam
1707241262,2024-06-28,2024,Mann Center for the Performing Arts,Philadelphia,PA,E,12,Arcadia,403,false,,747,2,189,0,,false,,false,closer
1707241278,2024-06-29,2024,Forest Hills Stadium,Queens,NY,1,1,Hot Tea,408,false,Vasudo,1162,7,135,0,,true,",",false,closer
1707241278,2024-06-29,2024,Forest Hills Stadium,Queens,NY,1,2,Lead Up,822,false,,347,3,22,0,,false,",",false,
1707241278,2024-06-29,2024,Forest Hills Stadium,Queens,NY,1,3,Turned Clouds,400,false,,652,3,103,0,,false,",",false,
1707241278,2024-06-29,2024,Forest Hills Stadium,Queens,NY,1,4,Yeti,416,false,Great Blue,719,3,100,0,,true,",",false,opener
1707241278,2024-06-29,2024,Forest Hills Stadium,Queens,NY,1,5,Hot Love & The Lazy Poet,645,false,Vasudo,371,4,6,0,,false,",",false,opener
1707241278,2024-06-29,2024,Forest Hills Stadium,Queens,NY,1,6,I Would Die 4 U,867,true,Prince,614,18,4,10,,false,",",false,
1707241278,2024-06-29,2024,Forest Hills Stadium,Queens,NY,1,7,So Ready,421,false,,717,6,131,0,,false,,false,closer
1707241278,2024-06-29,2024,Forest Hills Stadium,Queens,NY,2,8,Travelers,574,false,,767,14,24,10,,false,>,true,
1707241278,2024-06-29,2024,Forest Hills Stadium,Queens,NY,2,9,Elmeg The Wise,466,false,St. John's Revival,1245,14,19,10,,false,",",false,closer|encore
1707241278,2024-06-29,2024,Forest Hills Stadium,Queens,NY,2,10,Thatch,809,false,,1134,5,34,0,,true,",",false,opener|closer|jam|peak
1707241278,2024-06-29,2024,Forest Hills Stadium,Queens,NY,2,11,726,432,false,,470,5,32,0,,false,>,true,encore
1707241278,2024-06-29,2024,Forest Hills Stadium,Queens,NY,2,12,Dripfield,738,false,,553,5,45,0,,false,,false,closer|jam
1707241278,2024-06-29,2024,Forest Hills Stadium,Queens,NY,E,13,Give It Time,931,false,,424,5,5,0,,false,,false,closer|encore
1707241290,2024-06-30,2024,Westville Music Bowl,New Haven,CT,1,1,Butter Rum,415,false,Vasudo,898,4,105,0,,false,",",false,
1707241290,2024-06-30,2024,Westville Music Bowl,New Haven,CT,1,2,Mr. Action,817,false,,533,5,22,0,,false,",",false,
1707241290,2024-06-30,2024,Westville Music Bowl,New Haven,CT,1,3,Elizabeth,465,false,,977,6,57,0,,false,",",false,opener|jam
1707241290,2024-06-30,2024,Westville Music Bowl,New Haven,CT,1,4,Rockdale,714,false,Vasudo,1524,8,52,10,,true,,false,opener|closer|jam
1707241290,2024-06-30,2024,Westville Music Bowl,New Haven,CT,2,5,Pancakes,723,false,Great Blue,720,8,45,10,,false,>,true,opener|closer|jam
1707241290,2024-06-30,2024,Westville Music Bowl,New Haven,CT,2,6,Milestone 2 (Skux Life),767,true,Moniker,458,145,2,50,,false,->,true,
1707241290,2024-06-30,2024,Westville Music Bowl,New Haven,CT,2,7,Pancakes,723,false,Great Blue,905,0,46,0,,true,",",false,opener|closer|jam
1707241290,2024-06-30,2024,Westville Music Bowl,New Haven,CT,2,8,Everything Must Go,805,false,,836,6,24,0,,false,",",false,jam
1707241290,2024-06-30,2024,Westville Music Bowl,New Haven,CT,2,9,This Old Sea,572,false,,323,8,31,10,,false,>,true,jam
1707241290,2024-06-30,2024,Westville Music Bowl,New Haven,CT,2,10,The Empress Of Organos,604,false,Vasudo,777,2,63,0,,false,,false,closer|jam
1707241290,2024-06-30,2024,Westville Music Bowl,New Haven,CT,E,11,Praise You,533,true,Fatboy Slim,429,183,9,50,,false,,false,closer|encore
1712074920,2024-09-01,2024,PNC Bank Arts Center,Holmdel,NJ,1,1,Flodown,478,false,Vasudo,616,2,143,0,,false,",",false,
1712074920,2024-09-01,2024,PNC Bank Arts Center,Holmdel,NJ,1,2,Mr. Action,817,false,,517,0,23,0,,false,",",false,
1712074920,2024-09-01,2024,PNC Bank Arts Center,Holmdel,NJ,1,3,Draconian Meter Maid,943,false,Swimmer,1044,0,1,0,,true,",",false,jam|peak
1712074920,2024-09-01,2024,PNC Bank Arts Center,Holmdel,NJ,1,4,Drive,462,false,,383,4,97,0,,false,>,true,opener|jam
1712074920,2024-09-01,2024,PNC Bank Arts Center,Holmdel,NJ,1,5,Seekers on the Ridge pt I,609,false,,383,5,41,0,,false,>,true,
1712074920,2024-09-01,2024,PNC Bank Arts Center,Holmdel,NJ,1,6,Seekers on the Ridge pt II,610,false,,301,5,41,0,,false,",",false,
1712074920,2024-09-01,2024,PNC Bank Arts Center,Holmdel,NJ,1,7,Same Old Shenanigans,541,false,,984,3,48,0,,true,,false,closer
1712074920,2024-09-01,2024,PNC Bank Arts Center,Holmdel,NJ,2,8,Big Modern!,945,false,,2201,0,1,0,,true,",",false,opener|closer|jam|peak
1712074920,2024-09-01,2024,PNC Bank Arts Center,Holmdel,NJ,2,9,Feel It Now,823,false,,629,7,20,0,,false,",",false,
1712074920,2024-09-01,2024,PNC Bank Arts Center,Holmdel,NJ,2,10,Madhuvan,512,false,,1413,5,156,0,,true,,false,opener|closer|jam
1712074920,2024-09-01,2024,PNC Bank Arts Center,Holmdel,NJ,E,11,Don't Do It,460,true,The Band,444,18,33,10,,false,,false,closer|encore
1719245701,2024-09-02,2024,MGM Music Hall at Fenway,Boston,MA,1,1,All I Need,414,false,,587,5,135,0,,false,>,true,jam
1719245701,2024-09-02,2024,MGM Music Hall at Fenway,Boston,MA,1,2,Caution,446,true,Bob Marley,456,47,15,20,,false,",",false,
1719245701,2024-09-02,2024,MGM Music Hall at Fenway,Boston,MA,1,3,"One In, One Out",946,false,,676,0,1,0,,false,->,true,jam
1719245701,2024-09-02,2024,MGM Music Hall at Fenway,Boston,MA,1,4,All I Need,414,false,,88,0,136,0,,false,",",false,jam
1719245701,2024-09-02,2024,MGM Music Hall at Fenway,Boston,MA,1,5,Turbulence & The Night Rays,646,false,Vasudo,593,4,32,0,,false,>,true,opener
1719245701,2024-09-02,2024,MGM Music Hall at Fenway,Boston,MA,1,6,Rockdale,714,false,Vasudo,828,1,53,0,,false,",",false,opener|closer|jam
1719245701,2024-09-02,2024,MGM Music Hall at Fenway,Boston,MA,1,7,Lead the Way,406,false,,658,15,84,10,,false,",",false,opener
1719245701,2024-09-02,2024,MGM Music Hall at Fenway,Boston,MA,1,8,Hot Love & The Lazy Poet,645,false,Vasudo,398,2,7,0,,false,,false,opener
1719245701,2024-09-02,2024,MGM Music Hall at Fenway,Boston,MA,2,9,Hot Tea,408,false,Vasudo,1124,2,136,0,,true,",",false,closer
1719245701,2024-09-02,2024,MGM Music Hall at Fenway,Boston,MA,2,10,Tumble,418,false,Vasudo,921,3,105,0,,false,",",false,closer|jam|peak
1719245701,2024-09-02,2024,MGM Music Hall at Fenway,Boston,MA,2,11,A Western Sun,435,false,,770,3,62,0,,true,->,true,
1719245701,2024-09-02,2024,MGM Music Hall at Fenway,Boston,MA,2,12,The Way It Is,570,true,Bruce Hornsby,485,16,36,10,,false,",",false,
1719245701,2024-09-02,2024,MGM Music Hall at Fenway,Boston,MA,2,13,The Empress Of Organos,604,false,Vasudo,990,1,64,0,,false,,false,closer|jam
1719245701,2024-09-02,2024,MGM Music Hall at Fenway,Boston,MA,E,14,White Lights,586,false,,536,4,70,0,,false,,false,closer|encore
1719248198,2024-09-03,2024,MGM Music Hall at Fenway,Boston,MA,1,1,Dr. Darkness,712,false,,358,9,32,10,,false,",",false,opener
1719248198,2024-09-03,2024,MGM Music Hall at Fenway,Boston,MA,1,2,Switchin',564,true,Wes Montgomery,441,41,28,20,,false,>,true,opener
1719248198,2024-09-03,2024,MGM Music Hall at Fenway,Boston,MA,1,3,Atlas Dogs,727,false,,491,4,37,0,,false,>,true,opener
1719248198,2024-09-03,2024,MGM Music Hall at Fenway,Boston,MA,1,4,California Magic,735,false,,416,4,35,0,,false,>,true,
1719248198,2024-09-03,2024,MGM Music Hall at Fenway,Boston,MA,1,5,Time to Flee,404,false,,826,6,103,0,,false,",",false,
1719248198,2024-09-03,2024,MGM Music Hall at Fenway,Boston,MA,1,6,Silver Rising,736,false,,555,4,46,0,,false,",",false,
1719248198,2024-09-03,2024,MGM Music Hall at Fenway,Boston,MA,1,7,MEDIA,947,false,Swimmer,168,0,1,0,,false,",",false,opener|ballad
1719248198,2024-09-03,2024,MGM Music Hall at Fenway,Boston,MA,1,8,Yeti,416,false,Great Blue,714,3,101,0,,false,",",false,opener
1719248198,2024-09-03,2024,MGM Music Hall at Fenway,Boston,MA,1,9,Butter Rum,415,false,Vasudo,834,2,106,0,,false,,false,
1719248198,2024-09-03,2024,MGM Music Hall at Fenway,Boston,MA,2,10,Echo of a Rose,463,false,Vasudo,641,7,97,0,,false,->,true,jam
1719248198,2024-09-03,2024,MGM Music Hall at Fenway,Boston,MA,2,11,Interlude II,409,false,,216,28,2,20,,false,->,true,ballad
1719248198,2024-09-03,2024,MGM Music Hall at Fenway,Boston,MA,2,12,Jive I,411,false,,264,10,122,10,,false,->,true,
1719248198,2024-09-03,2024,MGM Music Hall at Fenway,Boston,MA,2,13,Loose Ends,762,false,Vasudo,83,5,15,0,,false,->,true,closer
1719248198,2024-09-03,2024,MGM Music Hall at Fenway,Boston,MA,2,14,Jive I,411,false,,183,0,123,0,,false,>,true,
1719248198,2024-09-03,2024,MGM Music Hall at Fenway,Boston,MA,2,15,Red Bird,536,false,,995,4,42,0,,false,>,true,jam
1719248198,2024-09-03,2024,MGM Music Hall at Fenway,Boston,MA,2,16,Travelers,574,false,,666,3,25,0,,false,>,true,
1719248198,2024-09-03,2024,MGM Music Hall at Fenway,Boston,MA,2,17,Elmeg The Wise,466,false,St. John's Revival,987,3,20,0,,false,,false,closer|encore
1719248198,2024-09-03,2024,MGM Music Hall at Fenway,Boston,MA,E,18,Animal,764,false,,837,6,46,0,,false,,false,opener|closer
1719248225,2024-09-04,2024,MGM Music Hall at Fenway,Boston,MA,1,1,The Whales,425,false,,580,5,38,0,,false,",",false,opener
1719248225,2024-09-04,2024,MGM Music Hall at Fenway,Boston,MA,1,2,Mas Que Nada,513,true,Sergio Mendes,541,22,20,20,,false,",",false,
1719248225,2024-09-04,2024,MGM Music Hall at Fenway,Boston,MA,1,3,Doc Brown,459,false,Great Blue,511,6,42,0,,false,",",false,
1719248225,2024-09-04,2024,MGM Music Hall at Fenway,Boston,MA,1,4,Indian River,410,false,,1173,7,111,0,,false,",",false,
1719248225,2024-09-04,2024,MGM Music Hall at Fenway,Boston,MA,1,5,Wysteria Lane,405,false,Vasudo,852,6,102,0,,false,>,true,opener|jam|peak
1719248225,2024-09-04,2024,MGM Music Hall at Fenway,Boston,MA,1,6,Echo of a Rose,463,false,Vasudo,101,0,98,0,,false,",",false,jam
1719248225,2024-09-04,2024,MGM Music Hall at Fenway,Boston,MA,1,7,Slow Ready,422,false,,772,7,78,0,,false,,false,
1719248225,2024-09-04,2024,MGM Music Hall at Fenway,Boston,MA,2,8,Thatch,809,false,,1197,4,35,0,,true,",",false,opener|closer|jam|peak
1719248225,2024-09-04,2024,MGM Music Hall at Fenway,Boston,MA,2,9,Creatures,420,false,,950,6,120,0,,false,>,true,jam
1719248225,2024-09-04,2024,MGM Music Hall at Fenway,Boston,MA,2,10,Doobie Song,461,false,,411,11,23,10,,false,",",false,closer|encore
1719248225,2024-09-04,2024,MGM Music Hall at Fenway,Boston,MA,2,11,Fish In The Sea,477,true,Fat Freddy's Drop,618,14,22,10,,false,",",false,opener
1719248225,2024-09-04,2024,MGM Music Hall at Fenway,Boston,MA,2,12,726,432,false,,534,4,33,0,,false,>,true,encore
1719248225,2024-09-04,2024,MGM Music Hall at Fenway,Boston,MA,2,13,Dripfield,738,false,,920,4,46,0,,false,,false,closer|jam
1719248225,2024-09-04,2024,MGM Music Hall at Fenway,Boston,MA,E,14,Shama Lama Ding Dong,545,true,Otis Day and The Knights,351,16,40,10,,false,,false,encore
1712074940,2024-09-06,2024,Saratoga Performing Arts Center,Saratoga Springs,NY,1,1,Elizabeth,465,false,,702,4,58,0,,false,",",false,opener|jam
1712074940,2024-09-06,2024,Saratoga Performing Arts Center,Saratoga Springs,NY,1,2,Atlas,439,true,The Wood Brothers,701,10,35,10,,false,",",false,opener
1712074940,2024-09-06,2024,Saratoga Performing Arts Center,Saratoga Springs,NY,1,3,Turned Clouds,400,false,,640,5,104,0,,false,",",false,
1712074940,2024-09-06,2024,Saratoga Performing Arts Center,Saratoga Springs,NY,1,4,Borne,725,false,,1049,9,36,10,,false,->,true,jam
1712074940,2024-09-06,2024,Saratoga Performing Arts Center,Saratoga Springs,NY,1,5,Rosa Lee McFall,538,true,Grateful Dead,230,75,3,35,,false,",",false,closer
1712074940,2024-09-06,2024,Saratoga Performing Arts Center,Saratoga Springs,NY,1,6,Bob Don,429,false,,312,11,48,10,,false,",",false,
1712074940,2024-09-06,2024,Saratoga Performing Arts Center,Saratoga Springs,NY,1,7,Pancakes,723,false,Great Blue,1094,4,47,0,,true,,false,opener|closer|jam
1712074940,2024-09-06,2024,Saratoga Performing Arts Center,Saratoga Springs,NY,2,8,Arrow,438,false,,1596,10,69,10,,true,",",false,opener|closer|jam
1712074940,2024-09-06,2024,Saratoga Performing Arts Center,Saratoga Springs,NY,2,9,Everything Must Go,805,false,,1159,4,25,0,,false,",",false,jam
1712074940,2024-09-06,2024,Saratoga Performing Arts Center,Saratoga Springs,NY,2,10,Jeff Engborg,737,false,Great Blue,595,51,8,35,,false,",",false,closer
1712074940,2024-09-06,2024,Saratoga Performing Arts Center,Saratoga Springs,NY,2,11,Christmas Card From A Hooker In Minneapolis,448,true,Tom Waits,322,253,7,50,,false,>,true,encore
1712074940,2024-09-06,2024,Saratoga Performing Arts Center,Saratoga Springs,NY,2,12,Arcadia,403,false,,741,6,190,0,,false,,false,closer
1712074940,2024-09-06,2024,Saratoga Performing Arts Center,Saratoga Springs,NY,E,13,Hot Love & The Lazy Poet,645,false,Vasudo,353,2,8,0,,false,,false,opener
1712074979,2024-09-07,2024,Saratoga Performing Arts Center,Saratoga Springs,NY,1,1,Atlas Dogs,727,false,,446,2,38,0,,false,>,true,opener
1712074979,2024-09-07,2024,Saratoga Performing Arts Center,Saratoga Springs,NY,1,2,Lead Up,822,false,,342,6,23,0,,false,",",false,
1712074979,2024-09-07,2024,Saratoga Performing Arts Center,Saratoga Springs,NY,1,3,Earthling or Alien?,605,false,,849,10,41,10,,false,",",false,jam|peak
1712074979,2024-09-07,2024,Saratoga Performing Arts Center,Saratoga Springs,NY,1,4,Bloodbuzz Ohio,766,true,The National,426,55,7,35,,false,",",false,
1712074979,2024-09-07,2024,Saratoga Performing Arts Center,Saratoga Springs,NY,1,5,Big Modern!,945,false,,1092,4,2,0,,false,",",false,opener|closer|jam|peak
1712074979,2024-09-07,2024,Saratoga Performing Arts Center,Saratoga Springs,NY,1,6,The Old Man's Boat,710,false,,567,13,26,10,,false,",",false,
1712074979,2024-09-07,2024,Saratoga Performing Arts Center,Saratoga Springs,NY,1,7,Hot Tea,408,false,Vasudo,1053,3,137,0,,false,,false,closer
1712074979,2024-09-07,2024,Saratoga Performing Arts Center,Saratoga Springs,NY,2,8,Hungersite,740,false,,1489,7,49,0,,true,>,true,opener|jam
1712074979,2024-09-07,2024,Saratoga Performing Arts Center,Saratoga Springs,NY,2,9,Give It Time,931,false,,441,6,6,0,,false,",",false,closer|encore
1712074979,2024-09-07,2024,Saratoga Performing Arts Center,Saratoga Springs,NY,2,10,Drive,462,false,,1253,4,98,0,,true,->,true,opener|jam
1712074979,2024-09-07,2024,Saratoga Performing Arts Center,Saratoga Springs,NY,2,11,Sinnerman,739,true,Nina Simone,573,86,7,35,,false,,false,closer
1712074979,2024-09-07,2024,Saratoga Performing Arts Center,Saratoga Springs,NY,E,12,So Ready,421,false,,270,6,132,0,,false,>,true,closer
1712074979,2024-09-07,2024,Saratoga Performing Arts Center,Saratoga Springs,NY,E,13,SALT,930,false,,332,32,2,20,,false,,false,opener|closer|encore
1712075003,2024-09-09,2024,Ting Pavilion,Charlottesville,VA,1,1,Turbulence & The Night Rays,646,false,Vasudo,582,4,33,0,,false,>,true,opener
1712075003,2024-09-09,2024,Ting Pavilion,Charlottesville,VA,1,2,All I Need,414,false,,759,4,137,0,,false,->,true,jam
1712075003,2024-09-09,2024,Ting Pavilion,Charlottesville,VA,1,3,I'm Writing A Novel,424,true,Father John Misty,421,19,12,10,,false,",",false,
1712075003,2024-09-09,2024,Ting Pavilion,Charlottesville,VA,1,4,Feel It Now,823,false,,606,5,21,0,,false,",",false,
1712075003,2024-09-09,2024,Ting Pavilion,Charlottesville,VA,1,5,Animal,764,false,,830,3,47,0,,false,",",false,opener|closer
1712075003,2024-09-09,2024,Ting Pavilion,Charlottesville,VA,1,6,Rosewood Heart,412,false,,875,19,58,10,,false,",",false,jam|peak
1712075003,2024-09-09,2024,Ting Pavilion,Charlottesville,VA,1,7,Rockdale,714,false,Vasudo,640,4,54,0,,false,,false,opener|closer|jam
1712075003,2024-09-09,2024,Ting Pavilion,Charlottesville,VA,2,8,Tumble,418,false,Vasudo,1356,4,106,0,,false,",",false,closer|jam|peak
1712075003,2024-09-09,2024,Ting Pavilion,Charlottesville,VA,2,9,This Old Sea,572,false,,1149,6,32,0,,true,->,true,jam
1712075003,2024-09-09,2024,Ting Pavilion,Charlottesville,VA,2,10,Interlude II,409,false,,142,3,3,0,,false,>,true,ballad
1712075003,2024-09-09,2024,Ting Pavilion,Charlottesville,VA,2,11,The Empress Of Organos,604,false,Vasudo,602,4,65,0,,false,->,true,closer|jam
1712075003,2024-09-09,2024,Ting Pavilion,Charlottesville,VA,2,12,Into the Myst,402,false,,829,10,64,10,,false,->,true,jam
1712075003,2024-09-09,2024,Ting Pavilion,Charlottesville,VA,2,13,The Empress Of Organos,604,false,Vasudo,160,0,66,0,,false,,false,closer|jam
1712075003,2024-09-09,2024,Ting Pavilion,Charlottesville,VA,E,14,Turn On Your Love Light,578,true,Bobby Blue Bland,365,58,47,35,,false,,false,closer|encore
1719248320,2024-09-11,2024,The Salt Shed,Chicago,IL,1,1,Flodown,478,false,Vasudo,601,6,144,0,,false,",",false,
1719248320,2024-09-11,2024,The Salt Shed,Chicago,IL,1,2,Butterflies,763,false,Great Blue,434,15,17,10,,false,",",false,opener
1719248320,2024-09-11,2024,The Salt Shed,Chicago,IL,1,3,MEDIA,947,false,Swimmer,332,4,2,0,,false,",",false,opener|ballad
1719248320,2024-09-11,2024,The Salt Shed,Chicago,IL,1,4,California Magic,735,false,,426,4,36,0,,false,",",false,
1719248320,2024-09-11,2024,The Salt Shed,Chicago,IL,1,5,Butter Rum,415,false,Vasudo,1194,4,107,0,,false,",",false,
1719248320,2024-09-11,2024,The Salt Shed,Chicago,IL,1,6,Please Forgive Me,685,true,David Gray,518,26,11,20,,false,",",false,
1719248320,2024-09-11,2024,The Salt Shed,Chicago,IL,1,7,Same Old Shenanigans,541,false,,854,6,49,0,,false,,false,closer
1719248320,2024-09-11,2024,The Salt Shed,Chicago,IL,2,8,Echo of a Rose,463,false,Vasudo,976,3,99,0,,true,>,true,jam
1719248320,2024-09-11,2024,The Salt Shed,Chicago,IL,2,9,Wysteria Lane,405,false,Vasudo,1217,3,103,0,,true,>,true,opener|jam|peak
1719248320,2024-09-11,2024,The Salt Shed,Chicago,IL,2,10,Jive I,411,false,,532,4,124,0,,false,>,true,
1719248320,2024-09-11,2024,The Salt Shed,Chicago,IL,2,11,Jive II,413,false,,616,10,79,10,,false,>,true,opener
1719248320,2024-09-11,2024,The Salt Shed,Chicago,IL,2,12,Jive Lee,502,false,,793,10,79,10,,false,,false,closer|jam
1719248320,2024-09-11,2024,The Salt Shed,Chicago,IL,E,13,Madhuvan,512,false,,1086,6,157,0,,true,,false,opener|closer|jam
1719248336,2024-09-12,2024,The Salt Shed,Chicago,IL,1,1,Mr. Action,817,false,,508,7,24,0,,false,",",false,
1719248336,2024-09-12,2024,The Salt Shed,Chicago,IL,1,2,Draconian Meter Maid,943,false,Swimmer,831,7,2,0,,false,>,true,jam|peak
1719248336,2024-09-12,2024,The Salt Shed,Chicago,IL,1,3,Indian River,410,false,,1062,4,112,0,,false,",",false,
1719248336,2024-09-12,2024,The Salt Shed,Chicago,IL,1,4,A Western Sun,435,false,,1071,6,63,0,,true,",",false,
1719248336,2024-09-12,2024,The Salt Shed,Chicago,IL,1,5,Turned Clouds,400,false,,630,3,105,0,,false,,false,
1719248336,2024-09-12,2024,The Salt Shed,Chicago,IL,2,6,Yeti,416,false,Great Blue,469,5,102,0,,false,->,true,opener
1719248336,2024-09-12,2024,The Salt Shed,Chicago,IL,2,7,Pumped Up Kicks,534,true,Foster The People,351,121,21,50,,false,->,true,
1719248336,2024-09-12,2024,The Salt Shed,Chicago,IL,2,8,Yeti,416,false,Great Blue,362,0,103,0,,false,",",false,opener
1719248336,2024-09-12,2024,The Salt Shed,Chicago,IL,2,9,Thatch,809,false,,1173,4,36,0,,true,",",false,opener|closer|jam|peak
1719248336,2024-09-12,2024,The Salt Shed,Chicago,IL,2,10,Red Bird,536,false,,923,5,43,0,,false,",",false,jam
1719248336,2024-09-12,2024,The Salt Shed,Chicago,IL,2,11,Factory Fiction,473,false,Vasudo,952,14,19,10,,false,,false,closer|jam|peak|encore
1719248336,2024-09-12,2024,The Salt Shed,Chicago,IL,E,12,Slow Ready,422,false,,690,4,79,0,,false,,false,
1719248398,2024-09-13,2024,The Salt Shed,Chicago,IL,1,1,Hot Love & The Lazy Poet,645,false,Vasudo,378,4,9,0,,false,",",false,opener
1719248398,2024-09-13,2024,The Salt Shed,Chicago,IL,1,2,"One In, One Out",946,false,,660,7,2,0,,false,>,true,jam
1719248398,2024-09-13,2024,The Salt Shed,Chicago,IL,1,3,Borne,725,false,,1163,4,37,0,,true,>,true,jam
1719248398,2024-09-13,2024,The Salt Shed,Chicago,IL,1,4,Silver Rising,736,false,,685,6,47,0,,false,",",false,
1719248398,2024-09-13,2024,The Salt Shed,Chicago,IL,1,5,Atlas Dogs,727,false,,756,3,39,0,,false,>,true,opener
1719248398,2024-09-13,2024,The Salt Shed,Chicago,IL,1,6,Big Modern!,945,false,,1154,3,3,0,,false,,false,opener|closer|jam|peak
1719248398,2024-09-13,2024,The Salt Shed,Chicago,IL,2,7,SALT,930,false,,718,3,3,0,,false,>,true,opener|closer|encore
1719248398,2024-09-13,2024,The Salt Shed,Chicago,IL,2,8,State Of The Art (A.E.I.O.U.),558,true,Jim James,430,12,8,10,,false,",",false,closer
1719248398,2024-09-13,2024,The Salt Shed,Chicago,IL,2,9,Dripfield,738,false,,1359,5,47,0,,true,->,true,closer|jam
1719248398,2024-09-13,2024,The Salt Shed,Chicago,IL,2,10,(satellite),636,false,,423,360,3,50,,false,>,true,
1719248398,2024-09-13,2024,The Salt Shed,Chicago,IL,2,11,Hollywood Nights,488,true,Bob Seger & The Silver Bullet Band,574,13,11,10,,false,",",false,
1719248398,2024-09-13,2024,The Salt Shed,Chicago,IL,2,12,Give It Time,931,false,,468,3,7,0,,false,,false,closer|encore
1719248398,2024-09-13,2024,The Salt Shed,Chicago,IL,E,13,Arcadia,403,false,,544,4,191,0,,true,->,true,closer
1719248398,2024-09-13,2024,The Salt Shed,Chicago,IL,E,14,SALT,930,false,,155,0,4,0,,false,,false,opener|closer|encore
1712075027,2024-09-14,2024,The Armory,Minneapolis,MN,1,1,Dr. Darkness,712,false,,383,7,33,0,,false,>,true,opener
1712075027,2024-09-14,2024,The Armory,Minneapolis,MN,1,2,The Whales,425,false,,616,6,39,0,,false,",",false,opener
1712075027,2024-09-14,2024,The Armory,Minneapolis,MN,1,3,The Killing Moon,606,true,Echo & The Bunnymen,320,17,6,10,,false,",",false,opener
1712075027,2024-09-14,2024,The Armory,Minneapolis,MN,1,4,Rockdale,714,false,Vasudo,1106,3,55,0,,true,",",false,opener|closer|jam
1712075027,2024-09-14,2024,The Armory,Minneapolis,MN,1,5,Feel It Now,823,false,,583,3,22,0,,false,",",false,
1712075027,2024-09-14,2024,The Armory,Minneapolis,MN,1,6,Seekers on the Ridge pt I,609,false,,417,9,42,10,,false,>,true,
1712075027,2024-09-14,2024,The Armory,Minneapolis,MN,1,7,Seekers on the Ridge pt II,610,false,,305,9,42,10,,false,",",false,
1712075027,2024-09-14,2024,The Armory,Minneapolis,MN,1,8,Animal,764,false,,815,3,48,0,,false,,false,opener|closer
1712075027,2024-09-14,2024,The Armory,Minneapolis,MN,2,9,Creatures,420,false,,1173,6,121,0,,false,",",false,jam
1712075027,2024-09-14,2024,The Armory,Minneapolis,MN,2,10,In Your Eyes,498,true,Peter Gabriel,770,12,10,10,,false,",",false,jam|peak
1712075027,2024-09-14,2024,The Armory,Minneapolis,MN,2,11,Drive,462,false,,1189,4,99,0,,true,",",false,opener|jam
1712075027,2024-09-14,2024,The Armory,Minneapolis,MN,2,12,Hungersite,740,false,,915,4,50,0,,false,,false,opener|jam
1712075027,2024-09-14,2024,The Armory,Minneapolis,MN,E,13,Everything Must Go,805,false,,740,5,26,0,,false,",",false,jam
1712075027,2024-09-14,2024,The Armory,Minneapolis,MN,E,14,Hot Tea,408,false,Vasudo,466,4,138,0,,false,,false,closer
1712075175,2024-09-15,2024,Vibrant Music Hall,Waukee,IA,1,1,Me & My Uncle,592,true,John Philips,361,22,36,20,,false,>,true,opener
1712075175,2024-09-15,2024,Vibrant Music Hall,Waukee,IA,1,2,Turbulence & The Night Rays,646,false,Vasudo,596,4,34,0,,false,",",false,opener
1712075175,2024-09-15,2024,Vibrant Music Hall,Waukee,IA,1,3,Lily's Tiger,603,false,Great Blue,470,232,3,50,,false,>,true,opener
1712075175,2024-09-15,2024,Vibrant Music Hall,Waukee,IA,1,4,All I Need,414,false,,1027,4,138,0,,true,",",false,jam
1712075175,2024-09-15,2024,Vibrant Music Hall,Waukee,IA,1,5,Earthling or Alien?,605,false,,1432,5,42,0,,true,",",false,jam|peak
1712075175,2024-09-15,2024,Vibrant Music Hall,Waukee,IA,1,6,Lead Up,822,false,,317,5,24,0,,false,>,true,
1712075175,2024-09-15,2024,Vibrant Music Hall,Waukee,IA,1,7,White Lights,586,false,,468,9,71,10,,false,,false,closer|encore
1712075175,2024-09-15,2024,Vibrant Music Hall,Waukee,IA,2,8,The Empress Of Organos,604,false,Vasudo,1298,4,67,0,,true,->,true,closer|jam
1712075175,2024-09-15,2024,Vibrant Music Hall,Waukee,IA,2,9,Green River,482,true,Creedence Clearwater Revival,337,21,29,20,,false,>,true,
1712075175,2024-09-15,2024,Vibrant Music Hall,Waukee,IA,2,10,The Empress Of Organos,604,false,Vasudo,725,0,68,0,,true,",",false,closer|jam
1712075175,2024-09-15,2024,Vibrant Music Hall,Waukee,IA,2,11,Bob Don,429,false,,452,6,49,0,,false,",",false,
1712075175,2024-09-15,2024,Vibrant Music Hall,Waukee,IA,2,12,Arrow,438,false,,1188,6,70,0,,false,",",false,opener|closer|jam
1712075175,2024-09-15,2024,Vibrant Music Hall,Waukee,IA,2,13,Don't Do It,460,true,The Band,532,10,34,10,,false,,false,closer|encore
1712075175,2024-09-15,2024,Vibrant Music Hall,Waukee,IA,E,14,Turn On Your Love Light,578,true,Bobby Blue Bland,418,4,48,0,,false,,false,closer|encore
1712075204,2024-09-17,2024,The Great Saltair,Magna,UT,1,1,Draconian Meter Maid,943,false,Swimmer,700,3,3,0,,false,",",false,jam|peak
1712075204,2024-09-17,2024,The Great Saltair,Magna,UT,1,2,Mr. Action,817,false,,555,3,25,0,,false,",",false,
1712075204,2024-09-17,2024,The Great Saltair,Magna,UT,1,3,Time to Flee,404,false,,807,9,104,10,,true,",",false,
1712075204,2024-09-17,2024,The Great Saltair,Magna,UT,1,4,Inside Out,499,true,Spoon,794,26,15,20,,false,>,true,jam
1712075204,2024-09-17,2024,The Great Saltair,Magna,UT,1,5,Your Ocean,590,false,,453,15,32,10,,false,",",false,
1712075204,2024-09-17,2024,The Great Saltair,Magna,UT,1,6,Rock The Casbah,431,true,The Clash,266,19,11,10,,false,>,true,encore
1712075204,2024-09-17,2024,The Great Saltair,Magna,UT,1,7,SALT,930,false,,1104,2,5,0,,true,,false,opener|closer|encore
1712075204,2024-09-17,2024,The Great Saltair,Magna,UT,2,8,Madhuvan,512,false,,763,4,158,0,,false,->,true,opener|closer|jam
1712075204,2024-09-17,2024,The Great Saltair,Magna,UT,2,9,Into the Myst,402,false,,843,5,65,0,,false,->,true,jam
1712075204,2024-09-17,2024,The Great Saltair,Magna,UT,2,10,Can't Get You Out Of My Head,426,true,Kylie Minogue,719,32,21,20,,false,->,true,
1712075204,2024-09-17,2024,The Great Saltair,Magna,UT,2,11,Echo of a Rose,463,false,Vasudo,1058,4,100,0,,true,",",false,jam
1712075204,2024-09-17,2024,The Great Saltair,Magna,UT,2,12,Spirit Of The Dark Horse,557,false,,603,16,33,10,,false,>,true,
1712075204,2024-09-17,2024,The Great Saltair,Magna,UT,2,13,Thatch,809,false,,863,3,37,0,,false,,false,opener|closer|jam|peak
1712075204,2024-09-17,2024,The Great Saltair,Magna,UT,E,14,Butter Rum,415,false,Vasudo,594,4,108,0,,false,->,true,
1712075204,2024-09-17,2024,The Great Saltair,Magna,UT,E,15,Madhuvan,512,false,,122,0,159,0,,false,,false,opener|closer|jam
1712075232,2024-09-19,2024,Kettlehouse Amphitheater,Bonner,MT,1,1,Atlas Dogs,727,false,,832,3,40,0,,false,>,true,opener
1712075232,2024-09-19,2024,Kettlehouse Amphitheater,Bonner,MT,1,2,"One In, One Out",946,false,,965,3,3,0,,true,>,true,jam
1712075232,2024-09-19,2024,Kettlehouse Amphitheater,Bonner,MT,1,3,California Magic,735,false,,458,5,37,0,,false,>,true,
1712075232,2024-09-19,2024,Kettlehouse Amphitheater,Bonner,MT,1,4,Flodown,478,false,Vasudo,537,5,145,0,,false,",",false,
1712075232,2024-09-19,2024,Kettlehouse Amphitheater,Bonner,MT,1,5,Elizabeth,465,false,,608,8,59,10,,false,->,true,opener|jam
1712075232,2024-09-19,2024,Kettlehouse Amphitheater,Bonner,MT,1,6,Interlude II,409,false,,194,6,4,0,,false,->,true,ballad
1712075232,2024-09-19,2024,Kettlehouse Amphitheater,Bonner,MT,1,7,Jive I,411,false,,499,5,125,0,,false,>,true,
1712075232,2024-09-19,2024,Kettlehouse Amphitheater,Bonner,MT,1,8,Jive Lee,502,false,,575,5,80,0,,false,,false,closer|jam
1712075232,2024-09-19,2024,Kettlehouse Amphitheater,Bonner,MT,2,9,Pancakes,723,false,Great Blue,1013,8,48,10,,false,",",false,opener|closer|jam
1712075232,2024-09-19,2024,Kettlehouse Amphitheater,Bonner,MT,2,10,Wysteria Lane,405,false,Vasudo,859,5,104,0,,true,->,true,opener|jam|peak
1712075232,2024-09-19,2024,Kettlehouse Amphitheater,Bonner,MT,2,11,True Love Waits,914,true,Radiohead,349,0,1,0,,false,",",false,
1712075232,2024-09-19,2024,Kettlehouse Amphitheater,Bonner,MT,2,12,Rosewood Heart,412,false,,893,6,59,0,,true,",",false,jam|peak
1712075232,2024-09-19,2024,Kettlehouse Amphitheater,Bonner,MT,2,13,Same Old Shenanigans,541,false,,923,5,50,0,,false,,false,closer
1712075232,2024-09-19,2024,Kettlehouse Amphitheater,Bonner,MT,E,14,Rockdale,714,false,Vasudo,685,2,56,0,,false,,false,opener|closer|jam
1712075248,2024-09-20,2024,Kettlehouse Amphitheater,Bonner,MT,1,1,MEDIA,947,false,Swimmer,244,6,3,0,,false,>,true,opener|ballad
1712075248,2024-09-20,2024,Kettlehouse Amphitheater,Bonner,MT,1,2,One More Day,527,true,The Wood Brothers,362,306,13,50,,false,",",false,
1712075248,2024-09-20,2024,Kettlehouse Amphitheater,Bonner,MT,1,3,Dr. Darkness,712,false,,370,3,34,0,,false,",",false,opener
1712075248,2024-09-20,2024,Kettlehouse Amphitheater,Bonner,MT,1,4,Indian River,410,false,,992,5,113,0,,true,>,true,
1712075248,2024-09-20,2024,Kettlehouse Amphitheater,Bonner,MT,1,5,Big Modern!,945,false,,1085,4,4,0,,true,",",false,opener|closer|jam|peak
1712075248,2024-09-20,2024,Kettlehouse Amphitheater,Bonner,MT,1,6,Seekers on the Ridge pt I,609,false,,399,3,43,0,,false,>,true,
1712075248,2024-09-20,2024,Kettlehouse Amphitheater,Bonner,MT,1,7,Seekers on the Ridge pt II,610,false,,292,3,43,0,,false,",",false,
1712075248,2024-09-20,2024,Kettlehouse Amphitheater,Bonner,MT,1,8,Hot Tea,408,false,Vasudo,933,3,139,0,,false,,false,closer
1712075248,2024-09-20,2024,Kettlehouse Amphitheater,Bonner,MT,2,9,Yeti,416,false,Great Blue,809,5,104,0,,false,",",false,opener
1712075248,2024-09-20,2024,Kettlehouse Amphitheater,Bonner,MT,2,10,Milestone 2 (Skux Life),767,true,Moniker,472,14,3,10,,false,>,true,
1712075248,2024-09-20,2024,Kettlehouse Amphitheater,Bonner,MT,2,11,Tumble,418,false,Vasudo,718,7,107,0,,false,->,true,closer|jam|peak
1712075248,2024-09-20,2024,Kettlehouse Amphitheater,Bonner,MT,2,12,Mad World,611,true,Tears For Fears,408,258,2,50,,false,>,true,encore
1712075248,2024-09-20,2024,Kettlehouse Amphitheater,Bonner,MT,2,13,Tumble,418,false,Vasudo,590,0,108,0,,false,",",false,closer|jam|peak
1712075248,2024-09-20,2024,Kettlehouse Amphitheater,Bonner,MT,2,14,This Old Sea,572,false,,589,7,33,0,,false,,false,jam
1712075248,2024-09-20,2024,Kettlehouse Amphitheater,Bonner,MT,E,15,So Ready,421,false,,779,8,133,10,,false,,false,closer
1712075274,2024-09-21,2024,Remlinger Farms,Carnation,WA,1,1,Hot Love & The Lazy Poet,645,false,Vasudo,374,5,10,0,,false,",",false,opener
1712075274,2024-09-21,2024,Remlinger Farms,Carnation,WA,1,2,The Whales,425,false,,580,4,40,0,,false,",",false,opener
1712075274,2024-09-21,2024,Remlinger Farms,Carnation,WA,1,3,AUATC,602,true,Bon Iver,382,18,8,10,,false,",",false,
1712075274,2024-09-21,2024,Remlinger Farms,Carnation,WA,1,4,Earthling or Alien?,605,false,,908,3,43,0,,true,",",false,jam|peak
1712075274,2024-09-21,2024,Remlinger Farms,Carnation,WA,1,5,Borne,725,false,,1205,5,38,0,,true,>,true,jam
1712075274,2024-09-21,2024,Remlinger Farms,Carnation,WA,1,6,Turned Clouds,400,false,,581,6,106,0,,false,",",false,
1712075274,2024-09-21,2024,Remlinger Farms,Carnation,WA,1,7,Everything Must Go,805,false,,910,4,27,0,,true,,false,jam
1712075274,2024-09-21,2024,Remlinger Farms,Carnation,WA,2,8,Drive,462,false,,1003,4,100,0,,true,>,true,opener|jam
1712075274,2024-09-21,2024,Remlinger Farms,Carnation,WA,2,9,Electric Avenue,464,true,Eddy Grant,456,25,36,20,,false,",",false,
1712075274,2024-09-21,2024,Remlinger Farms,Carnation,WA,2,10,Red Bird,536,false,,1252,6,44,0,,true,",",false,jam
1712075274,2024-09-21,2024,Remlinger Farms,Carnation,WA,2,11,Hungersite,740,false,,841,4,51,0,,true,,false,opener|jam
1712075274,2024-09-21,2024,Remlinger Farms,Carnation,WA,E,12,Dripfield,738,false,,644,5,48,0,,false,,false,closer|jam
1712075391,2024-09-22,2024,Edgefield Concerts on the Lawn,Troutdale,OR,1,1,Jive II,413,false,,711,8,80,10,,false,>,true,opener
1712075391,2024-09-22,2024,Edgefield Concerts on the Lawn,Troutdale,OR,1,2,Silver Rising,736,false,,549,6,48,0,,false,",",false,
1712075391,2024-09-22,2024,Edgefield Concerts on the Lawn,Troutdale,OR,1,3,Look Out Cleveland,591,true,The Band,1022,32,10,20,,true,",",false,closer|jam|peak
1712075391,2024-09-22,2024,Edgefield Concerts on the Lawn,Troutdale,OR,1,4,Feel It Now,823,false,,614,5,23,0,,false,",",false,
1712075391,2024-09-22,2024,Edgefield Concerts on the Lawn,Troutdale,OR,1,5,Lead Up,822,false,,334,4,25,0,,false,",",false,
1712075391,2024-09-22,2024,Edgefield Concerts on the Lawn,Troutdale,OR,1,6,Animal,764,false,,783,5,49,0,,false,,false,opener|closer
1712075391,2024-09-22,2024,Edgefield Concerts on the Lawn,Troutdale,OR,2,7,Creatures,420,false,,1350,5,122,0,,true,->,true,jam
1712075391,2024-09-22,2024,Edgefield Concerts on the Lawn,Troutdale,OR,2,8,Tomorrow Never Knows,573,true,The Beatles,365,34,12,20,,false,>,true,encore
1712075391,2024-09-22,2024,Edgefield Concerts on the Lawn,Troutdale,OR,2,9,Arrow,438,false,,1446,4,71,0,,true,",",false,opener|closer|jam
1712075391,2024-09-22,2024,Edgefield Concerts on the Lawn,Troutdale,OR,2,10,A Western Sun,435,false,,423,7,64,0,,false,",",false,
1712075391,2024-09-22,2024,Edgefield Concerts on the Lawn,Troutdale,OR,2,11,The Empress Of Organos,604,false,Vasudo,748,4,69,0,,false,,false,closer|jam
1712075391,2024-09-22,2024,Edgefield Concerts on the Lawn,Troutdale,OR,E,12,Arcadia,403,false,,608,6,192,0,,false,,false,closer
1712075420,2024-09-24,2024,Cuthbert Amphitheater,Eugene,OR,1,1,Lead the Way,406,false,,551,15,85,10,,false,",",false,opener
1712075420,2024-09-24,2024,Cuthbert Amphitheater,Eugene,OR,1,2,All I Need,414,false,,1053,5,139,0,,false,",",false,jam
1712075420,2024-09-24,2024,Cuthbert Amphitheater,Eugene,OR,1,3,Draggin' the Line,716,true,Tommy James,610,229,2,50,,false,",",false,
1712075420,2024-09-24,2024,Cuthbert Amphitheater,Eugene,OR,1,4,Butterflies,763,false,Great Blue,498,9,18,10,,false,",",false,opener
1712075420,2024-09-24,2024,Cuthbert Amphitheater,Eugene,OR,1,5,The W.S. Walcott Medicine Show,582,true,The Band,535,85,19,35,,false,",",false,
1712075420,2024-09-24,2024,Cuthbert Amphitheater,Eugene,OR,1,6,Butter Rum,415,false,Vasudo,1029,4,109,0,,false,,false,
1712075420,2024-09-24,2024,Cuthbert Amphitheater,Eugene,OR,2,7,Pancakes,723,false,Great Blue,1997,3,49,0,,true,",",false,opener|closer|jam
1712075420,2024-09-24,2024,Cuthbert Amphitheater,Eugene,OR,2,8,Bob Don,429,false,,569,5,50,0,,false,",",false,
1712075420,2024-09-24,2024,Cuthbert Amphitheater,Eugene,OR,2,9,Tumble,418,false,Vasudo,1298,2,109,0,,true,",",false,closer|jam|peak
1712075420,2024-09-24,2024,Cuthbert Amphitheater,Eugene,OR,2,10,Slow Ready,422,false,,595,8,80,10,,false,,false,
1712075420,2024-09-24,2024,Cuthbert Amphitheater,Eugene,OR,E,11,(dawn),637,false,,435,34,6,20,,false,,false,closer|encore
1712075435,2024-09-26,2024,Cal Coast Credit Union Amphitheater,San Diego,CA,1,1,Turbulence & The Night Rays,646,false,Vasudo,555,6,35,0,,false,",",false,opener
1712075435,2024-09-26,2024,Cal Coast Credit Union Amphitheater,San Diego,CA,1,2,Mas Que Nada,513,true,Sergio Mendes,564,14,21,10,,false,",",false,
1712075435,2024-09-26,2024,Cal Coast Credit Union Amphitheater,San Diego,CA,1,3,Draconian Meter Maid,943,false,Swimmer,611,5,4,0,,false,>,true,jam|peak
1712075435,2024-09-26,2024,Cal Coast Credit Union Amphitheater,San Diego,CA,1,4,"One In, One Out",946,false,,575,4,4,0,,false,>,true,jam
1712075435,2024-09-26,2024,Cal Coast Credit Union Amphitheater,San Diego,CA,1,5,Weird Fishes / Arpeggi,428,true,Radiohead,406,27,10,20,,false,",",false,
1712075435,2024-09-26,2024,Cal Coast Credit Union Amphitheater,San Diego,CA,1,6,Into the Myst,402,false,,988,5,66,0,,false,",",false,jam
1712075435,2024-09-26,2024,Cal Coast Credit Union Amphitheater,San Diego,CA,1,7,So Ready,421,false,,817,3,134,0,,false,,false,closer
1712075435,2024-09-26,2024,Cal Coast Credit Union Amphitheater,San Diego,CA,2,8,Madhuvan,512,false,,1453,5,160,0,,true,",",false,opener|closer|jam
1712075435,2024-09-26,2024,Cal Coast Credit Union Amphitheater,San Diego,CA,2,9,Red Bird,536,false,,1336,2,45,0,,false,>,true,jam
1712075435,2024-09-26,2024,Cal Coast Credit Union Amphitheater,San Diego,CA,2,10,This Old Sea,572,false,,571,3,34,0,,false,",",false,jam
1712075435,2024-09-26,2024,Cal Coast Credit Union Amphitheater,San Diego,CA,2,11,Factory Fiction,473,false,Vasudo,767,9,20,10,,false,,false,closer|jam|peak|encore
1712075435,2024-09-26,2024,Cal Coast Credit Union Amphitheater,San Diego,CA,E,12,SALT,930,false,,368,5,6,0,,false,,false,opener|closer|encore
1712075463,2024-09-27,2024,Greek Theatre,Los Angeles,CA,1,1,Dr. Darkness,712,false,,374,4,35,0,,false,",",false,opener
1712075463,2024-09-27,2024,Greek Theatre,Los Angeles,CA,1,2,Hot Love & The Lazy Poet,645,false,Vasudo,373,3,11,0,,false,>,true,opener
1712075463,2024-09-27,2024,Greek Theatre,Los Angeles,CA,1,3,Turned Clouds,400,false,,620,3,107,0,,false,",",false,
1712075463,2024-09-27,2024,Greek Theatre,Los Angeles,CA,1,4,Echo of a Rose,463,false,Vasudo,717,6,101,0,,true,>,true,jam
1712075463,2024-09-27,2024,Greek Theatre,Los Angeles,CA,1,5,No California,911,true,Ilsey Juber,338,36,2,20,,false,",",false,
1712075463,2024-09-27,2024,Greek Theatre,Los Angeles,CA,1,6,Big Modern!,945,false,,1279,4,5,0,,true,",",false,opener|closer|jam|peak
1712075463,2024-09-27,2024,Greek Theatre,Los Angeles,CA,1,7,Give It Time,931,false,,460,9,8,10,,false,,false,closer|encore
1712075463,2024-09-27,2024,Greek Theatre,Los Angeles,CA,2,8,Eminence Front,468,true,The Who,443,31,11,20,,false,>,true,opener
1712075463,2024-09-27,2024,Greek Theatre,Los Angeles,CA,2,9,Dripfield,738,false,,1621,3,49,0,,true,>,true,closer|jam
1712075463,2024-09-27,2024,Greek Theatre,Los Angeles,CA,2,10,Yeti,416,false,Great Blue,487,4,105,0,,false,->,true,opener
1712075463,2024-09-27,2024,Greek Theatre,Los Angeles,CA,2,11,Pumped Up Kicks,534,true,Foster The People,331,10,22,10,,false,->,true,
1712075463,2024-09-27,2024,Greek Theatre,Los Angeles,CA,2,12,Yeti,416,false,Great Blue,194,0,106,0,,false,",",false,opener
1712075463,2024-09-27,2024,Greek Theatre,Los Angeles,CA,2,13,Arise,733,false,St. John's Revival,561,125,6,50,,false,>,true,closer
1712075463,2024-09-27,2024,Greek Theatre,Los Angeles,CA,2,14,Arcadia,403,false,,730,2,193,0,,false,,false,closer
1712075463,2024-09-27,2024,Greek Theatre,Los Angeles,CA,E,15,Hot Tea,408,false,Vasudo,380,4,140,0,,false,,false,closer
1712075724,2024-09-28,2024,Frost Amphitheater,Stanford,CA,1,1,Animal,764,false,,732,3,50,0,,false,",",false,opener|closer
1712075724,2024-09-28,2024,Frost Amphitheater,Stanford,CA,1,2,California Magic,735,false,,415,6,38,0,,false,",",false,
1712075724,2024-09-28,2024,Frost Amphitheater,Stanford,CA,1,3,Silver Rising,736,false,,569,3,49,0,,false,",",false,
1712075724,2024-09-28,2024,Frost Amphitheater,Stanford,CA,1,4,Feel It Now,823,false,,565,3,24,0,,false,",",false,
1712075724,2024-09-28,2024,Frost Amphitheater,Stanford,CA,1,5,Rockdale,714,false,Vasudo,894,6,57,0,,false,",",false,opener|closer|jam
1712075724,2024-09-28,2024,Frost Amphitheater,Stanford,CA,1,6,Fish In The Sea,477,true,Fat Freddy's Drop,687,16,23,10,,false,",",false,opener
1712075724,2024-09-28,2024,Frost Amphitheater,Stanford,CA,1,7,Thatch,809,false,,1011,7,38,0,,false,,false,opener|closer|jam|peak
1712075724,2024-09-28,2024,Frost Amphitheater,Stanford,CA,2,8,Arrow,438,false,,1024,3,72,0,,false,",",false,opener|closer|jam
1712075724,2024-09-28,2024,Frost Amphitheater,Stanford,CA,2,9,Travelers,574,false,,687,17,26,10,,false,>,true,
1712075724,2024-09-28,2024,Frost Amphitheater,Stanford,CA,2,10,Elmeg The Wise,466,false,St. John's Revival,1029,17,21,10,,false,",",false,closer|encore
1712075724,2024-09-28,2024,Frost Amphitheater,Stanford,CA,2,11,Hungersite,740,false,,862,4,52,0,,false,,false,opener|jam
1712075724,2024-09-28,2024,Frost Amphitheater,Stanford,CA,E,12,The Empress Of Organos,604,false,Vasudo,700,3,70,0,,false,,false,closer|jam
1727545020,2024-10-01,2024,The Troubadour,West Hollywood,CA,1,1,Drive,462,false,,372,5,101,0,,false,",",false,opener|jam
1727545020,2024-10-01,2024,The Troubadour,West Hollywood,CA,1,2,All I Need,414,false,,676,3,140,0,,false,",",false,jam
1727545020,2024-10-01,2024,The Troubadour,West Hollywood,CA,1,3,Indian River,410,false,,645,6,114,0,,false,->,true,
1727545020,2024-10-01,2024,The Troubadour,West Hollywood,CA,1,4,Cantaloupe Island,444,true,Herbie Hancock,372,36,11,20,,false,",",false,
1727545020,2024-10-01,2024,The Troubadour,West Hollywood,CA,1,5,Borne,725,false,,1104,5,39,0,,false,",",false,jam
1727545020,2024-10-01,2024,The Troubadour,West Hollywood,CA,1,6,Seekers on the Ridge pt I,609,false,,385,6,44,0,,false,>,true,
1727545020,2024-10-01,2024,The Troubadour,West Hollywood,CA,1,7,Seekers on the Ridge pt II,610,false,,286,6,44,0,,false,",",false,
1727545020,2024-10-01,2024,The Troubadour,West Hollywood,CA,1,8,War Pigs,948,true,Black Sabbath,529,0,1,0,,false,",",false,
1727545020,2024-10-01,2024,The Troubadour,West Hollywood,CA,1,9,Tumble,418,false,Vasudo,897,3,110,0,,false,,false,closer|jam|peak
1727545020,2024-10-01,2024,The Troubadour,West Hollywood,CA,2,10,Creatures,420,false,,799,4,123,0,,false,->,true,jam
1727545020,2024-10-01,2024,The Troubadour,West Hollywood,CA,2,11,Shama Lama Ding Dong,545,true,Otis Day and The Knights,309,17,41,10,,false,>,true,encore
1727545020,2024-10-01,2024,The Troubadour,West Hollywood,CA,2,12,Sinnerman,739,true,Nina Simone,538,15,8,10,,false,",",false,closer
1727545020,2024-10-01,2024,The Troubadour,West Hollywood,CA,2,13,Jeff Engborg,737,false,Great Blue,605,16,9,10,,false,",",false,closer
1727545020,2024-10-01,2024,The Troubadour,West Hollywood,CA,2,14,Everything Must Go,805,false,,926,5,28,0,,false,",",false,jam
1727545020,2024-10-01,2024,The Troubadour,West Hollywood,CA,2,15,Ship Of Fools,598,true,Grateful Dead,305,0,1,0,,false,",",false,
1727545020,2024-10-01,2024,The Troubadour,West Hollywood,CA,2,16,Pancakes,723,false,Great Blue,758,3,50,0,,false,,false,opener|closer|jam
1727545020,2024-10-01,2024,The Troubadour,West Hollywood,CA,E,17,Slow Ready,422,false,,778,3,81,0,,false,>,true,
1727545020,2024-10-01,2024,The Troubadour,West Hollywood,CA,E,18,(dawn),637,false,,575,3,7,0,,false,,false,closer|encore
1716390709,2024-10-04,2024,Memphis Botanical Gardens,Memphis,TN,1,1,Big Modern!,945,false,,959,2,6,0,,false,",",false,opener|closer|jam|peak
1716390709,2024-10-04,2024,Memphis Botanical Gardens,Memphis,TN,1,2,Hot Love & The Lazy Poet,645,false,Vasudo,351,2,12,0,,false,",",false,opener
1716390709,2024-10-04,2024,Memphis Botanical Gardens,Memphis,TN,1,3,Lead Up,822,false,,332,5,26,0,,false,",",false,
1716390709,2024-10-04,2024,Memphis Botanical Gardens,Memphis,TN,1,4,Animal,764,false,,909,1,51,0,,false,",",false,opener|closer
1716390709,2024-10-04,2024,Memphis Botanical Gardens,Memphis,TN,1,5,I Would Die 4 U,867,true,Prince,489,23,5,20,,false,>,true,
1716390709,2024-10-04,2024,Memphis Botanical Gardens,Memphis,TN,1,6,Thatch,809,false,,936,1,39,0,,true,",",false,opener|closer|jam|peak
1716390709,2024-10-04,2024,Memphis Botanical Gardens,Memphis,TN,1,7,Silver Rising,736,false,,558,1,50,0,,false,",",false,
1716390709,2024-10-04,2024,Memphis Botanical Gardens,Memphis,TN,1,8,Hungersite,740,false,,368,1,53,0,,false,,false,opener|jam
1719248440,2024-10-24,2024,Ascend Amphitheater,Nashville,TN,1,1,Echo of a Rose,463,false,Vasudo,431,3,102,0,,false,->,true,jam
1719248440,2024-10-24,2024,Ascend Amphitheater,Nashville,TN,1,2,Green River,482,true,Creedence Clearwater Revival,399,11,30,10,,false,>,true,
1719248440,2024-10-24,2024,Ascend Amphitheater,Nashville,TN,1,3,Echo of a Rose,463,false,Vasudo,83,0,103,0,,false,",",false,jam
1719248440,2024-10-24,2024,Ascend Amphitheater,Nashville,TN,1,4,Draconian Meter Maid,943,false,Swimmer,714,4,5,0,,false,->,true,jam|peak
1719248440,2024-10-24,2024,Ascend Amphitheater,Nashville,TN,1,5,Mas Que Nada,513,true,Sergio Mendes,524,4,22,0,,false,",",false,
1719248440,2024-10-24,2024,Ascend Amphitheater,Nashville,TN,1,6,Time to Flee,404,false,,593,10,105,10,,false,->,true,
1719248440,2024-10-24,2024,Ascend Amphitheater,Nashville,TN,1,7,All I Need,414,false,,492,1,141,0,,false,->,true,jam
1719248440,2024-10-24,2024,Ascend Amphitheater,Nashville,TN,1,8,Caution,446,true,Bob Marley,325,21,16,20,,false,->,true,
1719248440,2024-10-24,2024,Ascend Amphitheater,Nashville,TN,1,9,Time to Flee,404,false,,167,0,106,0,,false,",",false,
1719248440,2024-10-24,2024,Ascend Amphitheater,Nashville,TN,1,10,Same Old Shenanigans,541,false,,916,9,51,10,,false,,false,closer
1719248440,2024-10-24,2024,Ascend Amphitheater,Nashville,TN,2,11,So Ready,421,false,,736,4,135,0,,false,",",false,closer
1719248440,2024-10-24,2024,Ascend Amphitheater,Nashville,TN,2,12,Into the Myst,402,false,,1606,4,67,0,,true,>,true,jam
1719248440,2024-10-24,2024,Ascend Amphitheater,Nashville,TN,2,13,Arcadia,403,false,,1077,3,194,0,,false,",",false,closer
1719248440,2024-10-24,2024,Ascend Amphitheater,Nashville,TN,2,14,A Western Sun,435,false,,426,6,65,0,,false,>,true,
1719248440,2024-10-24,2024,Ascend Amphitheater,Nashville,TN,2,15,Dripfield,738,false,,702,3,50,0,,false,,false,closer|jam
1719248440,2024-10-24,2024,Ascend Amphitheater,Nashville,TN,E,16,Mr. Action,817,false,,434,10,26,10,,false,,false,
1728409724,2024-10-25,2024,Lawrence Joel Veterans Memorial Coliseum,Winston-Salem,NC,1,1,Hot Love & The Lazy Poet,645,false,Vasudo,413,1,13,0,,false,",",false,opener
1728409724,2024-10-25,2024,Lawrence Joel Veterans Memorial Coliseum,Winston-Salem,NC,1,2,Turbulence & The Night Rays,646,false,Vasudo,584,5,36,0,,false,",",false,opener
1728409724,2024-10-25,2024,Lawrence Joel Veterans Memorial Coliseum,Winston-Salem,NC,1,3,California Magic,735,false,,390,3,39,0,,false,",",false,
1728409724,2024-10-25,2024,Lawrence Joel Veterans Memorial Coliseum,Winston-Salem,NC,1,4,Silver Rising,736,false,,552,1,51,0,,false,",",false,
1728409724,2024-10-25,2024,Lawrence Joel Veterans Memorial Coliseum,Winston-Salem,NC,1,5,Bob Don,429,false,,582,6,51,0,,false,",",false,
1728409724,2024-10-25,2024,Lawrence Joel Veterans Memorial Coliseum,Winston-Salem,NC,1,6,Red Bird,536,false,,1197,5,46,0,,false,>,true,jam
1728409724,2024-10-25,2024,Lawrence Joel Veterans Memorial Coliseum,Winston-Salem,NC,1,7,Hungersite,740,false,,958,1,54,0,,false,,false,opener|jam
1728409724,2024-10-25,2024,Lawrence Joel Veterans Memorial Coliseum,Winston-Salem,NC,2,8,Yeti,416,false,Great Blue,415,4,107,0,,false,->,true,opener
1728409724,2024-10-25,2024,Lawrence Joel Veterans Memorial Coliseum,Winston-Salem,NC,2,9,Pumped Up Kicks,534,true,Foster The People,322,4,23,0,,false,->,true,
1728409724,2024-10-25,2024,Lawrence Joel Veterans Memorial Coliseum,Winston-Salem,NC,2,10,Yeti,416,false,Great Blue,229,0,108,0,,false,",",false,opener
1728409724,2024-10-25,2024,Lawrence Joel Veterans Memorial Coliseum,Winston-Salem,NC,2,11,Arrow,438,false,,1140,3,73,0,,false,>,true,opener|closer|jam
1728409724,2024-10-25,2024,Lawrence Joel Veterans Memorial Coliseum,Winston-Salem,NC,2,12,Cold Rain And Snow,452,true,Grateful Dead,431,526,2,50,,false,",",false,
1728409724,2024-10-25,2024,Lawrence Joel Veterans Memorial Coliseum,Winston-Salem,NC,2,13,Brokedown Palace,614,true,Grateful Dead,322,137,3,50,,false,",",false,ballad|encore
1728409724,2024-10-25,2024,Lawrence Joel Veterans Memorial Coliseum,Winston-Salem,NC,2,14,The Empress Of Organos,604,false,Vasudo,771,3,71,0,,true,>,true,closer|jam
1728409724,2024-10-25,2024,Lawrence Joel Veterans Memorial Coliseum,Winston-Salem,NC,2,15,Moby,677,false,,184,37,19,20,,false,>,true,ballad
1728409724,2024-10-25,2024,Lawrence Joel Veterans Memorial Coliseum,Winston-Salem,NC,2,16,The Empress Of Organos,604,false,Vasudo,199,0,72,0,,false,,false,closer|jam
1728409724,2024-10-25,2024,Lawrence Joel Veterans Memorial Coliseum,Winston-Salem,NC,E,17,Tumble,418,false,Vasudo,807,2,111,0,,true,",",false,closer|jam|peak
1728409724,2024-10-25,2024,Lawrence Joel Veterans Memorial Coliseum,Winston-Salem,NC,E,18,Turn On Your Love Light,578,true,Bobby Blue Bland,371,12,49,10,,false,,false,closer|encore
1728407482,2024-10-26,2024,Avondale Brewing Company,Birmingham,AL,1,1,Elizabeth,465,false,,487,11,60,10,,false,",",false,opener|jam
1728407482,2024-10-26,2024,Avondale Brewing Company,Birmingham,AL,1,2,Atlas Dogs,727,false,,452,11,41,10,,false,>,true,opener
1728407482,2024-10-26,2024,Avondale Brewing Company,Birmingham,AL,1,3,"One In, One Out",946,false,,655,6,5,0,,false,>,true,jam
1728407482,2024-10-26,2024,Avondale Brewing Company,Birmingham,AL,1,4,AUATC,602,true,Bon Iver,362,9,9,10,,false,>,true,
1728407482,2024-10-26,2024,Avondale Brewing Company,Birmingham,AL,1,5,Interlude II,409,false,,212,11,5,10,,false,>,true,ballad
1728407482,2024-10-26,2024,Avondale Brewing Company,Birmingham,AL,1,6,Jive I,411,false,,498,11,126,10,,false,>,true,
1728407482,2024-10-26,2024,Avondale Brewing Company,Birmingham,AL,1,7,Jive Lee,502,false,,667,11,81,10,,false,",",false,closer|jam
1728407482,2024-10-26,2024,Avondale Brewing Company,Birmingham,AL,1,8,Turned Clouds,400,false,,628,5,108,0,,false,",",false,
1728407482,2024-10-26,2024,Avondale Brewing Company,Birmingham,AL,1,9,Big Modern!,945,false,,1303,2,7,0,,true,,false,opener|closer|jam|peak
1728407482,2024-10-26,2024,Avondale Brewing Company,Birmingham,AL,2,10,Drive,462,false,,847,3,102,0,,false,",",false,opener|jam
1728407482,2024-10-26,2024,Avondale Brewing Company,Birmingham,AL,2,11,Take On Me,565,true,A-Ha,376,82,9,35,,false,",",false,
1728407482,2024-10-26,2024,Avondale Brewing Company,Birmingham,AL,2,12,Rockdale,714,false,Vasudo,797,4,58,0,,false,",",false,opener|closer|jam
1728407482,2024-10-26,2024,Avondale Brewing Company,Birmingham,AL,2,13,Creatures,420,false,,830,3,124,0,,false,->,true,jam
1728407482,2024-10-26,2024,Avondale Brewing Company,Birmingham,AL,2,14,Can't Get You Out Of My Head,426,true,Kylie Minogue,867,12,22,10,,true,",",false,
1728407482,2024-10-26,2024,Avondale Brewing Company,Birmingham,AL,2,15,Slow Ready,422,false,,701,3,82,0,,false,,false,
1728407482,2024-10-26,2024,Avondale Brewing Company,Birmingham,AL,E,16,Thatch,809,false,,664,2,40,0,,false,,false,opener|closer|jam|peak
1719248538,2024-10-29,2024,The Fillmore Miami Beach,Miami,FL,1,1,The Whales,425,false,,550,10,41,10,,false,",",false,opener
1719248538,2024-10-29,2024,The Fillmore Miami Beach,Miami,FL,1,2,MEDIA,947,false,Swimmer,295,11,4,10,,false,>,true,opener|ballad
1719248538,2024-10-29,2024,The Fillmore Miami Beach,Miami,FL,1,3,Into the Myst,402,false,,1006,2,68,0,,false,",",false,jam
1719248538,2024-10-29,2024,The Fillmore Miami Beach,Miami,FL,1,4,Borne,725,false,,1336,4,40,0,,true,",",false,jam
1719248538,2024-10-29,2024,The Fillmore Miami Beach,Miami,FL,1,5,The Way It Is,570,true,Bruce Hornsby,467,24,37,20,,false,>,true,
1719248538,2024-10-29,2024,The Fillmore Miami Beach,Miami,FL,1,6,Flodown,478,false,Vasudo,563,12,146,10,,false,",",false,
1719248538,2024-10-29,2024,The Fillmore Miami Beach,Miami,FL,1,7,SALT,930,false,,603,7,7,0,,false,,false,opener|closer|encore
1719248538,2024-10-29,2024,The Fillmore Miami Beach,Miami,FL,2,8,Pancakes,723,false,Great Blue,1393,4,51,0,,true,",",false,opener|closer|jam
1719248538,2024-10-29,2024,The Fillmore Miami Beach,Miami,FL,2,9,Rosewood Heart,412,false,,778,12,60,10,,false,>,true,jam|peak
1719248538,2024-10-29,2024,The Fillmore Miami Beach,Miami,FL,2,10,Butter Rum,415,false,Vasudo,942,8,110,10,,true,",",false,
1719248538,2024-10-29,2024,The Fillmore Miami Beach,Miami,FL,2,11,Everything Must Go,805,false,,820,4,29,0,,false,",",false,jam
1719248538,2024-10-29,2024,The Fillmore Miami Beach,Miami,FL,2,12,Animal,764,false,,617,3,52,0,,false,,false,opener|closer
1719248538,2024-10-29,2024,The Fillmore Miami Beach,Miami,FL,E,13,Don't Do It,460,true,The Band,415,14,35,10,,false,,false,closer|encore
1719248561,2024-10-30,2024,The Fillmore Miami Beach,Miami,FL,1,1,Earthling or Alien?,605,false,,933,11,44,10,,false,",",false,jam|peak
1719248561,2024-10-30,2024,The Fillmore Miami Beach,Miami,FL,1,2,Mr. Action,817,false,,519,3,27,0,,false,",",false,
1719248561,2024-10-30,2024,The Fillmore Miami Beach,Miami,FL,1,3,Indian River,410,false,,1123,5,115,0,,false,->,true,
1719248561,2024-10-30,2024,The Fillmore Miami Beach,Miami,FL,1,4,Atlas,439,true,The Wood Brothers,445,22,36,20,,false,",",false,opener
1719248561,2024-10-30,2024,The Fillmore Miami Beach,Miami,FL,1,5,Lead Up,822,false,,369,4,27,0,,false,",",false,
1719248561,2024-10-30,2024,The Fillmore Miami Beach,Miami,FL,1,6,Rock The Casbah,431,true,The Clash,270,14,12,10,,false,",",false,encore
1719248561,2024-10-30,2024,The Fillmore Miami Beach,Miami,FL,1,7,So Ready,421,false,,797,3,136,0,,false,,false,closer
1719248561,2024-10-30,2024,The Fillmore Miami Beach,Miami,FL,2,8,All I Need,414,false,,1051,3,142,0,,true,->,true,jam
1719248561,2024-10-30,2024,The Fillmore Miami Beach,Miami,FL,2,9,White Lights,586,false,,728,15,72,10,,false,>,true,closer|encore
1719248561,2024-10-30,2024,The Fillmore Miami Beach,Miami,FL,2,10,Electric Avenue,464,true,Eddy Grant,385,11,37,10,,false,",",false,
1719248561,2024-10-30,2024,The Fillmore Miami Beach,Miami,FL,2,11,Same Old Shenanigans,541,false,,870,3,52,0,,false,",",false,closer
1719248561,2024-10-30,2024,The Fillmore Miami Beach,Miami,FL,2,12,Lead the Way,406,false,,583,9,86,10,,false,",",false,opener
1719248561,2024-10-30,2024,The Fillmore Miami Beach,Miami,FL,2,13,Hot Tea,408,false,Vasudo,899,7,141,0,,false,,false,closer
1719248561,2024-10-30,2024,The Fillmore Miami Beach,Miami,FL,E,14,Jive II,413,false,,552,10,81,10,,false,>,true,opener
1719248561,2024-10-30,2024,The Fillmore Miami Beach,Miami,FL,E,15,Jive Lee,502,false,,269,1,82,0,,false,,false,closer|jam
1719248592,2024-10-31,2024,The St. Pete Pier,St. Petersburg,FL,1,1,Stranger Things,951,true,S U R V I V E,333,0,1,0,,false,>,true,encore
1719248592,2024-10-31,2024,The St. Pete Pier,St. Petersburg,FL,1,2,Dr. Darkness,712,false,,354,8,36,10,,false,",",false,opener
1719248592,2024-10-31,2024,The St. Pete Pier,St. Petersburg,FL,1,3,Yeti,416,false,Great Blue,699,3,109,0,,false,",",false,opener
1719248592,2024-10-31,2024,The St. Pete Pier,St. Petersburg,FL,1,4,Silver Rising,736,false,,587,3,52,0,,false,",",false,
1719248592,2024-10-31,2024,The St. Pete Pier,St. Petersburg,FL,1,5,Wysteria Lane,405,false,Vasudo,631,14,105,10,,false,->,true,opener|jam|peak
1719248592,2024-10-31,2024,The St. Pete Pier,St. Petersburg,FL,1,6,Psycho Killer,633,true,Talking Heads,431,498,2,50,,false,",",false,ballad
1719248592,2024-10-31,2024,The St. Pete Pier,St. Petersburg,FL,1,7,Maniac,952,true,Michael Sembello,535,0,1,0,,false,>,true,
1719248592,2024-10-31,2024,The St. Pete Pier,St. Petersburg,FL,1,8,Madhuvan,512,false,,515,9,161,10,,false,>,true,opener|closer|jam
1719248592,2024-10-31,2024,The St. Pete Pier,St. Petersburg,FL,1,9,Wipeout,953,true,Bob Berryhill,198,0,1,0,,false,>,true,
1719248592,2024-10-31,2024,The St. Pete Pier,St. Petersburg,FL,1,10,Madhuvan,512,false,,442,0,162,0,,false,,false,opener|closer|jam
1719248592,2024-10-31,2024,The St. Pete Pier,St. Petersburg,FL,2,11,You Spin Me Round (Like A Record),950,true,Dead or Alive,511,0,1,0,,false,>,true,closer|encore
1719248592,2024-10-31,2024,The St. Pete Pier,St. Petersburg,FL,2,12,Arrow,438,false,,995,3,74,0,,false,>,true,opener|closer|jam
1719248592,2024-10-31,2024,The St. Pete Pier,St. Petersburg,FL,2,13,Running Up That Hill,955,true,Kate Bush,992,0,1,0,,true,->,true,
1719248592,2024-10-31,2024,The St. Pete Pier,St. Petersburg,FL,2,14,Arrow,438,false,,65,0,75,0,,false,",",false,opener|closer|jam
1719248592,2024-10-31,2024,The St. Pete Pier,St. Petersburg,FL,2,15,Creatures,420,false,,843,2,125,0,,false,",",false,jam
1719248592,2024-10-31,2024,The St. Pete Pier,St. Petersburg,FL,2,16,Everybody Wants To Rule The World,956,true,Tears For Fears,483,0,1,0,,false,,false,
1719248592,2024-10-31,2024,The St. Pete Pier,St. Petersburg,FL,E,17,Stranger Things,951,true,S U R V I V E,226,0,2,0,,false,",",false,encore
1719248592,2024-10-31,2024,The St. Pete Pier,St. Petersburg,FL,E,18,The Empress Of Organos,604,false,Vasudo,526,3,73,0,,false,,false,closer|jam
1719248634,2024-11-01,2024,The St. Augustine Amphitheatre,St. Augustine,FL,1,1,Hot Love & The Lazy Poet,645,false,Vasudo,365,4,14,0,,false,",",false,opener
1719248634,2024-11-01,2024,The St. Augustine Amphitheatre,St. Augustine,FL,1,2,Butterflies,763,false,Great Blue,488,11,19,10,,false,",",false,opener
1719248634,2024-11-01,2024,The St. Augustine Amphitheatre,St. Augustine,FL,1,3,California Magic,735,false,,406,4,40,0,,false,",",false,
1719248634,2024-11-01,2024,The St. Augustine Amphitheatre,St. Augustine,FL,1,4,I'm Writing A Novel,424,true,Father John Misty,530,22,13,20,,false,",",false,
1719248634,2024-11-01,2024,The St. Augustine Amphitheatre,St. Augustine,FL,1,5,"One In, One Out",946,false,,682,3,6,0,,false,->,true,jam
1719248634,2024-11-01,2024,The St. Augustine Amphitheatre,St. Augustine,FL,1,6,Whip It,720,true,Devo,173,113,6,50,,false,",",false,ballad|encore
1719248634,2024-11-01,2024,The St. Augustine Amphitheatre,St. Augustine,FL,1,7,Seekers on the Ridge pt I,609,false,,408,7,45,0,,false,>,true,
1719248634,2024-11-01,2024,The St. Augustine Amphitheatre,St. Augustine,FL,1,8,Seekers on the Ridge pt II,610,false,,323,7,45,0,,false,",",false,
1719248634,2024-11-01,2024,The St. Augustine Amphitheatre,St. Augustine,FL,1,9,Tumble,418,false,Vasudo,1315,4,112,0,,true,,false,closer|jam|peak
1719248634,2024-11-01,2024,The St. Augustine Amphitheatre,St. Augustine,FL,2,10,Big Modern!,945,false,,1306,3,8,0,,false,",",false,opener|closer|jam|peak
1719248634,2024-11-01,2024,The St. Augustine Amphitheatre,St. Augustine,FL,2,11,Red Bird,536,false,,975,4,47,0,,true,",",false,jam
1719248634,2024-11-01,2024,The St. Augustine Amphitheatre,St. Augustine,FL,2,12,Echo of a Rose,463,false,Vasudo,505,5,104,0,,false,>,true,jam
1719248634,2024-11-01,2024,The St. Augustine Amphitheatre,St. Augustine,FL,2,13,Mississippi Half-Step Uptown Toodeloo,517,true,Grateful Dead,824,37,33,20,,false,",",false,jam
1719248634,2024-11-01,2024,The St. Augustine Amphitheatre,St. Augustine,FL,2,14,Arcadia,403,false,,774,5,195,0,,false,,false,closer
1719248634,2024-11-01,2024,The St. Augustine Amphitheatre,St. Augustine,FL,E,15,Slow Ready,422,false,,574,3,83,0,,false,,false,
1719248650,2024-11-02,2024,The St. Augustine Amphitheatre,St. Augustine,FL,1,1,Turbulence & The Night Rays,646,false,Vasudo,567,5,37,0,,false,",",false,opener
1719248650,2024-11-02,2024,The St. Augustine Amphitheatre,St. Augustine,FL,1,2,Draconian Meter Maid,943,false,Swimmer,788,6,6,0,,true,>,true,jam|peak
1719248650,2024-11-02,2024,The St. Augustine Amphitheatre,St. Augustine,FL,1,3,Turned Clouds,400,false,,652,4,109,0,,false,",",false,
1719248650,2024-11-02,2024,The St. Augustine Amphitheatre,St. Augustine,FL,1,4,Drive,462,false,,820,4,103,0,,false,->,true,opener|jam
1719248650,2024-11-02,2024,The St. Augustine Amphitheatre,St. Augustine,FL,1,5,Wild Night,588,true,Van Morrison,276,97,18,35,,false,",",false,opener|closer
1719248650,2024-11-02,2024,The St. Augustine Amphitheatre,St. Augustine,FL,1,6,Feel It Now,823,false,,584,9,25,10,,false,",",false,
1719248650,2024-11-02,2024,The St. Augustine Amphitheatre,St. Augustine,FL,1,7,A Western Sun,435,false,,416,6,66,0,,false,>,true,
1719248650,2024-11-02,2024,The St. Augustine Amphitheatre,St. Augustine,FL,1,8,Rockdale,714,false,Vasudo,907,4,59,0,,true,,false,opener|closer|jam
1719248650,2024-11-02,2024,The St. Augustine Amphitheatre,St. Augustine,FL,2,9,Hungersite,740,false,,957,5,55,0,,false,>,true,opener|jam
1719248650,2024-11-02,2024,The St. Augustine Amphitheatre,St. Augustine,FL,2,10,State Of The Art (A.E.I.O.U.),558,true,Jim James,465,20,9,20,,false,",",false,closer
1719248650,2024-11-02,2024,The St. Augustine Amphitheatre,St. Augustine,FL,2,11,Thatch,809,false,,1073,4,41,0,,true,",",false,opener|closer|jam|peak
1719248650,2024-11-02,2024,The St. Augustine Amphitheatre,St. Augustine,FL,2,12,Dripfield,738,false,,1366,6,51,0,,true,->,true,closer|jam
1719248650,2024-11-02,2024,The St. Augustine Amphitheatre,St. Augustine,FL,2,13,Shama Lama Ding Dong,545,true,Otis Day and The Knights,337,8,42,10,,false,,false,encore
1719248650,2024-11-02,2024,The St. Augustine Amphitheatre,St. Augustine,FL,E,14,Give It Time,931,false,,427,10,9,10,,false,,false,closer|encore
1730823679,2024-11-04,2024,The Revelry,Charlotte,NC,1,1,Atlas Dogs,727,false,,,5,42,0,,false,>,true,opener
1730823679,2024-11-04,2024,The Revelry,Charlotte,NC,1,2,Dr. Darkness,712,false,,,2,37,0,,false,",",false,opener
1730823679,2024-11-04,2024,The Revelry,Charlotte,NC,1,3,California Magic,735,false,,,1,41,0,,false,",",false,
1730823679,2024-11-04,2024,The Revelry,Charlotte,NC,1,4,Flodown,478,false,Vasudo,,4,147,0,,false,",",false,
1730823679,2024-11-04,2024,The Revelry,Charlotte,NC,1,5,All I Need,414,false,,,3,143,0,,false,",",false,jam
1730823679,2024-11-04,2024,The Revelry,Charlotte,NC,1,6,Mr. Action,817,false,,,3,28,0,,false,",",false,
1730823679,2024-11-04,2024,The Revelry,Charlotte,NC,1,7,Silver Rising,736,false,,,2,53,0,,false,",",false,
1730823679,2024-11-04,2024,The Revelry,Charlotte,NC,1,8,Hot Love & The Lazy Poet,645,false,Vasudo,,1,15,0,,false,,false,opener
1730823679,2024-11-04,2024,The Revelry,Charlotte,NC,2,9,Eminence Front,468,true,The Who,,11,12,10,,false,",",false,opener
1730823679,2024-11-04,2024,The Revelry,Charlotte,NC,2,10,Arcadia,403,false,,,1,196,0,,false,",",false,closer
1730823679,2024-11-04,2024,The Revelry,Charlotte,NC,2,11,Everything Must Go,805,false,,,4,30,0,,false,",",false,jam
1730823679,2024-11-04,2024,The Revelry,Charlotte,NC,2,12,Arrow,438,false,,,2,76,0,,false,->,true,opener|closer|jam
1730823679,2024-11-04,2024,The Revelry,Charlotte,NC,2,13,Hollywood Nights,488,true,Bob Seger & The Silver Bullet Band,,21,12,20,,false,",",false,
1730823679,2024-11-04,2024,The Revelry,Charlotte,NC,2,14,This Old Sea,572,false,,,12,35,10,,false,",",false,jam
1730823679,2024-11-04,2024,The Revelry,Charlotte,NC,2,15,Animal,764,false,,,4,53,0,,false,,false,opener|closer
1730823679,2024-11-04,2024,The Revelry,Charlotte,NC,E,16,Hot Tea,408,false,Vasudo,,3,142,0,,false,,false,closer
1719248761,2024-11-07,2024,Petersen Events Center,Pittsburgh,PA,1,1,The Whales,425,false,,583,5,42,0,,false,",",false,opener
1719248761,2024-11-07,2024,Petersen Events Center,Pittsburgh,PA,1,2,Mr. Action,817,false,,517,0,29,0,,false,>,true,
1719248761,2024-11-07,2024,Petersen Events Center,Pittsburgh,PA,1,3,Interlude II,409,false,,232,6,6,0,,false,->,true,ballad
1719248761,2024-11-07,2024,Petersen Events Center,Pittsburgh,PA,1,4,Jive I,411,false,,553,6,127,0,,false,>,true,
1719248761,2024-11-07,2024,Petersen Events Center,Pittsburgh,PA,1,5,Jive Lee,502,false,,759,4,83,0,,false,",",false,closer|jam
1719248761,2024-11-07,2024,Petersen Events Center,Pittsburgh,PA,1,6,Not Alone,820,false,,416,89,5,35,,false,",",false,
1719248761,2024-11-07,2024,Petersen Events Center,Pittsburgh,PA,1,7,Maniac,952,true,Michael Sembello,125,3,2,0,,false,->,true,
1719248761,2024-11-07,2024,Petersen Events Center,Pittsburgh,PA,1,8,Danger Zone,457,true,Kenny Loggins,213,45,20,20,,false,->,true,
1719248761,2024-11-07,2024,Petersen Events Center,Pittsburgh,PA,1,9,Maniac,952,true,Michael Sembello,449,0,3,0,,false,",",false,
1719248761,2024-11-07,2024,Petersen Events Center,Pittsburgh,PA,1,10,So Ready,421,false,,795,4,137,0,,false,,false,closer
1719248761,2024-11-07,2024,Petersen Events Center,Pittsburgh,PA,2,11,Madhuvan,512,false,,848,3,163,0,,true,>,true,opener|closer|jam
1719248761,2024-11-07,2024,Petersen Events Center,Pittsburgh,PA,2,12,Travelers,574,false,,675,11,27,10,,false,>,true,
1719248761,2024-11-07,2024,Petersen Events Center,Pittsburgh,PA,2,13,Elmeg The Wise,466,false,St. John's Revival,939,11,22,10,,false,>,true,closer|encore
1719248761,2024-11-07,2024,Petersen Events Center,Pittsburgh,PA,2,14,Madhuvan,512,false,,557,0,164,0,,false,",",false,opener|closer|jam
1719248761,2024-11-07,2024,Petersen Events Center,Pittsburgh,PA,2,15,Creatures,420,false,,972,3,126,0,,false,->,true,jam
1719248761,2024-11-07,2024,Petersen Events Center,Pittsburgh,PA,2,16,Animal,764,false,,589,0,54,0,,false,,false,opener|closer
1719248761,2024-11-07,2024,Petersen Events Center,Pittsburgh,PA,E,17,SALT,930,false,,444,5,8,0,,false,,false,opener|closer|encore
1719248817,2024-11-08,2024,Andrew J Brady Music Center,Cincinnati,OH,1,1,Atlas Dogs,727,false,,331,1,43,0,,false,",",false,opener
1719248817,2024-11-08,2024,Andrew J Brady Music Center,Cincinnati,OH,1,2,Elizabeth,465,false,,713,7,61,0,,true,",",false,opener|jam
1719248817,2024-11-08,2024,Andrew J Brady Music Center,Cincinnati,OH,1,3,All I Need,414,false,,795,1,144,0,,false,->,true,jam
1719248817,2024-11-08,2024,Andrew J Brady Music Center,Cincinnati,OH,1,4,"One In, One Out",946,false,,628,3,7,0,,false,",",false,jam
1719248817,2024-11-08,2024,Andrew J Brady Music Center,Cincinnati,OH,1,5,Flodown,478,false,Vasudo,664,1,148,0,,true,",",false,
1719248817,2024-11-08,2024,Andrew J Brady Music Center,Cincinnati,OH,1,6,Silver Rising,736,false,,572,1,54,0,,false,",",false,
1719248817,2024-11-08,2024,Andrew J Brady Music Center,Cincinnati,OH,1,7,Big Modern!,945,false,,1310,3,9,0,,true,,false,opener|closer|jam|peak
1719248817,2024-11-08,2024,Andrew J Brady Music Center,Cincinnati,OH,2,8,Thatch,809,false,,1265,2,42,0,,true,",",false,opener|closer|jam|peak
1719248817,2024-11-08,2024,Andrew J Brady Music Center,Cincinnati,OH,2,9,The Old Man's Boat,710,false,,830,27,27,20,,true,->,true,
1719248817,2024-11-08,2024,Andrew J Brady Music Center,Cincinnati,OH,2,10,Fish In The Sea,477,true,Fat Freddy's Drop,787,12,24,10,,true,",",false,opener
1719248817,2024-11-08,2024,Andrew J Brady Music Center,Cincinnati,OH,2,11,Pancakes,723,false,Great Blue,932,6,52,0,,true,",",false,opener|closer|jam
1719248817,2024-11-08,2024,Andrew J Brady Music Center,Cincinnati,OH,2,12,So I’m Growing Old On Magic Mountain,957,true,Father John Misty,468,0,1,0,,false,",",false,
1719248817,2024-11-08,2024,Andrew J Brady Music Center,Cincinnati,OH,2,13,Same Old Shenanigans,541,false,,872,5,53,0,,false,,false,closer
1719248817,2024-11-08,2024,Andrew J Brady Music Center,Cincinnati,OH,E,14,Turn On Your Love Light,578,true,Bobby Blue Bland,474,8,50,10,,false,,false,closer|encore
1719248797,2024-11-09,2024,Andrew J Brady Music Center,Cincinnati,OH,1,1,Lead the Way,406,false,,671,6,87,0,,false,",",false,opener
1719248797,2024-11-09,2024,Andrew J Brady Music Center,Cincinnati,OH,1,2,Doc Brown,459,false,Great Blue,522,30,43,20,,false,",",false,
1719248797,2024-11-09,2024,Andrew J Brady Music Center,Cincinnati,OH,1,3,Hot Love & The Lazy Poet,645,false,Vasudo,362,2,16,0,,false,",",false,opener
1719248797,2024-11-09,2024,Andrew J Brady Music Center,Cincinnati,OH,1,4,Draconian Meter Maid,943,false,Swimmer,1168,3,7,0,,true,>,true,jam|peak
1719248797,2024-11-09,2024,Andrew J Brady Music Center,Cincinnati,OH,1,5,Lead Up,822,false,,337,6,28,0,,false,",",false,
1719248797,2024-11-09,2024,Andrew J Brady Music Center,Cincinnati,OH,1,6,Feel It Now,823,false,,713,3,26,0,,false,",",false,
1719248797,2024-11-09,2024,Andrew J Brady Music Center,Cincinnati,OH,1,7,Your Ocean,590,false,,527,21,33,20,,false,>,true,
1719248797,2024-11-09,2024,Andrew J Brady Music Center,Cincinnati,OH,1,8,Arrow,438,false,,1225,2,77,0,,true,,false,opener|closer|jam
1719248797,2024-11-09,2024,Andrew J Brady Music Center,Cincinnati,OH,2,9,Drive,462,false,,374,3,104,0,,false,>,true,opener|jam
1719248797,2024-11-09,2024,Andrew J Brady Music Center,Cincinnati,OH,2,10,Running Up That Hill,955,true,Kate Bush,930,5,2,0,,false,->,true,
1719248797,2024-11-09,2024,Andrew J Brady Music Center,Cincinnati,OH,2,11,Jeff Engborg,737,false,Great Blue,892,12,10,10,,true,->,true,closer
1719248797,2024-11-09,2024,Andrew J Brady Music Center,Cincinnati,OH,2,12,Sinnerman,739,true,Nina Simone,893,12,9,10,,false,>,true,closer
1719248797,2024-11-09,2024,Andrew J Brady Music Center,Cincinnati,OH,2,13,Into the Myst,402,false,,775,7,69,0,,true,>,true,jam
1719248797,2024-11-09,2024,Andrew J Brady Music Center,Cincinnati,OH,2,14,Hot Tea,408,false,Vasudo,1003,2,143,0,,false,,false,closer
1719248797,2024-11-09,2024,Andrew J Brady Music Center,Cincinnati,OH,E,15,Everything Must Go,805,false,,812,2,31,0,,false,,false,jam
1719248831,2024-11-10,2024,Andrew J Brady Music Center,Cincinnati,OH,1,1,Moonrise,731,false,Orebolo,192,187,3,50,,false,",",false,opener|ballad
1719248831,2024-11-10,2024,Andrew J Brady Music Center,Cincinnati,OH,1,2,Dim Lights,732,false,Orebolo,309,0,1,0,,false,",",false,ballad
1719248831,2024-11-10,2024,Andrew J Brady Music Center,Cincinnati,OH,1,3,Atlantic City,601,true,Bruce Springsteen,329,186,4,50,,false,",",false,ballad
1719248831,2024-11-10,2024,Andrew J Brady Music Center,Cincinnati,OH,1,4,A Western Sun,435,false,,1057,4,67,0,,true,",",false,
1719248831,2024-11-10,2024,Andrew J Brady Music Center,Cincinnati,OH,1,5,Butter Rum,415,false,Vasudo,751,8,111,10,,false,",",false,
1719248831,2024-11-10,2024,Andrew J Brady Music Center,Cincinnati,OH,1,6,Borne,725,false,,901,8,41,10,,false,>,true,jam
1719248831,2024-11-10,2024,Andrew J Brady Music Center,Cincinnati,OH,1,7,Spirit Of The Dark Horse,557,false,,624,22,34,20,,false,",",false,
1719248831,2024-11-10,2024,Andrew J Brady Music Center,Cincinnati,OH,1,8,MEDIA,947,false,Swimmer,154,8,5,10,,false,",",false,opener|ballad
1719248831,2024-11-10,2024,Andrew J Brady Music Center,Cincinnati,OH,1,9,Rockdale,714,false,Vasudo,936,4,60,0,,true,,false,opener|closer|jam
1719248831,2024-11-10,2024,Andrew J Brady Music Center,Cincinnati,OH,2,10,Wysteria Lane,405,false,Vasudo,899,6,106,0,,false,->,true,opener|jam|peak
1719248831,2024-11-10,2024,Andrew J Brady Music Center,Cincinnati,OH,2,11,Psycho Killer,633,true,Talking Heads,222,6,3,0,,false,",",false,ballad
1719248831,2024-11-10,2024,Andrew J Brady Music Center,Cincinnati,OH,2,12,Slow Ready,422,false,,845,5,84,0,,false,",",false,
1719248831,2024-11-10,2024,Andrew J Brady Music Center,Cincinnati,OH,2,13,Red Bird,536,false,,1568,5,48,0,,true,",",false,jam
1719248831,2024-11-10,2024,Andrew J Brady Music Center,Cincinnati,OH,2,14,Tumble,418,false,Vasudo,1021,5,113,0,,false,,false,closer|jam|peak
1719248831,2024-11-10,2024,Andrew J Brady Music Center,Cincinnati,OH,E,15,Achy Breaky Heart,436,true,Billy Ray Cyrus,215,121,4,50,,false,",",false,closer|encore
1719248831,2024-11-10,2024,Andrew J Brady Music Center,Cincinnati,OH,E,16,Factory Fiction,473,false,Vasudo,845,16,21,10,,false,,false,closer|jam|peak|encore
1719248901,2024-11-12,2024,The Anthem,Washington,DC,1,1,Dr. Darkness,712,false,,390,4,38,0,,false,",",false,opener
1719248901,2024-11-12,2024,The Anthem,Washington,DC,1,2,Earthling or Alien?,605,false,,1102,8,45,10,,true,",",false,jam|peak
1719248901,2024-11-12,2024,The Anthem,Washington,DC,1,3,Seekers on the Ridge pt I,609,false,,406,6,46,0,,false,>,true,
1719248901,2024-11-12,2024,The Anthem,Washington,DC,1,4,Seekers on the Ridge pt II,610,false,,298,6,46,0,,false,",",false,
1719248901,2024-11-12,2024,The Anthem,Washington,DC,1,5,Echo of a Rose,463,false,Vasudo,933,6,105,0,,false,>,true,jam
1719248901,2024-11-12,2024,The Anthem,Washington,DC,1,6,Bloodbuzz Ohio,766,true,The National,451,30,8,20,,false,>,true,
1719248901,2024-11-12,2024,The Anthem,Washington,DC,1,7,Bob Don,429,false,,583,11,52,10,,false,>,true,
1719248901,2024-11-12,2024,The Anthem,Washington,DC,1,8,Echo of a Rose,463,false,Vasudo,82,0,106,0,,false,",",false,jam
1719248901,2024-11-12,2024,The Anthem,Washington,DC,1,9,So Ready,421,false,,802,3,138,0,,false,,false,closer
1719248901,2024-11-12,2024,The Anthem,Washington,DC,2,10,Eminence Front,468,true,The Who,426,4,13,0,,false,",",false,opener
1719248901,2024-11-12,2024,The Anthem,Washington,DC,2,11,Hungersite,740,false,,1088,5,56,0,,false,",",false,opener|jam
1719248901,2024-11-12,2024,The Anthem,Washington,DC,2,12,You Spin Me Round (Like A Record),950,true,Dead or Alive,1036,7,2,0,,false,>,true,closer|encore
1719248901,2024-11-12,2024,The Anthem,Washington,DC,2,13,Pancakes,723,false,Great Blue,932,2,53,0,,false,->,true,opener|closer|jam
1719248901,2024-11-12,2024,The Anthem,Washington,DC,2,14,Loose Ends,762,false,Vasudo,179,33,16,20,,false,>,true,closer
1719248901,2024-11-12,2024,The Anthem,Washington,DC,2,15,Pancakes,723,false,Great Blue,123,0,54,0,,false,",",false,opener|closer|jam
1719248901,2024-11-12,2024,The Anthem,Washington,DC,2,16,This Old Sea,572,false,,321,4,36,0,,false,>,true,jam
1719248901,2024-11-12,2024,The Anthem,Washington,DC,2,17,Animal,764,false,,617,3,55,0,,false,,false,opener|closer
1719248901,2024-11-12,2024,The Anthem,Washington,DC,E,18,Peggy-O,531,true,Grateful Dead,492,53,17,35,,false,,false,
1719248917,2024-11-13,2024,The Anthem,Washington,DC,1,1,Atlas Dogs,727,false,,431,3,44,0,,false,>,true,opener
1719248917,2024-11-13,2024,The Anthem,Washington,DC,1,2,Silver Rising,736,false,,591,3,55,0,,false,",",false,
1719248917,2024-11-13,2024,The Anthem,Washington,DC,1,3,Turned Clouds,400,false,,664,6,110,0,,false,",",false,
1719248917,2024-11-13,2024,The Anthem,Washington,DC,1,4,Big Modern!,945,false,,1417,3,10,0,,true,->,true,opener|closer|jam|peak
1719248917,2024-11-13,2024,The Anthem,Washington,DC,1,5,Whip It,720,true,Devo,162,7,7,0,,false,",",false,ballad|encore
1719248917,2024-11-13,2024,The Anthem,Washington,DC,1,6,I Would Die 4 U,867,true,Prince,525,14,6,10,,false,",",false,
1719248917,2024-11-13,2024,The Anthem,Washington,DC,1,7,SALT,930,false,,749,4,9,0,,false,",",false,opener|closer|encore
1719248917,2024-11-13,2024,The Anthem,Washington,DC,1,8,Give It Time,931,false,,465,6,10,0,,false,,false,closer|encore
1719248917,2024-11-13,2024,The Anthem,Washington,DC,2,9,Yeti,416,false,Great Blue,248,8,110,10,,false,->,true,opener
1719248917,2024-11-13,2024,The Anthem,Washington,DC,2,10,Pumped Up Kicks,534,true,Foster The People,329,12,24,10,,false,->,true,
1719248917,2024-11-13,2024,The Anthem,Washington,DC,2,11,Shama Lama Ding Dong,545,true,Otis Day and The Knights,330,6,43,0,,false,>,true,encore
1719248917,2024-11-13,2024,The Anthem,Washington,DC,2,12,Yeti,416,false,Great Blue,306,0,111,0,,false,",",false,opener
1719248917,2024-11-13,2024,The Anthem,Washington,DC,2,13,Thatch,809,false,,1092,3,43,0,,true,",",false,opener|closer|jam|peak
1719248917,2024-11-13,2024,The Anthem,Washington,DC,2,14,726,432,false,,488,33,34,20,,false,>,true,encore
1719248917,2024-11-13,2024,The Anthem,Washington,DC,2,15,Dripfield,738,false,,779,6,52,0,,false,,false,closer|jam
1719248917,2024-11-13,2024,The Anthem,Washington,DC,E,16,The Empress Of Organos,604,false,Vasudo,535,8,74,10,,false,->,true,closer|jam
1719248917,2024-11-13,2024,The Anthem,Washington,DC,E,17,Big Modern!,945,false,,693,0,11,0,,true,->,true,opener|closer|jam|peak
1719248917,2024-11-13,2024,The Anthem,Washington,DC,E,18,The Empress Of Organos,604,false,Vasudo,176,0,75,0,,false,,false,closer|jam
1730168333,2024-11-24,2024,Madison Square Garden,New York,NY,1,1,Arcadia,403,false,,435,6,197,0,,false,",",false,closer
1730168333,2024-11-24,2024,Madison Square Garden,New York,NY,1,2,Give It Time,931,false,,392,0,11,0,,false,",",false,closer|encore
1730168333,2024-11-24,2024,Madison Square Garden,New York,NY,1,3,Hungersite,740,false,,316,1,57,0,,false,",",false,opener|jam
1730168333,2024-11-24,2024,Madison Square Garden,New York,NY,1,4,Don't Do It,460,true,The Band,397,11,36,10,,false,",",false,closer|encore
1730168333,2024-11-24,2024,Madison Square Garden,New York,NY,1,5,The Way It Is,570,true,Bruce Hornsby,417,11,38,10,,false,,false,
1719248965,2024-12-13,2024,North Charleston Coliseum &amp; Performing Arts Center,North Charleston,SC,1,1,Sirius,958,true,The Alan Parsons Project,215,0,1,0,,false,",",false,
1719248965,2024-12-13,2024,North Charleston Coliseum &amp; Performing Arts Center,North Charleston,SC,1,2,Yeti,416,false,Great Blue,744,1,112,0,,false,",",false,opener
1719248965,2024-12-13,2024,North Charleston Coliseum &amp; Performing Arts Center,North Charleston,SC,1,3,Butter Rum,415,false,Vasudo,800,3,112,0,,false,",",false,
1719248965,2024-12-13,2024,North Charleston Coliseum &amp; Performing Arts Center,North Charleston,SC,1,4,Arcadia,403,false,,1044,0,198,0,,true,",",false,closer
1719248965,2024-12-13,2024,North Charleston Coliseum &amp; Performing Arts Center,North Charleston,SC,1,5,The King,967,false,,,0,1,0,,false,",",false,
1719248965,2024-12-13,2024,North Charleston Coliseum &amp; Performing Arts Center,North Charleston,SC,1,6,Turbulence & The Night Rays,646,false,Vasudo,566,8,38,10,,false,",",false,opener
1719248965,2024-12-13,2024,North Charleston Coliseum &amp; Performing Arts Center,North Charleston,SC,1,7,Silver Rising,736,false,,594,1,56,0,,false,,false,
1719248965,2024-12-13,2024,North Charleston Coliseum &amp; Performing Arts Center,North Charleston,SC,2,8,Hot Love & The Lazy Poet,645,false,Vasudo,367,4,17,0,,false,",",false,opener
1719248965,2024-12-13,2024,North Charleston Coliseum &amp; Performing Arts Center,North Charleston,SC,2,9,Give It Time,931,false,,477,0,12,0,,false,",",false,closer|encore
1719248965,2024-12-13,2024,North Charleston Coliseum &amp; Performing Arts Center,North Charleston,SC,2,10,Mr. Action,817,false,,474,6,30,0,,false,",",false,
1719248965,2024-12-13,2024,North Charleston Coliseum &amp; Performing Arts Center,North Charleston,SC,2,11,Hungersite,740,false,,1275,0,58,0,,true,->,true,opener|jam
1719248965,2024-12-13,2024,North Charleston Coliseum &amp; Performing Arts Center,North Charleston,SC,2,12,Flodown,478,false,Vasudo,456,5,149,0,,false,",",false,
1719248965,2024-12-13,2024,North Charleston Coliseum &amp; Performing Arts Center,North Charleston,SC,2,13,726,432,false,,524,1,35,0,,false,",",false,encore
1719248965,2024-12-13,2024,North Charleston Coliseum &amp; Performing Arts Center,North Charleston,SC,2,14,Kashmir,959,true,Led Zeppelin,482,0,1,0,,false,",",false,
1719248965,2024-12-13,2024,North Charleston Coliseum &amp; Performing Arts Center,North Charleston,SC,2,15,Into the Myst,402,false,,1108,4,70,0,,false,>,true,jam
1719248965,2024-12-13,2024,North Charleston Coliseum &amp; Performing Arts Center,North Charleston,SC,2,16,Big Modern!,945,false,,846,1,12,0,,false,,false,opener|closer|jam|peak
1719248965,2024-12-13,2024,North Charleston Coliseum &amp; Performing Arts Center,North Charleston,SC,E,17,Same Old Shenanigans,541,false,,695,5,54,0,,false,",",false,closer
1719248965,2024-12-13,2024,North Charleston Coliseum &amp; Performing Arts Center,North Charleston,SC,E,18,Seekers on the Ridge pt I,609,false,,372,2,47,0,,false,>,true,
1719248965,2024-12-13,2024,North Charleston Coliseum &amp; Performing Arts Center,North Charleston,SC,E,19,Seekers on the Ridge pt II,610,false,,294,2,47,0,,false,>,true,
1719248965,2024-12-13,2024,North Charleston Coliseum &amp; Performing Arts Center,North Charleston,SC,E,20,(dawn),637,false,,191,17,8,10,,false,,false,closer|encore
1719248984,2024-12-14,2024,North Charleston Coliseum &amp; Performing Arts Center,North Charleston,SC,1,1,Sirius,958,true,The Alan Parsons Project,232,0,2,0,,false,>,true,
1719248984,2024-12-14,2024,North Charleston Coliseum &amp; Performing Arts Center,North Charleston,SC,1,2,Madhuvan,512,false,,993,7,165,0,,false,",",false,opener|closer|jam
1719248984,2024-12-14,2024,North Charleston Coliseum &amp; Performing Arts Center,North Charleston,SC,1,3,Borne,725,false,,460,4,42,0,,false,>,true,jam
1719248984,2024-12-14,2024,North Charleston Coliseum &amp; Performing Arts Center,North Charleston,SC,1,4,Slip Slidin’ Away,960,true,Paul Simon,276,0,1,0,,false,",",false,
1719248984,2024-12-14,2024,North Charleston Coliseum &amp; Performing Arts Center,North Charleston,SC,1,5,"One In, One Out",946,false,,844,6,8,0,,false,->,true,jam
1719248984,2024-12-14,2024,North Charleston Coliseum &amp; Performing Arts Center,North Charleston,SC,1,6,Jam,802,false,,449,62,22,35,,true,->,true,opener|jam
1719248984,2024-12-14,2024,North Charleston Coliseum &amp; Performing Arts Center,North Charleston,SC,1,7,Jam,802,false,,989,0,23,0,,true,->,true,opener|jam
1719248984,2024-12-14,2024,North Charleston Coliseum &amp; Performing Arts Center,North Charleston,SC,1,8,Rockdale,714,false,Vasudo,879,4,61,0,,true,,false,opener|closer|jam
1719248984,2024-12-14,2024,North Charleston Coliseum &amp; Performing Arts Center,North Charleston,SC,2,9,All I Need,414,false,,349,6,145,0,,false,->,true,jam
1719248984,2024-12-14,2024,North Charleston Coliseum &amp; Performing Arts Center,North Charleston,SC,2,10,Creatures,420,false,,1193,7,127,0,,true,>,true,jam
1719248984,2024-12-14,2024,North Charleston Coliseum &amp; Performing Arts Center,North Charleston,SC,2,11,The Empress Of Organos,604,false,Vasudo,557,2,76,0,,false,>,true,closer|jam
1719248984,2024-12-14,2024,North Charleston Coliseum &amp; Performing Arts Center,North Charleston,SC,2,12,Don’t Leave Me This Way,964,true,Harold Melvin & The Blue Notes,563,0,1,0,,false,",",false,closer
1719248984,2024-12-14,2024,North Charleston Coliseum &amp; Performing Arts Center,North Charleston,SC,2,13,Get Down Tonight,965,true,KC and the Sunshine Band,818,0,1,0,,false,",",false,
1719248984,2024-12-14,2024,North Charleston Coliseum &amp; Performing Arts Center,North Charleston,SC,2,14,Atlas Dogs,727,false,,446,2,45,0,,false,->,true,opener
1719248984,2024-12-14,2024,North Charleston Coliseum &amp; Performing Arts Center,North Charleston,SC,2,15,Echo of a Rose,463,false,Vasudo,242,3,107,0,,false,>,true,jam
1719248984,2024-12-14,2024,North Charleston Coliseum &amp; Performing Arts Center,North Charleston,SC,2,16,Slow Ready,422,false,,156,4,85,0,,false,>,true,
1719248984,2024-12-14,2024,North Charleston Coliseum &amp; Performing Arts Center,North Charleston,SC,2,17,So Ready,421,false,,135,3,139,0,,false,->,true,closer
1719248984,2024-12-14,2024,North Charleston Coliseum &amp; Performing Arts Center,North Charleston,SC,2,18,Slow Ready,422,false,,458,0,86,0,,true,,false,
1719248984,2024-12-14,2024,North Charleston Coliseum &amp; Performing Arts Center,North Charleston,SC,E,19,Dripfield,738,false,,771,2,53,0,,false,>,true,closer|jam
1719248984,2024-12-14,2024,North Charleston Coliseum &amp; Performing Arts Center,North Charleston,SC,E,20,Jam,802,false,,586,0,24,0,,false,",",false,opener|jam
1719248984,2024-12-14,2024,North Charleston Coliseum &amp; Performing Arts Center,North Charleston,SC,E,21,Help on the Way,961,true,Grateful Dead,190,0,1,0,,false,->,true,
1719248984,2024-12-14,2024,North Charleston Coliseum &amp; Performing Arts Center,North Charleston,SC,E,22,Slipknot!,962,true,Grateful Dead,349,0,1,0,,false,>,true,
1719248984,2024-12-14,2024,North Charleston Coliseum &amp; Performing Arts Center,North Charleston,SC,E,23,Franklin's Tower,641,true,Grateful Dead,276,0,1,0,,false,->,true,
1719248984,2024-12-14,2024,North Charleston Coliseum &amp; Performing Arts Center,North Charleston,SC,E,24,The Empress Of Organos,604,false,Vasudo,305,0,77,0,,false,,false,closer|jam
1721059697,2024-12-30,2024,Moody Center,Austin,TX,1,1,Big Modern!,945,false,,1123,1,13,0,,true,->,true,opener|closer|jam|peak
1721059697,2024-12-30,2024,Moody Center,Austin,TX,1,2,Animal,764,false,,798,4,56,0,,false,",",false,opener|closer
1721059697,2024-12-30,2024,Moody Center,Austin,TX,1,3,Dr. Darkness,712,false,,379,4,39,0,,false,",",false,opener
1721059697,2024-12-30,2024,Moody Center,Austin,TX,1,4,Draconian Meter Maid,943,false,Swimmer,848,6,8,0,,true,>,true,jam|peak
1721059697,2024-12-30,2024,Moody Center,Austin,TX,1,5,Silver Rising,736,false,,549,1,57,0,,false,",",false,
1721059697,2024-12-30,2024,Moody Center,Austin,TX,1,6,Jive II,413,false,,653,13,82,10,,false,",",false,opener
1721059697,2024-12-30,2024,Moody Center,Austin,TX,1,7,Arrow,438,false,,1133,6,78,0,,false,,false,opener|closer|jam
1721059697,2024-12-30,2024,Moody Center,Austin,TX,2,8,Hot Love & The Lazy Poet,645,false,Vasudo,357,1,18,0,,false,>,true,opener
1721059697,2024-12-30,2024,Moody Center,Austin,TX,2,9,Arcadia,403,false,,1117,1,199,0,,false,",",false,closer
1721059697,2024-12-30,2024,Moody Center,Austin,TX,2,10,Red Bird,536,false,,1104,5,49,0,,false,>,true,jam
1721059697,2024-12-30,2024,Moody Center,Austin,TX,2,11,Low Rider,968,true,War,694,0,1,0,,false,->,true,
1721059697,2024-12-30,2024,Moody Center,Austin,TX,2,12,Sinnerman,739,true,Nina Simone,740,6,10,0,,false,,false,closer
1721059697,2024-12-30,2024,Moody Center,Austin,TX,E,13,Give It Time,931,false,,487,1,13,0,,false,,false,closer|encore
1721059705,2024-12-31,2024,Moody Center,Austin,TX,1,1,Pancakes,723,false,Great Blue,795,5,55,0,,false,",",false,opener|closer|jam
1721059705,2024-12-31,2024,Moody Center,Austin,TX,1,2,Everything Must Go,805,false,,718,7,32,0,,false,",",false,jam
1721059705,2024-12-31,2024,Moody Center,Austin,TX,1,3,Drive,462,false,,459,7,105,0,,false,->,true,opener|jam
1721059705,2024-12-31,2024,Moody Center,Austin,TX,1,4,The Labyrinth,639,false,,659,50,10,35,,false,",",false,opener
1721059705,2024-12-31,2024,Moody Center,Austin,TX,1,5,I Only Have Eyes For You,969,true,The Flamingos,422,0,1,0,,false,",",false,
1721059705,2024-12-31,2024,Moody Center,Austin,TX,1,6,Slow Ready,422,false,,746,1,87,0,,false,",",false,
1721059705,2024-12-31,2024,Moody Center,Austin,TX,1,7,Tumble,418,false,Vasudo,1062,6,114,0,,false,,false,closer|jam|peak
1721059705,2024-12-31,2024,Moody Center,Austin,TX,2,8,I2I,472,true,Tevin Campbell,1368,381,2,50,,false,",",false,
1721059705,2024-12-31,2024,Moody Center,Austin,TX,2,9,Hungersite,740,false,,501,2,59,0,,false,->,true,opener|jam
1721059705,2024-12-31,2024,Moody Center,Austin,TX,2,10,Big Modern!,945,false,,251,0,14,0,,false,>,true,opener|closer|jam|peak
1721059705,2024-12-31,2024,Moody Center,Austin,TX,2,11,Flodown,478,false,Vasudo,213,2,150,0,,false,->,true,
1721059705,2024-12-31,2024,Moody Center,Austin,TX,2,12,Don’t Leave Me This Way,964,true,Harold Melvin & The Blue Notes,399,1,2,0,,false,",",false,closer
1721059705,2024-12-31,2024,Moody Center,Austin,TX,2,13,Hot Tea,408,false,Vasudo,1100,7,144,0,,false,",",false,closer
1721059705,2024-12-31,2024,Moody Center,Austin,TX,2,14,Thatch,809,false,,985,4,44,0,,true,,false,opener|closer|jam|peak
1721059705,2024-12-31,2024,Moody Center,Austin,TX,E,15,Factory Fiction,473,false,Vasudo,913,6,22,0,,false,,false,closer|jam|peak|encore
1731950152,2025-02-06,2025,Miller High Life Theatre,Milwaukee,WI,1,1,Rockdale,714,false,Vasudo,669,2,62,0,,false,",",false,opener|closer|jam
1731950152,2025-02-06,2025,Miller High Life Theatre,Milwaukee,WI,1,2,Flood in Franklin Park,972,true,Grant Green,408,543,2,50,,false,",",false,
1731950152,2025-02-06,2025,Miller High Life Theatre,Milwaukee,WI,1,3,The Whales,425,false,,583,10,43,10,,false,>,true,opener
1731950152,2025-02-06,2025,Miller High Life Theatre,Milwaukee,WI,1,4,Dr. Darkness,712,false,,363,1,40,0,,false,",",false,opener
1731950152,2025-02-06,2025,Miller High Life Theatre,Milwaukee,WI,1,5,I'm Writing A Novel,424,true,Father John Misty,466,13,14,10,,false,>,true,
1731950152,2025-02-06,2025,Miller High Life Theatre,Milwaukee,WI,1,6,Drive,462,false,,1227,0,106,0,,true,>,true,opener|jam
1731950152,2025-02-06,2025,Miller High Life Theatre,Milwaukee,WI,1,7,Bloodbuzz Ohio,766,true,The National,442,6,9,0,,false,",",false,
1731950152,2025-02-06,2025,Miller High Life Theatre,Milwaukee,WI,1,8,SALT,930,false,,838,5,10,0,,true,,false,opener|closer|encore
1731950152,2025-02-06,2025,Miller High Life Theatre,Milwaukee,WI,2,9,Creatures,420,false,,1123,2,128,0,,false,->,true,jam
1731950152,2025-02-06,2025,Miller High Life Theatre,Milwaukee,WI,2,10,Atlas Dogs,727,false,,986,2,46,0,,true,->,true,opener
1731950152,2025-02-06,2025,Miller High Life Theatre,Milwaukee,WI,2,11,Animal,764,false,,979,1,57,0,,true,",",false,opener|closer
1731950152,2025-02-06,2025,Miller High Life Theatre,Milwaukee,WI,2,12,Draconian Meter Maid,943,false,Swimmer,678,1,9,0,,false,>,true,jam|peak
1731950152,2025-02-06,2025,Miller High Life Theatre,Milwaukee,WI,2,13,Arcadia,403,false,,1094,1,200,0,,false,,false,closer
1731950152,2025-02-06,2025,Miller High Life Theatre,Milwaukee,WI,E,14,Turbulence & The Night Rays,646,false,Vasudo,620,3,39,0,,false,,false,opener
1731950167,2025-02-07,2025,Miller High Life Theatre,Milwaukee,WI,1,1,"One In, One Out",946,false,,765,3,9,0,,false,->,true,jam
1731950167,2025-02-07,2025,Miller High Life Theatre,Milwaukee,WI,1,2,Green River,482,true,Creedence Clearwater Revival,446,20,31,20,,false,",",false,
1731950167,2025-02-07,2025,Miller High Life Theatre,Milwaukee,WI,1,3,Hot Love & The Lazy Poet,645,false,Vasudo,378,2,19,0,,false,",",false,opener
1731950167,2025-02-07,2025,Miller High Life Theatre,Milwaukee,WI,1,4,Lead Up,822,false,,389,9,29,10,,false,",",false,
1731950167,2025-02-07,2025,Miller High Life Theatre,Milwaukee,WI,1,5,Atlas,439,true,The Wood Brothers,1038,16,37,10,,true,>,true,opener
1731950167,2025-02-07,2025,Miller High Life Theatre,Milwaukee,WI,1,6,The Empress Of Organos,604,false,Vasudo,1413,3,78,0,,true,>,true,closer|jam
1731950167,2025-02-07,2025,Miller High Life Theatre,Milwaukee,WI,1,7,California Magic,735,false,,378,12,42,10,,false,>,true,
1731950167,2025-02-07,2025,Miller High Life Theatre,Milwaukee,WI,1,8,Flodown,478,false,Vasudo,510,1,151,0,,false,,false,
1731950167,2025-02-07,2025,Miller High Life Theatre,Milwaukee,WI,2,9,Madhuvan,512,false,,1234,3,166,0,,true,",",false,opener|closer|jam
1731950167,2025-02-07,2025,Miller High Life Theatre,Milwaukee,WI,2,10,Red Bird,536,false,,1143,2,50,0,,false,>,true,jam
1731950167,2025-02-07,2025,Miller High Life Theatre,Milwaukee,WI,2,11,True Love Waits,914,true,Radiohead,373,30,2,20,,false,",",false,
1731950167,2025-02-07,2025,Miller High Life Theatre,Milwaukee,WI,2,12,Arrow,438,false,,1201,2,79,0,,false,",",false,opener|closer|jam
1731950167,2025-02-07,2025,Miller High Life Theatre,Milwaukee,WI,2,13,Jeff Engborg,737,false,Great Blue,613,9,11,10,,false,->,true,closer
1731950167,2025-02-07,2025,Miller High Life Theatre,Milwaukee,WI,2,14,The Empress Of Organos,604,false,Vasudo,330,0,79,0,,false,,false,closer|jam
1731950167,2025-02-07,2025,Miller High Life Theatre,Milwaukee,WI,E,15,Turn On Your Love Light,578,true,Bobby Blue Bland,486,10,51,10,,false,,false,closer|encore
1731950848,2025-02-08,2025,Miller High Life Theatre,Milwaukee,WI,1,1,Into the Myst,402,false,,1078,5,71,0,,true,>,true,jam
1731950848,2025-02-08,2025,Miller High Life Theatre,Milwaukee,WI,1,2,Silver Rising,736,false,,593,3,58,0,,false,",",false,
1731950848,2025-02-08,2025,Miller High Life Theatre,Milwaukee,WI,1,3,Turned Clouds,400,false,,628,7,111,0,,false,",",false,
1731950848,2025-02-08,2025,Miller High Life Theatre,Milwaukee,WI,1,4,No California,911,true,Ilsey Juber,388,25,3,20,,false,",",false,
1731950848,2025-02-08,2025,Miller High Life Theatre,Milwaukee,WI,1,5,Everything Must Go,805,false,,1259,2,33,0,,true,",",false,jam
1731950848,2025-02-08,2025,Miller High Life Theatre,Milwaukee,WI,1,6,Big Modern!,945,false,,1220,2,15,0,,true,,false,opener|closer|jam|peak
1731950848,2025-02-08,2025,Miller High Life Theatre,Milwaukee,WI,2,7,Fish In The Sea,477,true,Fat Freddy's Drop,1148,11,25,10,,true,",",false,opener
1731950848,2025-02-08,2025,Miller High Life Theatre,Milwaukee,WI,2,8,Same Old Shenanigans,541,false,,1265,5,55,0,,true,",",false,closer
1731950848,2025-02-08,2025,Miller High Life Theatre,Milwaukee,WI,2,9,Borne,725,false,,440,4,43,0,,false,>,true,jam
1731950848,2025-02-08,2025,Miller High Life Theatre,Milwaukee,WI,2,10,Hungersite,740,false,,1143,2,60,0,,true,>,true,opener|jam
1731950848,2025-02-08,2025,Miller High Life Theatre,Milwaukee,WI,2,11,Dripfield,738,false,,964,4,54,0,,false,,false,closer|jam
1731950848,2025-02-08,2025,Miller High Life Theatre,Milwaukee,WI,E,12,Give It Time,931,false,,500,3,14,0,,false,,false,closer|encore
1732138914,2025-02-10,2025,HISTORY,Toronto,ON,1,1,Yeti,416,false,Great Blue,698,6,113,0,,false,",",false,opener
1732138914,2025-02-10,2025,HISTORY,Toronto,ON,1,2,Mr. Action,817,false,,518,6,31,0,,false,",",false,
1732138914,2025-02-10,2025,HISTORY,Toronto,ON,1,3,Elizabeth,465,false,,914,12,62,10,,false,",",false,opener|jam
1732138914,2025-02-10,2025,HISTORY,Toronto,ON,1,4,Your Ocean,590,false,,433,11,34,10,,false,",",false,
1732138914,2025-02-10,2025,HISTORY,Toronto,ON,1,5,Earthling or Alien?,605,false,,1194,9,46,10,,true,>,true,jam|peak
1732138914,2025-02-10,2025,HISTORY,Toronto,ON,1,6,The Way It Is,570,true,Bruce Hornsby,535,7,39,0,,false,",",false,
1732138914,2025-02-10,2025,HISTORY,Toronto,ON,1,7,Trick To Happy,973,true,Bahamas,307,0,1,0,,false,",",false,
1732138914,2025-02-10,2025,HISTORY,Toronto,ON,1,8,Tumble,418,false,Vasudo,1231,3,115,0,,true,,false,closer|jam|peak
1732138914,2025-02-10,2025,HISTORY,Toronto,ON,2,9,Pancakes,723,false,Great Blue,1460,3,56,0,,true,>,true,opener|closer|jam
1732138914,2025-02-10,2025,HISTORY,Toronto,ON,2,10,A Western Sun,435,false,,694,10,68,10,,false,->,true,
1732138914,2025-02-10,2025,HISTORY,Toronto,ON,2,11,Interlude II,409,false,,169,13,7,10,,false,>,true,ballad
1732138914,2025-02-10,2025,HISTORY,Toronto,ON,2,12,All I Need,414,false,,666,5,146,0,,true,>,true,jam
1732138914,2025-02-10,2025,HISTORY,Toronto,ON,2,13,Wysteria Lane,405,false,Vasudo,529,10,107,10,,false,->,true,opener|jam|peak
1732138914,2025-02-10,2025,HISTORY,Toronto,ON,2,14,Pancakes,723,false,Great Blue,159,0,57,0,,false,",",false,opener|closer|jam
1732138914,2025-02-10,2025,HISTORY,Toronto,ON,2,15,Slow Ready,422,false,,719,3,88,0,,false,,false,
1732138914,2025-02-10,2025,HISTORY,Toronto,ON,E,16,Thatch,809,false,,643,3,45,0,,false,,false,opener|closer|jam|peak
1731950869,2025-02-11,2025,HISTORY,Toronto,ON,1,1,Butter Rum,415,false,Vasudo,877,7,113,0,,true,",",false,
1731950869,2025-02-11,2025,HISTORY,Toronto,ON,1,2,I Would Die 4 U,867,true,Prince,566,9,7,10,,false,",",false,
1731950869,2025-02-11,2025,HISTORY,Toronto,ON,1,3,Bob Don,429,false,,641,10,53,10,,false,",",false,
1731950869,2025-02-11,2025,HISTORY,Toronto,ON,1,4,Seekers on the Ridge pt I,609,false,,398,7,48,0,,false,>,true,
1731950869,2025-02-11,2025,HISTORY,Toronto,ON,1,5,Seekers on the Ridge pt II,610,false,,294,7,48,0,,false,",",false,
1731950869,2025-02-11,2025,HISTORY,Toronto,ON,1,6,Rockdale,714,false,Vasudo,737,3,63,0,,false,",",false,opener|closer|jam
1731950869,2025-02-11,2025,HISTORY,Toronto,ON,1,7,Echo of a Rose,463,false,Vasudo,823,6,108,0,,false,->,true,jam
1731950869,2025-02-11,2025,HISTORY,Toronto,ON,1,8,Wild Night,588,true,Van Morrison,255,16,19,10,,false,,false,opener|closer
1731950869,2025-02-11,2025,HISTORY,Toronto,ON,2,9,Arcadia,403,false,,1196,3,201,0,,true,",",false,closer
1731950869,2025-02-11,2025,HISTORY,Toronto,ON,2,10,Feel It Now,823,false,,705,12,27,10,,false,",",false,
1731950869,2025-02-11,2025,HISTORY,Toronto,ON,2,11,Rosewood Heart,412,false,,1131,20,61,20,,true,",",false,jam|peak
1731950869,2025-02-11,2025,HISTORY,Toronto,ON,2,12,Hot Tea,408,false,Vasudo,676,4,145,0,,false,>,true,closer
1731950869,2025-02-11,2025,HISTORY,Toronto,ON,2,13,Christmas Card From A Hooker In Minneapolis,448,true,Tom Waits,328,42,8,20,,false,",",false,encore
1731950869,2025-02-11,2025,HISTORY,Toronto,ON,2,14,Factory Fiction,473,false,Vasudo,958,4,23,0,,false,,false,closer|jam|peak|encore
1731950869,2025-02-11,2025,HISTORY,Toronto,ON,E,15,Shama Lama Ding Dong,545,true,Otis Day and The Knights,299,9,44,10,,false,>,true,encore
1731950869,2025-02-11,2025,HISTORY,Toronto,ON,E,16,Hot Tea,408,false,Vasudo,98,0,146,0,,false,,false,closer
1731951149,2025-02-13,2025,GLC Live at 20 Monroe,Grand Rapids,MI,1,1,Mr. Action,817,false,,562,1,32,0,,false,>,true,
1731951149,2025-02-13,2025,GLC Live at 20 Monroe,Grand Rapids,MI,1,2,All I Need,414,false,,897,1,147,0,,false,->,true,jam
1731951149,2025-02-13,2025,GLC Live at 20 Monroe,Grand Rapids,MI,1,3,Lead Up,822,false,,344,3,30,0,,false,",",false,
1731951149,2025-02-13,2025,GLC Live at 20 Monroe,Grand Rapids,MI,1,4,Time to Flee,404,false,,1029,24,107,20,,true,->,true,
1731951149,2025-02-13,2025,GLC Live at 20 Monroe,Grand Rapids,MI,1,5,Atlas Dogs,727,false,,413,4,47,0,,false,->,true,opener
1731951149,2025-02-13,2025,GLC Live at 20 Monroe,Grand Rapids,MI,1,6,Inside Out,499,true,Spoon,645,35,16,20,,false,>,true,jam
1731951149,2025-02-13,2025,GLC Live at 20 Monroe,Grand Rapids,MI,1,7,Moby,677,false,,312,23,20,20,,false,>,true,ballad
1731951149,2025-02-13,2025,GLC Live at 20 Monroe,Grand Rapids,MI,1,8,Flodown,478,false,Vasudo,599,3,152,0,,false,,false,
1731951149,2025-02-13,2025,GLC Live at 20 Monroe,Grand Rapids,MI,2,9,Everything Must Go,805,false,,1234,2,34,0,,true,",",false,jam
1731951149,2025-02-13,2025,GLC Live at 20 Monroe,Grand Rapids,MI,2,10,Arrow,438,false,,1049,3,80,0,,true,->,true,opener|closer|jam
1731951149,2025-02-13,2025,GLC Live at 20 Monroe,Grand Rapids,MI,2,11,Interlude II,409,false,,161,1,8,0,,false,->,true,ballad
1731951149,2025-02-13,2025,GLC Live at 20 Monroe,Grand Rapids,MI,2,12,Jive I,411,false,,564,15,128,10,,false,",",false,
1731951149,2025-02-13,2025,GLC Live at 20 Monroe,Grand Rapids,MI,2,13,Mississippi Half-Step Uptown Toodeloo,517,true,Grateful Dead,954,18,34,10,,true,",",false,jam
1731951149,2025-02-13,2025,GLC Live at 20 Monroe,Grand Rapids,MI,2,14,So Ready,421,false,,845,7,140,0,,false,,false,closer
1731951149,2025-02-13,2025,GLC Live at 20 Monroe,Grand Rapids,MI,E,15,White Lights,586,false,,744,20,73,20,,false,,false,closer|encore
1731951172,2025-02-14,2025,GLC Live at 20 Monroe,Grand Rapids,MI,1,1,Drive,462,false,,798,5,107,0,,true,->,true,opener|jam
1731951172,2025-02-14,2025,GLC Live at 20 Monroe,Grand Rapids,MI,1,2,Doc Brown,459,false,Great Blue,499,14,44,10,,false,",",false,
1731951172,2025-02-14,2025,GLC Live at 20 Monroe,Grand Rapids,MI,1,3,A Western Sun,435,false,,423,2,69,0,,false,",",false,
1731951172,2025-02-14,2025,GLC Live at 20 Monroe,Grand Rapids,MI,1,4,Feel It Now,823,false,,714,1,28,0,,false,",",false,
1731951172,2025-02-14,2025,GLC Live at 20 Monroe,Grand Rapids,MI,1,5,Hot Love & The Lazy Poet,645,false,Vasudo,396,4,20,0,,false,>,true,opener
1731951172,2025-02-14,2025,GLC Live at 20 Monroe,Grand Rapids,MI,1,6,Love Is A Battlefield,612,true,Pat Benatar,623,54,7,35,,true,",",false,
1731951172,2025-02-14,2025,GLC Live at 20 Monroe,Grand Rapids,MI,1,7,"One In, One Out",946,false,,925,4,10,0,,true,->,true,jam
1731951172,2025-02-14,2025,GLC Live at 20 Monroe,Grand Rapids,MI,1,8,Animal,764,false,,981,5,58,0,,false,,false,opener|closer
1731951172,2025-02-14,2025,GLC Live at 20 Monroe,Grand Rapids,MI,2,9,Dripfield,738,false,,1531,3,55,0,,true,>,true,closer|jam
1731951172,2025-02-14,2025,GLC Live at 20 Monroe,Grand Rapids,MI,2,10,This Old Sea,572,false,,1056,12,37,10,,true,>,true,jam
1731951172,2025-02-14,2025,GLC Live at 20 Monroe,Grand Rapids,MI,2,11,Creatures,420,false,,928,5,129,0,,false,>,true,jam
1731951172,2025-02-14,2025,GLC Live at 20 Monroe,Grand Rapids,MI,2,12,Don’t Leave Me This Way,964,true,Harold Melvin & The Blue Notes,579,6,3,0,,false,,false,closer
1731951172,2025-02-14,2025,GLC Live at 20 Monroe,Grand Rapids,MI,E,13,Hot Tea,408,false,Vasudo,1261,1,147,0,,true,,false,closer
1731951387,2025-02-15,2025,GLC Live at 20 Monroe,Grand Rapids,MI,1,1,Give It Time,931,false,,499,4,15,0,,false,>,true,closer|encore
1731951387,2025-02-15,2025,GLC Live at 20 Monroe,Grand Rapids,MI,1,2,(dawn),637,false,,1085,10,9,10,,true,>,true,closer|encore
1731951387,2025-02-15,2025,GLC Live at 20 Monroe,Grand Rapids,MI,1,3,Echo of a Rose,463,false,Vasudo,718,2,109,0,,true,>,true,jam
1731951387,2025-02-15,2025,GLC Live at 20 Monroe,Grand Rapids,MI,1,4,Jive II,413,false,,640,8,83,10,,false,>,true,opener
1731951387,2025-02-15,2025,GLC Live at 20 Monroe,Grand Rapids,MI,1,5,Big Modern!,945,false,,1451,4,16,0,,true,,false,opener|closer|jam|peak
1731951387,2025-02-15,2025,GLC Live at 20 Monroe,Grand Rapids,MI,2,6,Thatch,809,false,,1161,3,46,0,,true,",",false,opener|closer|jam|peak
1731951387,2025-02-15,2025,GLC Live at 20 Monroe,Grand Rapids,MI,2,7,Pancakes,723,false,Great Blue,859,3,58,0,,true,>,true,opener|closer|jam
1731951387,2025-02-15,2025,GLC Live at 20 Monroe,Grand Rapids,MI,2,8,Spirit Of The Dark Horse,557,false,,670,14,35,10,,false,>,true,
1731951387,2025-02-15,2025,GLC Live at 20 Monroe,Grand Rapids,MI,2,9,Hungersite,740,false,,1028,4,61,0,,false,>,true,opener|jam
1731951387,2025-02-15,2025,GLC Live at 20 Monroe,Grand Rapids,MI,2,10,Tumble,418,false,Vasudo,573,3,116,0,,false,->,true,closer|jam|peak
1731951387,2025-02-15,2025,GLC Live at 20 Monroe,Grand Rapids,MI,2,11,Sinnerman,739,true,Nina Simone,806,8,11,10,,false,,false,closer
1731951387,2025-02-15,2025,GLC Live at 20 Monroe,Grand Rapids,MI,E,12,726,432,false,,491,10,36,10,,false,>,true,encore
1731951387,2025-02-15,2025,GLC Live at 20 Monroe,Grand Rapids,MI,E,13,Madhuvan,512,false,,1313,5,167,0,,true,,false,opener|closer|jam
1741108426,2025-03-11,2025,The Shed,New York,NY,1,1,Jam,802,false,,4715,10,25,10,,false,,false,opener|jam
1737015351,2025-04-24,2025,Fair Grounds Race Course,New Orleans,LA,1,1,Madhuvan,512,false,,756,1,168,0,,false,",",false,opener|closer|jam
1737015351,2025-04-24,2025,Fair Grounds Race Course,New Orleans,LA,1,2,Hot Love & The Lazy Poet,645,false,Vasudo,333,2,21,0,,false,",",false,opener
1737015351,2025-04-24,2025,Fair Grounds Race Course,New Orleans,LA,1,3,Silver Rising,736,false,,544,6,59,0,,false,",",false,
1737015351,2025-04-24,2025,Fair Grounds Race Course,New Orleans,LA,1,4,Hungersite,740,false,,668,1,62,0,,false,>,true,opener|jam
1737015351,2025-04-24,2025,Fair Grounds Race Course,New Orleans,LA,1,5,Your Direction,647,false,Vasudo,341,0,1,0,,false,>,true,
1737015351,2025-04-24,2025,Fair Grounds Race Course,New Orleans,LA,1,6,Thatch,809,false,,847,1,47,0,,false,",",false,opener|closer|jam|peak
1737015351,2025-04-24,2025,Fair Grounds Race Course,New Orleans,LA,1,7,Christmas Card From A Hooker In Minneapolis,448,true,Tom Waits,348,4,9,0,,false,",",false,encore
1737015351,2025-04-24,2025,Fair Grounds Race Course,New Orleans,LA,1,8,Give It Time,931,false,,438,1,16,0,,false,",",false,closer|encore
1737015351,2025-04-24,2025,Fair Grounds Race Course,New Orleans,LA,1,9,So Ready,421,false,,741,3,141,0,,false,",",false,closer
1737015351,2025-04-24,2025,Fair Grounds Race Course,New Orleans,LA,1,10,Sinnerman,739,true,Nina Simone,648,1,12,0,,false,",",false,closer
1737015351,2025-04-24,2025,Fair Grounds Race Course,New Orleans,LA,1,11,Arcadia,403,false,,658,4,202,0,,false,,false,closer
1745685585,2025-04-25,2025,Preservation Hall,New Orleans,LA,1,1,Arcadia,403,false,,466,0,203,0,,false,",",false,closer
1745685585,2025-04-25,2025,Preservation Hall,New Orleans,LA,1,2,Turned Clouds,400,false,,726,7,112,0,,false,",",false,
1745685585,2025-04-25,2025,Preservation Hall,New Orleans,LA,1,3,Hot Tea,408,false,Vasudo,926,3,148,0,,false,,false,closer
1727890080,2025-05-08,2025,El Ganzo Oasis,San Jose Del Cabo,,1,1,Drive,462,false,,774,4,108,0,,false,->,true,opener|jam
1727890080,2025-05-08,2025,El Ganzo Oasis,San Jose Del Cabo,,1,2,Your Direction,647,false,Vasudo,1074,1,2,0,,true,>,true,
1727890080,2025-05-08,2025,El Ganzo Oasis,San Jose Del Cabo,,1,3,Lead Up,822,false,,387,5,31,0,,false,",",false,
1727890080,2025-05-08,2025,El Ganzo Oasis,San Jose Del Cabo,,1,4,Turned Clouds,400,false,,607,0,113,0,,false,",",false,
1727890080,2025-05-08,2025,El Ganzo Oasis,San Jose Del Cabo,,1,5,In Bloom,978,true,Nirvana,245,0,1,0,,false,",",false,
1727890080,2025-05-08,2025,El Ganzo Oasis,San Jose Del Cabo,,1,6,Torero,979,false,,1155,0,1,0,,true,,false,closer|jam
1727890080,2025-05-08,2025,El Ganzo Oasis,San Jose Del Cabo,,2,7,Ride Like The Wind,980,true,Christopher Cross,379,0,1,0,,false,->,true,
1727890080,2025-05-08,2025,El Ganzo Oasis,San Jose Del Cabo,,2,8,Into the Myst,402,false,,1283,8,72,10,,true,>,true,jam
1727890080,2025-05-08,2025,El Ganzo Oasis,San Jose Del Cabo,,2,9,Give It Time,931,false,,483,1,17,0,,false,",",false,closer|encore
1727890080,2025-05-08,2025,El Ganzo Oasis,San Jose Del Cabo,,2,10,Fish In The Sea,477,true,Fat Freddy's Drop,727,8,26,10,,false,",",false,opener
1727890080,2025-05-08,2025,El Ganzo Oasis,San Jose Del Cabo,,2,11,Big Modern!,945,false,,1338,3,17,0,,true,,false,opener|closer|jam|peak
1727890094,2025-05-09,2025,El Ganzo Oasis,San Jose Del Cabo,,1,1,Arrow,438,false,,1249,6,81,0,,true,->,true,opener|closer|jam
1727890094,2025-05-09,2025,El Ganzo Oasis,San Jose Del Cabo,,1,2,Bob Don,429,false,,638,7,54,0,,false,",",false,
1727890094,2025-05-09,2025,El Ganzo Oasis,San Jose Del Cabo,,1,3,Draconian Meter Maid,943,false,Swimmer,818,11,10,10,,true,>,true,jam|peak
1727890094,2025-05-09,2025,El Ganzo Oasis,San Jose Del Cabo,,1,4,Seekers on the Ridge pt I,609,false,,394,7,49,0,,false,>,true,
1727890094,2025-05-09,2025,El Ganzo Oasis,San Jose Del Cabo,,1,5,Seekers on the Ridge pt II,610,false,,282,7,49,0,,false,",",false,
1727890094,2025-05-09,2025,El Ganzo Oasis,San Jose Del Cabo,,1,6,Iguana Song,971,false,,514,0,1,0,,false,",",false,opener
1727890094,2025-05-09,2025,El Ganzo Oasis,San Jose Del Cabo,,1,7,SALT,930,false,,342,11,11,10,,false,,false,opener|closer|encore
1727890094,2025-05-09,2025,El Ganzo Oasis,San Jose Del Cabo,,2,8,Atlas Dogs,727,false,,1058,6,48,0,,true,->,true,opener
1727890094,2025-05-09,2025,El Ganzo Oasis,San Jose Del Cabo,,2,9,Rockdale,714,false,Vasudo,780,7,64,0,,false,",",false,opener|closer|jam
1727890094,2025-05-09,2025,El Ganzo Oasis,San Jose Del Cabo,,2,10,Red Bird,536,false,,945,10,51,10,,false,->,true,jam
1727890094,2025-05-09,2025,El Ganzo Oasis,San Jose Del Cabo,,2,11,State Of The Art (A.E.I.O.U.),558,true,Jim James,443,24,10,20,,false,",",false,closer
1727890094,2025-05-09,2025,El Ganzo Oasis,San Jose Del Cabo,,2,12,The Empress Of Organos,604,false,Vasudo,650,10,80,10,,false,->,true,closer|jam
1727890094,2025-05-09,2025,El Ganzo Oasis,San Jose Del Cabo,,2,13,fast:slow,981,false,,1207,0,1,0,,true,->,true,closer|jam
1727890094,2025-05-09,2025,El Ganzo Oasis,San Jose Del Cabo,,2,14,The Empress Of Organos,604,false,Vasudo,163,0,81,0,,false,,false,closer|jam
1727890109,2025-05-10,2025,El Ganzo Oasis,San Jose Del Cabo,,1,1,Me & My Uncle,592,true,John Philips,,44,37,20,,false,",",false,opener
1727890109,2025-05-10,2025,El Ganzo Oasis,San Jose Del Cabo,,1,2,Tumble,418,false,Vasudo,,5,117,0,,false,",",false,closer|jam|peak
1727890109,2025-05-10,2025,El Ganzo Oasis,San Jose Del Cabo,,1,3,I Would Die 4 U,867,true,Prince,,8,8,10,,false,",",false,
1727890109,2025-05-10,2025,El Ganzo Oasis,San Jose Del Cabo,,1,4,"Don’t Think Twice, It’s Alright",910,true,Bob Dylan,,0,1,0,,false,",",false,
1727890109,2025-05-10,2025,El Ganzo Oasis,San Jose Del Cabo,,1,5,Atlas,439,true,The Wood Brothers,,11,38,10,,false,",",false,opener
1727890109,2025-05-10,2025,El Ganzo Oasis,San Jose Del Cabo,,1,6,Dim Lights,732,false,Orebolo,,20,2,20,,false,",",false,ballad
1727890109,2025-05-10,2025,El Ganzo Oasis,San Jose Del Cabo,,1,7,Flodown,478,false,Vasudo,,7,153,0,,false,,false,
1743623827,2025-05-10,2025,El Ganzo Oasis,San Jose Del Cabo,,1,1,Pancakes,723,false,Great Blue,925,6,59,0,,false,>,true,opener|closer|jam
1743623827,2025-05-10,2025,El Ganzo Oasis,San Jose Del Cabo,,1,2,Hungersite,740,false,,984,4,63,0,,false,->,true,opener|jam
1743623827,2025-05-10,2025,El Ganzo Oasis,San Jose Del Cabo,,1,3,Pancakes,723,false,Great Blue,84,0,60,0,,false,",",false,opener|closer|jam
1743623827,2025-05-10,2025,El Ganzo Oasis,San Jose Del Cabo,,1,4,California Magic,735,false,,415,12,43,10,,false,",",false,
1743623827,2025-05-10,2025,El Ganzo Oasis,San Jose Del Cabo,,1,5,Butter Rum,415,false,Vasudo,658,9,114,10,,false,->,true,
1743623827,2025-05-10,2025,El Ganzo Oasis,San Jose Del Cabo,,1,6,Echo of a Rose,463,false,Vasudo,755,6,110,0,,false,>,true,jam
1743623827,2025-05-10,2025,El Ganzo Oasis,San Jose Del Cabo,,1,7,Butter Rum,415,false,Vasudo,120,0,115,0,,false,",",false,
1743623827,2025-05-10,2025,El Ganzo Oasis,San Jose Del Cabo,,1,8,Everything Must Go,805,false,,489,8,35,10,,false,,false,jam
1743623827,2025-05-10,2025,El Ganzo Oasis,San Jose Del Cabo,,2,9,Feel It Now,823,false,,435,7,29,0,,false,->,true,
1743623827,2025-05-10,2025,El Ganzo Oasis,San Jose Del Cabo,,2,10,Animal,764,false,,873,7,59,0,,false,->,true,opener|closer
1743623827,2025-05-10,2025,El Ganzo Oasis,San Jose Del Cabo,,2,11,Dustin Hoffman,970,false,,566,0,1,0,,false,>,true,jam
1743623827,2025-05-10,2025,El Ganzo Oasis,San Jose Del Cabo,,2,12,726,432,false,,553,6,37,0,,false,>,true,encore
1743623827,2025-05-10,2025,El Ganzo Oasis,San Jose Del Cabo,,2,13,Dripfield,738,false,,929,7,56,0,,false,",",false,closer|jam
1743623827,2025-05-10,2025,El Ganzo Oasis,San Jose Del Cabo,,2,14,How It Ends,933,false,Vasudo,699,81,2,35,,false,,false,
1743623827,2025-05-10,2025,El Ganzo Oasis,San Jose Del Cabo,,E,15,Thatch,809,false,,1084,4,48,0,,true,,false,opener|closer|jam|peak
1748090458,2025-05-25,2025,Napa Valley Expo,Napa,CA,1,1,Rockdale,714,false,Vasudo,,2,65,0,,false,",",false,opener|closer|jam
1748090458,2025-05-25,2025,Napa Valley Expo,Napa,CA,1,2,Lead Up,822,false,,,3,32,0,,false,",",false,
1748090458,2025-05-25,2025,Napa Valley Expo,Napa,CA,1,3,California Magic,735,false,,,0,44,0,,false,",",false,
1748090458,2025-05-25,2025,Napa Valley Expo,Napa,CA,1,4,Hot Tea,408,false,Vasudo,,4,149,0,,false,,false,closer
1736785860,2025-05-25,2025,Napa Valley Expo,Napa,CA,1,1,Hot Love & The Lazy Poet,645,false,Vasudo,335,6,22,0,,false,",",false,opener
1736785860,2025-05-25,2025,Napa Valley Expo,Napa,CA,1,2,Animal,764,false,,762,1,60,0,,false,",",false,opener|closer
1736785860,2025-05-25,2025,Napa Valley Expo,Napa,CA,1,3,Silver Rising,736,false,,564,6,60,0,,false,",",false,
1736785860,2025-05-25,2025,Napa Valley Expo,Napa,CA,1,4,Your Direction,647,false,Vasudo,460,4,3,0,,false,>,true,
1736785860,2025-05-25,2025,Napa Valley Expo,Napa,CA,1,5,I Would Die 4 U,867,true,Prince,434,2,9,0,,false,",",false,
1736785860,2025-05-25,2025,Napa Valley Expo,Napa,CA,1,6,Hungersite,740,false,,733,1,64,0,,false,>,true,opener|jam
1736785860,2025-05-25,2025,Napa Valley Expo,Napa,CA,1,7,Slow Ready,422,false,,491,12,89,10,,false,>,true,
1736785860,2025-05-25,2025,Napa Valley Expo,Napa,CA,1,8,Give It Time,931,false,,339,4,18,0,,false,,false,closer|encore
1740507757,2025-05-27,2025,The Masonic,San Francisco,CA,1,1,How It Ends,933,false,Vasudo,586,2,3,0,,false,",",false,
1740507757,2025-05-27,2025,The Masonic,San Francisco,CA,1,2,Iguana Song,971,false,,582,4,2,0,,false,>,true,opener
1740507757,2025-05-27,2025,The Masonic,San Francisco,CA,1,3,Flodown,478,false,Vasudo,567,3,154,0,,false,",",false,
1740507757,2025-05-27,2025,The Masonic,San Francisco,CA,1,4,Borne,725,false,,1131,14,44,10,,false,->,true,jam
1740507757,2025-05-27,2025,The Masonic,San Francisco,CA,1,5,"One In, One Out",946,false,,674,10,11,10,,false,->,true,jam
1740507757,2025-05-27,2025,The Masonic,San Francisco,CA,1,6,Green River,482,true,Creedence Clearwater Revival,758,15,32,10,,true,,false,
1740507757,2025-05-27,2025,The Masonic,San Francisco,CA,2,7,Big Modern!,945,false,,1425,5,18,0,,true,->,true,opener|closer|jam|peak
1740507757,2025-05-27,2025,The Masonic,San Francisco,CA,2,8,Creatures,420,false,,1149,10,130,10,,true,>,true,jam
1740507757,2025-05-27,2025,The Masonic,San Francisco,CA,2,9,This Old Sea,572,false,,1148,10,38,10,,true,->,true,jam
1740507757,2025-05-27,2025,The Masonic,San Francisco,CA,2,10,Atlas Dogs,727,false,,474,4,49,0,,false,>,true,opener
1740507757,2025-05-27,2025,The Masonic,San Francisco,CA,2,11,Dripfield,738,false,,648,2,57,0,,false,,false,closer|jam
1740507757,2025-05-27,2025,The Masonic,San Francisco,CA,E,12,Don't Do It,460,true,The Band,360,21,37,20,,false,,false,closer|encore
1740507768,2025-05-28,2025,The Masonic,San Francisco,CA,1,1,So Ready,421,false,,789,8,142,10,,false,",",false,closer
1740507768,2025-05-28,2025,The Masonic,San Francisco,CA,1,2,Draconian Meter Maid,943,false,Swimmer,742,5,11,0,,true,>,true,jam|peak
1740507768,2025-05-28,2025,The Masonic,San Francisco,CA,1,3,Mr. Action,817,false,,484,12,33,10,,false,",",false,
1740507768,2025-05-28,2025,The Masonic,San Francisco,CA,1,4,I'm Writing A Novel,424,true,Father John Misty,480,17,15,10,,false,>,true,
1740507768,2025-05-28,2025,The Masonic,San Francisco,CA,1,5,SALT,930,false,,951,5,12,0,,true,",",false,opener|closer|encore
1740507768,2025-05-28,2025,The Masonic,San Francisco,CA,1,6,Turned Clouds,400,false,,695,6,114,0,,false,",",false,
1740507768,2025-05-28,2025,The Masonic,San Francisco,CA,1,7,Torero,979,false,,892,6,2,0,,false,,false,closer|jam
1740507768,2025-05-28,2025,The Masonic,San Francisco,CA,2,8,Dr. Darkness,712,false,,496,17,41,10,,false,",",false,opener
1740507768,2025-05-28,2025,The Masonic,San Francisco,CA,2,9,Dustin Hoffman,970,false,,1382,3,2,0,,true,->,true,jam
1740507768,2025-05-28,2025,The Masonic,San Francisco,CA,2,10,Big Modern!,945,false,,226,0,19,0,,false,",",false,opener|closer|jam|peak
1740507768,2025-05-28,2025,The Masonic,San Francisco,CA,2,11,Wysteria Lane,405,false,Vasudo,928,14,108,10,,true,->,true,opener|jam|peak
1740507768,2025-05-28,2025,The Masonic,San Francisco,CA,2,12,Echo of a Rose,463,false,Vasudo,635,3,111,0,,false,>,true,jam
1740507768,2025-05-28,2025,The Masonic,San Francisco,CA,2,13,Green River,482,true,Creedence Clearwater Revival,124,0,33,0,,false,,false,
1740507768,2025-05-28,2025,The Masonic,San Francisco,CA,E,14,Arcadia,403,false,,677,7,204,0,,false,,false,closer
1737998824,2025-05-30,2025,Hayden Homes Amphitheater,Bend,OR,1,1,Your Direction,647,false,Vasudo,609,2,4,0,,false,",",false,
1737998824,2025-05-30,2025,Hayden Homes Amphitheater,Bend,OR,1,2,No California,911,true,Ilsey Juber,357,16,4,10,,false,",",false,
1737998824,2025-05-30,2025,Hayden Homes Amphitheater,Bend,OR,1,3,Turbulence & The Night Rays,646,false,Vasudo,603,18,40,10,,false,",",false,opener
1737998824,2025-05-30,2025,Hayden Homes Amphitheater,Bend,OR,1,4,Silver Rising,736,false,,560,2,61,0,,false,",",false,
1737998824,2025-05-30,2025,Hayden Homes Amphitheater,Bend,OR,1,5,Rockdale,714,false,Vasudo,891,3,66,0,,false,",",false,opener|closer|jam
1737998824,2025-05-30,2025,Hayden Homes Amphitheater,Bend,OR,1,6,Hungersite,740,false,,1003,2,65,0,,false,>,true,opener|jam
1737998824,2025-05-30,2025,Hayden Homes Amphitheater,Bend,OR,1,7,Give It Time,931,false,,446,2,19,0,,false,,false,closer|encore
1737998824,2025-05-30,2025,Hayden Homes Amphitheater,Bend,OR,2,8,Thatch,809,false,,1643,4,49,0,,true,",",false,opener|closer|jam|peak
1737998824,2025-05-30,2025,Hayden Homes Amphitheater,Bend,OR,2,9,Feel It Now,823,false,,714,4,30,0,,false,",",false,
1737998824,2025-05-30,2025,Hayden Homes Amphitheater,Bend,OR,2,10,Travelers,574,false,,644,29,28,20,,false,>,true,
1737998824,2025-05-30,2025,Hayden Homes Amphitheater,Bend,OR,2,11,Elmeg The Wise,466,false,St. John's Revival,722,29,23,20,,false,",",false,closer|encore
1737998824,2025-05-30,2025,Hayden Homes Amphitheater,Bend,OR,2,12,Don’t Leave Me This Way,964,true,Harold Melvin & The Blue Notes,492,12,4,10,,false,,false,closer
1737998824,2025-05-30,2025,Hayden Homes Amphitheater,Bend,OR,E,13,Hot Tea,408,false,Vasudo,497,3,150,0,,false,,false,closer
1738001411,2025-05-31,2025,Spokane Pavilion,Spokane,WA,1,1,Drive,462,false,,787,8,109,10,,false,->,true,opener|jam
1738001411,2025-05-31,2025,Spokane Pavilion,Spokane,WA,1,2,All I Need,414,false,,575,14,148,10,,false,->,true,jam
1738001411,2025-05-31,2025,Spokane Pavilion,Spokane,WA,1,3,How It Ends,933,false,Vasudo,572,2,4,0,,false,",",false,
1738001411,2025-05-31,2025,Spokane Pavilion,Spokane,WA,1,4,Doc Brown,459,false,Great Blue,480,13,45,10,,false,",",false,
1738001411,2025-05-31,2025,Spokane Pavilion,Spokane,WA,1,5,Seekers on the Ridge pt I,609,false,,409,7,50,0,,false,>,true,
1738001411,2025-05-31,2025,Spokane Pavilion,Spokane,WA,1,6,Seekers on the Ridge pt II,610,false,,314,7,50,0,,false,",",false,
1738001411,2025-05-31,2025,Spokane Pavilion,Spokane,WA,1,7,Mas Que Nada,513,true,Sergio Mendes,659,39,23,20,,true,",",false,
1738001411,2025-05-31,2025,Spokane Pavilion,Spokane,WA,1,8,Animal,764,false,,1146,3,61,0,,true,,false,opener|closer
1738001411,2025-05-31,2025,Spokane Pavilion,Spokane,WA,2,9,Arrow,438,false,,1100,7,82,0,,false,->,true,opener|closer|jam
1738001411,2025-05-31,2025,Spokane Pavilion,Spokane,WA,2,10,Hollywood Nights,488,true,Bob Seger & The Silver Bullet Band,519,31,13,20,,false,->,true,
1738001411,2025-05-31,2025,Spokane Pavilion,Spokane,WA,2,11,Arrow,438,false,,27,0,83,0,,false,",",false,opener|closer|jam
1738001411,2025-05-31,2025,Spokane Pavilion,Spokane,WA,2,12,Everything Must Go,805,false,,945,5,36,0,,false,",",false,jam
1738001411,2025-05-31,2025,Spokane Pavilion,Spokane,WA,2,13,Red Bird,536,false,,459,7,52,0,,false,>,true,jam
1738001411,2025-05-31,2025,Spokane Pavilion,Spokane,WA,2,14,Trevor Reads Poetry,741,false,,129,117,7,50,,false,",",false,ballad
1738001411,2025-05-31,2025,Spokane Pavilion,Spokane,WA,2,15,Moby Dick,982,true,Led Zeppelin,397,0,1,0,,false,,false,
1738001411,2025-05-31,2025,Spokane Pavilion,Spokane,WA,E,16,Tumble,418,false,Vasudo,582,6,118,0,,false,,false,closer|jam|peak
1738001727,2025-06-01,2025,Idaho Botanical Garden: Outlaw Field,Boise,ID,1,1,Pancakes,723,false,Great Blue,640,6,61,0,,false,",",false,opener|closer|jam
1738001727,2025-06-01,2025,Idaho Botanical Garden: Outlaw Field,Boise,ID,1,2,California Magic,735,false,,445,5,45,0,,false,",",false,
1738001727,2025-06-01,2025,Idaho Botanical Garden: Outlaw Field,Boise,ID,1,3,Hot Love & The Lazy Poet,645,false,Vasudo,369,4,23,0,,false,",",false,opener
1738001727,2025-06-01,2025,Idaho Botanical Garden: Outlaw Field,Boise,ID,1,4,Lead Up,822,false,,382,5,33,0,,false,",",false,
1738001727,2025-06-01,2025,Idaho Botanical Garden: Outlaw Field,Boise,ID,1,5,MEDIA,947,false,Swimmer,495,28,6,20,,false,",",false,opener|ballad
1738001727,2025-06-01,2025,Idaho Botanical Garden: Outlaw Field,Boise,ID,1,6,A Western Sun,435,false,,904,14,70,10,,false,->,true,
1738001727,2025-06-01,2025,Idaho Botanical Garden: Outlaw Field,Boise,ID,1,7,Interlude II,409,false,,101,15,9,10,,false,->,true,ballad
1738001727,2025-06-01,2025,Idaho Botanical Garden: Outlaw Field,Boise,ID,1,8,Jive I,411,false,,532,15,129,10,,false,",",false,
1738001727,2025-06-01,2025,Idaho Botanical Garden: Outlaw Field,Boise,ID,1,9,Yeti,416,false,Great Blue,386,17,114,10,,false,->,true,opener
1738001727,2025-06-01,2025,Idaho Botanical Garden: Outlaw Field,Boise,ID,1,10,Pumped Up Kicks,534,true,Foster The People,351,26,25,20,,false,->,true,
1738001727,2025-06-01,2025,Idaho Botanical Garden: Outlaw Field,Boise,ID,1,11,Yeti,416,false,Great Blue,188,0,115,0,,false,,false,opener
1738001727,2025-06-01,2025,Idaho Botanical Garden: Outlaw Field,Boise,ID,2,12,Madhuvan,512,false,,496,11,169,10,,false,>,true,opener|closer|jam
1738001727,2025-06-01,2025,Idaho Botanical Garden: Outlaw Field,Boise,ID,2,13,Rosewood Heart,412,false,,2358,16,62,10,,true,>,true,jam|peak
1738001727,2025-06-01,2025,Idaho Botanical Garden: Outlaw Field,Boise,ID,2,14,Electric Avenue,464,true,Eddy Grant,589,36,38,20,,false,>,true,
1738001727,2025-06-01,2025,Idaho Botanical Garden: Outlaw Field,Boise,ID,2,15,Madhuvan,512,false,,543,0,170,0,,false,,false,opener|closer|jam
1738001727,2025-06-01,2025,Idaho Botanical Garden: Outlaw Field,Boise,ID,E,16,Same Old Shenanigans,541,false,,586,18,56,10,,false,,false,closer
1738001750,2025-06-03,2025,Brooklyn Bowl,Las Vegas,NV,1,1,SALT,930,false,,691,3,13,0,,false,",",false,opener|closer|encore
1738001750,2025-06-03,2025,Brooklyn Bowl,Las Vegas,NV,1,2,Iguana Song,971,false,,740,4,3,0,,false,>,true,opener
1738001750,2025-06-03,2025,Brooklyn Bowl,Las Vegas,NV,1,3,Whip It,720,true,Devo,177,27,8,20,,false,",",false,ballad|encore
1738001750,2025-06-03,2025,Brooklyn Bowl,Las Vegas,NV,1,4,Your Ocean,590,false,,472,18,35,10,,false,",",false,
1738001750,2025-06-03,2025,Brooklyn Bowl,Las Vegas,NV,1,5,Draconian Meter Maid,943,false,Swimmer,730,3,12,0,,false,>,true,jam|peak
1738001750,2025-06-03,2025,Brooklyn Bowl,Las Vegas,NV,1,6,The Old Man's Boat,710,false,,786,31,28,20,,false,>,true,
1738001750,2025-06-03,2025,Brooklyn Bowl,Las Vegas,NV,1,7,Atlas Dogs,727,false,,420,4,50,0,,false,>,true,opener
1738001750,2025-06-03,2025,Brooklyn Bowl,Las Vegas,NV,1,8,Big Modern!,945,false,,1413,3,20,0,,false,,false,opener|closer|jam|peak
1738001750,2025-06-03,2025,Brooklyn Bowl,Las Vegas,NV,2,9,Into the Myst,402,false,,920,10,73,10,,false,->,true,jam
1738001750,2025-06-03,2025,Brooklyn Bowl,Las Vegas,NV,2,10,Dustin Hoffman,970,false,,1269,3,3,0,,true,",",false,jam
1738001750,2025-06-03,2025,Brooklyn Bowl,Las Vegas,NV,2,11,Jive II,413,false,,675,14,84,10,,false,>,true,opener
1738001750,2025-06-03,2025,Brooklyn Bowl,Las Vegas,NV,2,12,Jive Lee,502,false,,613,32,84,20,,false,>,true,closer|jam
1738001750,2025-06-03,2025,Brooklyn Bowl,Las Vegas,NV,2,13,Bob Don,429,false,,565,9,55,10,,false,",",false,
1738001750,2025-06-03,2025,Brooklyn Bowl,Las Vegas,NV,2,14,You Spin Me Round (Like A Record),950,true,Dead or Alive,738,28,3,20,,false,,false,closer|encore
1738001750,2025-06-03,2025,Brooklyn Bowl,Las Vegas,NV,E,15,Turn On Your Love Light,578,true,Bobby Blue Bland,637,20,52,20,,false,,false,closer|encore
1738001942,2025-06-04,2025,Arizona Financial Theatre,Phoenix,AZ,1,1,Hot Love & The Lazy Poet,645,false,Vasudo,406,1,24,0,,false,>,true,opener
1738001942,2025-06-04,2025,Arizona Financial Theatre,Phoenix,AZ,1,2,Turned Clouds,400,false,,610,4,115,0,,false,",",false,
1738001942,2025-06-04,2025,Arizona Financial Theatre,Phoenix,AZ,1,3,Time to Flee,404,false,,914,17,108,10,,false,->,true,
1738001942,2025-06-04,2025,Arizona Financial Theatre,Phoenix,AZ,1,4,The Whales,425,false,,526,22,44,20,,false,>,true,opener
1738001942,2025-06-04,2025,Arizona Financial Theatre,Phoenix,AZ,1,5,Time to Flee,404,false,,61,0,109,0,,false,",",false,
1738001942,2025-06-04,2025,Arizona Financial Theatre,Phoenix,AZ,1,6,Seekers on the Ridge pt I,609,false,,398,2,51,0,,false,>,true,
1738001942,2025-06-04,2025,Arizona Financial Theatre,Phoenix,AZ,1,7,Seekers on the Ridge pt II,610,false,,309,2,51,0,,false,",",false,
1738001942,2025-06-04,2025,Arizona Financial Theatre,Phoenix,AZ,1,8,Hungersite,740,false,,1512,3,66,0,,true,,false,opener|jam
1738001942,2025-06-04,2025,Arizona Financial Theatre,Phoenix,AZ,2,9,Wysteria Lane,405,false,Vasudo,888,4,109,0,,false,->,true,opener|jam|peak
1738001942,2025-06-04,2025,Arizona Financial Theatre,Phoenix,AZ,2,10,Tomorrow Never Knows,573,true,The Beatles,678,49,13,20,,false,>,true,encore
1738001942,2025-06-04,2025,Arizona Financial Theatre,Phoenix,AZ,2,11,Slow Ready,422,false,,933,6,90,0,,false,>,true,
1738001942,2025-06-04,2025,Arizona Financial Theatre,Phoenix,AZ,2,12,Dripfield,738,false,,1518,5,58,0,,true,,false,closer|jam
1738001942,2025-06-04,2025,Arizona Financial Theatre,Phoenix,AZ,E,13,The Way It Is,570,true,Bruce Hornsby,509,19,40,10,,false,,false,
1736789025,2025-06-06,2025,Fiddler&#039;s Green Amphitheatre,Greenwood Village,CO,1,1,Drive,462,false,,1177,3,110,0,,true,",",false,opener|jam
1736789025,2025-06-06,2025,Fiddler&#039;s Green Amphitheatre,Greenwood Village,CO,1,2,How It Ends,933,false,Vasudo,637,3,5,0,,false,",",false,
1736789025,2025-06-06,2025,Fiddler&#039;s Green Amphitheatre,Greenwood Village,CO,1,3,Suzie Q,562,true,Creedence Clearwater Revival,315,0,1,0,,false,",",false,
1736789025,2025-06-06,2025,Fiddler&#039;s Green Amphitheatre,Greenwood Village,CO,1,4,Turbulence & The Night Rays,646,false,Vasudo,606,4,41,0,,false,",",false,opener
1736789025,2025-06-06,2025,Fiddler&#039;s Green Amphitheatre,Greenwood Village,CO,1,5,Indian River,410,false,,633,39,116,20,,false,->,true,
1736789025,2025-06-06,2025,Fiddler&#039;s Green Amphitheatre,Greenwood Village,CO,1,6,Animal,764,false,,951,3,62,0,,false,,false,opener|closer
1736789025,2025-06-06,2025,Fiddler&#039;s Green Amphitheatre,Greenwood Village,CO,2,7,Tumble,418,false,Vasudo,1331,3,119,0,,true,->,true,closer|jam|peak
1736789025,2025-06-06,2025,Fiddler&#039;s Green Amphitheatre,Greenwood Village,CO,2,8,Factory Fiction,473,false,Vasudo,815,19,24,10,,true,->,true,closer|jam|peak|encore
1736789025,2025-06-06,2025,Fiddler&#039;s Green Amphitheatre,Greenwood Village,CO,2,9,State Of The Art (A.E.I.O.U.),558,true,Jim James,431,11,11,10,,false,",",false,closer
1736789025,2025-06-06,2025,Fiddler&#039;s Green Amphitheatre,Greenwood Village,CO,2,10,Echo of a Rose,463,false,Vasudo,351,5,112,0,,false,->,true,jam
1736789025,2025-06-06,2025,Fiddler&#039;s Green Amphitheatre,Greenwood Village,CO,2,11,Psycho Killer,633,true,Talking Heads,215,31,4,20,,false,->,true,ballad
1736789025,2025-06-06,2025,Fiddler&#039;s Green Amphitheatre,Greenwood Village,CO,2,12,Echo of a Rose,463,false,Vasudo,697,0,113,0,,true,>,true,jam
1736789025,2025-06-06,2025,Fiddler&#039;s Green Amphitheatre,Greenwood Village,CO,2,13,Factory Fiction,473,false,Vasudo,801,0,25,0,,true,,false,closer|jam|peak|encore
1736789025,2025-06-06,2025,Fiddler&#039;s Green Amphitheatre,Greenwood Village,CO,E,14,Arcadia,403,false,,1018,5,205,0,,false,,false,closer
1736789092,2025-06-07,2025,Fiddler&#039;s Green Amphitheatre,Greenwood Village,CO,1,1,Your Direction,647,false,Vasudo,944,5,5,0,,false,>,true,
1736789092,2025-06-07,2025,Fiddler&#039;s Green Amphitheatre,Greenwood Village,CO,1,2,Torero,979,false,,841,6,3,0,,false,",",false,closer|jam
1736789092,2025-06-07,2025,Fiddler&#039;s Green Amphitheatre,Greenwood Village,CO,1,3,MEDIA,947,false,Swimmer,303,3,7,0,,false,",",false,opener|ballad
1736789092,2025-06-07,2025,Fiddler&#039;s Green Amphitheatre,Greenwood Village,CO,1,4,A Western Sun,435,false,,434,3,71,0,,false,",",false,
1736789092,2025-06-07,2025,Fiddler&#039;s Green Amphitheatre,Greenwood Village,CO,1,5,Rockdale,714,false,Vasudo,554,5,67,0,,false,->,true,opener|closer|jam
1736789092,2025-06-07,2025,Fiddler&#039;s Green Amphitheatre,Greenwood Village,CO,1,6,Dustin Hoffman,970,false,,1074,2,4,0,,true,->,true,jam
1736789092,2025-06-07,2025,Fiddler&#039;s Green Amphitheatre,Greenwood Village,CO,1,7,Running Up That Hill,955,true,Kate Bush,406,33,3,20,,false,->,true,
1736789092,2025-06-07,2025,Fiddler&#039;s Green Amphitheatre,Greenwood Village,CO,1,8,Into the Myst,402,false,,394,2,74,0,,false,,false,jam
1736789092,2025-06-07,2025,Fiddler&#039;s Green Amphitheatre,Greenwood Village,CO,2,9,Big Modern!,945,false,,1032,2,21,0,,false,->,true,opener|closer|jam|peak
1736789092,2025-06-07,2025,Fiddler&#039;s Green Amphitheatre,Greenwood Village,CO,2,10,fast:slow,981,false,,1122,12,2,10,,false,->,true,closer|jam
1736789092,2025-06-07,2025,Fiddler&#039;s Green Amphitheatre,Greenwood Village,CO,2,11,Creatures,420,false,,909,7,131,0,,false,->,true,jam
1736789092,2025-06-07,2025,Fiddler&#039;s Green Amphitheatre,Greenwood Village,CO,2,12,Sinnerman,739,true,Nina Simone,463,15,13,10,,false,",",false,closer
1736789092,2025-06-07,2025,Fiddler&#039;s Green Amphitheatre,Greenwood Village,CO,2,13,Jed Stone,663,false,Vasudo,620,0,1,0,,false,,false,closer
1736789092,2025-06-07,2025,Fiddler&#039;s Green Amphitheatre,Greenwood Village,CO,E,14,The Empress Of Organos,604,false,Vasudo,934,12,82,10,,false,,false,closer|jam
1738001961,2025-06-10,2025,The Factory,Chesterfield,MO,1,1,Interlude II,409,false,,241,4,10,0,,false,->,true,ballad
1738001961,2025-06-10,2025,The Factory,Chesterfield,MO,1,2,Jive I,411,false,,512,4,130,0,,false,",",false,
1738001961,2025-06-10,2025,The Factory,Chesterfield,MO,1,3,Butterflies,763,false,Great Blue,423,39,20,20,,false,",",false,opener
1738001961,2025-06-10,2025,The Factory,Chesterfield,MO,1,4,Atlas,439,true,The Wood Brothers,739,12,39,10,,false,->,true,opener
1738001961,2025-06-10,2025,The Factory,Chesterfield,MO,1,5,"One In, One Out",946,false,,735,8,12,10,,false,>,true,jam
1738001961,2025-06-10,2025,The Factory,Chesterfield,MO,1,6,True Love Waits,914,true,Radiohead,364,24,3,20,,false,>,true,
1738001961,2025-06-10,2025,The Factory,Chesterfield,MO,1,7,Atlas,439,true,The Wood Brothers,91,0,40,0,,false,",",false,opener
1738001961,2025-06-10,2025,The Factory,Chesterfield,MO,1,8,Lead the Way,406,false,,611,34,88,20,,false,",",false,opener
1738001961,2025-06-10,2025,The Factory,Chesterfield,MO,1,9,So Ready,421,false,,850,7,143,0,,false,,false,closer
1738001961,2025-06-10,2025,The Factory,Chesterfield,MO,2,10,Arrow,438,false,,1403,5,84,0,,true,>,true,opener|closer|jam
1738001961,2025-06-10,2025,The Factory,Chesterfield,MO,2,11,Mississippi Half-Step Uptown Toodeloo,517,true,Grateful Dead,1109,20,35,20,,true,>,true,jam
1738001961,2025-06-10,2025,The Factory,Chesterfield,MO,2,12,Madhuvan,512,false,,1177,4,171,0,,false,",",false,opener|closer|jam
1738001961,2025-06-10,2025,The Factory,Chesterfield,MO,2,13,Dripfield,738,false,,1197,2,59,0,,false,,false,closer|jam
1738001961,2025-06-10,2025,The Factory,Chesterfield,MO,E,14,Silver Rising,736,false,,546,6,62,0,,false,,false,
1738001976,2025-06-11,2025,The Factory,Chesterfield,MO,1,1,Iguana Song,971,false,,790,4,4,0,,false,",",false,opener
1738001976,2025-06-11,2025,The Factory,Chesterfield,MO,1,2,Flodown,478,false,Vasudo,689,9,155,10,,false,",",false,
1738001976,2025-06-11,2025,The Factory,Chesterfield,MO,1,3,Honeybee,490,false,,470,85,34,35,,false,",",false,
1738001976,2025-06-11,2025,The Factory,Chesterfield,MO,1,4,Caution,446,true,Bob Marley,702,46,17,20,,false,",",false,
1738001976,2025-06-11,2025,The Factory,Chesterfield,MO,1,5,AUATC,602,true,Bon Iver,442,44,10,20,,false,",",false,
1738001976,2025-06-11,2025,The Factory,Chesterfield,MO,1,6,Yeti,416,false,Great Blue,751,5,116,0,,false,",",false,opener
1738001976,2025-06-11,2025,The Factory,Chesterfield,MO,1,7,Everything Must Go,805,false,,1077,6,37,0,,false,,false,jam
1738001976,2025-06-11,2025,The Factory,Chesterfield,MO,2,8,Thatch,809,false,,1018,7,50,0,,false,>,true,opener|closer|jam|peak
1738001976,2025-06-11,2025,The Factory,Chesterfield,MO,2,9,Nights In White Satin,524,true,The Moody Blues,413,121,9,50,,false,",",false,
1738001976,2025-06-11,2025,The Factory,Chesterfield,MO,2,10,Jeff Engborg,737,false,Great Blue,800,25,12,20,,false,",",false,closer
1738001976,2025-06-11,2025,The Factory,Chesterfield,MO,2,11,Rosewood Heart,412,false,,1065,5,63,0,,false,->,true,jam|peak
1738001976,2025-06-11,2025,The Factory,Chesterfield,MO,2,12,Spirit Of The Dark Horse,557,false,,595,19,36,10,,false,>,true,
1738001976,2025-06-11,2025,The Factory,Chesterfield,MO,2,13,Hot Tea,408,false,Vasudo,746,7,151,0,,false,,false,closer
1738001976,2025-06-11,2025,The Factory,Chesterfield,MO,E,14,SALT,930,false,,728,4,14,0,,false,,false,opener|closer|encore
1738002251,2025-06-12,2025,Everwise Amphitheater at White River State Park,Indianapolis,IN,1,1,Rockdale,714,false,Vasudo,605,2,68,0,,false,",",false,opener|closer|jam
1738002251,2025-06-12,2025,Everwise Amphitheater at White River State Park,Indianapolis,IN,1,2,Hot Love & The Lazy Poet,645,false,Vasudo,352,4,25,0,,false,",",false,opener
1738002251,2025-06-12,2025,Everwise Amphitheater at White River State Park,Indianapolis,IN,1,3,Turned Clouds,400,false,,648,4,116,0,,false,",",false,
1738002251,2025-06-12,2025,Everwise Amphitheater at White River State Park,Indianapolis,IN,1,4,Draconian Meter Maid,943,false,Swimmer,816,5,13,0,,false,",",false,jam|peak
1738002251,2025-06-12,2025,Everwise Amphitheater at White River State Park,Indianapolis,IN,1,5,Earthling or Alien?,605,false,,1028,24,47,20,,false,>,true,jam|peak
1738002251,2025-06-12,2025,Everwise Amphitheater at White River State Park,Indianapolis,IN,1,6,Give It Time,931,false,,441,8,20,10,,false,",",false,closer|encore
1738002251,2025-06-12,2025,Everwise Amphitheater at White River State Park,Indianapolis,IN,1,7,Animal,764,false,,1052,3,63,0,,false,,false,opener|closer
1738002251,2025-06-12,2025,Everwise Amphitheater at White River State Park,Indianapolis,IN,2,8,Pancakes,723,false,Great Blue,1259,6,62,0,,false,",",false,opener|closer|jam
1738002251,2025-06-12,2025,Everwise Amphitheater at White River State Park,Indianapolis,IN,2,9,In Your Eyes,498,true,Peter Gabriel,1070,60,11,35,,false,>,true,jam|peak
1738002251,2025-06-12,2025,Everwise Amphitheater at White River State Park,Indianapolis,IN,2,10,How It Ends,933,false,Vasudo,719,3,6,0,,false,",",false,
1738002251,2025-06-12,2025,Everwise Amphitheater at White River State Park,Indianapolis,IN,2,11,Tumble,418,false,Vasudo,956,3,120,0,,true,,false,closer|jam|peak
1738002251,2025-06-12,2025,Everwise Amphitheater at White River State Park,Indianapolis,IN,E,12,Arcadia,403,false,,421,3,206,0,,false,,false,closer
1736352597,2025-06-15,2025,Merriweather Post Pavilion,Columbia,MD,1,1,SALT,930,false,,606,1,15,0,,false,",",false,opener|closer|encore
1736352597,2025-06-15,2025,Merriweather Post Pavilion,Columbia,MD,1,2,Your Direction,647,false,Vasudo,675,3,6,0,,false,->,true,
1736352597,2025-06-15,2025,Merriweather Post Pavilion,Columbia,MD,1,3,Same Old Shenanigans,541,false,,1249,7,57,0,,false,",",false,closer
1736352597,2025-06-15,2025,Merriweather Post Pavilion,Columbia,MD,1,4,Red Bird,536,false,,719,8,53,10,,false,->,true,jam
1736352597,2025-06-15,2025,Merriweather Post Pavilion,Columbia,MD,1,5,Dustin Hoffman,970,false,,792,3,5,0,,false,->,true,jam
1736352597,2025-06-15,2025,Merriweather Post Pavilion,Columbia,MD,1,6,Running Up That Hill,955,true,Kate Bush,287,3,4,0,,false,,false,
1736352597,2025-06-15,2025,Merriweather Post Pavilion,Columbia,MD,2,7,Dripfield,738,false,,816,2,60,0,,false,>,true,closer|jam
1736352597,2025-06-15,2025,Merriweather Post Pavilion,Columbia,MD,2,8,This Old Sea,572,false,,317,11,39,10,,false,>,true,jam
1736352597,2025-06-15,2025,Merriweather Post Pavilion,Columbia,MD,2,9,Factory Fiction,473,false,Vasudo,1356,4,26,0,,true,->,true,closer|jam|peak|encore
1736352597,2025-06-15,2025,Merriweather Post Pavilion,Columbia,MD,2,10,Hollywood Nights,488,true,Bob Seger & The Silver Bullet Band,538,8,14,10,,false,>,true,
1736352597,2025-06-15,2025,Merriweather Post Pavilion,Columbia,MD,2,11,fast:slow,981,false,,1241,3,3,0,,false,->,true,closer|jam
1736352597,2025-06-15,2025,Merriweather Post Pavilion,Columbia,MD,2,12,Factory Fiction,473,false,Vasudo,267,0,27,0,,false,,false,closer|jam|peak|encore
1738002457,2025-06-17,2025,Live Oak Bank Pavilion,Wilmington,NC,1,1,MEDIA,947,false,Swimmer,340,4,8,0,,false,>,true,opener|ballad
1738002457,2025-06-17,2025,Live Oak Bank Pavilion,Wilmington,NC,1,2,Echo of a Rose,463,false,Vasudo,448,5,114,0,,false,",",false,jam
1738002457,2025-06-17,2025,Live Oak Bank Pavilion,Wilmington,NC,1,3,Lead Up,822,false,,357,8,34,10,,false,",",false,
1738002457,2025-06-17,2025,Live Oak Bank Pavilion,Wilmington,NC,1,4,Yeti,416,false,Great Blue,614,2,117,0,,false,",",false,opener
1738002457,2025-06-17,2025,Live Oak Bank Pavilion,Wilmington,NC,1,5,Green River,482,true,Creedence Clearwater Revival,774,11,34,10,,true,",",false,
1738002457,2025-06-17,2025,Live Oak Bank Pavilion,Wilmington,NC,1,6,All I Need,414,false,,1238,9,149,10,,true,>,true,jam
1738002457,2025-06-17,2025,Live Oak Bank Pavilion,Wilmington,NC,1,7,Borne,725,false,,417,12,45,10,,false,>,true,jam
1738002457,2025-06-17,2025,Live Oak Bank Pavilion,Wilmington,NC,1,8,Give It Time,931,false,,478,1,21,0,,false,,false,closer|encore
1738002457,2025-06-17,2025,Live Oak Bank Pavilion,Wilmington,NC,2,9,The Empress Of Organos,604,false,Vasudo,1122,4,83,0,,true,>,true,closer|jam
1738002457,2025-06-17,2025,Live Oak Bank Pavilion,Wilmington,NC,2,10,A Western Sun,435,false,,1329,4,72,0,,true,",",false,
1738002457,2025-06-17,2025,Live Oak Bank Pavilion,Wilmington,NC,2,11,Creatures,420,false,,1157,4,132,0,,false,>,true,jam
1738002457,2025-06-17,2025,Live Oak Bank Pavilion,Wilmington,NC,2,12,Silver Rising,736,false,,571,3,63,0,,false,,false,
1738002457,2025-06-17,2025,Live Oak Bank Pavilion,Wilmington,NC,E,13,You Spin Me Round (Like A Record),950,true,Dead or Alive,636,7,4,0,,false,,false,closer|encore
1738002473,2025-06-19,2025,Jacobs Pavilion at Nautica,Cleveland,OH,1,1,Mas Que Nada,513,true,Sergio Mendes,543,10,24,10,,false,",",false,
1738002473,2025-06-19,2025,Jacobs Pavilion at Nautica,Cleveland,OH,1,2,Honeybee,490,false,,439,3,35,0,,false,",",false,
1738002473,2025-06-19,2025,Jacobs Pavilion at Nautica,Cleveland,OH,1,3,Torero,979,false,,1457,5,4,0,,true,",",false,closer|jam
1738002473,2025-06-19,2025,Jacobs Pavilion at Nautica,Cleveland,OH,1,4,Hot Love & The Lazy Poet,645,false,Vasudo,349,2,26,0,,false,",",false,opener
1738002473,2025-06-19,2025,Jacobs Pavilion at Nautica,Cleveland,OH,1,5,Mr. Action,817,false,,541,12,34,10,,false,",",false,
1738002473,2025-06-19,2025,Jacobs Pavilion at Nautica,Cleveland,OH,1,6,The Labyrinth,639,false,,639,31,11,20,,false,>,true,opener
1738002473,2025-06-19,2025,Jacobs Pavilion at Nautica,Cleveland,OH,1,7,Hot Tea,408,false,Vasudo,1116,3,152,0,,false,,false,closer
1738002473,2025-06-19,2025,Jacobs Pavilion at Nautica,Cleveland,OH,2,8,Madhuvan,512,false,,1441,4,172,0,,true,->,true,opener|closer|jam
1738002473,2025-06-19,2025,Jacobs Pavilion at Nautica,Cleveland,OH,2,9,Atlas Dogs,727,false,,472,8,51,10,,false,->,true,opener
1738002473,2025-06-19,2025,Jacobs Pavilion at Nautica,Cleveland,OH,2,10,Into the Myst,402,false,,1143,5,75,0,,true,",",false,jam
1738002473,2025-06-19,2025,Jacobs Pavilion at Nautica,Cleveland,OH,2,11,Hungersite,740,false,,854,7,67,0,,false,,false,opener|jam
1738002473,2025-06-19,2025,Jacobs Pavilion at Nautica,Cleveland,OH,E,12,Doobie Song,461,false,,366,70,24,35,,false,>,true,closer|encore
1738002473,2025-06-19,2025,Jacobs Pavilion at Nautica,Cleveland,OH,E,13,Madhuvan,512,false,,301,0,173,0,,false,,false,opener|closer|jam
1738002485,2025-06-20,2025,Jacobs Pavilion at Nautica,Cleveland,OH,1,1,No Rain,525,true,Blind Melon,808,77,18,35,,false,",",false,opener|jam
1738002485,2025-06-20,2025,Jacobs Pavilion at Nautica,Cleveland,OH,1,2,Dr. Darkness,712,false,,358,13,42,10,,false,",",false,opener
1738002485,2025-06-20,2025,Jacobs Pavilion at Nautica,Cleveland,OH,1,3,Flodown,478,false,Vasudo,646,4,156,0,,false,",",false,
1738002485,2025-06-20,2025,Jacobs Pavilion at Nautica,Cleveland,OH,1,4,How It Ends,933,false,Vasudo,731,3,7,0,,false,>,true,
1738002485,2025-06-20,2025,Jacobs Pavilion at Nautica,Cleveland,OH,1,5,Drive,462,false,,963,7,111,0,,false,>,true,opener|jam
1738002485,2025-06-20,2025,Jacobs Pavilion at Nautica,Cleveland,OH,1,6,Seekers on the Ridge pt I,609,false,,399,8,52,10,,false,>,true,
1738002485,2025-06-20,2025,Jacobs Pavilion at Nautica,Cleveland,OH,1,7,Seekers on the Ridge pt II,610,false,,284,8,52,10,,false,>,true,
1738002485,2025-06-20,2025,Jacobs Pavilion at Nautica,Cleveland,OH,1,8,Drive,462,false,,731,0,112,0,,false,,false,opener|jam
1738002485,2025-06-20,2025,Jacobs Pavilion at Nautica,Cleveland,OH,2,9,Fish In The Sea,477,true,Fat Freddy's Drop,845,20,27,20,,false,",",false,opener
1738002485,2025-06-20,2025,Jacobs Pavilion at Nautica,Cleveland,OH,2,10,Tumble,418,false,Vasudo,1179,3,121,0,,true,",",false,closer|jam|peak
1738002485,2025-06-20,2025,Jacobs Pavilion at Nautica,Cleveland,OH,2,11,Red Bird,536,false,,969,2,54,0,,false,",",false,jam
1738002485,2025-06-20,2025,Jacobs Pavilion at Nautica,Cleveland,OH,2,12,Amongster,816,true,Polica,383,0,1,0,,false,",",false,
1738002485,2025-06-20,2025,Jacobs Pavilion at Nautica,Cleveland,OH,2,13,Pancakes,723,false,Great Blue,980,3,63,0,,false,,false,opener|closer|jam
1738002485,2025-06-20,2025,Jacobs Pavilion at Nautica,Cleveland,OH,E,14,So Ready,421,false,,628,5,144,0,,false,,false,closer
1738002506,2025-06-21,2025,Constellation Brands-Marvin Sands Performing Arts Center,Canandaigua,NY,1,1,Iguana Song,971,false,,778,5,5,0,,true,",",false,opener
1738002506,2025-06-21,2025,Constellation Brands-Marvin Sands Performing Arts Center,Canandaigua,NY,1,2,Jack-A-Roe,620,true,Traditional,393,233,2,50,,false,",",false,
1738002506,2025-06-21,2025,Constellation Brands-Marvin Sands Performing Arts Center,Canandaigua,NY,1,3,Draconian Meter Maid,943,false,Swimmer,1022,4,14,0,,false,->,true,jam|peak
1738002506,2025-06-21,2025,Constellation Brands-Marvin Sands Performing Arts Center,Canandaigua,NY,1,4,Dustin Hoffman,970,false,,864,3,6,0,,false,>,true,jam
1738002506,2025-06-21,2025,Constellation Brands-Marvin Sands Performing Arts Center,Canandaigua,NY,1,5,Borne,725,false,,422,2,46,0,,false,>,true,jam
1738002506,2025-06-21,2025,Constellation Brands-Marvin Sands Performing Arts Center,Canandaigua,NY,1,6,Rockdale,714,false,Vasudo,731,4,69,0,,true,",",false,opener|closer|jam
1738002506,2025-06-21,2025,Constellation Brands-Marvin Sands Performing Arts Center,Canandaigua,NY,1,7,Animal,764,false,,1005,4,64,0,,false,,false,opener|closer
1738002506,2025-06-21,2025,Constellation Brands-Marvin Sands Performing Arts Center,Canandaigua,NY,2,8,Eminence Front,468,true,The Who,423,39,14,20,,false,>,true,opener
1738002506,2025-06-21,2025,Constellation Brands-Marvin Sands Performing Arts Center,Canandaigua,NY,2,9,Dripfield,738,false,,1131,3,61,0,,false,>,true,closer|jam
1738002506,2025-06-21,2025,Constellation Brands-Marvin Sands Performing Arts Center,Canandaigua,NY,2,10,Sinnerman,739,true,Nina Simone,1076,7,14,0,,false,",",false,closer
1738002506,2025-06-21,2025,Constellation Brands-Marvin Sands Performing Arts Center,Canandaigua,NY,2,11,Big Modern!,945,false,,1028,7,22,0,,false,>,true,opener|closer|jam|peak
1738002506,2025-06-21,2025,Constellation Brands-Marvin Sands Performing Arts Center,Canandaigua,NY,2,12,Give It Time,931,false,,384,2,22,0,,false,,false,closer|encore
1738002506,2025-06-21,2025,Constellation Brands-Marvin Sands Performing Arts Center,Canandaigua,NY,E,13,Thatch,809,false,,488,5,51,0,,false,,false,opener|closer|jam|peak
1737731867,2025-06-22,2025,Belleayre Mountain,Highmount,NY,1,1,The Killing Moon,606,true,Echo & The Bunnymen,437,66,7,35,,false,",",false,opener
1737731867,2025-06-22,2025,Belleayre Mountain,Highmount,NY,1,2,Yeti,416,false,Great Blue,707,3,118,0,,false,",",false,opener
1737731867,2025-06-22,2025,Belleayre Mountain,Highmount,NY,1,3,Jive I,411,false,,533,7,131,0,,false,",",false,
1737731867,2025-06-22,2025,Belleayre Mountain,Highmount,NY,1,4,Rosewood Heart,412,false,,920,6,64,0,,true,>,true,jam|peak
1737731867,2025-06-22,2025,Belleayre Mountain,Highmount,NY,1,5,Weird Fishes / Arpeggi,428,true,Radiohead,488,58,11,35,,false,",",false,
1737731867,2025-06-22,2025,Belleayre Mountain,Highmount,NY,1,6,Jive II,413,false,,626,11,85,10,,false,>,true,opener
1737731867,2025-06-22,2025,Belleayre Mountain,Highmount,NY,1,7,Jive Lee,502,false,,958,11,85,10,,true,,false,closer|jam
1737731867,2025-06-22,2025,Belleayre Mountain,Highmount,NY,2,8,Hungersite,740,false,,1366,2,68,0,,true,>,true,opener|jam
1737731867,2025-06-22,2025,Belleayre Mountain,Highmount,NY,2,9,Echo of a Rose,463,false,Vasudo,494,3,115,0,,false,->,true,jam
1737731867,2025-06-22,2025,Belleayre Mountain,Highmount,NY,2,10,Bloodbuzz Ohio,766,true,The National,422,33,10,20,,false,->,true,
1737731867,2025-06-22,2025,Belleayre Mountain,Highmount,NY,2,11,Echo of a Rose,463,false,Vasudo,812,0,116,0,,false,>,true,jam
1737731867,2025-06-22,2025,Belleayre Mountain,Highmount,NY,2,12,The Empress Of Organos,604,false,Vasudo,1194,3,84,0,,false,,false,closer|jam
1737731867,2025-06-22,2025,Belleayre Mountain,Highmount,NY,E,13,Don't Do It,460,true,The Band,460,16,38,10,,false,,false,closer|encore
1749749082,2025-06-23,2025,Racket,New York,NY,1,1,Animal,764,false,,,1,65,0,,false,",",false,opener|closer
1749749082,2025-06-23,2025,Racket,New York,NY,1,2,Hot Love & The Lazy Poet,645,false,Vasudo,,3,27,0,,false,>,true,opener
1749749082,2025-06-23,2025,Racket,New York,NY,1,3,Hungersite,740,false,,,0,69,0,,false,",",false,opener|jam
1749749082,2025-06-23,2025,Racket,New York,NY,1,4,Silver Rising,736,false,,,4,64,0,,false,",",false,
1749749082,2025-06-23,2025,Racket,New York,NY,1,5,Dustin Hoffman,970,false,,,1,7,0,,false,->,true,jam
1749749082,2025-06-23,2025,Racket,New York,NY,1,6,Lead Up,822,false,,,4,35,0,,false,",",false,
1749749082,2025-06-23,2025,Racket,New York,NY,1,7,Your Direction,647,false,Vasudo,,5,7,0,,false,",",false,
1749749082,2025-06-23,2025,Racket,New York,NY,1,8,Atlas Dogs,727,false,,,3,52,0,,false,",",false,opener
1749749082,2025-06-23,2025,Racket,New York,NY,1,9,Iguana Song,971,false,,,1,6,0,,false,",",false,opener
1749749082,2025-06-23,2025,Racket,New York,NY,1,10,Everything Must Go,805,false,,,7,38,0,,false,",",false,jam
1749749082,2025-06-23,2025,Racket,New York,NY,1,11,Give It Time,931,false,,,1,23,0,,false,,false,closer|encore
1749749082,2025-06-23,2025,Racket,New York,NY,E,12,Thatch,809,false,,,1,52,0,,false,,false,opener|closer|jam|peak
1738002676,2025-06-27,2025,Bank of New Hampshire Pavilion,Gilford,NH,1,1,Flodown,478,false,Vasudo,646,3,157,0,,false,",",false,
1738002676,2025-06-27,2025,Bank of New Hampshire Pavilion,Gilford,NH,1,2,Silver Rising,736,false,,590,0,65,0,,false,",",false,
1738002676,2025-06-27,2025,Bank of New Hampshire Pavilion,Gilford,NH,1,3,California Magic,735,false,,414,14,46,10,,false,",",false,
1738002676,2025-06-27,2025,Bank of New Hampshire Pavilion,Gilford,NH,1,4,Draconian Meter Maid,943,false,Swimmer,893,2,15,0,,false,>,true,jam|peak
1738002676,2025-06-27,2025,Bank of New Hampshire Pavilion,Gilford,NH,1,5,Mr. Action,817,false,,542,4,35,0,,false,",",false,
1738002676,2025-06-27,2025,Bank of New Hampshire Pavilion,Gilford,NH,1,6,Please Forgive Me,685,true,David Gray,521,71,12,35,,false,",",false,
1738002676,2025-06-27,2025,Bank of New Hampshire Pavilion,Gilford,NH,1,7,Rockdale,714,false,Vasudo,1209,2,70,0,,true,,false,opener|closer|jam
1738002676,2025-06-27,2025,Bank of New Hampshire Pavilion,Gilford,NH,2,8,Into the Myst,402,false,,1431,4,76,0,,true,->,true,jam
1738002676,2025-06-27,2025,Bank of New Hampshire Pavilion,Gilford,NH,2,9,Fish In The Sea,477,true,Fat Freddy's Drop,1472,3,28,0,,true,",",false,opener
1738002676,2025-06-27,2025,Bank of New Hampshire Pavilion,Gilford,NH,2,10,Everything Must Go,805,false,,920,0,39,0,,false,>,true,jam
1738002676,2025-06-27,2025,Bank of New Hampshire Pavilion,Gilford,NH,2,11,Christmas Card From A Hooker In Minneapolis,448,true,Tom Waits,332,26,10,20,,false,,false,encore
1738002676,2025-06-27,2025,Bank of New Hampshire Pavilion,Gilford,NH,E,12,The Empress Of Organos,604,false,Vasudo,913,1,85,0,,false,,false,closer|jam
1736789107,2025-06-28,2025,Madison Square Garden,New York,NY,1,1,Factory Fiction,473,false,Vasudo,1044,7,28,0,,true,",",false,closer|jam|peak|encore
1736789107,2025-06-28,2025,Madison Square Garden,New York,NY,1,2,Hungersite,740,false,,1023,1,70,0,,false,",",false,opener|jam
1736789107,2025-06-28,2025,Madison Square Garden,New York,NY,1,3,MEDIA,947,false,Swimmer,291,6,9,0,,false,",",false,opener|ballad
1736789107,2025-06-28,2025,Madison Square Garden,New York,NY,1,4,A Western Sun,435,false,,957,6,73,0,,false,->,true,
1736789107,2025-06-28,2025,Madison Square Garden,New York,NY,1,5,Running Up That Hill,955,true,Kate Bush,392,7,5,0,,false,>,true,
1736789107,2025-06-28,2025,Madison Square Garden,New York,NY,1,6,Give It Time,931,false,,400,1,24,0,,false,",",false,closer|encore
1736789107,2025-06-28,2025,Madison Square Garden,New York,NY,1,7,Feel It Now,823,false,,511,17,31,10,,false,",",false,
1736789107,2025-06-28,2025,Madison Square Garden,New York,NY,1,8,Dustin Hoffman,970,false,,661,1,8,0,,false,",",false,jam
1736789107,2025-06-28,2025,Madison Square Garden,New York,NY,1,9,Animal,764,false,,997,1,66,0,,false,,false,opener|closer
1736789107,2025-06-28,2025,Madison Square Garden,New York,NY,2,10,Thatch,809,false,,1219,1,53,0,,true,",",false,opener|closer|jam|peak
1736789107,2025-06-28,2025,Madison Square Garden,New York,NY,2,11,Red Bird,536,false,,1068,4,55,0,,true,>,true,jam
1736789107,2025-06-28,2025,Madison Square Garden,New York,NY,2,12,Don’t Leave Me This Way,964,true,Harold Melvin & The Blue Notes,505,17,5,10,,false,",",false,closer
1736789107,2025-06-28,2025,Madison Square Garden,New York,NY,2,13,Tumble,418,false,Vasudo,1251,4,122,0,,true,->,true,closer|jam|peak
1736789107,2025-06-28,2025,Madison Square Garden,New York,NY,2,14,Creatures,420,false,,758,6,133,0,,false,->,true,jam
1736789107,2025-06-28,2025,Madison Square Garden,New York,NY,2,15,Shama Lama Ding Dong,545,true,Otis Day and The Knights,419,32,45,20,,false,>,true,encore
1736789107,2025-06-28,2025,Madison Square Garden,New York,NY,2,16,Tumble,418,false,Vasudo,411,0,123,0,,false,",",false,closer|jam|peak
1736789107,2025-06-28,2025,Madison Square Garden,New York,NY,2,17,Jed Stone,663,false,Vasudo,479,11,2,10,,false,>,true,closer
1736789107,2025-06-28,2025,Madison Square Garden,New York,NY,2,18,Dripfield,738,false,,867,3,62,0,,false,,false,closer|jam
1736789107,2025-06-28,2025,Madison Square Garden,New York,NY,E,19,Arcadia,403,false,,718,8,207,10,,false,,false,closer
1738002691,2025-06-29,2025,Westville Music Bowl,New Haven,CT,1,1,Yeti,416,false,Great Blue,473,3,119,0,,false,->,true,opener
1738002691,2025-06-29,2025,Westville Music Bowl,New Haven,CT,1,2,Pumped Up Kicks,534,true,Foster The People,409,16,26,10,,false,->,true,
1738002691,2025-06-29,2025,Westville Music Bowl,New Haven,CT,1,3,Yeti,416,false,Great Blue,225,0,120,0,,false,",",false,opener
1738002691,2025-06-29,2025,Westville Music Bowl,New Haven,CT,1,4,Iguana Song,971,false,,761,2,7,0,,false,",",false,opener
1738002691,2025-06-29,2025,Westville Music Bowl,New Haven,CT,1,5,Your Direction,647,false,Vasudo,535,2,8,0,,false,>,true,
1738002691,2025-06-29,2025,Westville Music Bowl,New Haven,CT,1,6,Amongster,816,true,Polica,376,5,2,0,,false,>,true,
1738002691,2025-06-29,2025,Westville Music Bowl,New Haven,CT,1,7,All I Need,414,false,,1227,7,150,0,,true,->,true,jam
1738002691,2025-06-29,2025,Westville Music Bowl,New Haven,CT,1,8,SALT,930,false,,851,8,16,10,,false,,false,opener|closer|encore
1738002691,2025-06-29,2025,Westville Music Bowl,New Haven,CT,2,9,Big Modern!,945,false,,1171,4,23,0,,false,>,true,opener|closer|jam|peak
1738002691,2025-06-29,2025,Westville Music Bowl,New Haven,CT,2,10,Madhuvan,512,false,,477,6,174,0,,false,>,true,opener|closer|jam
1738002691,2025-06-29,2025,Westville Music Bowl,New Haven,CT,2,11,Whip It,720,true,Devo,158,15,9,10,,false,>,true,ballad|encore
1738002691,2025-06-29,2025,Westville Music Bowl,New Haven,CT,2,12,Suzie Q,562,true,Creedence Clearwater Revival,402,13,2,10,,false,>,true,
1738002691,2025-06-29,2025,Westville Music Bowl,New Haven,CT,2,13,Same Old Shenanigans,541,false,,1122,8,58,10,,false,",",false,closer
1738002691,2025-06-29,2025,Westville Music Bowl,New Haven,CT,2,14,Slow Ready,422,false,,124,14,91,10,,false,>,true,
1738002691,2025-06-29,2025,Westville Music Bowl,New Haven,CT,2,15,fast:slow,981,false,,978,8,4,10,,false,,false,closer|jam
1738002691,2025-06-29,2025,Westville Music Bowl,New Haven,CT,E,16,You Spin Me Round (Like A Record),950,true,Dead or Alive,659,7,5,0,,false,,false,closer|encore
1745515491,2025-07-25,2025,Fort Adams State Park,Newport,RI,1,1,Rockdale,714,false,Vasudo,,2,71,0,,false,",",false,opener|closer|jam
1745515491,2025-07-25,2025,Fort Adams State Park,Newport,RI,1,2,Hungersite,740,false,,,1,71,0,,false,",",false,opener|jam
1745515491,2025-07-25,2025,Fort Adams State Park,Newport,RI,1,3,Give It Time,931,false,,,1,25,0,,false,",",false,closer|encore
1745515491,2025-07-25,2025,Fort Adams State Park,Newport,RI,1,4,Danger Zone,457,true,Kenny Loggins,,49,21,20,,false,,false,
1755099318,2025-08-13,2025,30 Rockefeller Plaza,New York,NY,1,1,Madalena,988,false,,242,0,1,0,,false,,false,
1754580823,2025-08-15,2025,World Cafe Live,Philadelphia,PA,1,1,Thatch,809,false,,400,3,54,0,,false,",",false,opener|closer|jam|peak
1754580823,2025-08-15,2025,World Cafe Live,Philadelphia,PA,1,2,Your Direction,647,false,Vasudo,456,2,9,0,,false,",",false,
1754580823,2025-08-15,2025,World Cafe Live,Philadelphia,PA,1,3,I Would Die 4 U,867,true,Prince,364,24,10,20,,false,",",false,
1754580823,2025-08-15,2025,World Cafe Live,Philadelphia,PA,1,4,Royal,987,false,,358,0,1,0,,false,",",false,opener
1754580823,2025-08-15,2025,World Cafe Live,Philadelphia,PA,1,5,Madalena,988,false,,245,0,2,0,,false,",",false,
1754580823,2025-08-15,2025,World Cafe Live,Philadelphia,PA,1,6,Hungersite,740,false,,605,1,72,0,,false,",",false,opener|jam
1754580823,2025-08-15,2025,World Cafe Live,Philadelphia,PA,1,7,Give It Time,931,false,,470,1,26,0,,false,",",false,closer|encore
1754580823,2025-08-15,2025,World Cafe Live,Philadelphia,PA,1,8,Rockdale,714,false,Vasudo,418,1,72,0,,false,,false,opener|closer|jam
1744816419,2025-08-16,2025,Park City Song Summit,Park City,UT,1,1,Echo of a Rose,463,false,Vasudo,833,7,117,0,,false,",",false,jam
1744816419,2025-08-16,2025,Park City Song Summit,Park City,UT,1,2,Silver Rising,736,false,,580,5,66,0,,false,",",false,
1744816419,2025-08-16,2025,Park City Song Summit,Park City,UT,1,3,Royal,987,false,,394,0,2,0,,false,",",false,opener
1744816419,2025-08-16,2025,Park City Song Summit,Park City,UT,1,4,Madalena,988,false,,263,0,3,0,,false,",",false,
1744816419,2025-08-16,2025,Park City Song Summit,Park City,UT,1,5,Flodown,478,false,Vasudo,569,5,158,0,,false,",",false,
1744816419,2025-08-16,2025,Park City Song Summit,Park City,UT,1,6,Dustin Hoffman,970,false,,825,4,9,0,,false,,false,jam
1744816419,2025-08-16,2025,Park City Song Summit,Park City,UT,2,7,Hot Tea,408,false,Vasudo,827,10,153,10,,false,",",false,closer
1744816419,2025-08-16,2025,Park City Song Summit,Park City,UT,2,8,Feel It Now,823,false,,549,4,32,0,,false,",",false,
1744816419,2025-08-16,2025,Park City Song Summit,Park City,UT,2,9,Big Modern!,945,false,,970,3,24,0,,false,>,true,opener|closer|jam|peak
1744816419,2025-08-16,2025,Park City Song Summit,Park City,UT,2,10,Jed Stone,663,false,Vasudo,491,4,3,0,,false,",",false,closer
1744816419,2025-08-16,2025,Park City Song Summit,Park City,UT,2,11,The Empress Of Organos,604,false,Vasudo,733,5,86,0,,false,,false,closer|jam
1745887842,2025-08-28,2025,Hancher Green,Iowa City,IA,1,1,Pancakes,723,false,Great Blue,692,10,64,10,,false,",",false,opener|closer|jam
1745887842,2025-08-28,2025,Hancher Green,Iowa City,IA,1,2,All I Need,414,false,,521,4,151,0,,false,->,true,jam
1745887842,2025-08-28,2025,Hancher Green,Iowa City,IA,1,3,Bloodbuzz Ohio,766,true,The National,437,8,11,10,,false,",",false,
1745887842,2025-08-28,2025,Hancher Green,Iowa City,IA,1,4,Hot Love & The Lazy Poet,645,false,Vasudo,337,7,28,0,,false,",",false,opener
1745887842,2025-08-28,2025,Hancher Green,Iowa City,IA,1,5,Royal,987,false,,393,0,3,0,,false,",",false,opener
1745887842,2025-08-28,2025,Hancher Green,Iowa City,IA,1,6,Hot Tea,408,false,Vasudo,994,0,154,0,,false,",",false,closer
1745887842,2025-08-28,2025,Hancher Green,Iowa City,IA,1,7,Creatures,420,false,,1242,5,134,0,,true,",",false,jam
1745887842,2025-08-28,2025,Hancher Green,Iowa City,IA,1,8,Slow Ready,422,false,,839,4,92,0,,false,",",false,
1745887842,2025-08-28,2025,Hancher Green,Iowa City,IA,1,9,Arcadia,403,false,,918,5,208,0,,false,,false,closer
1745887842,2025-08-28,2025,Hancher Green,Iowa City,IA,E,10,Shama Lama Ding Dong,545,true,Otis Day and The Knights,391,5,46,0,,false,,false,encore
1743092094,2025-08-31,2025,The Gorge Amphitheatre,Quincy,WA,1,1,Drive,462,false,,337,11,113,10,,false,>,true,opener|jam
1743092094,2025-08-31,2025,The Gorge Amphitheatre,Quincy,WA,1,2,Thatch,809,false,,380,2,55,0,,false,",",false,opener|closer|jam|peak
1743092094,2025-08-31,2025,The Gorge Amphitheatre,Quincy,WA,1,3,A Western Sun,435,false,,448,6,74,0,,false,",",false,
1743092094,2025-08-31,2025,The Gorge Amphitheatre,Quincy,WA,1,4,Hungersite,740,false,,387,2,73,0,,false,",",false,opener|jam
1743092094,2025-08-31,2025,The Gorge Amphitheatre,Quincy,WA,1,5,Give It Time,931,false,,428,2,27,0,,false,",",false,closer|encore
1743092094,2025-08-31,2025,The Gorge Amphitheatre,Quincy,WA,1,6,Jed Stone,663,false,Vasudo,476,1,4,0,,false,",",false,closer
1743092094,2025-08-31,2025,The Gorge Amphitheatre,Quincy,WA,1,7,Hot Tea,408,false,Vasudo,427,0,155,0,,false,",",false,closer
1743092094,2025-08-31,2025,The Gorge Amphitheatre,Quincy,WA,1,8,Arcadia,403,false,,599,0,209,0,,false,,false,closer
1739970619,2025-09-12,2025,Harvest Music Festival,Fredericton,NB,1,1,Hot Tea,408,false,Vasudo,,0,156,0,,false,",",false,closer
1739970619,2025-09-12,2025,Harvest Music Festival,Fredericton,NB,1,2,Give It Time,931,false,,,0,28,0,,false,",",false,closer|encore
1739970619,2025-09-12,2025,Harvest Music Festival,Fredericton,NB,1,3,All I Need,414,false,,,1,152,0,,false,>,true,jam
1739970619,2025-09-12,2025,Harvest Music Festival,Fredericton,NB,1,4,Don't Do It,460,true,The Band,,10,39,10,,false,",",false,closer|encore
1739970619,2025-09-12,2025,Harvest Music Festival,Fredericton,NB,1,5,Hot Love & The Lazy Poet,645,false,Vasudo,,1,29,0,,false,",",false,opener
1739970619,2025-09-12,2025,Harvest Music Festival,Fredericton,NB,1,6,Madalena,988,false,,,2,4,0,,false,",",false,
1739970619,2025-09-12,2025,Harvest Music Festival,Fredericton,NB,1,7,Animal,764,false,,,7,67,0,,false,",",false,opener|closer
1739970619,2025-09-12,2025,Harvest Music Festival,Fredericton,NB,1,8,In Your Eyes,498,true,Peter Gabriel,,16,12,10,,false,",",false,jam|peak
1739970619,2025-09-12,2025,Harvest Music Festival,Fredericton,NB,1,9,Hungersite,740,false,,,0,74,0,,false,>,true,opener|jam
1739970619,2025-09-12,2025,Harvest Music Festival,Fredericton,NB,1,10,Red Bird,536,false,,,7,56,0,,false,",",false,jam
1739970619,2025-09-12,2025,Harvest Music Festival,Fredericton,NB,1,11,Madhuvan,512,false,,,6,175,0,,false,,false,opener|closer|jam
1750092069,2025-09-14,2025,Waterfront Park,Burlington,VT,1,1,MEDIA,947,false,Swimmer,287,8,10,10,,false,>,true,opener|ballad
1750092069,2025-09-14,2025,Waterfront Park,Burlington,VT,1,2,A Western Sun,435,false,,831,1,75,0,,false,->,true,
1750092069,2025-09-14,2025,Waterfront Park,Burlington,VT,1,3,Rockdale,714,false,Vasudo,890,4,73,0,,true,->,true,opener|closer|jam
1750092069,2025-09-14,2025,Waterfront Park,Burlington,VT,1,4,Atlas Dogs,727,false,,1011,10,53,10,,true,>,true,opener
1750092069,2025-09-14,2025,Waterfront Park,Burlington,VT,1,5,Rockdale,714,false,Vasudo,195,0,74,0,,false,",",false,opener|closer|jam
1750092069,2025-09-14,2025,Waterfront Park,Burlington,VT,1,6,Atlas,439,true,The Wood Brothers,680,19,41,10,,false,",",false,opener
1750092069,2025-09-14,2025,Waterfront Park,Burlington,VT,1,7,Draconian Meter Maid,943,false,Swimmer,272,9,16,10,,false,>,true,jam|peak
1750092069,2025-09-14,2025,Waterfront Park,Burlington,VT,1,8,Flodown,478,false,Vasudo,561,3,159,0,,false,,false,
1750092069,2025-09-14,2025,Waterfront Park,Burlington,VT,2,9,Arrow,438,false,,1185,19,85,10,,false,->,true,opener|closer|jam
1750092069,2025-09-14,2025,Waterfront Park,Burlington,VT,2,10,Travelers,574,false,,704,26,29,20,,false,>,true,
1750092069,2025-09-14,2025,Waterfront Park,Burlington,VT,2,11,Thatch,809,false,,1012,1,56,0,,false,>,true,opener|closer|jam|peak
1750092069,2025-09-14,2025,Waterfront Park,Burlington,VT,2,12,This Old Sea,572,false,,645,16,40,10,,false,>,true,jam
1750092069,2025-09-14,2025,Waterfront Park,Burlington,VT,2,13,Thatch,809,false,,44,0,57,0,,false,,false,opener|closer|jam|peak
1750092069,2025-09-14,2025,Waterfront Park,Burlington,VT,E,14,Tumble,418,false,Vasudo,472,8,124,10,,false,->,true,closer|jam|peak
1750092069,2025-09-14,2025,Waterfront Park,Burlington,VT,E,15,Shama Lama Ding Dong,545,true,Otis Day and The Knights,326,2,47,0,,false,->,true,encore
1750092069,2025-09-14,2025,Waterfront Park,Burlington,VT,E,16,Tumble,418,false,Vasudo,445,0,125,0,,false,,false,closer|jam|peak
1739466724,2025-09-17,2025,Kohl Center,Madison,WI,1,1,Animal,764,false,,645,1,68,0,,false,",",false,opener|closer
1739466724,2025-09-17,2025,Kohl Center,Madison,WI,1,2,Royal,987,false,,378,3,4,0,,false,",",false,opener
1739466724,2025-09-17,2025,Kohl Center,Madison,WI,1,3,Your Direction,647,false,Vasudo,458,5,10,0,,false,",",false,
1739466724,2025-09-17,2025,Kohl Center,Madison,WI,1,4,Arcadia,403,false,,848,2,210,0,,false,",",false,closer
1739466724,2025-09-17,2025,Kohl Center,Madison,WI,1,5,Creatures,420,false,,938,3,135,0,,true,>,true,jam
1739466724,2025-09-17,2025,Kohl Center,Madison,WI,1,6,Slow Ready,422,false,,736,3,93,0,,false,",",false,
1739466724,2025-09-17,2025,Kohl Center,Madison,WI,1,7,Give It Time,931,false,,441,1,29,0,,false,,false,closer|encore
1745888102,2025-09-19,2025,Michigan Lottery Amphitheatre at Freedom Hill,Sterling Heights,MI,1,1,Elizabeth,465,false,,557,44,63,20,,false,>,true,opener|jam
1745888102,2025-09-19,2025,Michigan Lottery Amphitheatre at Freedom Hill,Sterling Heights,MI,1,2,Butter Rum,415,false,Vasudo,866,33,116,20,,true,",",false,
1745888102,2025-09-19,2025,Michigan Lottery Amphitheatre at Freedom Hill,Sterling Heights,MI,1,3,Silver Rising,736,false,,554,5,67,0,,false,",",false,
1745888102,2025-09-19,2025,Michigan Lottery Amphitheatre at Freedom Hill,Sterling Heights,MI,1,4,Mas Que Nada,513,true,Sergio Mendes,539,16,25,10,,false,",",false,
1745888102,2025-09-19,2025,Michigan Lottery Amphitheatre at Freedom Hill,Sterling Heights,MI,1,5,California Magic,735,false,,404,11,47,10,,false,>,true,
1745888102,2025-09-19,2025,Michigan Lottery Amphitheatre at Freedom Hill,Sterling Heights,MI,1,6,Turbulence & The Night Rays,646,false,Vasudo,601,23,42,20,,false,",",false,opener
1745888102,2025-09-19,2025,Michigan Lottery Amphitheatre at Freedom Hill,Sterling Heights,MI,1,7,Into the Myst,402,false,,489,11,77,10,,false,->,true,jam
1745888102,2025-09-19,2025,Michigan Lottery Amphitheatre at Freedom Hill,Sterling Heights,MI,1,8,SALT,930,false,,451,9,17,10,,false,->,true,opener|closer|encore
1745888102,2025-09-19,2025,Michigan Lottery Amphitheatre at Freedom Hill,Sterling Heights,MI,1,9,Make The Move,514,true,Kenny Loggins,202,99,20,35,,false,->,true,
1745888102,2025-09-19,2025,Michigan Lottery Amphitheatre at Freedom Hill,Sterling Heights,MI,1,10,SALT,930,false,,364,0,18,0,,false,,false,opener|closer|encore
1745888102,2025-09-19,2025,Michigan Lottery Amphitheatre at Freedom Hill,Sterling Heights,MI,2,11,Big Modern!,945,false,,1448,5,25,0,,true,>,true,opener|closer|jam|peak
1745888102,2025-09-19,2025,Michigan Lottery Amphitheatre at Freedom Hill,Sterling Heights,MI,2,12,Wysteria Lane,405,false,Vasudo,776,24,110,20,,false,->,true,opener|jam|peak
1745888102,2025-09-19,2025,Michigan Lottery Amphitheatre at Freedom Hill,Sterling Heights,MI,2,13,Echo of a Rose,463,false,Vasudo,369,5,118,0,,false,->,true,jam
1745888102,2025-09-19,2025,Michigan Lottery Amphitheatre at Freedom Hill,Sterling Heights,MI,2,14,Electric Avenue,464,true,Eddy Grant,876,26,39,20,,true,->,true,
1745888102,2025-09-19,2025,Michigan Lottery Amphitheatre at Freedom Hill,Sterling Heights,MI,2,15,Into the Myst,402,false,,220,0,78,0,,false,>,true,jam
1745888102,2025-09-19,2025,Michigan Lottery Amphitheatre at Freedom Hill,Sterling Heights,MI,2,16,You Spin Me Round (Like A Record),950,true,Dead or Alive,625,9,6,10,,false,,false,closer|encore
1745888102,2025-09-19,2025,Michigan Lottery Amphitheatre at Freedom Hill,Sterling Heights,MI,E,17,Rockdale,714,false,Vasudo,700,1,75,0,,false,,false,opener|closer|jam
1745888259,2025-09-20,2025,Huntingon Bank Pavilion at Northerly Island,Chicago,IL,1,1,Eminence Front,468,true,The Who,453,15,15,10,,false,>,true,opener
1745888259,2025-09-20,2025,Huntingon Bank Pavilion at Northerly Island,Chicago,IL,1,2,Drive,462,false,,377,4,114,0,,false,>,true,opener|jam
1745888259,2025-09-20,2025,Huntingon Bank Pavilion at Northerly Island,Chicago,IL,1,3,Iguana Song,971,false,,755,10,8,10,,false,>,true,opener
1745888259,2025-09-20,2025,Huntingon Bank Pavilion at Northerly Island,Chicago,IL,1,4,Same Old Shenanigans,541,false,,215,10,59,10,,false,>,true,closer
1745888259,2025-09-20,2025,Huntingon Bank Pavilion at Northerly Island,Chicago,IL,1,5,Feel It Now,823,false,,604,6,33,0,,false,",",false,
1745888259,2025-09-20,2025,Huntingon Bank Pavilion at Northerly Island,Chicago,IL,1,6,Dr. Darkness,712,false,,386,16,43,10,,false,",",false,opener
1745888259,2025-09-20,2025,Huntingon Bank Pavilion at Northerly Island,Chicago,IL,1,7,Peach,990,true,Future Islands,484,0,1,0,,false,",",false,
1745888259,2025-09-20,2025,Huntingon Bank Pavilion at Northerly Island,Chicago,IL,1,8,So Ready,421,false,,764,16,145,10,,false,>,true,closer
1745888259,2025-09-20,2025,Huntingon Bank Pavilion at Northerly Island,Chicago,IL,1,9,(dawn),637,false,,982,41,10,20,,false,,false,closer|encore
1745888259,2025-09-20,2025,Huntingon Bank Pavilion at Northerly Island,Chicago,IL,2,10,Hungersite,740,false,,948,3,75,0,,false,>,true,opener|jam
1745888259,2025-09-20,2025,Huntingon Bank Pavilion at Northerly Island,Chicago,IL,2,11,Don’t Leave Me This Way,964,true,Harold Melvin & The Blue Notes,514,11,6,10,,false,",",false,closer
1745888259,2025-09-20,2025,Huntingon Bank Pavilion at Northerly Island,Chicago,IL,2,12,Tumble,418,false,Vasudo,1455,2,126,0,,true,",",false,closer|jam|peak
1745888259,2025-09-20,2025,Huntingon Bank Pavilion at Northerly Island,Chicago,IL,2,13,The Empress Of Organos,604,false,Vasudo,500,6,87,0,,false,",",false,closer|jam
1745888259,2025-09-20,2025,Huntingon Bank Pavilion at Northerly Island,Chicago,IL,2,14,Jed Stone,663,false,Vasudo,519,4,5,0,,false,,false,closer
1745888259,2025-09-20,2025,Huntingon Bank Pavilion at Northerly Island,Chicago,IL,E,15,The Empress Of Organos,604,false,Vasudo,814,0,88,0,,false,,false,closer|jam
1745888333,2025-09-23,2025,Louisville Palace Theatre,Louisville,KY,1,1,MEDIA,947,false,Swimmer,313,3,11,0,,false,>,true,opener|ballad
1745888333,2025-09-23,2025,Louisville Palace Theatre,Louisville,KY,1,2,All I Need,414,false,,967,4,153,0,,false,->,true,jam
1745888333,2025-09-23,2025,Louisville Palace Theatre,Louisville,KY,1,3,Inside Out,499,true,Spoon,954,44,17,20,,false,>,true,jam
1745888333,2025-09-23,2025,Louisville Palace Theatre,Louisville,KY,1,4,Borne,725,false,,530,16,47,10,,false,->,true,jam
1745888333,2025-09-23,2025,Louisville Palace Theatre,Louisville,KY,1,5,A Fifth Of Beethoven,434,true,Walter Murphy,520,107,15,50,,false,",",false,closer
1745888333,2025-09-23,2025,Louisville Palace Theatre,Louisville,KY,1,6,Hot Love & The Lazy Poet,645,false,Vasudo,333,4,30,0,,false,",",false,opener
1745888333,2025-09-23,2025,Louisville Palace Theatre,Louisville,KY,1,7,Spirit Of The Dark Horse,557,false,,767,22,37,20,,false,>,true,
1745888333,2025-09-23,2025,Louisville Palace Theatre,Louisville,KY,1,8,Dustin Hoffman,970,false,,806,7,10,0,,false,,false,jam
1745888333,2025-09-23,2025,Louisville Palace Theatre,Louisville,KY,2,9,Pancakes,723,false,Great Blue,1035,6,65,0,,false,>,true,opener|closer|jam
1745888333,2025-09-23,2025,Louisville Palace Theatre,Louisville,KY,2,10,Everything Must Go,805,false,,941,13,40,10,,false,",",false,jam
1745888333,2025-09-23,2025,Louisville Palace Theatre,Louisville,KY,2,11,White Lights,586,false,,628,44,74,20,,false,->,true,closer|encore
1745888333,2025-09-23,2025,Louisville Palace Theatre,Louisville,KY,2,12,Bob Don,429,false,,580,27,56,20,,false,",",false,
1745888333,2025-09-23,2025,Louisville Palace Theatre,Louisville,KY,2,13,Sinnerman,739,true,Nina Simone,865,16,15,10,,false,,false,closer
1745888333,2025-09-23,2025,Louisville Palace Theatre,Louisville,KY,E,14,Slow Ready,422,false,,345,2,94,0,,false,>,true,
1745888333,2025-09-23,2025,Louisville Palace Theatre,Louisville,KY,E,15,SALT,930,false,,791,1,19,0,,false,,false,opener|closer|encore
1745888334,2025-09-24,2025,Louisville Palace Theatre,Louisville,KY,1,1,Jive II,413,false,,719,16,86,10,,false,",",false,opener
1745888334,2025-09-24,2025,Louisville Palace Theatre,Louisville,KY,1,2,Atlas Dogs,727,false,,453,4,54,0,,false,>,true,opener
1745888334,2025-09-24,2025,Louisville Palace Theatre,Louisville,KY,1,3,Earthling or Alien?,605,false,,1216,22,48,20,,true,>,true,jam|peak
1745888334,2025-09-24,2025,Louisville Palace Theatre,Louisville,KY,1,4,Turned Clouds,400,false,,739,22,117,20,,false,",",false,
1745888334,2025-09-24,2025,Louisville Palace Theatre,Louisville,KY,1,5,How It Ends,933,false,Vasudo,598,18,8,10,,false,",",false,
1745888334,2025-09-24,2025,Louisville Palace Theatre,Louisville,KY,1,6,Slow Ready,422,false,,611,0,95,0,,false,,false,
1745888334,2025-09-24,2025,Louisville Palace Theatre,Louisville,KY,2,7,Arrow,438,false,,1060,4,86,0,,false,>,true,opener|closer|jam
1745888334,2025-09-24,2025,Louisville Palace Theatre,Louisville,KY,2,8,Rosewood Heart,412,false,,1032,16,65,10,,false,->,true,jam|peak
1745888334,2025-09-24,2025,Louisville Palace Theatre,Louisville,KY,2,9,Tomorrow Never Knows,573,true,The Beatles,775,27,14,20,,false,>,true,encore
1745888334,2025-09-24,2025,Louisville Palace Theatre,Louisville,KY,2,10,Dripfield,738,false,,1290,13,63,10,,false,>,true,closer|jam
1745888334,2025-09-24,2025,Louisville Palace Theatre,Louisville,KY,2,11,State Of The Art (A.E.I.O.U.),558,true,Jim James,446,26,12,20,,false,,false,closer
1745888334,2025-09-24,2025,Louisville Palace Theatre,Louisville,KY,E,12,Don't Do It,460,true,The Band,475,5,40,0,,false,,false,closer|encore
1745888390,2025-09-26,2025,Ameris Bank Amphitheatre,Alpharetta,GA,1,1,Running Up That Hill,955,true,Kate Bush,488,14,6,10,,false,>,true,
1745888390,2025-09-26,2025,Ameris Bank Amphitheatre,Alpharetta,GA,1,2,Flodown,478,false,Vasudo,534,5,160,0,,false,",",false,
1745888390,2025-09-26,2025,Ameris Bank Amphitheatre,Alpharetta,GA,1,3,The Whales,425,false,,554,28,45,20,,false,",",false,opener
1745888390,2025-09-26,2025,Ameris Bank Amphitheatre,Alpharetta,GA,1,4,Your Direction,647,false,Vasudo,1071,4,11,0,,false,",",false,
1745888390,2025-09-26,2025,Ameris Bank Amphitheatre,Alpharetta,GA,1,5,Madalena,988,false,,298,6,5,0,,false,",",false,
1745888390,2025-09-26,2025,Ameris Bank Amphitheatre,Alpharetta,GA,1,6,Animal,764,false,,879,4,69,0,,false,",",false,opener|closer
1745888390,2025-09-26,2025,Ameris Bank Amphitheatre,Alpharetta,GA,1,7,Yeti,416,false,Great Blue,871,13,121,10,,false,,false,opener
1745888390,2025-09-26,2025,Ameris Bank Amphitheatre,Alpharetta,GA,2,8,Fish In The Sea,477,true,Fat Freddy's Drop,867,15,29,10,,false,",",false,opener
1745888390,2025-09-26,2025,Ameris Bank Amphitheatre,Alpharetta,GA,2,9,Big Modern!,945,false,,1081,3,26,0,,true,->,true,opener|closer|jam|peak
1745888390,2025-09-26,2025,Ameris Bank Amphitheatre,Alpharetta,GA,2,10,Loose Ends,762,false,Vasudo,309,58,17,35,,false,",",false,closer
1745888390,2025-09-26,2025,Ameris Bank Amphitheatre,Alpharetta,GA,2,11,This Old Sea,572,false,,568,5,41,0,,false,>,true,jam
1745888390,2025-09-26,2025,Ameris Bank Amphitheatre,Alpharetta,GA,2,12,Madhuvan,512,false,,1204,6,176,0,,true,,false,opener|closer|jam
1745888390,2025-09-26,2025,Ameris Bank Amphitheatre,Alpharetta,GA,E,13,Hot Tea,408,false,Vasudo,747,6,157,0,,false,,false,closer
1745888429,2025-09-27,2025,PNC Music Pavilion,Charlotte,NC,1,1,Royal,987,false,,385,5,5,0,,false,",",false,opener
1745888429,2025-09-27,2025,PNC Music Pavilion,Charlotte,NC,1,2,Iguana Song,971,false,,732,3,9,0,,false,>,true,opener
1745888429,2025-09-27,2025,PNC Music Pavilion,Charlotte,NC,1,3,I'm Writing A Novel,424,true,Father John Misty,494,34,16,20,,false,",",false,
1745888429,2025-09-27,2025,PNC Music Pavilion,Charlotte,NC,1,4,Drive,462,false,,909,3,115,0,,false,->,true,opener|jam
1745888429,2025-09-27,2025,PNC Music Pavilion,Charlotte,NC,1,5,Me & My Uncle,592,true,John Philips,328,39,38,20,,false,>,true,opener
1745888429,2025-09-27,2025,PNC Music Pavilion,Charlotte,NC,1,6,Your Ocean,590,false,,435,30,36,20,,false,",",false,
1745888429,2025-09-27,2025,PNC Music Pavilion,Charlotte,NC,1,7,Silver Rising,736,false,,589,4,68,0,,false,",",false,
1745888429,2025-09-27,2025,PNC Music Pavilion,Charlotte,NC,1,8,Hungersite,740,false,,1240,3,76,0,,false,,false,opener|jam
1745888429,2025-09-27,2025,PNC Music Pavilion,Charlotte,NC,2,9,Thatch,809,false,,1108,6,58,0,,true,",",false,opener|closer|jam|peak
1745888429,2025-09-27,2025,PNC Music Pavilion,Charlotte,NC,2,10,Creatures,420,false,,1488,5,136,0,,true,->,true,jam
1745888429,2025-09-27,2025,PNC Music Pavilion,Charlotte,NC,2,11,Hollywood Nights,488,true,Bob Seger & The Silver Bullet Band,518,23,15,20,,false,",",false,
1745888429,2025-09-27,2025,PNC Music Pavilion,Charlotte,NC,2,12,So Ready,421,false,,579,3,146,0,,false,,false,closer
1745888429,2025-09-27,2025,PNC Music Pavilion,Charlotte,NC,E,13,Give It Time,931,false,,401,5,30,0,,false,,false,closer|encore
1759102128,2025-09-28,2025,The Revelry,Charlotte,NC,1,1,Echo of a Rose,463,false,Vasudo,,5,119,0,,false,->,true,jam
1759102128,2025-09-28,2025,The Revelry,Charlotte,NC,1,2,Green River,482,true,Creedence Clearwater Revival,,23,35,20,,false,",",false,
1759102128,2025-09-28,2025,The Revelry,Charlotte,NC,1,3,Borne,725,false,,,3,48,0,,false,",",false,jam
1759102128,2025-09-28,2025,The Revelry,Charlotte,NC,1,4,Dustin Hoffman,970,false,,,3,11,0,,false,",",false,jam
1759102128,2025-09-28,2025,The Revelry,Charlotte,NC,1,5,Turned Clouds,400,false,,,2,118,0,,false,",",false,
1759102128,2025-09-28,2025,The Revelry,Charlotte,NC,1,6,How It Ends,933,false,Vasudo,,2,9,0,,false,",",false,
1759102128,2025-09-28,2025,The Revelry,Charlotte,NC,1,7,Elizabeth,465,false,,,5,64,0,,false,",",false,opener|jam
1759102128,2025-09-28,2025,The Revelry,Charlotte,NC,1,8,Rockdale,714,false,Vasudo,,5,76,0,,false,,false,opener|closer|jam
1759102128,2025-09-28,2025,The Revelry,Charlotte,NC,2,9,Feel It Now,823,false,,,4,34,0,,false,",",false,
1759102128,2025-09-28,2025,The Revelry,Charlotte,NC,2,10,Your Direction,647,false,Vasudo,,1,12,0,,false,>,true,
1759102128,2025-09-28,2025,The Revelry,Charlotte,NC,2,11,Mississippi Half-Step Uptown Toodeloo,517,true,Grateful Dead,,27,36,20,,false,",",false,jam
1759102128,2025-09-28,2025,The Revelry,Charlotte,NC,2,12,The Empress Of Organos,604,false,Vasudo,,4,89,0,,false,>,true,closer|jam
1759102128,2025-09-28,2025,The Revelry,Charlotte,NC,2,13,Jed Stone,663,false,Vasudo,,4,6,0,,false,>,true,closer
1759102128,2025-09-28,2025,The Revelry,Charlotte,NC,2,14,The Empress Of Organos,604,false,Vasudo,,0,90,0,,false,,false,closer|jam
1759102128,2025-09-28,2025,The Revelry,Charlotte,NC,E,15,Christmas Card From A Hooker In Minneapolis,448,true,Tom Waits,,17,11,10,,false,,false,encore
1745888335,2025-09-30,2025,Kemba Live! Outdoors,Columbus,OH,1,1,Dr. Darkness,712,false,,455,5,44,0,,false,>,true,opener
1745888335,2025-09-30,2025,Kemba Live! Outdoors,Columbus,OH,1,2,MEDIA,947,false,Swimmer,367,4,12,0,,false,",",false,opener|ballad
1745888335,2025-09-30,2025,Kemba Live! Outdoors,Columbus,OH,1,3,Interlude II,409,false,,224,28,11,20,,false,->,true,ballad
1745888335,2025-09-30,2025,Kemba Live! Outdoors,Columbus,OH,1,4,Jive I,411,false,,606,20,132,20,,false,",",false,
1745888335,2025-09-30,2025,Kemba Live! Outdoors,Columbus,OH,1,5,Turbulence & The Night Rays,646,false,Vasudo,588,6,43,0,,false,",",false,opener
1745888335,2025-09-30,2025,Kemba Live! Outdoors,Columbus,OH,1,6,Spain,555,true,Chick Corea,471,102,5,50,,false,",",false,
1745888335,2025-09-30,2025,Kemba Live! Outdoors,Columbus,OH,1,7,Please Forgive Me,685,true,David Gray,505,18,13,10,,false,",",false,
1745888335,2025-09-30,2025,Kemba Live! Outdoors,Columbus,OH,1,8,Jive Lee,502,false,,1291,20,86,20,,true,,false,closer|jam
1745888335,2025-09-30,2025,Kemba Live! Outdoors,Columbus,OH,2,9,Arrow,438,false,,1264,3,87,0,,false,>,true,opener|closer|jam
1745888335,2025-09-30,2025,Kemba Live! Outdoors,Columbus,OH,2,10,Wysteria Lane,405,false,Vasudo,1206,6,111,0,,true,>,true,opener|jam|peak
1745888335,2025-09-30,2025,Kemba Live! Outdoors,Columbus,OH,2,11,A Western Sun,435,false,,700,8,76,10,,false,->,true,
1745888335,2025-09-30,2025,Kemba Live! Outdoors,Columbus,OH,2,12,Butter Rum,415,false,Vasudo,488,6,117,0,,false,",",false,
1745888335,2025-09-30,2025,Kemba Live! Outdoors,Columbus,OH,2,13,Hot Tea,408,false,Vasudo,556,2,158,0,,false,->,true,closer
1745888335,2025-09-30,2025,Kemba Live! Outdoors,Columbus,OH,2,14,Can't Get You Out Of My Head,426,true,Kylie Minogue,405,72,23,35,,false,->,true,
1745888335,2025-09-30,2025,Kemba Live! Outdoors,Columbus,OH,2,15,Hot Tea,408,false,Vasudo,89,0,159,0,,false,,false,closer
1745888335,2025-09-30,2025,Kemba Live! Outdoors,Columbus,OH,E,16,SALT,930,false,,468,4,20,0,,false,,false,opener|closer|encore
1750092168,2025-10-02,2025,Allianz Amphitheater at Riverfront,Richmond,VA,1,1,Everything Must Go,805,false,,688,5,41,0,,false,",",false,jam
1750092168,2025-10-02,2025,Allianz Amphitheater at Riverfront,Richmond,VA,1,2,Draconian Meter Maid,943,false,Swimmer,574,9,17,10,,false,>,true,jam|peak
1750092168,2025-10-02,2025,Allianz Amphitheater at Riverfront,Richmond,VA,1,3,Lead Up,822,false,,366,20,36,20,,false,",",false,
1750092168,2025-10-02,2025,Allianz Amphitheater at Riverfront,Richmond,VA,1,4,All I Need,414,false,,517,5,154,0,,false,->,true,jam
1750092168,2025-10-02,2025,Allianz Amphitheater at Riverfront,Richmond,VA,1,5,Same Old Shenanigans,541,false,,232,6,60,0,,false,",",false,closer
1750092168,2025-10-02,2025,Allianz Amphitheater at Riverfront,Richmond,VA,1,6,Chocolate Town,991,true,Ween,237,0,1,0,,false,",",false,
1750092168,2025-10-02,2025,Allianz Amphitheater at Riverfront,Richmond,VA,1,7,California Magic,735,false,,689,7,48,0,,false,>,true,
1750092168,2025-10-02,2025,Allianz Amphitheater at Riverfront,Richmond,VA,1,8,Indian River,410,false,,805,31,117,20,,false,",",false,
1750092168,2025-10-02,2025,Allianz Amphitheater at Riverfront,Richmond,VA,1,9,(dawn),637,false,,1065,6,11,0,,false,,false,closer|encore
1750092168,2025-10-02,2025,Allianz Amphitheater at Riverfront,Richmond,VA,2,10,Animal,764,false,,838,3,70,0,,false,>,true,opener|closer
1750092168,2025-10-02,2025,Allianz Amphitheater at Riverfront,Richmond,VA,2,11,Red Bird,536,false,,1150,10,57,10,,false,->,true,jam
1750092168,2025-10-02,2025,Allianz Amphitheater at Riverfront,Richmond,VA,2,12,Atlas Dogs,727,false,,973,4,55,0,,true,>,true,opener
1750092168,2025-10-02,2025,Allianz Amphitheater at Riverfront,Richmond,VA,2,13,Dim Lights,732,false,Orebolo,322,42,3,20,,false,",",false,ballad
1750092168,2025-10-02,2025,Allianz Amphitheater at Riverfront,Richmond,VA,2,14,Sinnerman,739,true,Nina Simone,1067,5,16,0,,true,,false,closer
1750092168,2025-10-02,2025,Allianz Amphitheater at Riverfront,Richmond,VA,E,15,Turn On Your Love Light,578,true,Bobby Blue Bland,270,33,53,20,,false,,false,closer|encore
1750092201,2025-10-03,2025,Allianz Amphitheater at Riverfront,Richmond,VA,1,1,I Would Die 4 U,867,true,Prince,478,15,11,10,,false,",",false,
1750092201,2025-10-03,2025,Allianz Amphitheater at Riverfront,Richmond,VA,1,2,Royal,987,false,,377,3,6,0,,false,",",false,opener
1750092201,2025-10-03,2025,Allianz Amphitheater at Riverfront,Richmond,VA,1,3,Hot Love & The Lazy Poet,645,false,Vasudo,336,6,31,0,,false,>,true,opener
1750092201,2025-10-03,2025,Allianz Amphitheater at Riverfront,Richmond,VA,1,4,Flodown,478,false,Vasudo,562,4,161,0,,false,",",false,
1750092201,2025-10-03,2025,Allianz Amphitheater at Riverfront,Richmond,VA,1,5,Yeti,416,false,Great Blue,624,4,122,0,,false,->,true,opener
1750092201,2025-10-03,2025,Allianz Amphitheater at Riverfront,Richmond,VA,1,6,Pumped Up Kicks,534,true,Foster The People,318,18,27,10,,false,->,true,
1750092201,2025-10-03,2025,Allianz Amphitheater at Riverfront,Richmond,VA,1,7,Yeti,416,false,Great Blue,185,0,123,0,,false,",",false,opener
1750092201,2025-10-03,2025,Allianz Amphitheater at Riverfront,Richmond,VA,1,8,Wake Up,583,true,Arcade Fire,595,256,3,50,,false,",",false,
1750092201,2025-10-03,2025,Allianz Amphitheater at Riverfront,Richmond,VA,1,9,Silver Rising,736,false,,599,3,69,0,,false,",",false,
1750092201,2025-10-03,2025,Allianz Amphitheater at Riverfront,Richmond,VA,1,10,Arcadia,403,false,,957,9,211,10,,false,,false,closer
1750092201,2025-10-03,2025,Allianz Amphitheater at Riverfront,Richmond,VA,2,11,So Ready,421,false,,718,3,147,0,,false,",",false,closer
1750092201,2025-10-03,2025,Allianz Amphitheater at Riverfront,Richmond,VA,2,12,Borne,725,false,,371,2,49,0,,false,>,true,jam
1750092201,2025-10-03,2025,Allianz Amphitheater at Riverfront,Richmond,VA,2,13,Hungersite,740,false,,1116,3,77,0,,true,->,true,opener|jam
1750092201,2025-10-03,2025,Allianz Amphitheater at Riverfront,Richmond,VA,2,14,Make The Move,514,true,Kenny Loggins,698,8,21,10,,true,",",false,
1750092201,2025-10-03,2025,Allianz Amphitheater at Riverfront,Richmond,VA,2,15,Dripfield,738,false,,1024,5,64,0,,false,,false,closer|jam
1750092201,2025-10-03,2025,Allianz Amphitheater at Riverfront,Richmond,VA,E,16,726,432,false,,478,42,38,20,,false,,false,encore
1750092202,2025-10-04,2025,Mann Center for the Performing Arts,Philadelphia,PA,1,1,Pancakes,723,false,Great Blue,689,7,66,0,,false,",",false,opener|closer|jam
1750092202,2025-10-04,2025,Mann Center for the Performing Arts,Philadelphia,PA,1,2,Seekers on the Ridge pt I,609,false,,924,25,53,20,,true,>,true,
1750092202,2025-10-04,2025,Mann Center for the Performing Arts,Philadelphia,PA,1,3,Seekers on the Ridge pt II,610,false,,314,25,53,20,,false,",",false,
1750092202,2025-10-04,2025,Mann Center for the Performing Arts,Philadelphia,PA,1,4,Dustin Hoffman,970,false,,797,3,12,0,,false,->,true,jam
1750092202,2025-10-04,2025,Mann Center for the Performing Arts,Philadelphia,PA,1,5,Rockdale,714,false,Vasudo,683,3,77,0,,false,",",false,opener|closer|jam
1750092202,2025-10-04,2025,Mann Center for the Performing Arts,Philadelphia,PA,1,6,Big Modern!,945,false,,1171,5,27,0,,false,>,true,opener|closer|jam|peak
1750092202,2025-10-04,2025,Mann Center for the Performing Arts,Philadelphia,PA,1,7,Give It Time,931,false,,421,4,31,0,,false,,false,closer|encore
1750092202,2025-10-04,2025,Mann Center for the Performing Arts,Philadelphia,PA,2,8,Into the Myst,402,false,,1495,9,79,10,,true,->,true,jam
1750092202,2025-10-04,2025,Mann Center for the Performing Arts,Philadelphia,PA,2,9,You Spin Me Round (Like A Record),950,true,Dead or Alive,714,9,7,10,,false,",",false,closer|encore
1750092202,2025-10-04,2025,Mann Center for the Performing Arts,Philadelphia,PA,2,10,Madhuvan,512,false,,1052,5,177,0,,true,>,true,opener|closer|jam
1750092202,2025-10-04,2025,Mann Center for the Performing Arts,Philadelphia,PA,2,11,Thatch,809,false,,493,4,59,0,,false,>,true,opener|closer|jam|peak
1750092202,2025-10-04,2025,Mann Center for the Performing Arts,Philadelphia,PA,2,12,Elmeg The Wise,466,false,St. John's Revival,880,38,24,20,,false,,false,closer|encore
1750092202,2025-10-04,2025,Mann Center for the Performing Arts,Philadelphia,PA,E,13,SALT,930,false,,426,2,21,0,,false,,false,opener|closer|encore
1747331275,2025-10-05,2025,RISE Festival,Jean,NV,1,1,Silver Rising,736,false,,563,1,70,0,,false,",",false,
1747331275,2025-10-05,2025,RISE Festival,Jean,NV,1,2,Hungersite,740,false,,687,1,78,0,,false,->,true,opener|jam
1747331275,2025-10-05,2025,RISE Festival,Jean,NV,1,3,Creatures,420,false,,930,5,137,0,,false,",",false,jam
1747331275,2025-10-05,2025,RISE Festival,Jean,NV,1,4,Slow Ready,422,false,,720,7,96,0,,false,>,true,
1747331275,2025-10-05,2025,RISE Festival,Jean,NV,1,5,Dripfield,738,false,,576,1,65,0,,false,,false,closer|jam
1743534473,2025-11-02,2025,Spirit of the Suwannee Music Park,Live Oak,FL,1,1,Arrow,438,false,,1029,4,88,0,,false,->,true,opener|closer|jam
1743534473,2025-11-02,2025,Spirit of the Suwannee Music Park,Live Oak,FL,1,2,MEDIA,947,false,Swimmer,235,4,13,0,,false,",",false,opener|ballad
1743534473,2025-11-02,2025,Spirit of the Suwannee Music Park,Live Oak,FL,1,3,Big Modern!,945,false,,1069,1,28,0,,false,>,true,opener|closer|jam|peak
1743534473,2025-11-02,2025,Spirit of the Suwannee Music Park,Live Oak,FL,1,4,Silver Rising,736,false,,585,0,71,0,,false,",",false,
1743534473,2025-11-02,2025,Spirit of the Suwannee Music Park,Live Oak,FL,1,5,Dustin Hoffman,970,false,,842,1,13,0,,false,",",false,jam
1743534473,2025-11-02,2025,Spirit of the Suwannee Music Park,Live Oak,FL,1,6,Somebody's Watching Me,866,true,Rockwell,672,0,1,0,,false,,false,
1743534473,2025-11-02,2025,Spirit of the Suwannee Music Park,Live Oak,FL,2,7,Hot Tea,408,false,Vasudo,944,4,160,0,,false,",",false,closer
1743534473,2025-11-02,2025,Spirit of the Suwannee Music Park,Live Oak,FL,2,8,Tumble,418,false,Vasudo,971,10,127,10,,false,>,true,closer|jam|peak
1743534473,2025-11-02,2025,Spirit of the Suwannee Music Park,Live Oak,FL,2,9,Mad World,611,true,Tears For Fears,462,88,3,35,,false,",",false,encore
1743534473,2025-11-02,2025,Spirit of the Suwannee Music Park,Live Oak,FL,2,10,Slow Ready,422,false,,148,0,97,0,,false,>,true,
1743534473,2025-11-02,2025,Spirit of the Suwannee Music Park,Live Oak,FL,2,11,fast:slow,981,false,,779,21,5,20,,false,->,true,closer|jam
1743534473,2025-11-02,2025,Spirit of the Suwannee Music Park,Live Oak,FL,2,12,Don’t Leave Me This Way,964,true,Harold Melvin & The Blue Notes,591,10,7,10,,false,,false,closer
1743534473,2025-11-02,2025,Spirit of the Suwannee Music Park,Live Oak,FL,E,13,SALT,930,false,,326,1,22,0,,false,,false,opener|closer|encore
1765242396,2025-12-08,2025,Grand Ballroom at Manhattan Center,New York,NY,1,1,Royal,987,false,,,3,7,0,,false,",",false,opener
1765242396,2025-12-08,2025,Grand Ballroom at Manhattan Center,New York,NY,1,2,All I Need,414,false,,,4,155,0,,false,>,true,jam
1765242396,2025-12-08,2025,Grand Ballroom at Manhattan Center,New York,NY,1,3,California Magic,735,false,,,4,49,0,,false,>,true,
1765242396,2025-12-08,2025,Grand Ballroom at Manhattan Center,New York,NY,1,4,I'm Writing A Novel,424,true,Father John Misty,,7,17,0,,false,",",false,
1765242396,2025-12-08,2025,Grand Ballroom at Manhattan Center,New York,NY,1,5,Hot Love & The Lazy Poet,645,false,Vasudo,,3,32,0,,false,",",false,opener
1765242396,2025-12-08,2025,Grand Ballroom at Manhattan Center,New York,NY,1,6,Turbulence & The Night Rays,646,false,Vasudo,,5,44,0,,false,",",false,opener
1765242396,2025-12-08,2025,Grand Ballroom at Manhattan Center,New York,NY,1,7,Drive,462,false,,,7,116,0,,false,>,true,opener|jam
1765242396,2025-12-08,2025,Grand Ballroom at Manhattan Center,New York,NY,1,8,Mr. Action,817,false,,,24,36,20,,false,,false,
1765242396,2025-12-08,2025,Grand Ballroom at Manhattan Center,New York,NY,2,9,Big Modern!,945,false,,,0,29,0,,false,>,true,opener|closer|jam|peak
1765242396,2025-12-08,2025,Grand Ballroom at Manhattan Center,New York,NY,2,10,Arcadia,403,false,,,3,212,0,,false,",",false,closer
1765242396,2025-12-08,2025,Grand Ballroom at Manhattan Center,New York,NY,2,11,Everything Must Go,805,false,,,4,42,0,,false,",",false,jam
1765242396,2025-12-08,2025,Grand Ballroom at Manhattan Center,New York,NY,2,12,Hungersite,740,false,,,1,79,0,,false,",",false,opener|jam
1765242396,2025-12-08,2025,Grand Ballroom at Manhattan Center,New York,NY,2,13,In Your Eyes,498,true,Peter Gabriel,,15,13,10,,false,",",false,jam|peak
1765242396,2025-12-08,2025,Grand Ballroom at Manhattan Center,New York,NY,2,14,726,432,false,,,3,39,0,,false,",",false,encore
1765242396,2025-12-08,2025,Grand Ballroom at Manhattan Center,New York,NY,2,15,Tumble,418,false,Vasudo,,0,128,0,,false,,false,closer|jam|peak
1765242396,2025-12-08,2025,Grand Ballroom at Manhattan Center,New York,NY,E,16,Shama Lama Ding Dong,545,true,Otis Day and The Knights,,14,48,10,,false,,false,encore
1753114489,2025-12-12,2025,Amica Mutual Pavilion,Providence,RI,1,1,Dramophone,996,true,Caravan Palace,351,0,1,0,,false,->,true,encore
1753114489,2025-12-12,2025,Amica Mutual Pavilion,Providence,RI,1,2,Creatures,420,false,,1122,2,138,0,,false,->,true,jam
1753114489,2025-12-12,2025,Amica Mutual Pavilion,Providence,RI,1,3,Atlas Dogs,727,false,,808,5,56,0,,false,>,true,opener
1753114489,2025-12-12,2025,Amica Mutual Pavilion,Providence,RI,1,4,Red Bird,536,false,,945,5,58,0,,false,>,true,jam
1753114489,2025-12-12,2025,Amica Mutual Pavilion,Providence,RI,1,5,Silver Rising,736,false,,599,1,72,0,,false,",",false,
1753114489,2025-12-12,2025,Amica Mutual Pavilion,Providence,RI,1,6,Bear,997,true,The Shouting Matches,326,0,1,0,,false,->,true,opener
1753114489,2025-12-12,2025,Amica Mutual Pavilion,Providence,RI,1,7,Moby,677,false,,296,56,21,35,,false,>,true,ballad
1753114489,2025-12-12,2025,Amica Mutual Pavilion,Providence,RI,1,8,Pigs (Three Different Ones),998,true,Pink Floyd,685,0,1,0,,false,",",false,
1753114489,2025-12-12,2025,Amica Mutual Pavilion,Providence,RI,1,9,Animal,764,false,,999,5,71,0,,false,,false,opener|closer
1753114489,2025-12-12,2025,Amica Mutual Pavilion,Providence,RI,2,10,So Ready,421,false,,778,4,148,0,,false,",",false,closer
1753114489,2025-12-12,2025,Amica Mutual Pavilion,Providence,RI,2,11,Arrow,438,false,,1234,1,89,0,,false,->,true,opener|closer|jam
1753114489,2025-12-12,2025,Amica Mutual Pavilion,Providence,RI,2,12,Burn The Witch,999,true,Radiohead,428,0,1,0,,false,",",false,
1753114489,2025-12-12,2025,Amica Mutual Pavilion,Providence,RI,2,13,Madhuvan,512,false,,1243,3,178,0,,false,>,true,opener|closer|jam
1753114489,2025-12-12,2025,Amica Mutual Pavilion,Providence,RI,2,14,Dripfield,738,false,,1055,2,66,0,,false,,false,closer|jam
1753114489,2025-12-12,2025,Amica Mutual Pavilion,Providence,RI,E,15,Jed Stone,663,false,Vasudo,509,7,7,0,,false,",",false,closer
1753114489,2025-12-12,2025,Amica Mutual Pavilion,Providence,RI,E,16,Master & A Hound,1001,true,Gregory Alan Isakov,189,0,1,0,,false,>,true,encore
1753114489,2025-12-12,2025,Amica Mutual Pavilion,Providence,RI,E,17,Sugar Mountain,1002,true,Neil Young,259,0,1,0,,false,,false,
1753114510,2025-12-13,2025,Amica Mutual Pavilion,Providence,RI,1,1,Wild Mountain Thyme,1003,true,Traditional,285,0,1,0,,false,",",false,
1753114510,2025-12-13,2025,Amica Mutual Pavilion,Providence,RI,1,2,Give It Time,931,false,,422,4,32,0,,false,",",false,closer|encore
1753114510,2025-12-13,2025,Amica Mutual Pavilion,Providence,RI,1,3,Flodown,478,false,Vasudo,557,5,162,0,,false,",",false,
1753114510,2025-12-13,2025,Amica Mutual Pavilion,Providence,RI,1,4,Echo of a Rose,463,false,Vasudo,772,8,120,10,,false,",",false,jam
1753114510,2025-12-13,2025,Amica Mutual Pavilion,Providence,RI,1,5,Into the Myst,402,false,,802,4,80,0,,false,",",false,jam
1753114510,2025-12-13,2025,Amica Mutual Pavilion,Providence,RI,1,6,Strange Overtones,1004,true,Brian Eno & David Byrne,444,0,1,0,,false,",",false,
1753114510,2025-12-13,2025,Amica Mutual Pavilion,Providence,RI,1,7,Wysteria Lane,405,false,Vasudo,832,7,112,0,,false,>,true,opener|jam|peak
1753114510,2025-12-13,2025,Amica Mutual Pavilion,Providence,RI,1,8,(dawn),637,false,,886,6,12,0,,false,,false,closer|encore
1753114510,2025-12-13,2025,Amica Mutual Pavilion,Providence,RI,2,9,Life Is A Carnival,1005,true,The Band,371,0,1,0,,false,",",false,
1753114510,2025-12-13,2025,Amica Mutual Pavilion,Providence,RI,2,10,Thatch,809,false,,957,4,60,0,,false,",",false,opener|closer|jam|peak
1753114510,2025-12-13,2025,Amica Mutual Pavilion,Providence,RI,2,11,Big Modern!,945,false,,1039,1,30,0,,false,",",false,opener|closer|jam|peak
1753114510,2025-12-13,2025,Amica Mutual Pavilion,Providence,RI,2,12,Hot Tea,408,false,Vasudo,938,2,161,0,,false,>,true,closer
1753114510,2025-12-13,2025,Amica Mutual Pavilion,Providence,RI,2,13,Jam,802,false,,610,54,26,35,,false,",",false,opener|jam
1753114510,2025-12-13,2025,Amica Mutual Pavilion,Providence,RI,2,14,Factory Fiction,473,false,Vasudo,888,25,29,20,,false,,false,closer|jam|peak|encore
1753114510,2025-12-13,2025,Amica Mutual Pavilion,Providence,RI,E,15,Dramophone,996,true,Caravan Palace,359,0,2,0,,false,>,true,encore
1753114510,2025-12-13,2025,Amica Mutual Pavilion,Providence,RI,E,16,The Empress Of Organos,604,false,Vasudo,809,8,91,10,,false,,false,closer|jam
1764955445,2026-03-28,2026,Jam in the Streets,Athens,GA,1,1,Hot Tea,408,false,Vasudo,879,0,162,0,,false,>,true,closer
1764955445,2026-03-28,2026,Jam in the Streets,Athens,GA,1,2,Flodown,478,false,Vasudo,509,0,163,0,,false,",",false,
1764955445,2026-03-28,2026,Jam in the Streets,Athens,GA,1,3,Arcadia,403,false,,846,2,213,0,,false,",",false,closer
1764955445,2026-03-28,2026,Jam in the Streets,Athens,GA,1,4,Hot Love & The Lazy Poet,645,false,Vasudo,323,2,33,0,,false,",",false,opener
1764955445,2026-03-28,2026,Jam in the Streets,Athens,GA,1,5,Madalena,988,false,,761,11,6,10,,false,>,true,
1764955445,2026-03-28,2026,Jam in the Streets,Athens,GA,1,6,Echo of a Rose,463,false,Vasudo,781,0,121,0,,false,",",false,jam
1764955445,2026-03-28,2026,Jam in the Streets,Athens,GA,1,7,Your Direction,647,false,Vasudo,545,9,13,10,,false,",",false,
1764955445,2026-03-28,2026,Jam in the Streets,Athens,GA,1,8,Thatch,809,false,,942,0,61,0,,false,",",false,opener|closer|jam|peak
1764955445,2026-03-28,2026,Jam in the Streets,Athens,GA,1,9,Hungersite,740,false,,718,2,80,0,,false,>,true,opener|jam
1764955445,2026-03-28,2026,Jam in the Streets,Athens,GA,1,10,Don’t Leave Me This Way,964,true,Harold Melvin & The Blue Notes,523,3,8,0,,false,",",false,closer
1764955445,2026-03-28,2026,Jam in the Streets,Athens,GA,1,11,Give It Time,931,false,,435,0,33,0,,false,,false,closer|encore
1764955445,2026-03-28,2026,Jam in the Streets,Athens,GA,E,12,One More Saturday Night,528,true,Grateful Dead,284,305,22,50,,false,",",false,closer|encore
1764955445,2026-03-28,2026,Jam in the Streets,Athens,GA,E,13,The Empress Of Organos,604,false,Vasudo,364,0,92,0,,false,->,true,closer|jam
1764955445,2026-03-28,2026,Jam in the Streets,Athens,GA,E,14,Shama Lama Ding Dong,545,true,Otis Day and The Knights,262,2,49,0,,false,",",false,encore
1764955445,2026-03-28,2026,Jam in the Streets,Athens,GA,E,15,The Empress Of Organos,604,false,Vasudo,219,0,93,0,,false,,false,closer|jam
1762797174,2026-04-10,2026,ExploreAsheville.com Arena,Asheville,NC,1,1,MEDIA,947,false,Swimmer,252,4,14,0,,false,",",false,opener|ballad
1762797174,2026-04-10,2026,ExploreAsheville.com Arena,Asheville,NC,1,2,Dustin Hoffman,970,false,,878,4,14,0,,false,",",false,jam
1762797174,2026-04-10,2026,ExploreAsheville.com Arena,Asheville,NC,1,3,Spirit Of The Dark Horse,557,false,,782,14,38,10,,false,>,true,
1762797174,2026-04-10,2026,ExploreAsheville.com Arena,Asheville,NC,1,4,Rockdale,714,false,Vasudo,718,6,78,0,,false,",",false,opener|closer|jam
1762797174,2026-04-10,2026,ExploreAsheville.com Arena,Asheville,NC,1,5,"One In, One Out",946,false,,694,38,13,20,,false,>,true,jam
1762797174,2026-04-10,2026,ExploreAsheville.com Arena,Asheville,NC,1,6,Atlas Dogs,727,false,,403,2,57,0,,false,",",false,opener
1762797174,2026-04-10,2026,ExploreAsheville.com Arena,Asheville,NC,1,7,So Ready,421,false,,732,2,149,0,,false,",",false,closer
1762797174,2026-04-10,2026,ExploreAsheville.com Arena,Asheville,NC,1,8,Elmeg The Wise,466,false,St. John's Revival,1348,6,25,0,,false,,false,closer|encore
1762797174,2026-04-10,2026,ExploreAsheville.com Arena,Asheville,NC,2,9,Big Modern!,945,false,,1372,1,31,0,,false,->,true,opener|closer|jam|peak
1762797174,2026-04-10,2026,ExploreAsheville.com Arena,Asheville,NC,2,10,Animal,764,false,,866,2,72,0,,false,",",false,opener|closer
1762797174,2026-04-10,2026,ExploreAsheville.com Arena,Asheville,NC,2,11,Good2B,1017,false,,1067,0,1,0,,false,>,true,opener|jam
1762797174,2026-04-10,2026,ExploreAsheville.com Arena,Asheville,NC,2,12,Pancakes,723,false,Great Blue,930,6,67,0,,false,",",false,opener|closer|jam
1762797174,2026-04-10,2026,ExploreAsheville.com Arena,Asheville,NC,2,13,Arise,733,false,St. John's Revival,517,88,7,35,,false,,false,closer
1762797174,2026-04-10,2026,ExploreAsheville.com Arena,Asheville,NC,E,14,Don't Do It,460,true,The Band,348,13,41,10,,false,,false,closer|encore
1762797175,2026-04-11,2026,Coca-Cola Amphitheater,Birmingham,AL,1,1,Royal,987,false,,342,4,8,0,,false,",",false,opener
1762797175,2026-04-11,2026,Coca-Cola Amphitheater,Birmingham,AL,1,2,The Whales,425,false,,553,13,46,10,,false,",",false,opener
1762797175,2026-04-11,2026,Coca-Cola Amphitheater,Birmingham,AL,1,3,No California,911,true,Ilsey Juber,394,46,5,20,,false,",",false,
1762797175,2026-04-11,2026,Coca-Cola Amphitheater,Birmingham,AL,1,4,Borne,725,false,,396,8,50,10,,false,>,true,jam
1762797175,2026-04-11,2026,Coca-Cola Amphitheater,Birmingham,AL,1,5,Bear,997,true,The Shouting Matches,864,3,2,0,,false,>,true,opener
1762797175,2026-04-11,2026,Coca-Cola Amphitheater,Birmingham,AL,1,6,Wysteria Lane,405,false,Vasudo,807,2,113,0,,false,>,true,opener|jam|peak
1762797175,2026-04-11,2026,Coca-Cola Amphitheater,Birmingham,AL,1,7,Madalena,988,false,,734,1,7,0,,false,>,true,
1762797175,2026-04-11,2026,Coca-Cola Amphitheater,Birmingham,AL,1,8,Hungersite,740,false,,988,1,81,0,,false,,false,opener|jam
1762797175,2026-04-11,2026,Coca-Cola Amphitheater,Birmingham,AL,2,9,Arrow,438,false,,1218,3,90,0,,false,>,true,opener|closer|jam
1762797175,2026-04-11,2026,Coca-Cola Amphitheater,Birmingham,AL,2,10,State Of The Art (A.E.I.O.U.),558,true,Jim James,480,14,13,10,,false,",",false,closer
1762797175,2026-04-11,2026,Coca-Cola Amphitheater,Birmingham,AL,2,11,Madhuvan,512,false,,1199,3,179,0,,false,",",false,opener|closer|jam
1762797175,2026-04-11,2026,Coca-Cola Amphitheater,Birmingham,AL,2,12,Jed Stone,663,false,Vasudo,619,3,8,0,,false,",",false,closer
1762797175,2026-04-11,2026,Coca-Cola Amphitheater,Birmingham,AL,2,13,Dripfield,738,false,,606,3,67,0,,false,,false,closer|jam
1762797175,2026-04-11,2026,Coca-Cola Amphitheater,Birmingham,AL,E,14,Give It Time,931,false,,417,1,34,0,,false,,false,closer|encore
1762797176,2026-04-12,2026,Central Florida Fairgrounds,Orlando,FL,1,1,Yeti,416,false,Great Blue,661,9,124,10,,false,",",false,opener
1762797176,2026-04-12,2026,Central Florida Fairgrounds,Orlando,FL,1,2,Drive,462,false,,393,5,117,0,,false,",",false,opener|jam
1762797176,2026-04-12,2026,Central Florida Fairgrounds,Orlando,FL,1,3,Everything Must Go,805,false,,848,5,43,0,,false,",",false,jam
1762797176,2026-04-12,2026,Central Florida Fairgrounds,Orlando,FL,1,4,Thatch,809,false,,1038,2,62,0,,false,",",false,opener|closer|jam|peak
1762797176,2026-04-12,2026,Central Florida Fairgrounds,Orlando,FL,1,5,Your Direction,647,false,Vasudo,458,2,14,0,,false,",",false,
1762797176,2026-04-12,2026,Central Florida Fairgrounds,Orlando,FL,1,6,Fish In The Sea,477,true,Fat Freddy's Drop,1146,14,30,10,,false,",",false,opener
1762797176,2026-04-12,2026,Central Florida Fairgrounds,Orlando,FL,1,7,Creatures,420,false,,1514,4,139,0,,false,->,true,jam
1762797176,2026-04-12,2026,Central Florida Fairgrounds,Orlando,FL,1,8,Sinnerman,739,true,Nina Simone,722,10,17,10,,false,,false,closer
1762797177,2026-04-14,2026,War Memorial Auditorium,Fort Lauderdale,FL,1,1,Time to Flee,404,false,,650,44,110,20,,false,",",false,
1762797177,2026-04-14,2026,War Memorial Auditorium,Fort Lauderdale,FL,1,2,Turbulence & The Night Rays,646,false,Vasudo,578,6,45,0,,false,",",false,opener
1762797177,2026-04-14,2026,War Memorial Auditorium,Fort Lauderdale,FL,1,3,Hot Love & The Lazy Poet,645,false,Vasudo,333,3,34,0,,false,",",false,opener
1762797177,2026-04-14,2026,War Memorial Auditorium,Fort Lauderdale,FL,1,4,Mas Que Nada,513,true,Sergio Mendes,694,19,26,10,,false,",",false,
1762797177,2026-04-14,2026,War Memorial Auditorium,Fort Lauderdale,FL,1,5,Silver Rising,736,false,,698,5,73,0,,false,",",false,
1762797177,2026-04-14,2026,War Memorial Auditorium,Fort Lauderdale,FL,1,6,Draconian Meter Maid,943,false,Swimmer,1134,11,18,10,,false,",",false,jam|peak
1762797177,2026-04-14,2026,War Memorial Auditorium,Fort Lauderdale,FL,1,7,Your Ocean,590,false,,493,14,37,10,,false,",",false,
1762797177,2026-04-14,2026,War Memorial Auditorium,Fort Lauderdale,FL,1,8,Feel It Now,823,false,,628,13,35,10,,false,,false,
1762797177,2026-04-14,2026,War Memorial Auditorium,Fort Lauderdale,FL,2,9,Echo of a Rose,463,false,Vasudo,1289,3,122,0,,false,",",false,jam
1762797177,2026-04-14,2026,War Memorial Auditorium,Fort Lauderdale,FL,2,10,Please Forgive Me,685,true,David Gray,537,12,14,10,,false,>,true,
1762797177,2026-04-14,2026,War Memorial Auditorium,Fort Lauderdale,FL,2,11,Interlude II,409,false,,146,12,12,10,,false,->,true,ballad
1762797177,2026-04-14,2026,War Memorial Auditorium,Fort Lauderdale,FL,2,12,Jive I,411,false,,602,12,133,10,,false,>,true,
1762797177,2026-04-14,2026,War Memorial Auditorium,Fort Lauderdale,FL,2,13,Green River,482,true,Creedence Clearwater Revival,1311,13,36,10,,false,->,true,
1762797177,2026-04-14,2026,War Memorial Auditorium,Fort Lauderdale,FL,2,14,Loose Ends,762,false,Vasudo,282,15,18,10,,false,,false,closer
1762797177,2026-04-14,2026,War Memorial Auditorium,Fort Lauderdale,FL,E,15,How It Ends,933,false,Vasudo,832,13,10,10,,false,,false,
1762797178,2026-04-15,2026,War Memorial Auditorium,Fort Lauderdale,FL,1,1,Same Old Shenanigans,541,false,,1447,12,61,10,,false,",",false,closer
1762797178,2026-04-15,2026,War Memorial Auditorium,Fort Lauderdale,FL,1,2,U.S. Blues,659,true,Grateful Dead,452,178,2,50,,false,",",false,closer|encore
1762797178,2026-04-15,2026,War Memorial Auditorium,Fort Lauderdale,FL,1,3,California Magic,735,false,,489,7,50,0,,false,",",false,
1762797178,2026-04-15,2026,War Memorial Auditorium,Fort Lauderdale,FL,1,4,Kung Fu Fighting,504,true,Carl Douglas,1359,472,3,50,,false,>,true,
1762797178,2026-04-15,2026,War Memorial Auditorium,Fort Lauderdale,FL,1,5,Iguana Song,971,false,,815,15,10,10,,false,",",false,opener
1762797178,2026-04-15,2026,War Memorial Auditorium,Fort Lauderdale,FL,1,6,Turned Clouds,400,false,,668,14,119,10,,false,,false,
1762797178,2026-04-15,2026,War Memorial Auditorium,Fort Lauderdale,FL,2,7,SALT,930,false,,790,8,23,10,,false,>,true,opener|closer|encore
1762797178,2026-04-15,2026,War Memorial Auditorium,Fort Lauderdale,FL,2,8,Tumble,418,false,Vasudo,1306,7,129,0,,false,",",false,closer|jam|peak
1762797178,2026-04-15,2026,War Memorial Auditorium,Fort Lauderdale,FL,2,9,The Old Man's Boat,710,false,,827,46,29,20,,false,>,true,
1762797178,2026-04-15,2026,War Memorial Auditorium,Fort Lauderdale,FL,2,10,Red Bird,536,false,,885,6,59,0,,false,>,true,jam
1762797178,2026-04-15,2026,War Memorial Auditorium,Fort Lauderdale,FL,2,11,Madhuvan,512,false,,950,2,180,0,,false,,false,opener|closer|jam
1762797178,2026-04-15,2026,War Memorial Auditorium,Fort Lauderdale,FL,E,12,The Way It Is,570,true,Bruce Hornsby,486,45,41,20,,false,,false,
1762797179,2026-04-17,2026,The BayCare Sound,Clearwater,FL,1,1,Big Modern!,945,false,,880,4,32,0,,false,->,true,opener|closer|jam|peak
1762797179,2026-04-17,2026,The BayCare Sound,Clearwater,FL,1,2,I'm Writing A Novel,424,true,Father John Misty,549,8,18,10,,false,",",false,
1762797179,2026-04-17,2026,The BayCare Sound,Clearwater,FL,1,3,Mr. Action,817,false,,583,8,37,10,,false,",",false,
1762797179,2026-04-17,2026,The BayCare Sound,Clearwater,FL,1,4,Elizabeth,465,false,,800,15,65,10,,false,",",false,opener|jam
1762797179,2026-04-17,2026,The BayCare Sound,Clearwater,FL,1,5,Seekers on the Ridge pt I,609,false,,406,11,54,10,,false,>,true,
1762797179,2026-04-17,2026,The BayCare Sound,Clearwater,FL,1,6,Seekers on the Ridge pt II,610,false,,316,11,54,10,,false,",",false,
1762797179,2026-04-17,2026,The BayCare Sound,Clearwater,FL,1,7,Peach,990,true,Future Islands,643,20,2,20,,false,>,true,
1762797179,2026-04-17,2026,The BayCare Sound,Clearwater,FL,1,8,Give It Time,931,false,,453,3,35,0,,false,,false,closer|encore
1762797179,2026-04-17,2026,The BayCare Sound,Clearwater,FL,2,9,Hungersite,740,false,,967,3,82,0,,false,->,true,opener|jam
1762797179,2026-04-17,2026,The BayCare Sound,Clearwater,FL,2,10,Rockdale,714,false,Vasudo,789,4,79,0,,false,",",false,opener|closer|jam
1762797179,2026-04-17,2026,The BayCare Sound,Clearwater,FL,2,11,Slow Ready,422,false,,1020,9,98,10,,false,",",false,
1762797179,2026-04-17,2026,The BayCare Sound,Clearwater,FL,2,12,In Your Eyes,498,true,Peter Gabriel,1287,8,14,10,,false,",",false,jam|peak
1762797179,2026-04-17,2026,The BayCare Sound,Clearwater,FL,2,13,Thatch,809,false,,895,2,63,0,,false,,false,opener|closer|jam|peak
1762797179,2026-04-17,2026,The BayCare Sound,Clearwater,FL,E,14,Arcadia,403,false,,1058,5,214,0,,false,,false,closer
1762797180,2026-04-18,2026,The St. Augustine Amphitheatre,St. Augustine,FL,1,1,Dr. Darkness,712,false,,413,15,45,10,,false,>,true,opener
1762797180,2026-04-18,2026,The St. Augustine Amphitheatre,St. Augustine,FL,1,2,Flodown,478,false,Vasudo,731,6,164,0,,false,",",false,
1762797180,2026-04-18,2026,The St. Augustine Amphitheatre,St. Augustine,FL,1,3,Dustin Hoffman,970,false,,1211,5,15,0,,false,",",false,jam
1762797180,2026-04-18,2026,The St. Augustine Amphitheatre,St. Augustine,FL,1,4,Your Direction,647,false,Vasudo,549,3,15,0,,false,>,true,
1762797180,2026-04-18,2026,The St. Augustine Amphitheatre,St. Augustine,FL,1,5,Strange Overtones,1004,true,Brian Eno & David Byrne,583,7,2,0,,false,",",false,
1762797180,2026-04-18,2026,The St. Augustine Amphitheatre,St. Augustine,FL,1,6,Jed Stone,663,false,Vasudo,713,4,9,0,,false,>,true,closer
1762797180,2026-04-18,2026,The St. Augustine Amphitheatre,St. Augustine,FL,1,7,Pancakes,723,false,Great Blue,1086,5,68,0,,false,,false,opener|closer|jam
1762797180,2026-04-18,2026,The St. Augustine Amphitheatre,St. Augustine,FL,2,8,Good2B,1017,false,,1663,5,2,0,,false,>,true,opener|jam
1762797180,2026-04-18,2026,The St. Augustine Amphitheatre,St. Augustine,FL,2,9,Arrow,438,false,,980,4,91,0,,false,>,true,opener|closer|jam
1762797180,2026-04-18,2026,The St. Augustine Amphitheatre,St. Augustine,FL,2,10,Bob Don,429,false,,577,20,57,20,,false,>,true,
1762797180,2026-04-18,2026,The St. Augustine Amphitheatre,St. Augustine,FL,2,11,Arrow,438,false,,225,0,92,0,,false,->,true,opener|closer|jam
1762797180,2026-04-18,2026,The St. Augustine Amphitheatre,St. Augustine,FL,2,12,Hollywood Nights,488,true,Bob Seger & The Silver Bullet Band,657,17,16,10,,false,->,true,
1762797180,2026-04-18,2026,The St. Augustine Amphitheatre,St. Augustine,FL,2,13,Arrow,438,false,,27,0,93,0,,false,,false,opener|closer|jam
1762797180,2026-04-18,2026,The St. Augustine Amphitheatre,St. Augustine,FL,E,14,The Empress Of Organos,604,false,Vasudo,528,6,94,0,,false,>,true,closer|jam
1762797180,2026-04-18,2026,The St. Augustine Amphitheatre,St. Augustine,FL,E,15,This Old Sea,572,false,,442,18,42,10,,false,->,true,jam
1762797180,2026-04-18,2026,The St. Augustine Amphitheatre,St. Augustine,FL,E,16,The Empress Of Organos,604,false,Vasudo,113,0,95,0,,false,,false,closer|jam
1762797181,2026-04-19,2026,The St. Augustine Amphitheatre,St. Augustine,FL,1,1,All I Need,414,false,,635,10,156,10,,false,->,true,jam
1762797181,2026-04-19,2026,The St. Augustine Amphitheatre,St. Augustine,FL,1,2,Electric Avenue,464,true,Eddy Grant,791,23,40,20,,false,",",false,
1762797181,2026-04-19,2026,The St. Augustine Amphitheatre,St. Augustine,FL,1,3,Doc Brown,459,false,Great Blue,485,51,46,35,,false,",",false,
1762797181,2026-04-19,2026,The St. Augustine Amphitheatre,St. Augustine,FL,1,4,Royal,987,false,,429,5,9,0,,false,>,true,opener
1762797181,2026-04-19,2026,The St. Augustine Amphitheatre,St. Augustine,FL,1,5,Madalena,988,false,,1019,5,8,0,,false,",",false,
1762797181,2026-04-19,2026,The St. Augustine Amphitheatre,St. Augustine,FL,1,6,So Ready,421,false,,850,6,150,0,,false,,false,closer
1762797181,2026-04-19,2026,The St. Augustine Amphitheatre,St. Augustine,FL,2,7,Animal,764,false,,1210,6,73,0,,false,",",false,opener|closer
1762797181,2026-04-19,2026,The St. Augustine Amphitheatre,St. Augustine,FL,2,8,Borne,725,false,,1030,5,51,0,,false,->,true,jam
1762797181,2026-04-19,2026,The St. Augustine Amphitheatre,St. Augustine,FL,2,9,Into the Myst,402,false,,961,8,81,10,,false,>,true,jam
1762797181,2026-04-19,2026,The St. Augustine Amphitheatre,St. Augustine,FL,2,10,Burn The Witch,999,true,Radiohead,417,9,2,10,,false,",",false,
1762797181,2026-04-19,2026,The St. Augustine Amphitheatre,St. Augustine,FL,2,11,Wysteria Lane,405,false,Vasudo,639,5,114,0,,false,>,true,opener|jam|peak
1762797181,2026-04-19,2026,The St. Augustine Amphitheatre,St. Augustine,FL,2,12,Dripfield,738,false,,827,5,68,0,,false,,false,closer|jam
1762797181,2026-04-19,2026,The St. Augustine Amphitheatre,St. Augustine,FL,E,13,Turn On Your Love Light,578,true,Bobby Blue Bland,601,15,54,10,,false,,false,closer|encore
1762797182,2026-04-21,2026,Saenger Theatre,New Orleans,LA,1,1,Jive II,413,false,,688,21,87,20,,false,",",false,opener
1762797182,2026-04-21,2026,Saenger Theatre,New Orleans,LA,1,2,Echo of a Rose,463,false,Vasudo,1258,4,123,0,,false,>,true,jam
1762797182,2026-04-21,2026,Saenger Theatre,New Orleans,LA,1,3,Nights In White Satin,524,true,The Moody Blues,421,45,10,20,,false,",",false,
1762797182,2026-04-21,2026,Saenger Theatre,New Orleans,LA,1,4,Earthling or Alien?,605,false,,1212,21,49,20,,false,>,true,jam|peak
1762797182,2026-04-21,2026,Saenger Theatre,New Orleans,LA,1,5,Everything Must Go,805,false,,847,5,44,0,,false,",",false,jam
1762797182,2026-04-21,2026,Saenger Theatre,New Orleans,LA,1,6,It Burns Within,500,false,St. John's Revival,402,119,11,50,,false,>,true,
1762797182,2026-04-21,2026,Saenger Theatre,New Orleans,LA,1,7,Spain,555,true,Chick Corea,441,17,6,10,,false,,false,
1762797182,2026-04-21,2026,Saenger Theatre,New Orleans,LA,2,8,Drive,462,false,,1236,5,118,0,,false,>,true,opener|jam
1762797182,2026-04-21,2026,Saenger Theatre,New Orleans,LA,2,9,Rosewood Heart,412,false,,1002,21,66,20,,false,->,true,jam|peak
1762797182,2026-04-21,2026,Saenger Theatre,New Orleans,LA,2,10,MEDIA,947,false,Swimmer,997,7,15,0,,false,>,true,opener|ballad
1762797182,2026-04-21,2026,Saenger Theatre,New Orleans,LA,2,11,A Western Sun,435,false,,1076,17,77,10,,false,,false,
1762797182,2026-04-21,2026,Saenger Theatre,New Orleans,LA,E,12,Mississippi Half-Step Uptown Toodeloo,517,true,Grateful Dead,543,18,37,10,,false,,false,jam
1762797183,2026-04-22,2026,Saenger Theatre,New Orleans,LA,1,1,Yeti,416,false,Great Blue,739,6,125,0,,false,",",false,opener
1762797183,2026-04-22,2026,Saenger Theatre,New Orleans,LA,1,2,Silver Rising,736,false,,661,5,74,0,,false,",",false,
1762797183,2026-04-22,2026,Saenger Theatre,New Orleans,LA,1,3,Same Old Shenanigans,541,false,,1600,4,62,0,,false,",",false,closer
1762797183,2026-04-22,2026,Saenger Theatre,New Orleans,LA,1,4,Draconian Meter Maid,943,false,Swimmer,915,5,19,0,,false,",",false,jam|peak
1762797183,2026-04-22,2026,Saenger Theatre,New Orleans,LA,1,5,Peggy-O,531,true,Grateful Dead,530,80,18,35,,false,,false,
1762797183,2026-04-22,2026,Saenger Theatre,New Orleans,LA,2,6,Tumble,418,false,Vasudo,1465,4,130,0,,false,->,true,closer|jam|peak
1762797183,2026-04-22,2026,Saenger Theatre,New Orleans,LA,2,7,Creatures,420,false,,836,6,140,0,,false,>,true,jam
1762797183,2026-04-22,2026,Saenger Theatre,New Orleans,LA,2,8,Slow Ready,422,false,,992,3,99,0,,false,>,true,
1762797183,2026-04-22,2026,Saenger Theatre,New Orleans,LA,2,9,Somebody's Watching Me,866,true,Rockwell,600,13,2,10,,false,,false,
1762797183,2026-04-22,2026,Saenger Theatre,New Orleans,LA,E,10,Arcadia,403,false,,729,3,215,0,,false,,false,closer
1762797184,2026-04-23,2026,Bayou Music Center,Houston,TX,1,1,Hot Love & The Lazy Poet,645,false,Vasudo,340,6,35,0,,false,>,true,opener
1762797184,2026-04-23,2026,Bayou Music Center,Houston,TX,1,2,Flodown,478,false,Vasudo,549,3,165,0,,false,",",false,
1762797184,2026-04-23,2026,Bayou Music Center,Houston,TX,1,3,Bloodbuzz Ohio,766,true,The National,450,31,12,20,,false,",",false,
1762797184,2026-04-23,2026,Bayou Music Center,Houston,TX,1,4,Turned Clouds,400,false,,726,5,120,0,,false,",",false,
1762797184,2026-04-23,2026,Bayou Music Center,Houston,TX,1,5,Not Alone,820,false,,466,85,6,35,,false,",",false,
1762797184,2026-04-23,2026,Bayou Music Center,Houston,TX,1,6,Butter Rum,415,false,Vasudo,1074,19,118,10,,false,>,true,
1762797184,2026-04-23,2026,Bayou Music Center,Houston,TX,1,7,Jive Lee,502,false,,913,19,87,10,,false,,false,closer|jam
1762797184,2026-04-23,2026,Bayou Music Center,Houston,TX,2,8,Hungersite,740,false,,1013,4,83,0,,false,>,true,opener|jam
1762797184,2026-04-23,2026,Bayou Music Center,Houston,TX,2,9,Red Bird,536,false,,937,5,60,0,,false,->,true,jam
1762797184,2026-04-23,2026,Bayou Music Center,Houston,TX,2,10,Tomorrow Never Knows,573,true,The Beatles,1127,23,15,20,,false,",",false,encore
1762797184,2026-04-23,2026,Bayou Music Center,Houston,TX,2,11,Arrow,438,false,,1069,3,94,0,,false,>,true,opener|closer|jam
1762797184,2026-04-23,2026,Bayou Music Center,Houston,TX,2,12,Travelers,574,false,,615,28,30,20,,false,>,true,
1762797184,2026-04-23,2026,Bayou Music Center,Houston,TX,2,13,Thatch,809,false,,859,4,64,0,,false,,false,opener|closer|jam|peak
1762797184,2026-04-23,2026,Bayou Music Center,Houston,TX,E,14,Shama Lama Ding Dong,545,true,Otis Day and The Knights,471,10,50,10,,false,,false,encore
1762797185,2026-04-24,2026,Moody Center,Austin,TX,1,1,Feel It Now,823,false,,599,7,36,0,,false,",",false,
1762797185,2026-04-24,2026,Moody Center,Austin,TX,1,2,Royal,987,false,,413,3,10,0,,false,",",false,opener
1762797185,2026-04-24,2026,Moody Center,Austin,TX,1,3,So Ready,421,false,,729,3,151,0,,false,",",false,closer
1762797185,2026-04-24,2026,Moody Center,Austin,TX,1,4,Borne,725,false,,449,3,52,0,,false,>,true,jam
1762797185,2026-04-24,2026,Moody Center,Austin,TX,1,5,Seekers on the Ridge pt I,609,false,,387,5,55,0,,false,>,true,
1762797185,2026-04-24,2026,Moody Center,Austin,TX,1,6,Seekers on the Ridge pt II,610,false,,343,5,55,0,,false,",",false,
1762797185,2026-04-24,2026,Moody Center,Austin,TX,1,7,I Would Die 4 U,867,true,Prince,1072,18,12,10,,false,",",false,
1762797185,2026-04-24,2026,Moody Center,Austin,TX,1,8,Madalena,988,false,,394,3,9,0,,false,>,true,
1762797185,2026-04-24,2026,Moody Center,Austin,TX,1,9,SALT,930,false,,690,6,24,0,,false,,false,opener|closer|encore
1762797185,2026-04-24,2026,Moody Center,Austin,TX,2,10,Good2B,1017,false,,1342,4,3,0,,false,>,true,opener|jam
1762797185,2026-04-24,2026,Moody Center,Austin,TX,2,11,Amongster,816,true,Polica,354,37,3,20,,false,>,true,
1762797185,2026-04-24,2026,Moody Center,Austin,TX,2,12,Dripfield,738,false,,1598,3,69,0,,false,->,true,closer|jam
1762797185,2026-04-24,2026,Moody Center,Austin,TX,2,13,Into the Myst,402,false,,680,3,82,0,,false,",",false,jam
1762797185,2026-04-24,2026,Moody Center,Austin,TX,2,14,Madhuvan,512,false,,739,6,181,0,,false,,false,opener|closer|jam
1762797185,2026-04-24,2026,Moody Center,Austin,TX,E,15,Rockdale,714,false,Vasudo,558,5,80,0,,false,,false,opener|closer|jam
1762797186,2026-04-25,2026,The Pavilion at Toyota Music Factory,Irving,TX,1,1,Atlas Dogs,727,false,,1080,11,58,10,,false,->,true,opener
1762797186,2026-04-25,2026,The Pavilion at Toyota Music Factory,Irving,TX,1,2,Animal,764,false,,844,4,74,0,,false,",",false,opener|closer
1762797186,2026-04-25,2026,The Pavilion at Toyota Music Factory,Irving,TX,1,3,Dustin Hoffman,970,false,,977,5,16,0,,false,",",false,jam
1762797186,2026-04-25,2026,The Pavilion at Toyota Music Factory,Irving,TX,1,4,Your Direction,647,false,Vasudo,510,5,16,0,,false,",",false,
1762797186,2026-04-25,2026,The Pavilion at Toyota Music Factory,Irving,TX,1,5,Lead Up,822,false,,339,20,37,20,,false,,false,
1762797186,2026-04-25,2026,The Pavilion at Toyota Music Factory,Irving,TX,2,6,The Empress Of Organos,604,false,Vasudo,1222,5,96,0,,false,>,true,closer|jam
1762797186,2026-04-25,2026,The Pavilion at Toyota Music Factory,Irving,TX,2,7,Jed Stone,663,false,Vasudo,659,5,10,0,,false,",",false,closer
1762797186,2026-04-25,2026,The Pavilion at Toyota Music Factory,Irving,TX,2,8,Pancakes,723,false,Great Blue,897,5,69,0,,false,->,true,opener|closer|jam
1762797186,2026-04-25,2026,The Pavilion at Toyota Music Factory,Irving,TX,2,9,The Empress Of Organos,604,false,Vasudo,229,0,97,0,,false,",",false,closer|jam
1762797186,2026-04-25,2026,The Pavilion at Toyota Music Factory,Irving,TX,2,10,Give It Time,931,false,,448,6,36,0,,false,",",false,closer|encore
1762797186,2026-04-25,2026,The Pavilion at Toyota Music Factory,Irving,TX,2,11,Big Modern!,945,false,,1334,6,33,0,,false,",",false,opener|closer|jam|peak
1762797186,2026-04-25,2026,The Pavilion at Toyota Music Factory,Irving,TX,2,12,726,432,false,,454,15,40,10,,false,>,true,encore
1762797186,2026-04-25,2026,The Pavilion at Toyota Music Factory,Irving,TX,2,13,Hot Tea,408,false,Vasudo,662,12,163,10,,false,,false,closer
1762797186,2026-04-25,2026,The Pavilion at Toyota Music Factory,Irving,TX,E,14,Eminence Front,468,true,The Who,450,27,16,20,,false,,false,opener
1778202106,2026-05-07,2026,Hotel El Ganzo,San Jose Del Cabo,,1,1,Butter Rum,415,false,Vasudo,,2,119,0,,false,",",false,
1778202106,2026-05-07,2026,Hotel El Ganzo,San Jose Del Cabo,,1,2,Iguana Song,971,false,,,8,11,10,,false,",",false,opener
1778202106,2026-05-07,2026,Hotel El Ganzo,San Jose Del Cabo,,1,3,Draconian Meter Maid,943,false,Swimmer,,3,20,0,,false,->,true,jam|peak
1778202106,2026-05-07,2026,Hotel El Ganzo,San Jose Del Cabo,,1,4,Cantaloupe Island,444,true,Herbie Hancock,,99,12,35,,false,",",false,
1778202106,2026-05-07,2026,Hotel El Ganzo,San Jose Del Cabo,,1,5,Lead the Way,406,false,,,51,89,35,,false,",",false,opener
1778202106,2026-05-07,2026,Hotel El Ganzo,San Jose Del Cabo,,1,6,Doc Brown,459,false,Great Blue,,5,47,0,,false,",",false,
1778202106,2026-05-07,2026,Hotel El Ganzo,San Jose Del Cabo,,1,7,Caution,446,true,Bob Marley,,50,18,35,,false,",",false,
1778202106,2026-05-07,2026,Hotel El Ganzo,San Jose Del Cabo,,1,8,Echo of a Rose,463,false,Vasudo,,4,124,0,,false,,false,jam
1771450225,2026-05-07,2026,El Ganzo Oasis,San Jose Del Cabo,,1,1,Bear,997,true,The Shouting Matches,749,12,3,10,,false,",",false,opener
1771450225,2026-05-07,2026,El Ganzo Oasis,San Jose Del Cabo,,1,2,Same Old Shenanigans,541,false,,1535,4,63,0,,false,",",false,closer
1771450225,2026-05-07,2026,El Ganzo Oasis,San Jose Del Cabo,,1,3,Dr. Darkness,712,false,,412,7,46,0,,false,>,true,opener
1771450225,2026-05-07,2026,El Ganzo Oasis,San Jose Del Cabo,,1,4,Silver Rising,736,false,,675,4,75,0,,false,",",false,
1771450225,2026-05-07,2026,El Ganzo Oasis,San Jose Del Cabo,,1,5,Mr. Action,817,false,,515,8,38,10,,false,",",false,
1771450225,2026-05-07,2026,El Ganzo Oasis,San Jose Del Cabo,,1,6,Hey Joe,1025,true,Jimi Hendrix,317,0,1,0,,false,,false,
1771450225,2026-05-07,2026,El Ganzo Oasis,San Jose Del Cabo,,2,7,Interlude II,409,false,,198,10,13,10,,false,->,true,ballad
1771450225,2026-05-07,2026,El Ganzo Oasis,San Jose Del Cabo,,2,8,Jive I,411,false,,878,10,134,10,,false,",",false,
1771450225,2026-05-07,2026,El Ganzo Oasis,San Jose Del Cabo,,2,9,Electric Avenue,464,true,Eddy Grant,938,6,41,0,,false,->,true,
1771450225,2026-05-07,2026,El Ganzo Oasis,San Jose Del Cabo,,2,10,Wysteria Lane,405,false,Vasudo,1189,6,115,0,,false,",",false,opener|jam|peak
1771450225,2026-05-07,2026,El Ganzo Oasis,San Jose Del Cabo,,2,11,So Ready,421,false,,1066,2,152,0,,false,,false,closer
1771450241,2026-05-08,2026,El Ganzo Oasis,San Jose Del Cabo,,1,1,Borne,725,false,,921,3,53,0,,false,",",false,jam
1771450241,2026-05-08,2026,El Ganzo Oasis,San Jose Del Cabo,,1,2,Yeti,416,false,Great Blue,974,5,126,0,,false,",",false,opener
1771450241,2026-05-08,2026,El Ganzo Oasis,San Jose Del Cabo,,1,3,Movin' Out (Anthony's Song),519,true,Billy Joel,541,331,15,50,,false,",",false,
1771450241,2026-05-08,2026,El Ganzo Oasis,San Jose Del Cabo,,1,4,All I Need,414,false,,913,7,157,0,,false,",",false,jam
1771450241,2026-05-08,2026,El Ganzo Oasis,San Jose Del Cabo,,1,5,Jed Stone,663,false,Vasudo,837,2,11,0,,false,,false,closer
1771450241,2026-05-08,2026,El Ganzo Oasis,San Jose Del Cabo,,2,6,Animal,764,false,,1002,2,75,0,,false,->,true,opener|closer
1771450241,2026-05-08,2026,El Ganzo Oasis,San Jose Del Cabo,,2,7,Sinnerman,739,true,Nina Simone,1057,12,18,10,,false,",",false,closer
1771450241,2026-05-08,2026,El Ganzo Oasis,San Jose Del Cabo,,2,8,Arcadia,403,false,,1155,5,216,0,,false,>,true,closer
1771450241,2026-05-08,2026,El Ganzo Oasis,San Jose Del Cabo,,2,9,Peach,990,true,Future Islands,582,9,3,10,,false,->,true,
1771450241,2026-05-08,2026,El Ganzo Oasis,San Jose Del Cabo,,2,10,Arcadia,403,false,,385,0,217,0,,false,,false,closer
1771450242,2026-05-09,2026,El Ganzo Oasis,San Jose Del Cabo,,1,1,Hot Tea,408,false,Vasudo,885,3,164,0,,false,",",false,closer
1771450242,2026-05-09,2026,El Ganzo Oasis,San Jose Del Cabo,,1,2,Good2B,1017,false,,1087,4,4,0,,false,>,true,opener|jam
1771450242,2026-05-09,2026,El Ganzo Oasis,San Jose Del Cabo,,1,3,A Western Sun,435,false,,1173,7,78,0,,false,",",false,
1771450242,2026-05-09,2026,El Ganzo Oasis,San Jose Del Cabo,,1,4,MEDIA,947,false,Swimmer,296,7,16,0,,false,",",false,opener|ballad
1771450242,2026-05-09,2026,El Ganzo Oasis,San Jose Del Cabo,,1,5,Torero,979,false,,704,49,5,20,,false,,false,closer|jam
1771450242,2026-05-09,2026,El Ganzo Oasis,San Jose Del Cabo,,2,6,Creatures,420,false,,1401,6,141,0,,false,",",false,jam
1771450242,2026-05-09,2026,El Ganzo Oasis,San Jose Del Cabo,,2,7,This Old Sea,572,false,,390,9,43,10,,false,",",false,jam
1771450242,2026-05-09,2026,El Ganzo Oasis,San Jose Del Cabo,,2,8,Madhuvan,512,false,,1304,4,182,0,,false,",",false,opener|closer|jam
1771450242,2026-05-09,2026,El Ganzo Oasis,San Jose Del Cabo,,2,9,Cortez The Killer,1026,true,Neil Young,763,0,1,0,,false,",",false,
1771450242,2026-05-09,2026,El Ganzo Oasis,San Jose Del Cabo,,2,10,Rockdale,714,false,Vasudo,624,4,81,0,,false,,false,opener|closer|jam
1773021342,2026-05-09,2026,El Ganzo Oasis,San Jose Del Cabo,,1,1,Atlas Dogs,727,false,,418,4,59,0,,false,",",false,opener
1773021342,2026-05-09,2026,El Ganzo Oasis,San Jose Del Cabo,,1,2,Christmas Card From A Hooker In Minneapolis,448,true,Tom Waits,315,27,12,20,,false,",",false,encore
1773021342,2026-05-09,2026,El Ganzo Oasis,San Jose Del Cabo,,1,3,California Magic,735,false,,429,12,51,10,,false,",",false,
1773021342,2026-05-09,2026,El Ganzo Oasis,San Jose Del Cabo,,1,4,Atlantic City,601,true,Bruce Springsteen,404,89,5,35,,false,",",false,ballad
1773021342,2026-05-09,2026,El Ganzo Oasis,San Jose Del Cabo,,1,5,Master & A Hound,1001,true,Gregory Alan Isakov,235,19,2,10,,false,->,true,encore
1773021342,2026-05-09,2026,El Ganzo Oasis,San Jose Del Cabo,,1,6,True Love Waits,914,true,Radiohead,554,55,4,35,,false,",",false,
1773021342,2026-05-09,2026,El Ganzo Oasis,San Jose Del Cabo,,1,7,Drive,462,false,,555,8,119,10,,false,",",false,opener|jam
1773021342,2026-05-09,2026,El Ganzo Oasis,San Jose Del Cabo,,1,8,Give It Time,931,false,,430,4,37,0,,false,,false,closer|encore
1765285120,2026-05-22,2026,Electric Brixton,London,,1,1,Animal,764,false,,856,2,76,0,,false,",",false,opener|closer
1765285120,2026-05-22,2026,Electric Brixton,London,,1,2,The Whales,425,false,,557,16,47,10,,false,",",false,opener
1765285120,2026-05-22,2026,Electric Brixton,London,,1,3,Your Direction,647,false,Vasudo,650,5,17,0,,false,",",false,
1765285120,2026-05-22,2026,Electric Brixton,London,,1,4,Mas Que Nada,513,true,Sergio Mendes,667,14,27,10,,false,",",false,
1765285120,2026-05-22,2026,Electric Brixton,London,,1,5,Dustin Hoffman,970,false,,1038,5,17,0,,false,",",false,jam
1765285120,2026-05-22,2026,Electric Brixton,London,,1,6,Turned Clouds,400,false,,677,7,121,0,,false,,false,
1765285120,2026-05-22,2026,Electric Brixton,London,,2,7,So Ready,421,false,,1282,3,153,0,,false,",",false,closer
1765285120,2026-05-22,2026,Electric Brixton,London,,2,8,Big Modern!,945,false,,1731,5,34,0,,false,->,true,opener|closer|jam|peak
1765285120,2026-05-22,2026,Electric Brixton,London,,2,9,Creatures,420,false,,516,1,142,0,,false,>,true,jam
1765285120,2026-05-22,2026,Electric Brixton,London,,2,10,How It Ends,933,false,Vasudo,571,14,11,10,,false,>,true,
1765285120,2026-05-22,2026,Electric Brixton,London,,2,11,Turn On Your Love Light,578,true,Bobby Blue Bland,328,10,55,10,,false,,false,closer|encore
1765285154,2026-05-23,2026,Electric Brixton,London,,1,1,Royal,987,false,,363,7,11,0,,false,",",false,opener
1765285154,2026-05-23,2026,Electric Brixton,London,,1,2,Same Old Shenanigans,541,false,,1248,4,64,0,,false,",",false,closer
1765285154,2026-05-23,2026,Electric Brixton,London,,1,3,Turbulence & The Night Rays,646,false,Vasudo,613,15,46,10,,false,->,true,opener
1765285154,2026-05-23,2026,Electric Brixton,London,,1,4,MEDIA,947,false,Swimmer,1149,2,17,0,,false,",",false,opener|ballad
1765285154,2026-05-23,2026,Electric Brixton,London,,1,5,Flodown,478,false,Vasudo,306,8,166,10,,false,",",false,
1765285154,2026-05-23,2026,Electric Brixton,London,,1,6,Madalena,988,false,,742,7,10,0,,false,,false,
1765285154,2026-05-23,2026,Electric Brixton,London,,2,7,Good2B,1017,false,,1286,2,5,0,,false,>,true,opener|jam
1765285154,2026-05-23,2026,Electric Brixton,London,,2,8,Burn The Witch,999,true,Radiohead,455,11,3,10,,false,",",false,
1765285154,2026-05-23,2026,Electric Brixton,London,,2,9,Dripfield,738,false,,1226,7,70,0,,false,->,true,closer|jam
1765285154,2026-05-23,2026,Electric Brixton,London,,2,10,A Western Sun,435,false,,441,2,79,0,,false,>,true,
1765285154,2026-05-23,2026,Electric Brixton,London,,2,11,Tumble,418,false,Vasudo,750,9,131,10,,false,,false,closer|jam|peak
1765285390,2026-05-25,2026,La Madeleine,Brussels,,1,1,Yeti,416,false,Great Blue,958,4,127,0,,false,",",false,opener
1765285390,2026-05-25,2026,La Madeleine,Brussels,,1,2,Dr. Darkness,712,false,,408,5,47,0,,false,",",false,opener
1765285390,2026-05-25,2026,La Madeleine,Brussels,,1,3,Hot Love & The Lazy Poet,645,false,Vasudo,981,9,36,10,,false,",",false,opener
1765285390,2026-05-25,2026,La Madeleine,Brussels,,1,4,Silver Rising,736,false,,650,5,76,0,,false,",",false,
1765285390,2026-05-25,2026,La Madeleine,Brussels,,1,5,All I Need,414,false,,1052,4,158,0,,false,>,true,jam
1765285390,2026-05-25,2026,La Madeleine,Brussels,,1,6,I Would Die 4 U,867,true,Prince,773,8,13,10,,false,,false,
1765285390,2026-05-25,2026,La Madeleine,Brussels,,2,7,Wysteria Lane,405,false,Vasudo,1011,5,116,0,,false,>,true,opener|jam|peak
1765285390,2026-05-25,2026,La Madeleine,Brussels,,2,8,Jed Stone,663,false,Vasudo,680,4,12,0,,false,>,true,closer
1765285390,2026-05-25,2026,La Madeleine,Brussels,,2,9,Into the Myst,402,false,,934,8,83,10,,false,>,true,jam
1765285390,2026-05-25,2026,La Madeleine,Brussels,,2,10,Everything Must Go,805,false,,688,11,45,10,,false,",",false,jam
1765285390,2026-05-25,2026,La Madeleine,Brussels,,2,11,Thatch,809,false,,488,9,65,10,,false,,false,opener|closer|jam|peak
1765285422,2026-05-27,2026,Melkweg,Amsterdam,,1,1,Rockdale,714,false,Vasudo,543,4,82,0,,false,>,true,opener|closer|jam
1765285422,2026-05-27,2026,Melkweg,Amsterdam,,1,2,Torero,979,false,,988,4,6,0,,false,",",false,closer|jam
1765285422,2026-05-27,2026,Melkweg,Amsterdam,,1,3,Seekers on the Ridge pt I,609,false,,396,9,56,10,,false,>,true,
1765285422,2026-05-27,2026,Melkweg,Amsterdam,,1,4,Seekers on the Ridge pt II,610,false,,364,9,56,10,,false,",",false,
1765285422,2026-05-27,2026,Melkweg,Amsterdam,,1,5,Strange Overtones,1004,true,Brian Eno & David Byrne,477,14,3,10,,false,->,true,
1765285422,2026-05-27,2026,Melkweg,Amsterdam,,1,6,Spirit Of The Dark Horse,557,false,,723,20,39,20,,false,>,true,
1765285422,2026-05-27,2026,Melkweg,Amsterdam,,1,7,Rockdale,714,false,Vasudo,90,0,83,0,,false,",",false,opener|closer|jam
1765285422,2026-05-27,2026,Melkweg,Amsterdam,,1,8,Hot Tea,408,false,Vasudo,1116,4,165,0,,false,,false,closer
1765285422,2026-05-27,2026,Melkweg,Amsterdam,,2,9,Red Bird,536,false,,1597,10,61,10,,false,>,true,jam
1765285422,2026-05-27,2026,Melkweg,Amsterdam,,2,10,Slow Ready,422,false,,689,11,100,10,,false,->,true,
1765285422,2026-05-27,2026,Melkweg,Amsterdam,,2,11,Can't Get You Out Of My Head,426,true,Kylie Minogue,502,30,24,20,,false,->,true,
1765285422,2026-05-27,2026,Melkweg,Amsterdam,,2,12,Slow Ready,422,false,,286,0,101,0,,false,",",false,
1765285422,2026-05-27,2026,Melkweg,Amsterdam,,2,13,Arrow,438,false,,1032,10,95,10,,false,,false,opener|closer|jam
1765285442,2026-05-28,2026,Melkweg,Amsterdam,,1,1,Drive,462,false,,974,4,120,0,,false,->,true,opener|jam
1765285442,2026-05-28,2026,Melkweg,Amsterdam,,1,2,Echo of a Rose,463,false,Vasudo,1360,8,125,10,,false,>,true,jam
1765285442,2026-05-28,2026,Melkweg,Amsterdam,,1,3,Atlas Dogs,727,false,,923,4,60,0,,false,>,true,opener
1765285442,2026-05-28,2026,Melkweg,Amsterdam,,1,4,Borne,725,false,,473,6,54,0,,false,",",false,jam
1765285442,2026-05-28,2026,Melkweg,Amsterdam,,1,5,Earthling or Alien?,605,false,,773,13,50,10,,false,>,true,jam|peak
1765285442,2026-05-28,2026,Melkweg,Amsterdam,,1,6,Give It Time,931,false,,439,4,38,0,,false,,false,closer|encore
1765285442,2026-05-28,2026,Melkweg,Amsterdam,,2,7,Fish In The Sea,477,true,Fat Freddy's Drop,1090,19,31,10,,false,",",false,opener
1765285442,2026-05-28,2026,Melkweg,Amsterdam,,2,8,Hungersite,740,false,,1091,11,84,10,,false,",",false,opener|jam
1765285442,2026-05-28,2026,Melkweg,Amsterdam,,2,9,This Old Sea,572,false,,726,5,44,0,,false,>,true,jam
1765285442,2026-05-28,2026,Melkweg,Amsterdam,,2,10,The Empress Of Organos,604,false,Vasudo,692,9,98,10,,false,,false,closer|jam
1765285944,2026-05-30,2026,Bürgerhaus Stollwerck,Cologne,,1,1,SALT,930,false,,721,11,25,10,,false,",",false,opener|closer|encore
1765285944,2026-05-30,2026,Bürgerhaus Stollwerck,Cologne,,1,2,Mr. Action,817,false,,512,8,39,10,,false,",",false,
1765285944,2026-05-30,2026,Bürgerhaus Stollwerck,Cologne,,1,3,Draconian Meter Maid,943,false,Swimmer,1167,9,21,10,,false,",",false,jam|peak
1765285944,2026-05-30,2026,Bürgerhaus Stollwerck,Cologne,,1,4,Arcadia,403,false,,1219,7,218,0,,false,",",false,closer
1765285944,2026-05-30,2026,Bürgerhaus Stollwerck,Cologne,,1,5,Iguana Song,971,false,,501,9,12,10,,false,->,true,opener
1765285944,2026-05-30,2026,Bürgerhaus Stollwerck,Cologne,,1,6,Take On Me,565,true,A-Ha,386,105,10,50,,false,->,true,
1765285944,2026-05-30,2026,Bürgerhaus Stollwerck,Cologne,,1,7,Iguana Song,971,false,,436,0,13,0,,false,,false,opener
1765285944,2026-05-30,2026,Bürgerhaus Stollwerck,Cologne,,2,8,Pancakes,723,false,Great Blue,983,10,70,10,,false,->,true,opener|closer|jam
1765285944,2026-05-30,2026,Bürgerhaus Stollwerck,Cologne,,2,9,Creatures,420,false,,1194,4,143,0,,false,->,true,jam
1765285944,2026-05-30,2026,Bürgerhaus Stollwerck,Cologne,,2,10,Pancakes,723,false,Great Blue,311,0,71,0,,false,",",false,opener|closer|jam
1765285944,2026-05-30,2026,Bürgerhaus Stollwerck,Cologne,,2,11,Bob Don,429,false,,410,16,58,10,,false,>,true,
1765285944,2026-05-30,2026,Bürgerhaus Stollwerck,Cologne,,2,12,Tumble,418,false,Vasudo,806,3,132,0,,false,,false,closer|jam|peak
1765285986,2026-06-01,2026,Elysée-Montmartre,Paris,,1,1,Hot Love & The Lazy Poet,645,false,Vasudo,545,3,37,0,,false,>,true,opener
1765285986,2026-06-01,2026,Elysée-Montmartre,Paris,,1,2,Dustin Hoffman,970,false,,1158,5,18,0,,false,",",false,jam
1765285986,2026-06-01,2026,Elysée-Montmartre,Paris,,1,3,Your Ocean,590,false,,490,20,38,20,,false,",",false,
1765285986,2026-06-01,2026,Elysée-Montmartre,Paris,,1,4,Royal,987,false,,753,4,12,0,,false,",",false,opener
1765285986,2026-06-01,2026,Elysée-Montmartre,Paris,,1,5,Amongster,816,true,Polica,353,12,4,10,,false,>,true,
1765285986,2026-06-01,2026,Elysée-Montmartre,Paris,,1,6,Rosewood Heart,412,false,,1077,15,67,10,,false,,false,jam|peak
1765285986,2026-06-01,2026,Elysée-Montmartre,Paris,,2,7,Thatch,809,false,,997,3,66,0,,false,>,true,opener|closer|jam|peak
1765285986,2026-06-01,2026,Elysée-Montmartre,Paris,,2,8,Good2B,1017,false,,1226,4,6,0,,false,>,true,opener|jam
1765285986,2026-06-01,2026,Elysée-Montmartre,Paris,,2,9,Dripfield,738,false,,1077,4,71,0,,false,",",false,closer|jam
1765285986,2026-06-01,2026,Elysée-Montmartre,Paris,,2,10,White Lights,586,false,,922,38,75,20,,false,->,true,closer|encore
1765285986,2026-06-01,2026,Elysée-Montmartre,Paris,,2,11,Sinnerman,739,true,Nina Simone,903,8,19,10,,false,,false,closer
1765286055,2026-06-03,2026,Festsaal Kreuzberg,Berlin,,1,1,Jive II,413,false,,709,16,88,10,,false,>,true,opener
1765286055,2026-06-03,2026,Festsaal Kreuzberg,Berlin,,1,2,Jive Lee,502,false,,850,14,88,10,,false,",",false,closer|jam
1765286055,2026-06-03,2026,Festsaal Kreuzberg,Berlin,,1,3,California Magic,735,false,,434,7,52,0,,false,>,true,
1765286055,2026-06-03,2026,Festsaal Kreuzberg,Berlin,,1,4,I'm Writing A Novel,424,true,Father John Misty,568,19,19,10,,false,",",false,
1765286055,2026-06-03,2026,Festsaal Kreuzberg,Berlin,,1,5,Silver Rising,736,false,,665,4,77,0,,false,",",false,
1765286055,2026-06-03,2026,Festsaal Kreuzberg,Berlin,,1,6,Lead Up,822,false,,408,12,38,10,,false,",",false,
1765286055,2026-06-03,2026,Festsaal Kreuzberg,Berlin,,1,7,Wysteria Lane,405,false,Vasudo,903,4,117,0,,false,->,true,opener|jam|peak
1765286055,2026-06-03,2026,Festsaal Kreuzberg,Berlin,,1,8,Shama Lama Ding Dong,545,true,Otis Day and The Knights,382,14,51,10,,false,,false,encore
1765286055,2026-06-03,2026,Festsaal Kreuzberg,Berlin,,2,9,Big Modern!,945,false,,1154,6,35,0,,false,>,true,opener|closer|jam|peak
1765286055,2026-06-03,2026,Festsaal Kreuzberg,Berlin,,2,10,So Ready,421,false,,1282,6,154,0,,false,",",false,closer
1765286055,2026-06-03,2026,Festsaal Kreuzberg,Berlin,,2,11,Madhuvan,512,false,,1234,8,183,10,,false,,false,opener|closer|jam
1765286171,2026-06-05,2026,Northside Festival,Viby,,1,1,Animal,764,false,,610,7,77,0,,false,",",false,opener|closer
1765286171,2026-06-05,2026,Northside Festival,Viby,,1,2,Borne,725,false,,422,3,55,0,,false,>,true,jam
1765286171,2026-06-05,2026,Northside Festival,Viby,,1,3,Hungersite,740,false,,863,3,85,0,,false,>,true,opener|jam
1765286171,2026-06-05,2026,Northside Festival,Viby,,1,4,Can't Get You Out Of My Head,426,true,Kylie Minogue,1063,4,25,0,,false,",",false,
1765286171,2026-06-05,2026,Northside Festival,Viby,,1,5,Give It Time,931,false,,593,3,39,0,,false,,false,closer|encore
1769450529,2026-06-13,2026,RBC Amphitheatre,Toronto,ON,1,1,Animal,764,false,,573,0,78,0,,false,>,true,opener|closer
1769450529,2026-06-13,2026,RBC Amphitheatre,Toronto,ON,1,2,Flodown,478,false,Vasudo,471,7,167,0,,false,>,true,
1769450529,2026-06-13,2026,RBC Amphitheatre,Toronto,ON,1,3,Animal,764,false,,198,0,79,0,,false,",",false,opener|closer
1769450529,2026-06-13,2026,RBC Amphitheatre,Toronto,ON,1,4,Atlas Dogs,727,false,,869,4,61,0,,false,->,true,opener
1769450529,2026-06-13,2026,RBC Amphitheatre,Toronto,ON,1,5,Please Forgive Me,685,true,David Gray,480,23,15,20,,false,",",false,
1769450529,2026-06-13,2026,RBC Amphitheatre,Toronto,ON,1,6,Dustin Hoffman,970,false,,1078,2,19,0,,false,",",false,jam
1769450529,2026-06-13,2026,RBC Amphitheatre,Toronto,ON,1,7,Hungersite,740,false,,1110,0,86,0,,false,,false,opener|jam
1769450529,2026-06-13,2026,RBC Amphitheatre,Toronto,ON,2,8,Creatures,420,false,,1573,3,144,0,,false,>,true,jam
1769450529,2026-06-13,2026,RBC Amphitheatre,Toronto,ON,2,9,So Ready,421,false,,1196,1,155,0,,false,",",false,closer
1769450529,2026-06-13,2026,RBC Amphitheatre,Toronto,ON,2,10,Travelers,574,false,,784,16,31,10,,false,>,true,
1769450529,2026-06-13,2026,RBC Amphitheatre,Toronto,ON,2,11,This Old Sea,572,false,,500,4,45,0,,false,,false,jam
1769450529,2026-06-13,2026,RBC Amphitheatre,Toronto,ON,E,12,Dripfield,738,false,,740,2,72,0,,false,,false,closer|jam
1769450530,2026-06-15,2026,The Dome,Virginia Beach,VA,1,1,Iguana Song,971,false,,452,4,14,0,,false,->,true,opener
1769450530,2026-06-15,2026,The Dome,Virginia Beach,VA,1,2,Weird Fishes / Arpeggi,428,true,Radiohead,374,58,12,35,,false,->,true,
1769450530,2026-06-15,2026,The Dome,Virginia Beach,VA,1,3,Iguana Song,971,false,,241,0,15,0,,false,",",false,opener
1769450530,2026-06-15,2026,The Dome,Virginia Beach,VA,1,4,California Magic,735,false,,409,2,53,0,,false,",",false,
1769450530,2026-06-15,2026,The Dome,Virginia Beach,VA,1,5,Indian River,410,false,,626,36,118,20,,false,->,true,
1769450530,2026-06-15,2026,The Dome,Virginia Beach,VA,1,6,Torero,979,false,,1022,6,7,0,,false,",",false,closer|jam
1769450530,2026-06-15,2026,The Dome,Virginia Beach,VA,1,7,Draconian Meter Maid,943,false,Swimmer,1126,4,22,0,,false,>,true,jam|peak
1769450530,2026-06-15,2026,The Dome,Virginia Beach,VA,1,8,Everything Must Go,805,false,,823,7,46,0,,false,,false,jam
1769450530,2026-06-15,2026,The Dome,Virginia Beach,VA,2,9,Tumble,418,false,Vasudo,1358,4,133,0,,false,->,true,closer|jam|peak
1769450530,2026-06-15,2026,The Dome,Virginia Beach,VA,2,10,Can't Get You Out Of My Head,426,true,Kylie Minogue,1052,1,26,0,,false,->,true,
1769450530,2026-06-15,2026,The Dome,Virginia Beach,VA,2,11,Tumble,418,false,Vasudo,83,0,134,0,,false,",",false,closer|jam|peak
1769450530,2026-06-15,2026,The Dome,Virginia Beach,VA,2,12,Arcadia,403,false,,1078,4,219,0,,false,",",false,closer
1769450530,2026-06-15,2026,The Dome,Virginia Beach,VA,2,13,You Spin Me Round (Like A Record),950,true,Dead or Alive,683,34,8,20,,false,,false,closer|encore
1769450530,2026-06-15,2026,The Dome,Virginia Beach,VA,E,14,Give It Time,931,false,,650,1,40,0,,false,>,true,closer|encore
1769450530,2026-06-15,2026,The Dome,Virginia Beach,VA,E,15,SALT,930,false,,396,4,26,0,,false,,false,opener|closer|encore
1769450531,2026-06-16,2026,The Dome,Virginia Beach,VA,1,1,Mr. Action,817,false,,418,5,40,0,,false,",",false,
1769450531,2026-06-16,2026,The Dome,Virginia Beach,VA,1,2,Royal,987,false,,1152,4,13,0,,false,->,true,opener
1769450531,2026-06-16,2026,The Dome,Virginia Beach,VA,1,3,Interlude II,409,false,,134,14,14,10,,false,->,true,ballad
1769450531,2026-06-16,2026,The Dome,Virginia Beach,VA,1,4,Jive I,411,false,,572,14,135,10,,false,>,true,
1769450531,2026-06-16,2026,The Dome,Virginia Beach,VA,1,5,Green River,482,true,Creedence Clearwater Revival,732,25,37,20,,false,->,true,
1769450531,2026-06-16,2026,The Dome,Virginia Beach,VA,1,6,Make The Move,514,true,Kenny Loggins,331,36,22,20,,false,>,true,
1769450531,2026-06-16,2026,The Dome,Virginia Beach,VA,1,7,A Western Sun,435,false,,934,9,80,10,,false,->,true,
1769450531,2026-06-16,2026,The Dome,Virginia Beach,VA,1,8,Hot Love & The Lazy Poet,645,false,Vasudo,653,4,38,0,,false,,false,opener
1769450531,2026-06-16,2026,The Dome,Virginia Beach,VA,2,9,Spirit Of The Dark Horse,557,false,,783,7,40,0,,false,>,true,
1769450531,2026-06-16,2026,The Dome,Virginia Beach,VA,2,10,Butter Rum,415,false,Vasudo,1190,15,120,10,,false,",",false,
1769450531,2026-06-16,2026,The Dome,Virginia Beach,VA,2,11,Red Bird,536,false,,1192,7,62,0,,false,>,true,jam
1769450531,2026-06-16,2026,The Dome,Virginia Beach,VA,2,12,In Your Eyes,498,true,Peter Gabriel,1027,23,15,20,,false,->,true,jam|peak
1769450531,2026-06-16,2026,The Dome,Virginia Beach,VA,2,13,Drive,462,false,,473,6,121,0,,false,->,true,opener|jam
1769450531,2026-06-16,2026,The Dome,Virginia Beach,VA,2,14,Hollywood Nights,488,true,Bob Seger & The Silver Bullet Band,566,22,17,20,,false,,false,
1769450531,2026-06-16,2026,The Dome,Virginia Beach,VA,E,15,Turn On Your Love Light,578,true,Bobby Blue Bland,354,10,56,10,,false,,false,closer|encore
1768255307,2026-06-19,2026,Madison Square Garden,New York,NY,1,1,Thatch,809,false,,940,5,67,0,,false,",",false,opener|closer|jam|peak
1768255307,2026-06-19,2026,Madison Square Garden,New York,NY,1,2,Borne,725,false,,1082,3,56,0,,false,->,true,jam
1768255307,2026-06-19,2026,Madison Square Garden,New York,NY,1,3,POP,1020,false,,302,0,1,0,,false,",",false,ballad
1768255307,2026-06-19,2026,Madison Square Garden,New York,NY,1,4,Savenger,1014,false,,793,0,1,0,,false,",",false,
1768255307,2026-06-19,2026,Madison Square Garden,New York,NY,1,5,Peach,990,true,Future Islands,698,14,4,10,,false,",",false,
1768255307,2026-06-19,2026,Madison Square Garden,New York,NY,1,6,Seekers on the Ridge pt I,609,false,,373,8,57,10,,false,>,true,
1768255307,2026-06-19,2026,Madison Square Garden,New York,NY,1,7,Seekers on the Ridge pt II,610,false,,322,8,57,10,,false,",",false,
1768255307,2026-06-19,2026,Madison Square Garden,New York,NY,1,8,Echo of a Rose,463,false,Vasudo,832,7,126,0,,false,,false,jam
1768255307,2026-06-19,2026,Madison Square Garden,New York,NY,2,9,Pancakes,723,false,Great Blue,1119,6,72,0,,false,",",false,opener|closer|jam
1768255307,2026-06-19,2026,Madison Square Garden,New York,NY,2,10,Into the Myst,402,false,,979,9,84,10,,false,->,true,jam
1768255307,2026-06-19,2026,Madison Square Garden,New York,NY,2,11,Good2B,1017,false,,922,5,7,0,,false,->,true,opener|jam
1768255307,2026-06-19,2026,Madison Square Garden,New York,NY,2,12,Elmeg The Wise,466,false,St. John's Revival,933,29,26,20,,false,",",false,closer|encore
1768255307,2026-06-19,2026,Madison Square Garden,New York,NY,2,13,The Empress Of Organos,604,false,Vasudo,938,7,99,0,,false,,false,closer|jam
1768255307,2026-06-19,2026,Madison Square Garden,New York,NY,E,14,State Of The Art (A.E.I.O.U.),558,true,Jim James,363,28,14,20,,false,,false,closer
1768255308,2026-06-20,2026,Madison Square Garden,New York,NY,1,1,MEDIA,947,false,Swimmer,537,11,18,10,,false,",",false,opener|ballad
1768255308,2026-06-20,2026,Madison Square Garden,New York,NY,1,2,Hot Tea,408,false,Vasudo,1083,9,166,10,,false,",",false,closer
1768255308,2026-06-20,2026,Madison Square Garden,New York,NY,1,3,Rockdale,714,false,Vasudo,1005,9,84,10,,false,",",false,opener|closer|jam
1768255308,2026-06-20,2026,Madison Square Garden,New York,NY,1,4,Wysteria Lane,405,false,Vasudo,1012,5,118,0,,false,>,true,opener|jam|peak
1768255308,2026-06-20,2026,Madison Square Garden,New York,NY,1,5,Burn The Witch,999,true,Radiohead,532,11,4,10,,false,",",false,
1768255308,2026-06-20,2026,Madison Square Garden,New York,NY,1,6,Slow Ready,422,false,,1325,9,102,10,,false,,false,
1768255308,2026-06-20,2026,Madison Square Garden,New York,NY,2,7,Arrow,438,false,,1595,9,96,10,,false,>,true,opener|closer|jam
1768255308,2026-06-20,2026,Madison Square Garden,New York,NY,2,8,Fish In The Sea,477,true,Fat Freddy's Drop,869,8,32,10,,false,",",false,opener
1768255308,2026-06-20,2026,Madison Square Garden,New York,NY,2,9,Big Modern!,945,false,,880,5,36,0,,false,>,true,opener|closer|jam|peak
1768255308,2026-06-20,2026,Madison Square Garden,New York,NY,2,10,Good Times // End Times,1022,false,,903,0,1,0,,false,>,true,jam
1768255308,2026-06-20,2026,Madison Square Garden,New York,NY,2,11,(((postplace))),1024,false,,659,0,1,0,,false,->,true,closer
1768255308,2026-06-20,2026,Madison Square Garden,New York,NY,2,12,Big Modern!,945,false,,82,0,37,0,,false,,false,opener|closer|jam|peak
1768255308,2026-06-20,2026,Madison Square Garden,New York,NY,E,13,SALT,930,false,,518,2,27,0,,false,,false,opener|closer|encore
1781619077,2026-06-21,2026,Central Park SummerStage,New York,NY,1,1,This Old Sea,572,false,,801,4,46,0,,false,",",false,jam
1781619077,2026-06-21,2026,Central Park SummerStage,New York,NY,1,2,Same Old Shenanigans,541,false,,1235,12,65,10,,false,",",false,closer
1781619077,2026-06-21,2026,Central Park SummerStage,New York,NY,1,3,Your Direction,647,false,Vasudo,587,13,18,10,,false,",",false,
1781619077,2026-06-21,2026,Central Park SummerStage,New York,NY,1,4,Dustin Hoffman,970,false,,843,4,20,0,,false,",",false,jam
1781619077,2026-06-21,2026,Central Park SummerStage,New York,NY,1,5,Yeti,416,false,Great Blue,718,11,128,10,,false,,false,opener
1781619077,2026-06-21,2026,Central Park SummerStage,New York,NY,2,6,Hungersite,740,false,,1338,4,87,0,,false,>,true,opener|jam
1781619077,2026-06-21,2026,Central Park SummerStage,New York,NY,2,7,Dripfield,738,false,,1263,4,73,0,,false,>,true,closer|jam
1781619077,2026-06-21,2026,Central Park SummerStage,New York,NY,2,8,Jed Stone,663,false,Vasudo,719,11,13,10,,false,",",false,closer
1781619077,2026-06-21,2026,Central Park SummerStage,New York,NY,2,9,Sinnerman,739,true,Nina Simone,1006,7,20,0,,false,",",false,closer
1781619077,2026-06-21,2026,Central Park SummerStage,New York,NY,2,10,Madhuvan,512,false,,1048,6,184,0,,false,,false,opener|closer|jam
1781619077,2026-06-21,2026,Central Park SummerStage,New York,NY,E,11,Give It Time,931,false,,410,3,41,0,,false,,false,closer|encore
1769450532,2026-06-23,2026,Firefly Distillery,North Charleston,SC,1,1,Dr. Darkness,712,false,,388,12,48,10,,false,",",false,opener
1769450532,2026-06-23,2026,Firefly Distillery,North Charleston,SC,1,2,Royal,987,false,,753,3,14,0,,false,->,true,opener
1769450532,2026-06-23,2026,Firefly Distillery,North Charleston,SC,1,3,Atlas,439,true,The Wood Brothers,792,51,42,35,,false,->,true,opener
1769450532,2026-06-23,2026,Firefly Distillery,North Charleston,SC,1,4,Inside Out,499,true,Spoon,577,47,18,20,,false,",",false,jam
1769450532,2026-06-23,2026,Firefly Distillery,North Charleston,SC,1,5,Madalena,988,false,,745,13,11,10,,false,->,true,
1769450532,2026-06-23,2026,Firefly Distillery,North Charleston,SC,1,6,Torero,979,false,,691,4,8,0,,false,",",false,closer|jam
1769450532,2026-06-23,2026,Firefly Distillery,North Charleston,SC,1,7,Animal,764,false,,668,5,80,0,,false,,false,opener|closer
1769450532,2026-06-23,2026,Firefly Distillery,North Charleston,SC,2,8,All I Need,414,false,,974,12,159,10,,false,",",false,jam
1769450532,2026-06-23,2026,Firefly Distillery,North Charleston,SC,2,9,Jeff Engborg,737,false,Great Blue,835,70,13,35,,false,->,true,closer
1769450532,2026-06-23,2026,Firefly Distillery,North Charleston,SC,2,10,Creatures,420,false,,1029,5,145,0,,false,>,true,jam
1769450532,2026-06-23,2026,Firefly Distillery,North Charleston,SC,2,11,Moby,677,false,,228,35,22,20,,false,",",false,ballad
1769450532,2026-06-23,2026,Firefly Distillery,North Charleston,SC,2,12,So Ready,421,false,,574,5,156,0,,false,->,true,closer
1769450532,2026-06-23,2026,Firefly Distillery,North Charleston,SC,2,13,Bob Don,429,false,,856,9,59,10,,false,->,true,
1769450532,2026-06-23,2026,Firefly Distillery,North Charleston,SC,2,14,So Ready,421,false,,351,0,157,0,,false,,false,closer
1769450532,2026-06-23,2026,Firefly Distillery,North Charleston,SC,E,15,Silver Rising,736,false,,554,7,78,0,,false,,false,
1769450533,2026-06-24,2026,Firefly Distillery,North Charleston,SC,1,1,Turbulence & The Night Rays,646,false,Vasudo,565,14,47,10,,false,",",false,opener
1769450533,2026-06-24,2026,Firefly Distillery,North Charleston,SC,1,2,Honeybee,490,false,,490,67,36,35,,false,",",false,
1769450533,2026-06-24,2026,Firefly Distillery,North Charleston,SC,1,3,Hot Love & The Lazy Poet,645,false,Vasudo,839,4,39,0,,false,>,true,opener
1769450533,2026-06-24,2026,Firefly Distillery,North Charleston,SC,1,4,AUATC,602,true,Bon Iver,750,71,11,35,,false,>,true,
1769450533,2026-06-24,2026,Firefly Distillery,North Charleston,SC,1,5,Hot Love & The Lazy Poet,645,false,Vasudo,198,0,40,0,,false,",",false,opener
1769450533,2026-06-24,2026,Firefly Distillery,North Charleston,SC,1,6,Lead Up,822,false,,356,8,39,10,,false,",",false,
1769450533,2026-06-24,2026,Firefly Distillery,North Charleston,SC,1,7,Echo of a Rose,463,false,Vasudo,819,3,127,0,,false,",",false,jam
1769450533,2026-06-24,2026,Firefly Distillery,North Charleston,SC,1,8,Everything Must Go,805,false,,1065,5,47,0,,false,,false,jam
1769450533,2026-06-24,2026,Firefly Distillery,North Charleston,SC,2,9,Thatch,809,false,,1570,3,68,0,,false,->,true,opener|closer|jam|peak
1769450533,2026-06-24,2026,Firefly Distillery,North Charleston,SC,2,10,Good2B,1017,false,,1131,3,8,0,,false,>,true,opener|jam
1769450533,2026-06-24,2026,Firefly Distillery,North Charleston,SC,2,11,The Way It Is,570,true,Bruce Hornsby,847,29,42,20,,false,>,true,
1769450533,2026-06-24,2026,Firefly Distillery,North Charleston,SC,2,12,Jive II,413,false,,683,8,89,10,,false,,false,opener
1769450533,2026-06-24,2026,Firefly Distillery,North Charleston,SC,E,13,Jive Lee,502,false,,874,8,89,10,,false,,false,closer|jam
1769450534,2026-06-26,2026,Red Hat Amphitheater,Raleigh,NC,1,1,Yeti,416,false,Great Blue,822,2,129,0,,false,->,true,opener
1769450534,2026-06-26,2026,Red Hat Amphitheater,Raleigh,NC,1,2,MEDIA,947,false,Swimmer,275,3,19,0,,false,",",false,opener|ballad
1769450534,2026-06-26,2026,Red Hat Amphitheater,Raleigh,NC,1,3,Mr. Action,817,false,,611,5,41,0,,false,",",false,
1769450534,2026-06-26,2026,Red Hat Amphitheater,Raleigh,NC,1,4,Draconian Meter Maid,943,false,Swimmer,914,6,23,0,,false,->,true,jam|peak
1769450534,2026-06-26,2026,Red Hat Amphitheater,Raleigh,NC,1,5,Drive,462,false,,998,5,122,0,,false,>,true,opener|jam
1769450534,2026-06-26,2026,Red Hat Amphitheater,Raleigh,NC,1,6,Travelers,574,false,,689,7,32,0,,false,",",false,
1769450534,2026-06-26,2026,Red Hat Amphitheater,Raleigh,NC,1,7,Rockdale,714,false,Vasudo,613,3,85,0,,false,,false,opener|closer|jam
1769450534,2026-06-26,2026,Red Hat Amphitheater,Raleigh,NC,2,8,Don't Do It,460,true,The Band,476,34,42,20,,false,>,true,closer|encore
1769450534,2026-06-26,2026,Red Hat Amphitheater,Raleigh,NC,2,9,Big Modern!,945,false,,1583,3,38,0,,false,>,true,opener|closer|jam|peak
1769450534,2026-06-26,2026,Red Hat Amphitheater,Raleigh,NC,2,10,Red Bird,536,false,,795,5,63,0,,false,>,true,jam
1769450534,2026-06-26,2026,Red Hat Amphitheater,Raleigh,NC,2,11,Mississippi Half-Step Uptown Toodeloo,517,true,Grateful Dead,834,26,38,20,,false,",",false,jam
1769450534,2026-06-26,2026,Red Hat Amphitheater,Raleigh,NC,2,12,Tumble,418,false,Vasudo,1078,6,135,0,,false,,false,closer|jam|peak
1769450534,2026-06-26,2026,Red Hat Amphitheater,Raleigh,NC,E,13,How It Ends,933,false,Vasudo,653,16,12,10,,false,,false,
1769450535,2026-06-27,2026,Red Hat Amphitheater,Raleigh,NC,1,1,Same Old Shenanigans,541,false,,1141,3,66,0,,false,",",false,closer
1769450535,2026-06-27,2026,Red Hat Amphitheater,Raleigh,NC,1,2,Your Direction,647,false,Vasudo,603,3,19,0,,false,->,true,
1769450535,2026-06-27,2026,Red Hat Amphitheater,Raleigh,NC,1,3,Bloodbuzz Ohio,766,true,The National,695,25,13,20,,false,",",false,
1769450535,2026-06-27,2026,Red Hat Amphitheater,Raleigh,NC,1,4,Savenger,1014,false,,746,5,2,0,,false,",",false,
1769450535,2026-06-27,2026,Red Hat Amphitheater,Raleigh,NC,1,5,POP,1020,false,,295,5,2,0,,false,",",false,ballad
1769450535,2026-06-27,2026,Red Hat Amphitheater,Raleigh,NC,1,6,Dustin Hoffman,970,false,,1099,3,21,0,,false,",",false,jam
1769450535,2026-06-27,2026,Red Hat Amphitheater,Raleigh,NC,1,7,Turned Clouds,400,false,,723,17,122,10,,false,",",false,
1769450535,2026-06-27,2026,Red Hat Amphitheater,Raleigh,NC,1,8,The Empress Of Organos,604,false,Vasudo,1378,5,100,0,,false,>,true,closer|jam
1769450535,2026-06-27,2026,Red Hat Amphitheater,Raleigh,NC,1,9,Rosewood Heart,412,false,,1217,11,68,10,,false,,false,jam|peak
1769450535,2026-06-27,2026,Red Hat Amphitheater,Raleigh,NC,E,10,Shama Lama Ding Dong,545,true,Otis Day and The Knights,301,10,52,10,,false,->,true,encore
1769450535,2026-06-27,2026,Red Hat Amphitheater,Raleigh,NC,E,11,The Empress Of Organos,604,false,Vasudo,482,0,101,0,,false,,false,closer|jam
1769450536,2026-06-28,2026,Merriweather Post Pavilion,Columbia,MD,1,1,Bear,997,true,The Shouting Matches,963,22,4,20,,false,->,true,opener
1769450536,2026-06-28,2026,Merriweather Post Pavilion,Columbia,MD,1,2,Butter Rum,415,false,Vasudo,818,7,121,0,,false,",",false,
1769450536,2026-06-28,2026,Merriweather Post Pavilion,Columbia,MD,1,3,Madalena,988,false,,671,3,12,0,,false,",",false,
1769450536,2026-06-28,2026,Merriweather Post Pavilion,Columbia,MD,1,4,Arcadia,403,false,,1570,8,220,10,,false,",",false,closer
1769450536,2026-06-28,2026,Merriweather Post Pavilion,Columbia,MD,1,5,Jed Stone,663,false,Vasudo,669,4,14,0,,false,",",false,closer
1769450536,2026-06-28,2026,Merriweather Post Pavilion,Columbia,MD,1,6,Pancakes,723,false,Great Blue,772,6,73,0,,false,,false,opener|closer|jam
1769450536,2026-06-28,2026,Merriweather Post Pavilion,Columbia,MD,2,7,Hungersite,740,false,,816,4,88,0,,false,>,true,opener|jam
1769450536,2026-06-28,2026,Merriweather Post Pavilion,Columbia,MD,2,8,Good Times // End Times,1022,false,,887,5,2,0,,false,>,true,jam
1769450536,2026-06-28,2026,Merriweather Post Pavilion,Columbia,MD,2,9,Slow Ready,422,false,,647,5,103,0,,false,->,true,
1769450536,2026-06-28,2026,Merriweather Post Pavilion,Columbia,MD,2,10,Can't Get You Out Of My Head,426,true,Kylie Minogue,890,8,27,10,,false,->,true,
1769450536,2026-06-28,2026,Merriweather Post Pavilion,Columbia,MD,2,11,Slow Ready,422,false,,172,0,104,0,,false,>,true,
1769450536,2026-06-28,2026,Merriweather Post Pavilion,Columbia,MD,2,12,(((postplace))),1024,false,,750,5,2,0,,false,,false,closer
1769450536,2026-06-28,2026,Merriweather Post Pavilion,Columbia,MD,E,13,Dripfield,738,false,,804,4,74,0,,false,,false,closer|jam
1769450537,2026-06-30,2026,Leader Bank Pavilion,Boston,MA,1,1,Animal,764,false,,793,4,81,0,,false,",",false,opener|closer
1769450537,2026-06-30,2026,Leader Bank Pavilion,Boston,MA,1,2,Feel It Now,823,false,,617,26,37,20,,false,",",false,
1769450537,2026-06-30,2026,Leader Bank Pavilion,Boston,MA,1,3,Dr. Darkness,712,false,,364,4,49,0,,false,>,true,opener
1769450537,2026-06-30,2026,Leader Bank Pavilion,Boston,MA,1,4,Drive,462,false,,574,2,123,0,,false,->,true,opener|jam
1769450537,2026-06-30,2026,Leader Bank Pavilion,Boston,MA,1,5,Torero,979,false,,849,4,9,0,,false,",",false,closer|jam
1769450537,2026-06-30,2026,Leader Bank Pavilion,Boston,MA,1,6,Earthling or Alien?,605,false,,916,15,51,10,,false,",",false,jam|peak
1769450537,2026-06-30,2026,Leader Bank Pavilion,Boston,MA,1,7,Everything Must Go,805,false,,1015,3,48,0,,false,,false,jam
1769450537,2026-06-30,2026,Leader Bank Pavilion,Boston,MA,2,8,Arrow,438,false,,1264,6,97,0,,false,>,true,opener|closer|jam
1769450537,2026-06-30,2026,Leader Bank Pavilion,Boston,MA,2,9,Bob Don,429,false,,546,4,60,0,,false,",",false,
1769450537,2026-06-30,2026,Leader Bank Pavilion,Boston,MA,2,10,Into the Myst,402,false,,1310,7,85,0,,false,->,true,jam
1769450537,2026-06-30,2026,Leader Bank Pavilion,Boston,MA,2,11,Running Up That Hill,955,true,Kate Bush,453,50,7,35,,false,",",false,
1769450537,2026-06-30,2026,Leader Bank Pavilion,Boston,MA,2,12,Madhuvan,512,false,,1148,5,185,0,,false,,false,opener|closer|jam
1769450537,2026-06-30,2026,Leader Bank Pavilion,Boston,MA,E,13,Silver Rising,736,false,,541,4,79,0,,false,,false,
1769450538,2026-07-01,2026,Leader Bank Pavilion,Boston,MA,1,1,Iguana Song,971,false,,806,10,16,10,,false,",",false,opener
1769450538,2026-07-01,2026,Leader Bank Pavilion,Boston,MA,1,2,Royal,987,false,,800,5,15,0,,false,",",false,opener
1769450538,2026-07-01,2026,Leader Bank Pavilion,Boston,MA,1,3,It Burns Within,500,false,St. John's Revival,389,30,12,20,,false,",",false,
1769450538,2026-07-01,2026,Leader Bank Pavilion,Boston,MA,1,4,Wysteria Lane,405,false,Vasudo,944,7,119,0,,false,->,true,opener|jam|peak
1769450538,2026-07-01,2026,Leader Bank Pavilion,Boston,MA,1,5,Electric Avenue,464,true,Eddy Grant,689,24,42,20,,false,",",false,
1769450538,2026-07-01,2026,Leader Bank Pavilion,Boston,MA,1,6,Draconian Meter Maid,943,false,Swimmer,798,3,24,0,,false,->,true,jam|peak
1769450538,2026-07-01,2026,Leader Bank Pavilion,Boston,MA,1,7,Flodown,478,false,Vasudo,613,11,168,10,,false,,false,
1769450538,2026-07-01,2026,Leader Bank Pavilion,Boston,MA,2,8,Big Modern!,945,false,,1507,3,39,0,,false,->,true,opener|closer|jam|peak
1769450538,2026-07-01,2026,Leader Bank Pavilion,Boston,MA,2,9,Creatures,420,false,,1144,5,146,0,,false,",",false,jam
1769450538,2026-07-01,2026,Leader Bank Pavilion,Boston,MA,2,10,Jive II,413,false,,677,4,90,0,,false,>,true,opener
1769450538,2026-07-01,2026,Leader Bank Pavilion,Boston,MA,2,11,Jive Lee,502,false,,619,4,90,0,,false,,false,closer|jam
1769450538,2026-07-01,2026,Leader Bank Pavilion,Boston,MA,E,12,Doobie Song,461,false,,402,72,25,35,,false,",",false,closer|encore
1769450538,2026-07-01,2026,Leader Bank Pavilion,Boston,MA,E,13,Give It Time,931,false,,465,6,42,0,,false,,false,closer|encore
1769450539,2026-07-02,2026,PNC Bank Arts Center,Holmdel,NJ,1,1,Rockdale,714,false,Vasudo,911,4,86,0,,false,",",false,opener|closer|jam
1769450539,2026-07-02,2026,PNC Bank Arts Center,Holmdel,NJ,1,2,Hot Love & The Lazy Poet,645,false,Vasudo,426,5,41,0,,false,->,true,opener
1769450539,2026-07-02,2026,PNC Bank Arts Center,Holmdel,NJ,1,3,Atlas Dogs,727,false,,824,12,62,10,,false,>,true,opener
1769450539,2026-07-02,2026,PNC Bank Arts Center,Holmdel,NJ,1,4,A Western Sun,435,false,,858,10,81,10,,false,>,true,
1769450539,2026-07-02,2026,PNC Bank Arts Center,Holmdel,NJ,1,5,Madalena,988,false,,813,2,13,0,,false,",",false,
1769450539,2026-07-02,2026,PNC Bank Arts Center,Holmdel,NJ,1,6,Wake Up,583,true,Arcade Fire,548,47,4,20,,false,",",false,
1769450539,2026-07-02,2026,PNC Bank Arts Center,Holmdel,NJ,1,7,Pancakes,723,false,Great Blue,966,2,74,0,,false,->,true,opener|closer|jam
1769450539,2026-07-02,2026,PNC Bank Arts Center,Holmdel,NJ,1,8,Hot Love & The Lazy Poet,645,false,Vasudo,136,0,42,0,,false,,false,opener
1769450539,2026-07-02,2026,PNC Bank Arts Center,Holmdel,NJ,2,9,Hot Tea,408,false,Vasudo,1208,8,167,10,,false,",",false,closer
1769450539,2026-07-02,2026,PNC Bank Arts Center,Holmdel,NJ,2,10,Red Bird,536,false,,1167,4,64,0,,false,>,true,jam
1769450539,2026-07-02,2026,PNC Bank Arts Center,Holmdel,NJ,2,11,Hungersite,740,false,,895,2,89,0,,false,->,true,opener|jam
1769450539,2026-07-02,2026,PNC Bank Arts Center,Holmdel,NJ,2,12,You Spin Me Round (Like A Record),950,true,Dead or Alive,678,11,9,10,,false,,false,closer|encore
1769450539,2026-07-02,2026,PNC Bank Arts Center,Holmdel,NJ,E,13,Arcadia,403,false,,843,2,221,0,,false,,false,closer
1769450540,2026-07-03,2026,Saratoga Performing Arts Center,Saratoga Springs,NY,1,1,Echo of a Rose,463,false,Vasudo,968,6,128,0,,false,",",false,jam
1769450540,2026-07-03,2026,Saratoga Performing Arts Center,Saratoga Springs,NY,1,2,Dustin Hoffman,970,false,,1070,4,22,0,,false,",",false,jam
1769450540,2026-07-03,2026,Saratoga Performing Arts Center,Saratoga Springs,NY,1,3,Strange Overtones,1004,true,Brian Eno & David Byrne,435,19,4,10,,false,",",false,
1769450540,2026-07-03,2026,Saratoga Performing Arts Center,Saratoga Springs,NY,1,4,POP,1020,false,,353,4,3,0,,false,",",false,ballad
1769450540,2026-07-03,2026,Saratoga Performing Arts Center,Saratoga Springs,NY,1,5,Borne,725,false,,768,10,57,10,,false,->,true,jam
1769450540,2026-07-03,2026,Saratoga Performing Arts Center,Saratoga Springs,NY,1,6,MEDIA,947,false,Swimmer,849,5,20,0,,false,",",false,opener|ballad
1769450540,2026-07-03,2026,Saratoga Performing Arts Center,Saratoga Springs,NY,1,7,Jed Stone,663,false,Vasudo,754,3,15,0,,false,",",false,closer
1769450540,2026-07-03,2026,Saratoga Performing Arts Center,Saratoga Springs,NY,1,8,The Empress Of Organos,604,false,Vasudo,1097,4,102,0,,false,,false,closer|jam
1769450540,2026-07-03,2026,Saratoga Performing Arts Center,Saratoga Springs,NY,2,9,Thatch,809,false,,1229,6,69,0,,false,->,true,opener|closer|jam|peak
1769450540,2026-07-03,2026,Saratoga Performing Arts Center,Saratoga Springs,NY,2,10,Good2B,1017,false,,810,6,9,0,,false,",",false,opener|jam
1769450540,2026-07-03,2026,Saratoga Performing Arts Center,Saratoga Springs,NY,2,11,Good Times // End Times,1022,false,,943,3,3,0,,false,>,true,jam
1769450540,2026-07-03,2026,Saratoga Performing Arts Center,Saratoga Springs,NY,2,12,(((postplace))),1024,false,,262,3,3,0,,false,",",false,closer
1769450540,2026-07-03,2026,Saratoga Performing Arts Center,Saratoga Springs,NY,2,13,So Ready,421,false,,1062,7,158,0,,false,,false,closer
1769450541,2026-07-04,2026,Saratoga Performing Arts Center,Saratoga Springs,NY,1,1,Same Old Shenanigans,541,false,,1184,5,67,0,,false,",",false,closer
1769450541,2026-07-04,2026,Saratoga Performing Arts Center,Saratoga Springs,NY,1,2,Your Direction,647,false,Vasudo,577,5,20,0,,false,",",false,
1769450541,2026-07-04,2026,Saratoga Performing Arts Center,Saratoga Springs,NY,1,3,Seekers on the Ridge pt I,609,false,,395,11,58,10,,false,>,true,
1769450541,2026-07-04,2026,Saratoga Performing Arts Center,Saratoga Springs,NY,1,4,Seekers on the Ridge pt II,610,false,,318,11,58,10,,false,",",false,
1769450541,2026-07-04,2026,Saratoga Performing Arts Center,Saratoga Springs,NY,1,5,All I Need,414,false,,1315,8,160,10,,false,",",false,jam
1769450541,2026-07-04,2026,Saratoga Performing Arts Center,Saratoga Springs,NY,1,6,Savenger,1014,false,,712,5,3,0,,false,",",false,
1769450541,2026-07-04,2026,Saratoga Performing Arts Center,Saratoga Springs,NY,1,7,Animal,764,false,,1659,3,82,0,,false,,false,opener|closer
1769450541,2026-07-04,2026,Saratoga Performing Arts Center,Saratoga Springs,NY,2,8,Dripfield,738,false,,1448,4,75,0,,false,>,true,closer|jam
1769450541,2026-07-04,2026,Saratoga Performing Arts Center,Saratoga Springs,NY,2,9,Amongster,816,true,Polica,416,17,5,10,,false,",",false,
1769450541,2026-07-04,2026,Saratoga Performing Arts Center,Saratoga Springs,NY,2,10,Tumble,418,false,Vasudo,1047,6,136,0,,false,>,true,closer|jam|peak
1769450541,2026-07-04,2026,Saratoga Performing Arts Center,Saratoga Springs,NY,2,11,Don’t Leave Me This Way,964,true,Harold Melvin & The Blue Notes,470,42,9,20,,false,,false,closer
1769450541,2026-07-04,2026,Saratoga Performing Arts Center,Saratoga Springs,NY,E,12,U.S. Blues,659,true,Grateful Dead,513,37,3,20,,false,,false,closer|encore
